signal_bar_open_utc,decision_available_utc,session_date,spot,event_family,events,campaign_health,phase_confidence,weakness_count,partition,anchor_id,ticker,contract_type,strike,expiration,dte,moneyness_pct,dte_target,moneyness_target,moneyness_distance_pct,moneyness_band,selection_policy,bar_count,bars_file,cached,cache_start_date,cache_end_date
2024-08-23T15:15:00+00:00,2024-08-23T15:30:00+00:00,2024-08-23,5.0229,CONTINUATION,RELOAD,76.0,52.0,0.0,DISCOVERY,AMC15X-001,O:AMC240906C00005000,CALL,5.0,2024-09-06,14,0.4579999999999984,14,0.0,0.4579999999999984,NEAR_ATM,WITHIN_TOLERANCE,357,bars/O_AMC240906C00005000.json,True,2024-08-16,2024-09-06
2024-08-23T15:15:00+00:00,2024-08-23T15:30:00+00:00,2024-08-23,5.0229,CONTINUATION,RELOAD,76.0,52.0,0.0,DISCOVERY,AMC15X-001,O:AMC240920C00005000,CALL,5.0,2024-09-20,28,0.4579999999999984,30,0.0,0.4579999999999984,NEAR_ATM,WITHIN_TOLERANCE,637,bars/O_AMC240920C00005000.json,True,2024-08-16,2024-09-20
2024-08-23T15:15:00+00:00,2024-08-23T15:30:00+00:00,2024-08-23,5.0229,CONTINUATION,RELOAD,76.0,52.0,0.0,DISCOVERY,AMC15X-001,O:AMC240906P00005000,PUT,5.0,2024-09-06,14,-0.4579999999999984,14,0.0,0.4579999999999984,NEAR_ATM,WITHIN_TOLERANCE,301,bars/O_AMC240906P00005000.json,True,2024-08-16,2024-09-06
2024-08-23T15:15:00+00:00,2024-08-23T15:30:00+00:00,2024-08-23,5.0229,CONTINUATION,RELOAD,76.0,52.0,0.0,DISCOVERY,AMC15X-001,O:AMC240920P00005000,PUT,5.0,2024-09-20,28,-0.4579999999999984,30,0.0,0.4579999999999984,NEAR_ATM,WITHIN_TOLERANCE,484,bars/O_AMC240920P00005000.json,True,2024-08-16,2024-09-20
2024-08-26T13:45:00+00:00,2024-08-26T14:00:00+00:00,2024-08-26,5.1701,RISK_OR_EXHAUSTION,MANAGE,95.0,75.0,0.0,DISCOVERY,AMC15X-002,O:AMC240906C00005000,CALL,5.0,2024-09-06,11,3.401999999999994,14,0.0,3.401999999999994,NEAR_ATM,WITHIN_TOLERANCE,357,bars/O_AMC240906C00005000.json,True,2024-08-16,2024-09-06
2024-08-26T13:45:00+00:00,2024-08-26T14:00:00+00:00,2024-08-26,5.1701,RISK_OR_EXHAUSTION,MANAGE,95.0,75.0,0.0,DISCOVERY,AMC15X-002,O:AMC240927C00005000,CALL,5.0,2024-09-27,32,3.401999999999994,30,0.0,3.401999999999994,NEAR_ATM,WITHIN_TOLERANCE,623,bars/O_AMC240927C00005000.json,False,2024-08-19,2024-09-27
2024-08-26T13:45:00+00:00,2024-08-26T14:00:00+00:00,2024-08-26,5.1701,RISK_OR_EXHAUSTION,MANAGE,95.0,75.0,0.0,DISCOVERY,AMC15X-002,O:AMC240906P00005000,PUT,5.0,2024-09-06,11,-3.401999999999994,14,0.0,3.401999999999994,NEAR_ATM,WITHIN_TOLERANCE,301,bars/O_AMC240906P00005000.json,True,2024-08-16,2024-09-06
2024-08-26T13:45:00+00:00,2024-08-26T14:00:00+00:00,2024-08-26,5.1701,RISK_OR_EXHAUSTION,MANAGE,95.0,75.0,0.0,DISCOVERY,AMC15X-002,O:AMC240927P00005000,PUT,5.0,2024-09-27,32,-3.401999999999994,30,0.0,3.401999999999994,NEAR_ATM,WITHIN_TOLERANCE,433,bars/O_AMC240927P00005000.json,False,2024-08-19,2024-09-27
2024-08-30T18:00:00+00:00,2024-08-30T18:15:00+00:00,2024-08-30,4.89,ENTRY_FORMING,STRONG START,82.0,54.0,0.0,DISCOVERY,AMC15X-003,O:AMC240913C00005000,CALL,5.0,2024-09-13,14,-2.2000000000000064,14,0.0,2.2000000000000064,NEAR_ATM,WITHIN_TOLERANCE,358,bars/O_AMC240913C00005000.json,True,2024-08-23,2024-09-13
2024-08-30T18:00:00+00:00,2024-08-30T18:15:00+00:00,2024-08-30,4.89,ENTRY_FORMING,STRONG START,82.0,54.0,0.0,DISCOVERY,AMC15X-003,O:AMC240927C00005000,CALL,5.0,2024-09-27,28,-2.2000000000000064,30,0.0,2.2000000000000064,NEAR_ATM,WITHIN_TOLERANCE,623,bars/O_AMC240927C00005000.json,False,2024-08-19,2024-09-27
2024-08-30T18:00:00+00:00,2024-08-30T18:15:00+00:00,2024-08-30,4.89,ENTRY_FORMING,STRONG START,82.0,54.0,0.0,DISCOVERY,AMC15X-003,O:AMC240913P00005000,PUT,5.0,2024-09-13,14,2.2000000000000064,14,0.0,2.2000000000000064,NEAR_ATM,WITHIN_TOLERANCE,312,bars/O_AMC240913P00005000.json,True,2024-08-23,2024-09-13
2024-08-30T18:00:00+00:00,2024-08-30T18:15:00+00:00,2024-08-30,4.89,ENTRY_FORMING,STRONG START,82.0,54.0,0.0,DISCOVERY,AMC15X-003,O:AMC240927P00005000,PUT,5.0,2024-09-27,28,2.2000000000000064,30,0.0,2.2000000000000064,NEAR_ATM,WITHIN_TOLERANCE,433,bars/O_AMC240927P00005000.json,False,2024-08-19,2024-09-27
2024-09-03T13:45:00+00:00,2024-09-03T14:00:00+00:00,2024-09-03,4.8018,THESIS_PRESSURE,FAIL TEST,3.0,0.0,9.0,DISCOVERY,AMC15X-004,O:AMC240920C00005000,CALL,5.0,2024-09-20,17,-3.9639999999999986,14,0.0,3.9639999999999986,NEAR_ATM,WITHIN_TOLERANCE,637,bars/O_AMC240920C00005000.json,True,2024-08-16,2024-09-20
2024-09-03T13:45:00+00:00,2024-09-03T14:00:00+00:00,2024-09-03,4.8018,THESIS_PRESSURE,FAIL TEST,3.0,0.0,9.0,DISCOVERY,AMC15X-004,O:AMC241004C00005000,CALL,5.0,2024-10-04,31,-3.9639999999999986,30,0.0,3.9639999999999986,NEAR_ATM,WITHIN_TOLERANCE,391,bars/O_AMC241004C00005000.json,True,2024-08-27,2024-09-24
2024-09-03T13:45:00+00:00,2024-09-03T14:00:00+00:00,2024-09-03,4.8018,THESIS_PRESSURE,FAIL TEST,3.0,0.0,9.0,DISCOVERY,AMC15X-004,O:AMC240920P00005000,PUT,5.0,2024-09-20,17,3.9639999999999986,14,0.0,3.9639999999999986,NEAR_ATM,WITHIN_TOLERANCE,484,bars/O_AMC240920P00005000.json,True,2024-08-16,2024-09-20
2024-09-03T13:45:00+00:00,2024-09-03T14:00:00+00:00,2024-09-03,4.8018,THESIS_PRESSURE,FAIL TEST,3.0,0.0,9.0,DISCOVERY,AMC15X-004,O:AMC241004P00005000,PUT,5.0,2024-10-04,31,3.9639999999999986,30,0.0,3.9639999999999986,NEAR_ATM,WITHIN_TOLERANCE,193,bars/O_AMC241004P00005000.json,True,2024-08-27,2024-09-24
2024-09-09T19:45:00+00:00,2024-09-09T20:00:00+00:00,2024-09-09,5.01,ENTRY_FORMING,STRONG START,99.0,67.0,0.0,DISCOVERY,AMC15SUP-001,O:AMC240920C00005000,CALL,5.0,2024-09-20,11,0.19999999999999576,14,0.0,0.19999999999999576,NEAR_ATM,WITHIN_TOLERANCE,637,bars/O_AMC240920C00005000.json,True,2024-08-16,2024-09-20
2024-09-09T19:45:00+00:00,2024-09-09T20:00:00+00:00,2024-09-09,5.01,ENTRY_FORMING,STRONG START,99.0,67.0,0.0,DISCOVERY,AMC15SUP-001,O:AMC241011C00005000,CALL,5.0,2024-10-11,32,0.19999999999999576,30,0.0,0.19999999999999576,NEAR_ATM,WITHIN_TOLERANCE,342,bars/O_AMC241011C00005000.json,False,2024-09-02,2024-10-01
2024-09-09T19:45:00+00:00,2024-09-09T20:00:00+00:00,2024-09-09,5.01,ENTRY_FORMING,STRONG START,99.0,67.0,0.0,DISCOVERY,AMC15SUP-001,O:AMC240920P00005000,PUT,5.0,2024-09-20,11,-0.19999999999999576,14,0.0,0.19999999999999576,NEAR_ATM,WITHIN_TOLERANCE,484,bars/O_AMC240920P00005000.json,True,2024-08-16,2024-09-20
2024-09-09T19:45:00+00:00,2024-09-09T20:00:00+00:00,2024-09-09,5.01,ENTRY_FORMING,STRONG START,99.0,67.0,0.0,DISCOVERY,AMC15SUP-001,O:AMC241011P00005000,PUT,5.0,2024-10-11,32,-0.19999999999999576,30,0.0,0.19999999999999576,NEAR_ATM,WITHIN_TOLERANCE,182,bars/O_AMC241011P00005000.json,False,2024-09-02,2024-10-01
2024-09-10T19:30:00+00:00,2024-09-10T19:45:00+00:00,2024-09-10,4.9214,CONTINUATION,RELOAD,26.0,34.0,0.0,DISCOVERY,AMC15SUP-002,O:AMC240927C00005000,CALL,5.0,2024-09-27,17,-1.5719999999999956,14,0.0,1.5719999999999956,NEAR_ATM,WITHIN_TOLERANCE,623,bars/O_AMC240927C00005000.json,False,2024-08-19,2024-09-27
2024-09-10T19:30:00+00:00,2024-09-10T19:45:00+00:00,2024-09-10,4.9214,CONTINUATION,RELOAD,26.0,34.0,0.0,DISCOVERY,AMC15SUP-002,O:AMC241011C00005000,CALL,5.0,2024-10-11,31,-1.5719999999999956,30,0.0,1.5719999999999956,NEAR_ATM,WITHIN_TOLERANCE,342,bars/O_AMC241011C00005000.json,False,2024-09-02,2024-10-01
2024-09-10T19:30:00+00:00,2024-09-10T19:45:00+00:00,2024-09-10,4.9214,CONTINUATION,RELOAD,26.0,34.0,0.0,DISCOVERY,AMC15SUP-002,O:AMC240927P00005000,PUT,5.0,2024-09-27,17,1.5719999999999956,14,0.0,1.5719999999999956,NEAR_ATM,WITHIN_TOLERANCE,433,bars/O_AMC240927P00005000.json,False,2024-08-19,2024-09-27
2024-09-10T19:30:00+00:00,2024-09-10T19:45:00+00:00,2024-09-10,4.9214,CONTINUATION,RELOAD,26.0,34.0,0.0,DISCOVERY,AMC15SUP-002,O:AMC241011P00005000,PUT,5.0,2024-10-11,31,1.5719999999999956,30,0.0,1.5719999999999956,NEAR_ATM,WITHIN_TOLERANCE,182,bars/O_AMC241011P00005000.json,False,2024-09-02,2024-10-01
2024-10-04T13:30:00+00:00,2024-10-04T13:45:00+00:00,2024-10-04,4.4703,ENTRY_FORMING,STRONG START,93.0,62.0,0.0,DISCOVERY,AMC15SUP-003,O:AMC241018C00004500,CALL,4.5,2024-10-18,14,-0.6600000000000013,14,0.0,0.6600000000000013,NEAR_ATM,WITHIN_TOLERANCE,389,bars/O_AMC241018C00004500.json,False,2024-09-27,2024-10-18
2024-10-04T13:30:00+00:00,2024-10-04T13:45:00+00:00,2024-10-04,4.4703,ENTRY_FORMING,STRONG START,93.0,62.0,0.0,DISCOVERY,AMC15SUP-003,O:AMC241101C00004500,CALL,4.5,2024-11-01,28,-0.6600000000000013,30,0.0,0.6600000000000013,NEAR_ATM,WITHIN_TOLERANCE,559,bars/O_AMC241101C00004500.json,False,2024-09-27,2024-11-01
2024-10-04T13:30:00+00:00,2024-10-04T13:45:00+00:00,2024-10-04,4.4703,ENTRY_FORMING,STRONG START,93.0,62.0,0.0,DISCOVERY,AMC15SUP-003,O:AMC241018P00004500,PUT,4.5,2024-10-18,14,0.6600000000000013,14,0.0,0.6600000000000013,NEAR_ATM,WITHIN_TOLERANCE,282,bars/O_AMC241018P00004500.json,False,2024-09-27,2024-10-18
2024-10-04T13:30:00+00:00,2024-10-04T13:45:00+00:00,2024-10-04,4.4703,ENTRY_FORMING,STRONG START,93.0,62.0,0.0,DISCOVERY,AMC15SUP-003,O:AMC241101P00004500,PUT,4.5,2024-11-01,28,0.6600000000000013,30,0.0,0.6600000000000013,NEAR_ATM,WITHIN_TOLERANCE,283,bars/O_AMC241101P00004500.json,False,2024-09-27,2024-11-01
2024-10-10T19:15:00+00:00,2024-10-10T19:30:00+00:00,2024-10-10,4.171,ENTRY_FORMING,CAMPAIGN START,85.0,54.0,0.0,DISCOVERY,AMC15X-005,O:AMC241025C00004000,CALL,4.0,2024-10-25,15,4.275000000000007,14,0.0,4.275000000000007,NEAR_ATM,WITHIN_TOLERANCE,312,bars/O_AMC241025C00004000.json,True,2024-10-03,2024-10-25
2024-10-10T19:15:00+00:00,2024-10-10T19:30:00+00:00,2024-10-10,4.171,ENTRY_FORMING,CAMPAIGN START,85.0,54.0,0.0,DISCOVERY,AMC15X-005,O:AMC241108C00004000,CALL,4.0,2024-11-08,29,4.275000000000007,30,0.0,4.275000000000007,NEAR_ATM,WITHIN_TOLERANCE,219,bars/O_AMC241108C00004000.json,True,2024-10-03,2024-10-31
2024-10-10T19:15:00+00:00,2024-10-10T19:30:00+00:00,2024-10-10,4.171,ENTRY_FORMING,CAMPAIGN START,85.0,54.0,0.0,DISCOVERY,AMC15X-005,O:AMC241025P00004000,PUT,4.0,2024-10-25,15,-4.275000000000007,14,0.0,4.275000000000007,NEAR_ATM,WITHIN_TOLERANCE,262,bars/O_AMC241025P00004000.json,True,2024-10-03,2024-10-25
2024-10-10T19:15:00+00:00,2024-10-10T19:30:00+00:00,2024-10-10,4.171,ENTRY_FORMING,CAMPAIGN START,85.0,54.0,0.0,DISCOVERY,AMC15X-005,O:AMC241108P00004000,PUT,4.0,2024-11-08,29,-4.275000000000007,30,0.0,4.275000000000007,NEAR_ATM,WITHIN_TOLERANCE,247,bars/O_AMC241108P00004000.json,True,2024-10-03,2024-10-31
2024-10-18T16:00:00+00:00,2024-10-18T16:15:00+00:00,2024-10-18,4.312,CONTINUATION,ADD,99.0,73.0,0.0,DISCOVERY,AMC15SUP-004,O:AMC241101C00004500,CALL,4.5,2024-11-01,14,-4.177777777777772,14,0.0,4.177777777777772,NEAR_ATM,WITHIN_TOLERANCE,559,bars/O_AMC241101C00004500.json,False,2024-09-27,2024-11-01
2024-10-18T16:00:00+00:00,2024-10-18T16:15:00+00:00,2024-10-18,4.312,CONTINUATION,ADD,99.0,73.0,0.0,DISCOVERY,AMC15SUP-004,O:AMC241115C00004500,CALL,4.5,2024-11-15,28,-4.177777777777772,30,0.0,4.177777777777772,NEAR_ATM,WITHIN_TOLERANCE,634,bars/O_AMC241115C00004500.json,False,2024-10-11,2024-11-15
2024-10-18T16:00:00+00:00,2024-10-18T16:15:00+00:00,2024-10-18,4.312,CONTINUATION,ADD,99.0,73.0,0.0,DISCOVERY,AMC15SUP-004,O:AMC241101P00004500,PUT,4.5,2024-11-01,14,4.177777777777772,14,0.0,4.177777777777772,NEAR_ATM,WITHIN_TOLERANCE,283,bars/O_AMC241101P00004500.json,False,2024-09-27,2024-11-01
2024-10-18T16:00:00+00:00,2024-10-18T16:15:00+00:00,2024-10-18,4.312,CONTINUATION,ADD,99.0,73.0,0.0,DISCOVERY,AMC15SUP-004,O:AMC241115P00004500,PUT,4.5,2024-11-15,28,4.177777777777772,30,0.0,4.177777777777772,NEAR_ATM,WITHIN_TOLERANCE,383,bars/O_AMC241115P00004500.json,False,2024-10-11,2024-11-15
2024-10-22T19:15:00+00:00,2024-10-22T19:30:00+00:00,2024-10-22,4.33,ENTRY_FORMING,STRONG START,99.0,81.0,0.0,DISCOVERY,AMC15SUP-005,O:AMC241108C00004500,CALL,4.5,2024-11-08,17,-3.7777777777777763,14,0.0,3.7777777777777763,NEAR_ATM,WITHIN_TOLERANCE,450,bars/O_AMC241108C00004500.json,True,2024-10-15,2024-11-08
2024-10-22T19:15:00+00:00,2024-10-22T19:30:00+00:00,2024-10-22,4.33,ENTRY_FORMING,STRONG START,99.0,81.0,0.0,DISCOVERY,AMC15SUP-005,O:AMC241122C00004500,CALL,4.5,2024-11-22,31,-3.7777777777777763,30,0.0,3.7777777777777763,NEAR_ATM,WITHIN_TOLERANCE,534,bars/O_AMC241122C00004500.json,True,2024-10-15,2024-11-22
2024-10-22T19:15:00+00:00,2024-10-22T19:30:00+00:00,2024-10-22,4.33,ENTRY_FORMING,STRONG START,99.0,81.0,0.0,DISCOVERY,AMC15SUP-005,O:AMC241108P00004500,PUT,4.5,2024-11-08,17,3.7777777777777763,14,0.0,3.7777777777777763,NEAR_ATM,WITHIN_TOLERANCE,301,bars/O_AMC241108P00004500.json,True,2024-10-15,2024-11-08
2024-10-22T19:15:00+00:00,2024-10-22T19:30:00+00:00,2024-10-22,4.33,ENTRY_FORMING,STRONG START,99.0,81.0,0.0,DISCOVERY,AMC15SUP-005,O:AMC241122P00004500,PUT,4.5,2024-11-22,31,3.7777777777777763,30,0.0,3.7777777777777763,NEAR_ATM,WITHIN_TOLERANCE,339,bars/O_AMC241122P00004500.json,True,2024-10-15,2024-11-22
2024-10-22T19:30:00+00:00,2024-10-22T19:45:00+00:00,2024-10-22,4.325,RISK_OR_EXHAUSTION,PEAK,100.0,80.0,0.0,DISCOVERY,AMC15X-006,O:AMC241108C00004500,CALL,4.5,2024-11-08,17,-3.888888888888885,14,0.0,3.888888888888885,NEAR_ATM,WITHIN_TOLERANCE,450,bars/O_AMC241108C00004500.json,True,2024-10-15,2024-11-08
2024-10-22T19:30:00+00:00,2024-10-22T19:45:00+00:00,2024-10-22,4.325,RISK_OR_EXHAUSTION,PEAK,100.0,80.0,0.0,DISCOVERY,AMC15X-006,O:AMC241122C00004500,CALL,4.5,2024-11-22,31,-3.888888888888885,30,0.0,3.888888888888885,NEAR_ATM,WITHIN_TOLERANCE,534,bars/O_AMC241122C00004500.json,True,2024-10-15,2024-11-22
2024-10-22T19:30:00+00:00,2024-10-22T19:45:00+00:00,2024-10-22,4.325,RISK_OR_EXHAUSTION,PEAK,100.0,80.0,0.0,DISCOVERY,AMC15X-006,O:AMC241108P00004500,PUT,4.5,2024-11-08,17,3.888888888888885,14,0.0,3.888888888888885,NEAR_ATM,WITHIN_TOLERANCE,301,bars/O_AMC241108P00004500.json,True,2024-10-15,2024-11-08
2024-10-22T19:30:00+00:00,2024-10-22T19:45:00+00:00,2024-10-22,4.325,RISK_OR_EXHAUSTION,PEAK,100.0,80.0,0.0,DISCOVERY,AMC15X-006,O:AMC241122P00004500,PUT,4.5,2024-11-22,31,3.888888888888885,30,0.0,3.888888888888885,NEAR_ATM,WITHIN_TOLERANCE,339,bars/O_AMC241122P00004500.json,True,2024-10-15,2024-11-22
2024-10-23T15:15:00+00:00,2024-10-23T15:30:00+00:00,2024-10-23,4.26,THESIS_PRESSURE,FAIL TEST,14.0,3.0,6.0,DISCOVERY,AMC15X-007,O:AMC241108C00004500,CALL,4.5,2024-11-08,16,-5.3333333333333375,14,0.0,5.3333333333333375,NEAR_ATM,WITHIN_TOLERANCE,450,bars/O_AMC241108C00004500.json,True,2024-10-15,2024-11-08
2024-10-23T15:15:00+00:00,2024-10-23T15:30:00+00:00,2024-10-23,4.26,THESIS_PRESSURE,FAIL TEST,14.0,3.0,6.0,DISCOVERY,AMC15X-007,O:AMC241122C00004500,CALL,4.5,2024-11-22,30,-5.3333333333333375,30,0.0,5.3333333333333375,NEAR_ATM,WITHIN_TOLERANCE,534,bars/O_AMC241122C00004500.json,True,2024-10-15,2024-11-22
2024-10-23T15:15:00+00:00,2024-10-23T15:30:00+00:00,2024-10-23,4.26,THESIS_PRESSURE,FAIL TEST,14.0,3.0,6.0,DISCOVERY,AMC15X-007,O:AMC241108P00004500,PUT,4.5,2024-11-08,16,5.3333333333333375,14,0.0,5.3333333333333375,NEAR_ATM,WITHIN_TOLERANCE,301,bars/O_AMC241108P00004500.json,True,2024-10-15,2024-11-08
2024-10-23T15:15:00+00:00,2024-10-23T15:30:00+00:00,2024-10-23,4.26,THESIS_PRESSURE,FAIL TEST,14.0,3.0,6.0,DISCOVERY,AMC15X-007,O:AMC241122P00004500,PUT,4.5,2024-11-22,30,5.3333333333333375,30,0.0,5.3333333333333375,NEAR_ATM,WITHIN_TOLERANCE,339,bars/O_AMC241122P00004500.json,True,2024-10-15,2024-11-22
2024-10-24T13:45:00+00:00,2024-10-24T14:00:00+00:00,2024-10-24,4.2699,CONTINUATION,RELOAD,50.0,46.0,0.0,DISCOVERY,AMC15X-008,O:AMC241108C00004500,CALL,4.5,2024-11-08,15,-5.113333333333338,14,0.0,5.113333333333338,NEAR_ATM,WITHIN_TOLERANCE,450,bars/O_AMC241108C00004500.json,True,2024-10-15,2024-11-08
2024-10-24T13:45:00+00:00,2024-10-24T14:00:00+00:00,2024-10-24,4.2699,CONTINUATION,RELOAD,50.0,46.0,0.0,DISCOVERY,AMC15X-008,O:AMC241122C00004500,CALL,4.5,2024-11-22,29,-5.113333333333338,30,0.0,5.113333333333338,NEAR_ATM,WITHIN_TOLERANCE,534,bars/O_AMC241122C00004500.json,True,2024-10-15,2024-11-22
2024-10-24T13:45:00+00:00,2024-10-24T14:00:00+00:00,2024-10-24,4.2699,CONTINUATION,RELOAD,50.0,46.0,0.0,DISCOVERY,AMC15X-008,O:AMC241108P00004500,PUT,4.5,2024-11-08,15,5.113333333333338,14,0.0,5.113333333333338,NEAR_ATM,WITHIN_TOLERANCE,301,bars/O_AMC241108P00004500.json,True,2024-10-15,2024-11-08
2024-10-24T13:45:00+00:00,2024-10-24T14:00:00+00:00,2024-10-24,4.2699,CONTINUATION,RELOAD,50.0,46.0,0.0,DISCOVERY,AMC15X-008,O:AMC241122P00004500,PUT,4.5,2024-11-22,29,5.113333333333338,30,0.0,5.113333333333338,NEAR_ATM,WITHIN_TOLERANCE,339,bars/O_AMC241122P00004500.json,True,2024-10-15,2024-11-22
2024-10-30T14:15:00+00:00,2024-10-30T14:30:00+00:00,2024-10-30,4.5871,RISK_OR_EXHAUSTION,PEAK,100.0,84.0,0.0,DISCOVERY,AMC15X-009,O:AMC241115C00004500,CALL,4.5,2024-11-15,16,1.9355555555555644,14,0.0,1.9355555555555644,NEAR_ATM,WITHIN_TOLERANCE,634,bars/O_AMC241115C00004500.json,False,2024-10-11,2024-11-15
2024-10-30T14:15:00+00:00,2024-10-30T14:30:00+00:00,2024-10-30,4.5871,RISK_OR_EXHAUSTION,PEAK,100.0,84.0,0.0,DISCOVERY,AMC15X-009,O:AMC241129C00004500,CALL,4.5,2024-11-29,30,1.9355555555555644,30,0.0,1.9355555555555644,NEAR_ATM,WITHIN_TOLERANCE,527,bars/O_AMC241129C00004500.json,True,2024-10-23,2024-11-29
2024-10-30T14:15:00+00:00,2024-10-30T14:30:00+00:00,2024-10-30,4.5871,RISK_OR_EXHAUSTION,PEAK,100.0,84.0,0.0,DISCOVERY,AMC15X-009,O:AMC241115P00004500,PUT,4.5,2024-11-15,16,-1.9355555555555644,14,0.0,1.9355555555555644,NEAR_ATM,WITHIN_TOLERANCE,383,bars/O_AMC241115P00004500.json,False,2024-10-11,2024-11-15
2024-10-30T14:15:00+00:00,2024-10-30T14:30:00+00:00,2024-10-30,4.5871,RISK_OR_EXHAUSTION,PEAK,100.0,84.0,0.0,DISCOVERY,AMC15X-009,O:AMC241129P00004500,PUT,4.5,2024-11-29,30,-1.9355555555555644,30,0.0,1.9355555555555644,NEAR_ATM,WITHIN_TOLERANCE,317,bars/O_AMC241129P00004500.json,True,2024-10-23,2024-11-29
2024-11-01T13:45:00+00:00,2024-11-01T14:00:00+00:00,2024-11-01,4.5,CONTINUATION,RELOAD,81.0,58.0,0.0,DISCOVERY,AMC15SUP-006,O:AMC241115C00004500,CALL,4.5,2024-11-15,14,0.0,14,0.0,0.0,NEAR_ATM,WITHIN_TOLERANCE,634,bars/O_AMC241115C00004500.json,False,2024-10-11,2024-11-15
2024-11-01T13:45:00+00:00,2024-11-01T14:00:00+00:00,2024-11-01,4.5,CONTINUATION,RELOAD,81.0,58.0,0.0,DISCOVERY,AMC15SUP-006,O:AMC241129C00004500,CALL,4.5,2024-11-29,28,0.0,30,0.0,0.0,NEAR_ATM,WITHIN_TOLERANCE,527,bars/O_AMC241129C00004500.json,True,2024-10-23,2024-11-29
2024-11-01T13:45:00+00:00,2024-11-01T14:00:00+00:00,2024-11-01,4.5,CONTINUATION,RELOAD,81.0,58.0,0.0,DISCOVERY,AMC15SUP-006,O:AMC241115P00004500,PUT,4.5,2024-11-15,14,-0.0,14,0.0,0.0,NEAR_ATM,WITHIN_TOLERANCE,383,bars/O_AMC241115P00004500.json,False,2024-10-11,2024-11-15
2024-11-01T13:45:00+00:00,2024-11-01T14:00:00+00:00,2024-11-01,4.5,CONTINUATION,RELOAD,81.0,58.0,0.0,DISCOVERY,AMC15SUP-006,O:AMC241129P00004500,PUT,4.5,2024-11-29,28,-0.0,30,0.0,0.0,NEAR_ATM,WITHIN_TOLERANCE,317,bars/O_AMC241129P00004500.json,True,2024-10-23,2024-11-29
2024-11-08T20:45:00+00:00,2024-11-08T21:00:00+00:00,2024-11-08,4.275,ENTRY_FORMING,STRONG START,72.0,52.0,0.0,DISCOVERY,AMC15X-010,O:AMC241122C00004500,CALL,4.5,2024-11-22,14,-4.999999999999992,14,0.0,4.999999999999992,NEAR_ATM,WITHIN_TOLERANCE,534,bars/O_AMC241122C00004500.json,True,2024-10-15,2024-11-22
2024-11-08T20:45:00+00:00,2024-11-08T21:00:00+00:00,2024-11-08,4.275,ENTRY_FORMING,STRONG START,72.0,52.0,0.0,DISCOVERY,AMC15X-010,O:AMC241206C00004500,CALL,4.5,2024-12-06,28,-4.999999999999992,30,0.0,4.999999999999992,NEAR_ATM,WITHIN_TOLERANCE,519,bars/O_AMC241206C00004500.json,True,2024-11-01,2024-12-06
2024-11-08T20:45:00+00:00,2024-11-08T21:00:00+00:00,2024-11-08,4.275,ENTRY_FORMING,STRONG START,72.0,52.0,0.0,DISCOVERY,AMC15X-010,O:AMC241122P00004500,PUT,4.5,2024-11-22,14,4.999999999999992,14,0.0,4.999999999999992,NEAR_ATM,WITHIN_TOLERANCE,339,bars/O_AMC241122P00004500.json,True,2024-10-15,2024-11-22
2024-11-08T20:45:00+00:00,2024-11-08T21:00:00+00:00,2024-11-08,4.275,ENTRY_FORMING,STRONG START,72.0,52.0,0.0,DISCOVERY,AMC15X-010,O:AMC241206P00004500,PUT,4.5,2024-12-06,28,4.999999999999992,30,0.0,4.999999999999992,NEAR_ATM,WITHIN_TOLERANCE,373,bars/O_AMC241206P00004500.json,True,2024-11-01,2024-12-06
2024-11-12T14:30:00+00:00,2024-11-12T14:45:00+00:00,2024-11-12,4.49,CONTINUATION,ADD,0.0,5.0,15.0,DISCOVERY,AMC15X-011,O:AMC241129C00004500,CALL,4.5,2024-11-29,17,-0.2222222222222175,14,0.0,0.2222222222222175,NEAR_ATM,WITHIN_TOLERANCE,527,bars/O_AMC241129C00004500.json,True,2024-10-23,2024-11-29
2024-11-12T14:30:00+00:00,2024-11-12T14:45:00+00:00,2024-11-12,4.49,CONTINUATION,ADD,0.0,5.0,15.0,DISCOVERY,AMC15X-011,O:AMC241213C00004500,CALL,4.5,2024-12-13,31,-0.2222222222222175,30,0.0,0.2222222222222175,NEAR_ATM,WITHIN_TOLERANCE,366,bars/O_AMC241213C00004500.json,True,2024-11-05,2024-12-06
2024-11-12T14:30:00+00:00,2024-11-12T14:45:00+00:00,2024-11-12,4.49,CONTINUATION,ADD,0.0,5.0,15.0,DISCOVERY,AMC15X-011,O:AMC241129P00004500,PUT,4.5,2024-11-29,17,0.2222222222222175,14,0.0,0.2222222222222175,NEAR_ATM,WITHIN_TOLERANCE,317,bars/O_AMC241129P00004500.json,True,2024-10-23,2024-11-29
2024-11-12T14:30:00+00:00,2024-11-12T14:45:00+00:00,2024-11-12,4.49,CONTINUATION,ADD,0.0,5.0,15.0,DISCOVERY,AMC15X-011,O:AMC241213P00004500,PUT,4.5,2024-12-13,31,0.2222222222222175,30,0.0,0.2222222222222175,NEAR_ATM,WITHIN_TOLERANCE,265,bars/O_AMC241213P00004500.json,True,2024-11-05,2024-12-06
2024-11-14T18:00:00+00:00,2024-11-14T18:15:00+00:00,2024-11-14,4.645,CONTINUATION,RELOAD,39.0,42.0,0.0,DISCOVERY,AMC15SUP-007,O:AMC241129C00004500,CALL,4.5,2024-11-29,15,3.2222222222222126,14,0.0,3.2222222222222126,NEAR_ATM,WITHIN_TOLERANCE,527,bars/O_AMC241129C00004500.json,True,2024-10-23,2024-11-29
2024-11-14T18:00:00+00:00,2024-11-14T18:15:00+00:00,2024-11-14,4.645,CONTINUATION,RELOAD,39.0,42.0,0.0,DISCOVERY,AMC15SUP-007,O:AMC241213C00004500,CALL,4.5,2024-12-13,29,3.2222222222222126,30,0.0,3.2222222222222126,NEAR_ATM,WITHIN_TOLERANCE,366,bars/O_AMC241213C00004500.json,True,2024-11-05,2024-12-06
2024-11-14T18:00:00+00:00,2024-11-14T18:15:00+00:00,2024-11-14,4.645,CONTINUATION,RELOAD,39.0,42.0,0.0,DISCOVERY,AMC15SUP-007,O:AMC241129P00004500,PUT,4.5,2024-11-29,15,-3.2222222222222126,14,0.0,3.2222222222222126,NEAR_ATM,WITHIN_TOLERANCE,317,bars/O_AMC241129P00004500.json,True,2024-10-23,2024-11-29
2024-11-14T18:00:00+00:00,2024-11-14T18:15:00+00:00,2024-11-14,4.645,CONTINUATION,RELOAD,39.0,42.0,0.0,DISCOVERY,AMC15SUP-007,O:AMC241213P00004500,PUT,4.5,2024-12-13,29,-3.2222222222222126,30,0.0,3.2222222222222126,NEAR_ATM,WITHIN_TOLERANCE,265,bars/O_AMC241213P00004500.json,True,2024-11-05,2024-12-06
2024-11-15T15:15:00+00:00,2024-11-15T15:30:00+00:00,2024-11-15,4.5348,THESIS_PRESSURE,FAIL (any severity),3.0,0.0,11.0,DISCOVERY,AMC15X-012,O:AMC241129C00004500,CALL,4.5,2024-11-29,14,0.7733333333333271,14,0.0,0.7733333333333271,NEAR_ATM,WITHIN_TOLERANCE,527,bars/O_AMC241129C00004500.json,True,2024-10-23,2024-11-29
2024-11-15T15:15:00+00:00,2024-11-15T15:30:00+00:00,2024-11-15,4.5348,THESIS_PRESSURE,FAIL (any severity),3.0,0.0,11.0,DISCOVERY,AMC15X-012,O:AMC241213C00004500,CALL,4.5,2024-12-13,28,0.7733333333333271,30,0.0,0.7733333333333271,NEAR_ATM,WITHIN_TOLERANCE,366,bars/O_AMC241213C00004500.json,True,2024-11-05,2024-12-06
2024-11-15T15:15:00+00:00,2024-11-15T15:30:00+00:00,2024-11-15,4.5348,THESIS_PRESSURE,FAIL (any severity),3.0,0.0,11.0,DISCOVERY,AMC15X-012,O:AMC241129P00004500,PUT,4.5,2024-11-29,14,-0.7733333333333271,14,0.0,0.7733333333333271,NEAR_ATM,WITHIN_TOLERANCE,317,bars/O_AMC241129P00004500.json,True,2024-10-23,2024-11-29
2024-11-15T15:15:00+00:00,2024-11-15T15:30:00+00:00,2024-11-15,4.5348,THESIS_PRESSURE,FAIL (any severity),3.0,0.0,11.0,DISCOVERY,AMC15X-012,O:AMC241213P00004500,PUT,4.5,2024-12-13,28,-0.7733333333333271,30,0.0,0.7733333333333271,NEAR_ATM,WITHIN_TOLERANCE,265,bars/O_AMC241213P00004500.json,True,2024-11-05,2024-12-06
2024-11-20T15:45:00+00:00,2024-11-20T16:00:00+00:00,2024-11-20,4.3874,ENTRY_FORMING,STRONG START,84.0,58.0,0.0,DISCOVERY,AMC15SUP-008,O:AMC241206C00004500,CALL,4.5,2024-12-06,16,-2.502222222222213,14,0.0,2.502222222222213,NEAR_ATM,WITHIN_TOLERANCE,519,bars/O_AMC241206C00004500.json,True,2024-11-01,2024-12-06
2024-11-20T15:45:00+00:00,2024-11-20T16:00:00+00:00,2024-11-20,4.3874,ENTRY_FORMING,STRONG START,84.0,58.0,0.0,DISCOVERY,AMC15SUP-008,O:AMC241220C00004500,CALL,4.5,2024-12-20,30,-2.502222222222213,30,0.0,2.502222222222213,NEAR_ATM,WITHIN_TOLERANCE,500,bars/O_AMC241220C00004500.json,False,2024-11-13,2024-12-13
2024-11-20T15:45:00+00:00,2024-11-20T16:00:00+00:00,2024-11-20,4.3874,ENTRY_FORMING,STRONG START,84.0,58.0,0.0,DISCOVERY,AMC15SUP-008,O:AMC241206P00004500,PUT,4.5,2024-12-06,16,2.502222222222213,14,0.0,2.502222222222213,NEAR_ATM,WITHIN_TOLERANCE,373,bars/O_AMC241206P00004500.json,True,2024-11-01,2024-12-06
2024-11-20T15:45:00+00:00,2024-11-20T16:00:00+00:00,2024-11-20,4.3874,ENTRY_FORMING,STRONG START,84.0,58.0,0.0,DISCOVERY,AMC15SUP-008,O:AMC241220P00004500,PUT,4.5,2024-12-20,30,2.502222222222213,30,0.0,2.502222222222213,NEAR_ATM,WITHIN_TOLERANCE,417,bars/O_AMC241220P00004500.json,False,2024-11-13,2024-12-13
2024-11-22T15:15:00+00:00,2024-11-22T15:30:00+00:00,2024-11-22,4.545,RISK_OR_EXHAUSTION,PEAK,100.0,89.0,0.0,DISCOVERY,AMC15X-013,O:AMC241206C00004500,CALL,4.5,2024-12-06,14,0.9999999999999984,14,0.0,0.9999999999999984,NEAR_ATM,WITHIN_TOLERANCE,519,bars/O_AMC241206C00004500.json,True,2024-11-01,2024-12-06
2024-11-22T15:15:00+00:00,2024-11-22T15:30:00+00:00,2024-11-22,4.545,RISK_OR_EXHAUSTION,PEAK,100.0,89.0,0.0,DISCOVERY,AMC15X-013,O:AMC241220C00004500,CALL,4.5,2024-12-20,28,0.9999999999999984,30,0.0,0.9999999999999984,NEAR_ATM,WITHIN_TOLERANCE,500,bars/O_AMC241220C00004500.json,False,2024-11-13,2024-12-13
2024-11-22T15:15:00+00:00,2024-11-22T15:30:00+00:00,2024-11-22,4.545,RISK_OR_EXHAUSTION,PEAK,100.0,89.0,0.0,DISCOVERY,AMC15X-013,O:AMC241206P00004500,PUT,4.5,2024-12-06,14,-0.9999999999999984,14,0.0,0.9999999999999984,NEAR_ATM,WITHIN_TOLERANCE,373,bars/O_AMC241206P00004500.json,True,2024-11-01,2024-12-06
2024-11-22T15:15:00+00:00,2024-11-22T15:30:00+00:00,2024-11-22,4.545,RISK_OR_EXHAUSTION,PEAK,100.0,89.0,0.0,DISCOVERY,AMC15X-013,O:AMC241220P00004500,PUT,4.5,2024-12-20,28,-0.9999999999999984,30,0.0,0.9999999999999984,NEAR_ATM,WITHIN_TOLERANCE,417,bars/O_AMC241220P00004500.json,False,2024-11-13,2024-12-13
2024-11-27T14:45:00+00:00,2024-11-27T15:00:00+00:00,2024-11-27,4.98,CONTINUATION,ADD,70.0,46.0,4.0,DISCOVERY,AMC15X-014,O:AMC241213C00005000,CALL,5.0,2024-12-13,16,-0.39999999999999153,14,0.0,0.39999999999999153,NEAR_ATM,WITHIN_TOLERANCE,413,bars/O_AMC241213C00005000.json,True,2024-11-20,2024-12-13
2024-11-27T14:45:00+00:00,2024-11-27T15:00:00+00:00,2024-11-27,4.98,CONTINUATION,ADD,70.0,46.0,4.0,DISCOVERY,AMC15X-014,O:AMC241227C00005000,CALL,5.0,2024-12-27,30,-0.39999999999999153,30,0.0,0.39999999999999153,NEAR_ATM,WITHIN_TOLERANCE,450,bars/O_AMC241227C00005000.json,True,2024-11-20,2024-12-18
2024-11-27T14:45:00+00:00,2024-11-27T15:00:00+00:00,2024-11-27,4.98,CONTINUATION,ADD,70.0,46.0,4.0,DISCOVERY,AMC15X-014,O:AMC241213P00005000,PUT,5.0,2024-12-13,16,0.39999999999999153,14,0.0,0.39999999999999153,NEAR_ATM,WITHIN_TOLERANCE,277,bars/O_AMC241213P00005000.json,True,2024-11-20,2024-12-13
2024-11-27T14:45:00+00:00,2024-11-27T15:00:00+00:00,2024-11-27,4.98,CONTINUATION,ADD,70.0,46.0,4.0,DISCOVERY,AMC15X-014,O:AMC241227P00005000,PUT,5.0,2024-12-27,30,0.39999999999999153,30,0.0,0.39999999999999153,NEAR_ATM,WITHIN_TOLERANCE,167,bars/O_AMC241227P00005000.json,True,2024-11-20,2024-12-18
2024-11-27T19:30:00+00:00,2024-11-27T19:45:00+00:00,2024-11-27,4.8999,CONTINUATION,ADD,100.0,73.0,0.0,DISCOVERY,AMC15SUP-009,O:AMC241213C00005000,CALL,5.0,2024-12-13,16,-2.002000000000006,14,0.0,2.002000000000006,NEAR_ATM,WITHIN_TOLERANCE,413,bars/O_AMC241213C00005000.json,True,2024-11-20,2024-12-13
2024-11-27T19:30:00+00:00,2024-11-27T19:45:00+00:00,2024-11-27,4.8999,CONTINUATION,ADD,100.0,73.0,0.0,DISCOVERY,AMC15SUP-009,O:AMC241227C00005000,CALL,5.0,2024-12-27,30,-2.002000000000006,30,0.0,2.002000000000006,NEAR_ATM,WITHIN_TOLERANCE,450,bars/O_AMC241227C00005000.json,True,2024-11-20,2024-12-18
2024-11-27T19:30:00+00:00,2024-11-27T19:45:00+00:00,2024-11-27,4.8999,CONTINUATION,ADD,100.0,73.0,0.0,DISCOVERY,AMC15SUP-009,O:AMC241213P00005000,PUT,5.0,2024-12-13,16,2.002000000000006,14,0.0,2.002000000000006,NEAR_ATM,WITHIN_TOLERANCE,277,bars/O_AMC241213P00005000.json,True,2024-11-20,2024-12-13
2024-11-27T19:30:00+00:00,2024-11-27T19:45:00+00:00,2024-11-27,4.8999,CONTINUATION,ADD,100.0,73.0,0.0,DISCOVERY,AMC15SUP-009,O:AMC241227P00005000,PUT,5.0,2024-12-27,30,2.002000000000006,30,0.0,2.002000000000006,NEAR_ATM,WITHIN_TOLERANCE,167,bars/O_AMC241227P00005000.json,True,2024-11-20,2024-12-18
2024-12-05T17:15:00+00:00,2024-12-05T17:30:00+00:00,2024-12-05,5.05,CONTINUATION,ADD,0.0,0.0,26.0,DISCOVERY,AMC15SUP-010,O:AMC241220C00005000,CALL,5.0,2024-12-20,15,0.9999999999999963,14,0.0,0.9999999999999963,NEAR_ATM,WITHIN_TOLERANCE,403,bars/O_AMC241220C00005000.json,False,2024-11-28,2024-12-20
2024-12-05T17:15:00+00:00,2024-12-05T17:30:00+00:00,2024-12-05,5.05,CONTINUATION,ADD,0.0,0.0,26.0,DISCOVERY,AMC15SUP-010,O:AMC250103C00005000,CALL,5.0,2025-01-03,29,0.9999999999999963,30,0.0,0.9999999999999963,NEAR_ATM,WITHIN_TOLERANCE,416,bars/O_AMC250103C00005000.json,False,2024-11-28,2024-12-26
2024-12-05T17:15:00+00:00,2024-12-05T17:30:00+00:00,2024-12-05,5.05,CONTINUATION,ADD,0.0,0.0,26.0,DISCOVERY,AMC15SUP-010,O:AMC241220P00005000,PUT,5.0,2024-12-20,15,-0.9999999999999963,14,0.0,0.9999999999999963,NEAR_ATM,WITHIN_TOLERANCE,314,bars/O_AMC241220P00005000.json,False,2024-11-28,2024-12-20
2024-12-05T17:15:00+00:00,2024-12-05T17:30:00+00:00,2024-12-05,5.05,CONTINUATION,ADD,0.0,0.0,26.0,DISCOVERY,AMC15SUP-010,O:AMC250103P00005000,PUT,5.0,2025-01-03,29,-0.9999999999999963,30,0.0,0.9999999999999963,NEAR_ATM,WITHIN_TOLERANCE,131,bars/O_AMC250103P00005000.json,False,2024-11-28,2024-12-26
2024-12-05T19:45:00+00:00,2024-12-05T20:00:00+00:00,2024-12-05,5.5142,RISK_OR_EXHAUSTION,MANAGE,0.0,0.0,16.0,DISCOVERY,AMC15X-015,O:AMC241220C00005500,CALL,5.5,2024-12-20,15,0.25818181818181396,14,0.0,0.25818181818181396,NEAR_ATM,WITHIN_TOLERANCE,372,bars/O_AMC241220C00005500.json,True,2024-11-28,2024-12-20
2024-12-05T19:45:00+00:00,2024-12-05T20:00:00+00:00,2024-12-05,5.5142,RISK_OR_EXHAUSTION,MANAGE,0.0,0.0,16.0,DISCOVERY,AMC15X-015,O:AMC250103C00005500,CALL,5.5,2025-01-03,29,0.25818181818181396,30,0.0,0.25818181818181396,NEAR_ATM,WITHIN_TOLERANCE,278,bars/O_AMC250103C00005500.json,True,2024-11-28,2024-12-26
2024-12-05T19:45:00+00:00,2024-12-05T20:00:00+00:00,2024-12-05,5.5142,RISK_OR_EXHAUSTION,MANAGE,0.0,0.0,16.0,DISCOVERY,AMC15X-015,O:AMC241220P00005500,PUT,5.5,2024-12-20,15,-0.25818181818181396,14,0.0,0.25818181818181396,NEAR_ATM,WITHIN_TOLERANCE,100,bars/O_AMC241220P00005500.json,True,2024-11-28,2024-12-20
2024-12-05T19:45:00+00:00,2024-12-05T20:00:00+00:00,2024-12-05,5.5142,RISK_OR_EXHAUSTION,MANAGE,0.0,0.0,16.0,DISCOVERY,AMC15X-015,O:AMC250103P00005500,PUT,5.5,2025-01-03,29,-0.25818181818181396,30,0.0,0.25818181818181396,NEAR_ATM,WITHIN_TOLERANCE,38,bars/O_AMC250103P00005500.json,True,2024-11-28,2024-12-26
2024-12-17T14:30:00+00:00,2024-12-17T14:45:00+00:00,2024-12-17,4.11,ENTRY_FORMING,STRONG START,84.0,58.0,0.0,DISCOVERY,AMC15X-016,O:AMC250103C00004000,CALL,4.0,2025-01-03,17,2.750000000000008,14,0.0,2.750000000000008,NEAR_ATM,WITHIN_TOLERANCE,337,bars/O_AMC250103C00004000.json,True,2024-12-10,2025-01-03
2024-12-17T14:30:00+00:00,2024-12-17T14:45:00+00:00,2024-12-17,4.11,ENTRY_FORMING,STRONG START,84.0,58.0,0.0,DISCOVERY,AMC15X-016,O:AMC250117C00004000,CALL,4.0,2025-01-17,31,2.750000000000008,30,0.0,2.750000000000008,NEAR_ATM,WITHIN_TOLERANCE,609,bars/O_AMC250117C00004000.json,False,2024-12-10,2025-01-17
2024-12-17T14:30:00+00:00,2024-12-17T14:45:00+00:00,2024-12-17,4.11,ENTRY_FORMING,STRONG START,84.0,58.0,0.0,DISCOVERY,AMC15X-016,O:AMC250103P00004000,PUT,4.0,2025-01-03,17,-2.750000000000008,14,0.0,2.750000000000008,NEAR_ATM,WITHIN_TOLERANCE,303,bars/O_AMC250103P00004000.json,True,2024-12-10,2025-01-03
2024-12-17T14:30:00+00:00,2024-12-17T14:45:00+00:00,2024-12-17,4.11,ENTRY_FORMING,STRONG START,84.0,58.0,0.0,DISCOVERY,AMC15X-016,O:AMC250117P00004000,PUT,4.0,2025-01-17,31,-2.750000000000008,30,0.0,2.750000000000008,NEAR_ATM,WITHIN_TOLERANCE,521,bars/O_AMC250117P00004000.json,False,2024-12-10,2025-01-17
2024-12-20T20:30:00+00:00,2024-12-20T20:45:00+00:00,2024-12-20,4.185,ENTRY_FORMING,STRONG START,90.0,57.0,0.0,DISCOVERY,AMC15SUP-011,O:AMC250103C00004000,CALL,4.0,2025-01-03,14,4.62499999999999,14,0.0,4.62499999999999,NEAR_ATM,WITHIN_TOLERANCE,337,bars/O_AMC250103C00004000.json,True,2024-12-10,2025-01-03
2024-12-20T20:30:00+00:00,2024-12-20T20:45:00+00:00,2024-12-20,4.185,ENTRY_FORMING,STRONG START,90.0,57.0,0.0,DISCOVERY,AMC15SUP-011,O:AMC250117C00004000,CALL,4.0,2025-01-17,28,4.62499999999999,30,0.0,4.62499999999999,NEAR_ATM,WITHIN_TOLERANCE,609,bars/O_AMC250117C00004000.json,False,2024-12-10,2025-01-17
2024-12-20T20:30:00+00:00,2024-12-20T20:45:00+00:00,2024-12-20,4.185,ENTRY_FORMING,STRONG START,90.0,57.0,0.0,DISCOVERY,AMC15SUP-011,O:AMC250103P00004000,PUT,4.0,2025-01-03,14,-4.62499999999999,14,0.0,4.62499999999999,NEAR_ATM,WITHIN_TOLERANCE,303,bars/O_AMC250103P00004000.json,True,2024-12-10,2025-01-03
2024-12-20T20:30:00+00:00,2024-12-20T20:45:00+00:00,2024-12-20,4.185,ENTRY_FORMING,STRONG START,90.0,57.0,0.0,DISCOVERY,AMC15SUP-011,O:AMC250117P00004000,PUT,4.0,2025-01-17,28,-4.62499999999999,30,0.0,4.62499999999999,NEAR_ATM,WITHIN_TOLERANCE,521,bars/O_AMC250117P00004000.json,False,2024-12-10,2025-01-17
2024-12-24T17:30:00+00:00,2024-12-24T17:45:00+00:00,2024-12-24,4.065,THESIS_PRESSURE,FAIL (any severity),0.0,0.0,14.0,DISCOVERY,AMC15X-017,O:AMC250110C00004000,CALL,4.0,2025-01-10,17,1.6250000000000098,14,0.0,1.6250000000000098,NEAR_ATM,WITHIN_TOLERANCE,314,bars/O_AMC250110C00004000.json,True,2024-12-17,2025-01-10
2024-12-24T17:30:00+00:00,2024-12-24T17:45:00+00:00,2024-12-24,4.065,THESIS_PRESSURE,FAIL (any severity),0.0,0.0,14.0,DISCOVERY,AMC15X-017,O:AMC250124C00004000,CALL,4.0,2025-01-24,31,1.6250000000000098,30,0.0,1.6250000000000098,NEAR_ATM,WITHIN_TOLERANCE,361,bars/O_AMC250124C00004000.json,True,2024-12-17,2025-01-16
2024-12-24T17:30:00+00:00,2024-12-24T17:45:00+00:00,2024-12-24,4.065,THESIS_PRESSURE,FAIL (any severity),0.0,0.0,14.0,DISCOVERY,AMC15X-017,O:AMC250110P00004000,PUT,4.0,2025-01-10,17,-1.6250000000000098,14,0.0,1.6250000000000098,NEAR_ATM,WITHIN_TOLERANCE,286,bars/O_AMC250110P00004000.json,True,2024-12-17,2025-01-10
2024-12-24T17:30:00+00:00,2024-12-24T17:45:00+00:00,2024-12-24,4.065,THESIS_PRESSURE,FAIL (any severity),0.0,0.0,14.0,DISCOVERY,AMC15X-017,O:AMC250124P00004000,PUT,4.0,2025-01-24,31,-1.6250000000000098,30,0.0,1.6250000000000098,NEAR_ATM,WITHIN_TOLERANCE,236,bars/O_AMC250124P00004000.json,True,2024-12-17,2025-01-16
2024-12-26T14:30:00+00:00,2024-12-26T14:45:00+00:00,2024-12-26,4.105,CONTINUATION,RELOAD,49.0,42.0,0.0,DISCOVERY,AMC15X-018,O:AMC250110C00004000,CALL,4.0,2025-01-10,15,2.6250000000000107,14,0.0,2.6250000000000107,NEAR_ATM,WITHIN_TOLERANCE,314,bars/O_AMC250110C00004000.json,True,2024-12-17,2025-01-10
2024-12-26T14:30:00+00:00,2024-12-26T14:45:00+00:00,2024-12-26,4.105,CONTINUATION,RELOAD,49.0,42.0,0.0,DISCOVERY,AMC15X-018,O:AMC250124C00004000,CALL,4.0,2025-01-24,29,2.6250000000000107,30,0.0,2.6250000000000107,NEAR_ATM,WITHIN_TOLERANCE,361,bars/O_AMC250124C00004000.json,True,2024-12-17,2025-01-16
2024-12-26T14:30:00+00:00,2024-12-26T14:45:00+00:00,2024-12-26,4.105,CONTINUATION,RELOAD,49.0,42.0,0.0,DISCOVERY,AMC15X-018,O:AMC250110P00004000,PUT,4.0,2025-01-10,15,-2.6250000000000107,14,0.0,2.6250000000000107,NEAR_ATM,WITHIN_TOLERANCE,286,bars/O_AMC250110P00004000.json,True,2024-12-17,2025-01-10
2024-12-26T14:30:00+00:00,2024-12-26T14:45:00+00:00,2024-12-26,4.105,CONTINUATION,RELOAD,49.0,42.0,0.0,DISCOVERY,AMC15X-018,O:AMC250124P00004000,PUT,4.0,2025-01-24,29,-2.6250000000000107,30,0.0,2.6250000000000107,NEAR_ATM,WITHIN_TOLERANCE,236,bars/O_AMC250124P00004000.json,True,2024-12-17,2025-01-16
2025-01-06T19:15:00+00:00,2025-01-06T19:30:00+00:00,2025-01-06,4.0827,CONTINUATION,ADD,97.0,89.0,0.0,DISCOVERY,AMC15SUP-012,O:AMC250117C00004000,CALL,4.0,2025-01-17,11,2.0675,14,0.0,2.0675,NEAR_ATM,WITHIN_TOLERANCE,609,bars/O_AMC250117C00004000.json,False,2024-12-10,2025-01-17
2025-01-06T19:15:00+00:00,2025-01-06T19:30:00+00:00,2025-01-06,4.0827,CONTINUATION,ADD,97.0,89.0,0.0,DISCOVERY,AMC15SUP-012,O:AMC250207C00004000,CALL,4.0,2025-02-07,32,2.0675,30,0.0,2.0675,NEAR_ATM,WITHIN_TOLERANCE,314,bars/O_AMC250207C00004000.json,False,2024-12-30,2025-01-27
2025-01-06T19:15:00+00:00,2025-01-06T19:30:00+00:00,2025-01-06,4.0827,CONTINUATION,ADD,97.0,89.0,0.0,DISCOVERY,AMC15SUP-012,O:AMC250117P00004000,PUT,4.0,2025-01-17,11,-2.0675,14,0.0,2.0675,NEAR_ATM,WITHIN_TOLERANCE,521,bars/O_AMC250117P00004000.json,False,2024-12-10,2025-01-17
2025-01-06T19:15:00+00:00,2025-01-06T19:30:00+00:00,2025-01-06,4.0827,CONTINUATION,ADD,97.0,89.0,0.0,DISCOVERY,AMC15SUP-012,O:AMC250207P00004000,PUT,4.0,2025-02-07,32,-2.0675,30,0.0,2.0675,NEAR_ATM,WITHIN_TOLERANCE,135,bars/O_AMC250207P00004000.json,False,2024-12-30,2025-01-27
2025-01-16T19:45:00+00:00,2025-01-16T20:00:00+00:00,2025-01-16,3.6386,ENTRY_FORMING,STRONG START,95.0,64.0,0.0,DISCOVERY,AMC15SUP-013,O:AMC250131C00003500,CALL,3.5,2025-01-31,15,3.9599999999999955,14,0.0,3.9599999999999955,NEAR_ATM,WITHIN_TOLERANCE,361,bars/O_AMC250131C00003500.json,False,2025-01-09,2025-01-31
2025-01-16T19:45:00+00:00,2025-01-16T20:00:00+00:00,2025-01-16,3.6386,ENTRY_FORMING,STRONG START,95.0,64.0,0.0,DISCOVERY,AMC15SUP-013,O:AMC250214C00003500,CALL,3.5,2025-02-14,29,3.9599999999999955,30,0.0,3.9599999999999955,NEAR_ATM,WITHIN_TOLERANCE,489,bars/O_AMC250214C00003500.json,False,2025-01-09,2025-02-14
2025-01-16T19:45:00+00:00,2025-01-16T20:00:00+00:00,2025-01-16,3.6386,ENTRY_FORMING,STRONG START,95.0,64.0,0.0,DISCOVERY,AMC15SUP-013,O:AMC250131P00003500,PUT,3.5,2025-01-31,15,-3.9599999999999955,14,0.0,3.9599999999999955,NEAR_ATM,WITHIN_TOLERANCE,314,bars/O_AMC250131P00003500.json,False,2025-01-09,2025-01-31
2025-01-16T19:45:00+00:00,2025-01-16T20:00:00+00:00,2025-01-16,3.6386,ENTRY_FORMING,STRONG START,95.0,64.0,0.0,DISCOVERY,AMC15SUP-013,O:AMC250214P00003500,PUT,3.5,2025-02-14,29,-3.9599999999999955,30,0.0,3.9599999999999955,NEAR_ATM,WITHIN_TOLERANCE,323,bars/O_AMC250214P00003500.json,False,2025-01-09,2025-02-14
2025-01-17T15:30:00+00:00,2025-01-17T15:45:00+00:00,2025-01-17,3.745,CONTINUATION,ADD,98.0,70.0,0.0,DISCOVERY,AMC15X-019,O:AMC250131C00004000,CALL,4.0,2025-01-31,14,-6.374999999999997,14,0.0,6.374999999999997,NEAR_ATM,WITHIN_TOLERANCE,368,bars/O_AMC250131C00004000.json,True,2025-01-10,2025-01-31
2025-01-17T15:30:00+00:00,2025-01-17T15:45:00+00:00,2025-01-17,3.745,CONTINUATION,ADD,98.0,70.0,0.0,DISCOVERY,AMC15X-019,O:AMC250214C00004000,CALL,4.0,2025-02-14,28,-6.374999999999997,30,0.0,6.374999999999997,NEAR_ATM,WITHIN_TOLERANCE,375,bars/O_AMC250214C00004000.json,True,2025-01-10,2025-02-07
2025-01-17T15:30:00+00:00,2025-01-17T15:45:00+00:00,2025-01-17,3.745,CONTINUATION,ADD,98.0,70.0,0.0,DISCOVERY,AMC15X-019,O:AMC250131P00004000,PUT,4.0,2025-01-31,14,6.374999999999997,14,0.0,6.374999999999997,NEAR_ATM,WITHIN_TOLERANCE,239,bars/O_AMC250131P00004000.json,True,2025-01-10,2025-01-31
2025-01-17T15:30:00+00:00,2025-01-17T15:45:00+00:00,2025-01-17,3.745,CONTINUATION,ADD,98.0,70.0,0.0,DISCOVERY,AMC15X-019,O:AMC250214P00004000,PUT,4.0,2025-02-14,28,6.374999999999997,30,0.0,6.374999999999997,NEAR_ATM,WITHIN_TOLERANCE,99,bars/O_AMC250214P00004000.json,True,2025-01-10,2025-02-07
2025-01-27T17:45:00+00:00,2025-01-27T18:00:00+00:00,2025-01-27,3.365,THESIS_PRESSURE,FAIL (any severity),0.0,0.0,13.0,DISCOVERY,AMC15X-020,O:AMC250207C00003500,CALL,3.5,2025-02-07,11,-3.8571428571428514,14,0.0,3.8571428571428514,NEAR_ATM,WITHIN_TOLERANCE,333,bars/O_AMC250207C00003500.json,True,2025-01-20,2025-02-07
2025-01-27T17:45:00+00:00,2025-01-27T18:00:00+00:00,2025-01-27,3.365,THESIS_PRESSURE,FAIL (any severity),0.0,0.0,13.0,DISCOVERY,AMC15X-020,O:AMC250228C00003500,CALL,3.5,2025-02-28,32,-3.8571428571428514,30,0.0,3.8571428571428514,NEAR_ATM,WITHIN_TOLERANCE,608,bars/O_AMC250228C00003500.json,True,2025-01-20,2025-02-28
2025-01-27T17:45:00+00:00,2025-01-27T18:00:00+00:00,2025-01-27,3.365,THESIS_PRESSURE,FAIL (any severity),0.0,0.0,13.0,DISCOVERY,AMC15X-020,O:AMC250207P00003500,PUT,3.5,2025-02-07,11,3.8571428571428514,14,0.0,3.8571428571428514,NEAR_ATM,WITHIN_TOLERANCE,261,bars/O_AMC250207P00003500.json,True,2025-01-20,2025-02-07
2025-01-27T17:45:00+00:00,2025-01-27T18:00:00+00:00,2025-01-27,3.365,THESIS_PRESSURE,FAIL (any severity),0.0,0.0,13.0,DISCOVERY,AMC15X-020,O:AMC250228P00003500,PUT,3.5,2025-02-28,32,3.8571428571428514,30,0.0,3.8571428571428514,NEAR_ATM,WITHIN_TOLERANCE,385,bars/O_AMC250228P00003500.json,True,2025-01-20,2025-02-28
2025-01-28T19:30:00+00:00,2025-01-28T19:45:00+00:00,2025-01-28,3.335,ENTRY_FORMING,STRONG START,80.0,55.0,0.0,DISCOVERY,AMC15X-021,O:AMC250214C00003500,CALL,3.5,2025-02-14,17,-4.714285714285715,14,0.0,4.714285714285715,NEAR_ATM,WITHIN_TOLERANCE,489,bars/O_AMC250214C00003500.json,False,2025-01-09,2025-02-14
2025-01-28T19:30:00+00:00,2025-01-28T19:45:00+00:00,2025-01-28,3.335,ENTRY_FORMING,STRONG START,80.0,55.0,0.0,DISCOVERY,AMC15X-021,O:AMC250228C00003500,CALL,3.5,2025-02-28,31,-4.714285714285715,30,0.0,4.714285714285715,NEAR_ATM,WITHIN_TOLERANCE,608,bars/O_AMC250228C00003500.json,True,2025-01-20,2025-02-28
2025-01-28T19:30:00+00:00,2025-01-28T19:45:00+00:00,2025-01-28,3.335,ENTRY_FORMING,STRONG START,80.0,55.0,0.0,DISCOVERY,AMC15X-021,O:AMC250214P00003500,PUT,3.5,2025-02-14,17,4.714285714285715,14,0.0,4.714285714285715,NEAR_ATM,WITHIN_TOLERANCE,323,bars/O_AMC250214P00003500.json,False,2025-01-09,2025-02-14
2025-01-28T19:30:00+00:00,2025-01-28T19:45:00+00:00,2025-01-28,3.335,ENTRY_FORMING,STRONG START,80.0,55.0,0.0,DISCOVERY,AMC15X-021,O:AMC250228P00003500,PUT,3.5,2025-02-28,31,4.714285714285715,30,0.0,4.714285714285715,NEAR_ATM,WITHIN_TOLERANCE,385,bars/O_AMC250228P00003500.json,True,2025-01-20,2025-02-28
2025-02-10T20:15:00+00:00,2025-02-10T20:30:00+00:00,2025-02-10,3.16,ENTRY_FORMING,STRONG START,96.0,65.0,0.0,DISCOVERY,AMC15SUP-014,O:AMC250221C00003000,CALL,3.0,2025-02-21,11,5.3333333333333375,14,0.0,5.3333333333333375,NEAR_ATM,WITHIN_TOLERANCE,273,bars/O_AMC250221C00003000.json,False,2025-02-03,2025-02-21
2025-02-10T20:15:00+00:00,2025-02-10T20:30:00+00:00,2025-02-10,3.16,ENTRY_FORMING,STRONG START,96.0,65.0,0.0,DISCOVERY,AMC15SUP-014,O:AMC250314C00003000,CALL,3.0,2025-03-14,32,5.3333333333333375,30,0.0,5.3333333333333375,NEAR_ATM,WITHIN_TOLERANCE,167,bars/O_AMC250314C00003000.json,False,2025-02-03,2025-03-03
2025-02-10T20:15:00+00:00,2025-02-10T20:30:00+00:00,2025-02-10,3.16,ENTRY_FORMING,STRONG START,96.0,65.0,0.0,DISCOVERY,AMC15SUP-014,O:AMC250221P00003000,PUT,3.0,2025-02-21,11,-5.3333333333333375,14,0.0,5.3333333333333375,NEAR_ATM,WITHIN_TOLERANCE,222,bars/O_AMC250221P00003000.json,False,2025-02-03,2025-02-21
2025-02-10T20:15:00+00:00,2025-02-10T20:30:00+00:00,2025-02-10,3.16,ENTRY_FORMING,STRONG START,96.0,65.0,0.0,DISCOVERY,AMC15SUP-014,O:AMC250314P00003000,PUT,3.0,2025-03-14,32,-5.3333333333333375,30,0.0,5.3333333333333375,NEAR_ATM,WITHIN_TOLERANCE,182,bars/O_AMC250314P00003000.json,False,2025-02-03,2025-03-03
2025-02-12T16:45:00+00:00,2025-02-12T17:00:00+00:00,2025-02-12,3.445,CONTINUATION,ADD,100.0,80.0,0.0,DISCOVERY,AMC15SUP-015,O:AMC250228C00003500,CALL,3.5,2025-02-28,16,-1.571428571428576,14,0.0,1.571428571428576,NEAR_ATM,WITHIN_TOLERANCE,608,bars/O_AMC250228C00003500.json,True,2025-01-20,2025-02-28
2025-02-12T16:45:00+00:00,2025-02-12T17:00:00+00:00,2025-02-12,3.445,CONTINUATION,ADD,100.0,80.0,0.0,DISCOVERY,AMC15SUP-015,O:AMC250314C00003500,CALL,3.5,2025-03-14,30,-1.571428571428576,30,0.0,1.571428571428576,NEAR_ATM,WITHIN_TOLERANCE,514,bars/O_AMC250314C00003500.json,True,2025-02-05,2025-03-14
2025-02-12T16:45:00+00:00,2025-02-12T17:00:00+00:00,2025-02-12,3.445,CONTINUATION,ADD,100.0,80.0,0.0,DISCOVERY,AMC15SUP-015,O:AMC250228P00003500,PUT,3.5,2025-02-28,16,1.571428571428576,14,0.0,1.571428571428576,NEAR_ATM,WITHIN_TOLERANCE,385,bars/O_AMC250228P00003500.json,True,2025-01-20,2025-02-28
2025-02-12T16:45:00+00:00,2025-02-12T17:00:00+00:00,2025-02-12,3.445,CONTINUATION,ADD,100.0,80.0,0.0,DISCOVERY,AMC15SUP-015,O:AMC250314P00003500,PUT,3.5,2025-03-14,30,1.571428571428576,30,0.0,1.571428571428576,NEAR_ATM,WITHIN_TOLERANCE,267,bars/O_AMC250314P00003500.json,True,2025-02-05,2025-03-14
2025-02-12T18:15:00+00:00,2025-02-12T18:30:00+00:00,2025-02-12,3.505,RISK_OR_EXHAUSTION,PEAK,100.0,83.0,0.0,DISCOVERY,AMC15X-022,O:AMC250228C00003500,CALL,3.5,2025-02-28,16,0.14285714285713982,14,0.0,0.14285714285713982,NEAR_ATM,WITHIN_TOLERANCE,608,bars/O_AMC250228C00003500.json,True,2025-01-20,2025-02-28
2025-02-12T18:15:00+00:00,2025-02-12T18:30:00+00:00,2025-02-12,3.505,RISK_OR_EXHAUSTION,PEAK,100.0,83.0,0.0,DISCOVERY,AMC15X-022,O:AMC250314C00003500,CALL,3.5,2025-03-14,30,0.14285714285713982,30,0.0,0.14285714285713982,NEAR_ATM,WITHIN_TOLERANCE,514,bars/O_AMC250314C00003500.json,True,2025-02-05,2025-03-14
2025-02-12T18:15:00+00:00,2025-02-12T18:30:00+00:00,2025-02-12,3.505,RISK_OR_EXHAUSTION,PEAK,100.0,83.0,0.0,DISCOVERY,AMC15X-022,O:AMC250228P00003500,PUT,3.5,2025-02-28,16,-0.14285714285713982,14,0.0,0.14285714285713982,NEAR_ATM,WITHIN_TOLERANCE,385,bars/O_AMC250228P00003500.json,True,2025-01-20,2025-02-28
2025-02-12T18:15:00+00:00,2025-02-12T18:30:00+00:00,2025-02-12,3.505,RISK_OR_EXHAUSTION,PEAK,100.0,83.0,0.0,DISCOVERY,AMC15X-022,O:AMC250314P00003500,PUT,3.5,2025-03-14,30,-0.14285714285713982,30,0.0,0.14285714285713982,NEAR_ATM,WITHIN_TOLERANCE,267,bars/O_AMC250314P00003500.json,True,2025-02-05,2025-03-14
2025-02-25T20:45:00+00:00,2025-02-25T21:00:00+00:00,2025-02-25,3.29,ENTRY_FORMING,STRONG START,86.0,58.0,0.0,DISCOVERY,AMC15X-023,O:AMC250314C00003500,CALL,3.5,2025-03-14,17,-5.999999999999999,14,0.0,5.999999999999999,NEAR_ATM,WITHIN_TOLERANCE,514,bars/O_AMC250314C00003500.json,True,2025-02-05,2025-03-14
2025-02-25T20:45:00+00:00,2025-02-25T21:00:00+00:00,2025-02-25,3.29,ENTRY_FORMING,STRONG START,86.0,58.0,0.0,DISCOVERY,AMC15X-023,O:AMC250328C00003500,CALL,3.5,2025-03-28,31,-5.999999999999999,30,0.0,5.999999999999999,NEAR_ATM,WITHIN_TOLERANCE,510,bars/O_AMC250328C00003500.json,True,2025-02-18,2025-03-21
2025-02-25T20:45:00+00:00,2025-02-25T21:00:00+00:00,2025-02-25,3.29,ENTRY_FORMING,STRONG START,86.0,58.0,0.0,DISCOVERY,AMC15X-023,O:AMC250314P00003500,PUT,3.5,2025-03-14,17,5.999999999999999,14,0.0,5.999999999999999,NEAR_ATM,WITHIN_TOLERANCE,267,bars/O_AMC250314P00003500.json,True,2025-02-05,2025-03-14
2025-02-25T20:45:00+00:00,2025-02-25T21:00:00+00:00,2025-02-25,3.29,ENTRY_FORMING,STRONG START,86.0,58.0,0.0,DISCOVERY,AMC15X-023,O:AMC250328P00003500,PUT,3.5,2025-03-28,31,5.999999999999999,30,0.0,5.999999999999999,NEAR_ATM,WITHIN_TOLERANCE,145,bars/O_AMC250328P00003500.json,True,2025-02-18,2025-03-21
2025-02-27T15:00:00+00:00,2025-02-27T15:15:00+00:00,2025-02-27,3.34,CONTINUATION,RELOAD,63.0,47.0,0.0,DISCOVERY,AMC15SUP-016,O:AMC250314C00003500,CALL,3.5,2025-03-14,15,-4.571428571428576,14,0.0,4.571428571428576,NEAR_ATM,WITHIN_TOLERANCE,514,bars/O_AMC250314C00003500.json,True,2025-02-05,2025-03-14
2025-02-27T15:00:00+00:00,2025-02-27T15:15:00+00:00,2025-02-27,3.34,CONTINUATION,RELOAD,63.0,47.0,0.0,DISCOVERY,AMC15SUP-016,O:AMC250328C00003500,CALL,3.5,2025-03-28,29,-4.571428571428576,30,0.0,4.571428571428576,NEAR_ATM,WITHIN_TOLERANCE,510,bars/O_AMC250328C00003500.json,True,2025-02-18,2025-03-21
2025-02-27T15:00:00+00:00,2025-02-27T15:15:00+00:00,2025-02-27,3.34,CONTINUATION,RELOAD,63.0,47.0,0.0,DISCOVERY,AMC15SUP-016,O:AMC250314P00003500,PUT,3.5,2025-03-14,15,4.571428571428576,14,0.0,4.571428571428576,NEAR_ATM,WITHIN_TOLERANCE,267,bars/O_AMC250314P00003500.json,True,2025-02-05,2025-03-14
2025-02-27T15:00:00+00:00,2025-02-27T15:15:00+00:00,2025-02-27,3.34,CONTINUATION,RELOAD,63.0,47.0,0.0,DISCOVERY,AMC15SUP-016,O:AMC250328P00003500,PUT,3.5,2025-03-28,29,4.571428571428576,30,0.0,4.571428571428576,NEAR_ATM,WITHIN_TOLERANCE,145,bars/O_AMC250328P00003500.json,True,2025-02-18,2025-03-21
2025-02-28T15:45:00+00:00,2025-02-28T16:00:00+00:00,2025-02-28,3.285,CONTINUATION,RELOAD,62.0,44.0,0.0,DISCOVERY,AMC15X-024,O:AMC250314C00003500,CALL,3.5,2025-03-14,14,-6.142857142857139,14,0.0,6.142857142857139,NEAR_ATM,WITHIN_TOLERANCE,514,bars/O_AMC250314C00003500.json,True,2025-02-05,2025-03-14
2025-02-28T15:45:00+00:00,2025-02-28T16:00:00+00:00,2025-02-28,3.285,CONTINUATION,RELOAD,62.0,44.0,0.0,DISCOVERY,AMC15X-024,O:AMC250328C00003500,CALL,3.5,2025-03-28,28,-6.142857142857139,30,0.0,6.142857142857139,NEAR_ATM,WITHIN_TOLERANCE,510,bars/O_AMC250328C00003500.json,True,2025-02-18,2025-03-21
2025-02-28T15:45:00+00:00,2025-02-28T16:00:00+00:00,2025-02-28,3.285,CONTINUATION,RELOAD,62.0,44.0,0.0,DISCOVERY,AMC15X-024,O:AMC250314P00003500,PUT,3.5,2025-03-14,14,6.142857142857139,14,0.0,6.142857142857139,NEAR_ATM,WITHIN_TOLERANCE,267,bars/O_AMC250314P00003500.json,True,2025-02-05,2025-03-14
2025-02-28T15:45:00+00:00,2025-02-28T16:00:00+00:00,2025-02-28,3.285,CONTINUATION,RELOAD,62.0,44.0,0.0,DISCOVERY,AMC15X-024,O:AMC250328P00003500,PUT,3.5,2025-03-28,28,6.142857142857139,30,0.0,6.142857142857139,NEAR_ATM,WITHIN_TOLERANCE,145,bars/O_AMC250328P00003500.json,True,2025-02-18,2025-03-21
2025-03-07T14:45:00+00:00,2025-03-07T15:00:00+00:00,2025-03-07,3.04,ENTRY_FORMING,STRONG START,79.0,52.0,0.0,DISCOVERY,AMC15SUP-017,O:AMC250321C00003000,CALL,3.0,2025-03-21,14,1.3333333333333344,14,0.0,1.3333333333333344,NEAR_ATM,WITHIN_TOLERANCE,371,bars/O_AMC250321C00003000.json,True,2025-02-28,2025-03-21
2025-03-07T14:45:00+00:00,2025-03-07T15:00:00+00:00,2025-03-07,3.04,ENTRY_FORMING,STRONG START,79.0,52.0,0.0,DISCOVERY,AMC15SUP-017,O:AMC250404C00003000,CALL,3.0,2025-04-04,28,1.3333333333333344,30,0.0,1.3333333333333344,NEAR_ATM,WITHIN_TOLERANCE,497,bars/O_AMC250404C00003000.json,False,2025-02-28,2025-04-04
2025-03-07T14:45:00+00:00,2025-03-07T15:00:00+00:00,2025-03-07,3.04,ENTRY_FORMING,STRONG START,79.0,52.0,0.0,DISCOVERY,AMC15SUP-017,O:AMC250321P00003000,PUT,3.0,2025-03-21,14,-1.3333333333333344,14,0.0,1.3333333333333344,NEAR_ATM,WITHIN_TOLERANCE,342,bars/O_AMC250321P00003000.json,True,2025-02-28,2025-03-21
2025-03-07T14:45:00+00:00,2025-03-07T15:00:00+00:00,2025-03-07,3.04,ENTRY_FORMING,STRONG START,79.0,52.0,0.0,DISCOVERY,AMC15SUP-017,O:AMC250404P00003000,PUT,3.0,2025-04-04,28,-1.3333333333333344,30,0.0,1.3333333333333344,NEAR_ATM,WITHIN_TOLERANCE,369,bars/O_AMC250404P00003000.json,False,2025-02-28,2025-04-04
2025-03-07T17:00:00+00:00,2025-03-07T17:15:00+00:00,2025-03-07,3.0139,THESIS_PRESSURE,FAIL TEST,34.0,7.0,9.0,DISCOVERY,AMC15X-025,O:AMC250321C00003000,CALL,3.0,2025-03-21,14,0.4633333333333341,14,0.0,0.4633333333333341,NEAR_ATM,WITHIN_TOLERANCE,371,bars/O_AMC250321C00003000.json,True,2025-02-28,2025-03-21
2025-03-07T17:00:00+00:00,2025-03-07T17:15:00+00:00,2025-03-07,3.0139,THESIS_PRESSURE,FAIL TEST,34.0,7.0,9.0,DISCOVERY,AMC15X-025,O:AMC250404C00003000,CALL,3.0,2025-04-04,28,0.4633333333333341,30,0.0,0.4633333333333341,NEAR_ATM,WITHIN_TOLERANCE,497,bars/O_AMC250404C00003000.json,False,2025-02-28,2025-04-04
2025-03-07T17:00:00+00:00,2025-03-07T17:15:00+00:00,2025-03-07,3.0139,THESIS_PRESSURE,FAIL TEST,34.0,7.0,9.0,DISCOVERY,AMC15X-025,O:AMC250321P00003000,PUT,3.0,2025-03-21,14,-0.4633333333333341,14,0.0,0.4633333333333341,NEAR_ATM,WITHIN_TOLERANCE,342,bars/O_AMC250321P00003000.json,True,2025-02-28,2025-03-21
2025-03-07T17:00:00+00:00,2025-03-07T17:15:00+00:00,2025-03-07,3.0139,THESIS_PRESSURE,FAIL TEST,34.0,7.0,9.0,DISCOVERY,AMC15X-025,O:AMC250404P00003000,PUT,3.0,2025-04-04,28,-0.4633333333333341,30,0.0,0.4633333333333341,NEAR_ATM,WITHIN_TOLERANCE,369,bars/O_AMC250404P00003000.json,False,2025-02-28,2025-04-04
2025-03-19T19:30:00+00:00,2025-03-19T19:45:00+00:00,2025-03-19,3.065,CONTINUATION,ADD,78.0,53.0,2.0,DISCOVERY,AMC15SUP-018,O:AMC250404C00003000,CALL,3.0,2025-04-04,16,2.166666666666665,14,0.0,2.166666666666665,NEAR_ATM,WITHIN_TOLERANCE,497,bars/O_AMC250404C00003000.json,False,2025-02-28,2025-04-04
2025-03-19T19:30:00+00:00,2025-03-19T19:45:00+00:00,2025-03-19,3.065,CONTINUATION,ADD,78.0,53.0,2.0,DISCOVERY,AMC15SUP-018,O:AMC250417C00003000,CALL,3.0,2025-04-17,29,2.166666666666665,30,0.0,2.166666666666665,NEAR_ATM,WITHIN_TOLERANCE,457,bars/O_AMC250417C00003000.json,False,2025-03-12,2025-04-09
2025-03-19T19:30:00+00:00,2025-03-19T19:45:00+00:00,2025-03-19,3.065,CONTINUATION,ADD,78.0,53.0,2.0,DISCOVERY,AMC15SUP-018,O:AMC250404P00003000,PUT,3.0,2025-04-04,16,-2.166666666666665,14,0.0,2.166666666666665,NEAR_ATM,WITHIN_TOLERANCE,369,bars/O_AMC250404P00003000.json,False,2025-02-28,2025-04-04
2025-03-19T19:30:00+00:00,2025-03-19T19:45:00+00:00,2025-03-19,3.065,CONTINUATION,ADD,78.0,53.0,2.0,DISCOVERY,AMC15SUP-018,O:AMC250417P00003000,PUT,3.0,2025-04-17,29,-2.166666666666665,30,0.0,2.166666666666665,NEAR_ATM,WITHIN_TOLERANCE,276,bars/O_AMC250417P00003000.json,False,2025-03-12,2025-04-09
2025-04-04T19:30:00+00:00,2025-04-04T19:45:00+00:00,2025-04-04,2.6137,ENTRY_FORMING,STRONG START,82.0,54.0,0.0,DISCOVERY,AMC15SUP-019,O:AMC250417C00002500,CALL,2.5,2025-04-17,13,4.548000000000005,14,0.0,4.548000000000005,NEAR_ATM,WITHIN_TOLERANCE,255,bars/O_AMC250417C00002500.json,False,2025-03-28,2025-04-17
2025-04-04T19:30:00+00:00,2025-04-04T19:45:00+00:00,2025-04-04,2.6137,ENTRY_FORMING,STRONG START,82.0,54.0,0.0,DISCOVERY,AMC15SUP-019,O:AMC250502C00002500,CALL,2.5,2025-05-02,28,4.548000000000005,30,0.0,4.548000000000005,NEAR_ATM,WITHIN_TOLERANCE,270,bars/O_AMC250502C00002500.json,False,2025-03-28,2025-04-25
2025-04-04T19:30:00+00:00,2025-04-04T19:45:00+00:00,2025-04-04,2.6137,ENTRY_FORMING,STRONG START,82.0,54.0,0.0,DISCOVERY,AMC15SUP-019,O:AMC250417P00002500,PUT,2.5,2025-04-17,13,-4.548000000000005,14,0.0,4.548000000000005,NEAR_ATM,WITHIN_TOLERANCE,274,bars/O_AMC250417P00002500.json,False,2025-03-28,2025-04-17
2025-04-04T19:30:00+00:00,2025-04-04T19:45:00+00:00,2025-04-04,2.6137,ENTRY_FORMING,STRONG START,82.0,54.0,0.0,DISCOVERY,AMC15SUP-019,O:AMC250502P00002500,PUT,2.5,2025-05-02,28,-4.548000000000005,30,0.0,4.548000000000005,NEAR_ATM,WITHIN_TOLERANCE,197,bars/O_AMC250502P00002500.json,False,2025-03-28,2025-04-25
2025-04-08T13:30:00+00:00,2025-04-08T13:45:00+00:00,2025-04-08,2.765,CONTINUATION,RELOAD,83.0,61.0,0.0,DISCOVERY,AMC15X-026,O:AMC250425C00003000,CALL,3.0,2025-04-25,17,-7.8333333333333295,14,0.0,7.8333333333333295,MODERATE,NEAREST_REGULAR_STRIKE,425,bars/O_AMC250425C00003000.json,True,2025-04-01,2025-04-25
2025-04-08T13:30:00+00:00,2025-04-08T13:45:00+00:00,2025-04-08,2.765,CONTINUATION,RELOAD,83.0,61.0,0.0,DISCOVERY,AMC15X-026,O:AMC250509C00003000,CALL,3.0,2025-05-09,31,-7.8333333333333295,30,0.0,7.8333333333333295,MODERATE,NEAREST_REGULAR_STRIKE,569,bars/O_AMC250509C00003000.json,True,2025-04-01,2025-05-09
2025-04-08T13:30:00+00:00,2025-04-08T13:45:00+00:00,2025-04-08,2.765,CONTINUATION,RELOAD,83.0,61.0,0.0,DISCOVERY,AMC15X-026,O:AMC250425P00003000,PUT,3.0,2025-04-25,17,7.8333333333333295,14,0.0,7.8333333333333295,MODERATE,NEAREST_REGULAR_STRIKE,261,bars/O_AMC250425P00003000.json,True,2025-04-01,2025-04-25
2025-04-08T13:30:00+00:00,2025-04-08T13:45:00+00:00,2025-04-08,2.765,CONTINUATION,RELOAD,83.0,61.0,0.0,DISCOVERY,AMC15X-026,O:AMC250509P00003000,PUT,3.0,2025-05-09,31,7.8333333333333295,30,0.0,7.8333333333333295,MODERATE,NEAREST_REGULAR_STRIKE,237,bars/O_AMC250509P00003000.json,True,2025-04-01,2025-05-09
2025-04-08T18:00:00+00:00,2025-04-08T18:15:00+00:00,2025-04-08,2.685,THESIS_PRESSURE,FAIL (any severity),3.0,0.0,9.0,DISCOVERY,AMC15X-027,O:AMC250425C00002500,CALL,2.5,2025-04-25,17,7.400000000000002,14,0.0,7.400000000000002,NEAR_ATM,WITHIN_TOLERANCE,288,bars/O_AMC250425C00002500.json,True,2025-04-01,2025-04-25
2025-04-08T18:00:00+00:00,2025-04-08T18:15:00+00:00,2025-04-08,2.685,THESIS_PRESSURE,FAIL (any severity),3.0,0.0,9.0,DISCOVERY,AMC15X-027,O:AMC250509C00002500,CALL,2.5,2025-05-09,31,7.400000000000002,30,0.0,7.400000000000002,NEAR_ATM,WITHIN_TOLERANCE,351,bars/O_AMC250509C00002500.json,True,2025-04-01,2025-05-09
2025-04-08T18:00:00+00:00,2025-04-08T18:15:00+00:00,2025-04-08,2.685,THESIS_PRESSURE,FAIL (any severity),3.0,0.0,9.0,DISCOVERY,AMC15X-027,O:AMC250425P00002500,PUT,2.5,2025-04-25,17,-7.400000000000002,14,0.0,7.400000000000002,NEAR_ATM,WITHIN_TOLERANCE,289,bars/O_AMC250425P00002500.json,True,2025-04-01,2025-04-25
2025-04-08T18:00:00+00:00,2025-04-08T18:15:00+00:00,2025-04-08,2.685,THESIS_PRESSURE,FAIL (any severity),3.0,0.0,9.0,DISCOVERY,AMC15X-027,O:AMC250509P00002500,PUT,2.5,2025-05-09,31,-7.400000000000002,30,0.0,7.400000000000002,NEAR_ATM,WITHIN_TOLERANCE,364,bars/O_AMC250509P00002500.json,True,2025-04-01,2025-05-09
2025-04-09T18:30:00+00:00,2025-04-09T18:45:00+00:00,2025-04-09,2.825,CONTINUATION,ADD,9.0,5.0,10.0,DISCOVERY,AMC15SUP-020,O:AMC250425C00003000,CALL,3.0,2025-04-25,16,-5.833333333333327,14,0.0,5.833333333333327,NEAR_ATM,WITHIN_TOLERANCE,425,bars/O_AMC250425C00003000.json,True,2025-04-01,2025-04-25
2025-04-09T18:30:00+00:00,2025-04-09T18:45:00+00:00,2025-04-09,2.825,CONTINUATION,ADD,9.0,5.0,10.0,DISCOVERY,AMC15SUP-020,O:AMC250509C00003000,CALL,3.0,2025-05-09,30,-5.833333333333327,30,0.0,5.833333333333327,NEAR_ATM,WITHIN_TOLERANCE,569,bars/O_AMC250509C00003000.json,True,2025-04-01,2025-05-09
2025-04-09T18:30:00+00:00,2025-04-09T18:45:00+00:00,2025-04-09,2.825,CONTINUATION,ADD,9.0,5.0,10.0,DISCOVERY,AMC15SUP-020,O:AMC250425P00003000,PUT,3.0,2025-04-25,16,5.833333333333327,14,0.0,5.833333333333327,NEAR_ATM,WITHIN_TOLERANCE,261,bars/O_AMC250425P00003000.json,True,2025-04-01,2025-04-25
2025-04-09T18:30:00+00:00,2025-04-09T18:45:00+00:00,2025-04-09,2.825,CONTINUATION,ADD,9.0,5.0,10.0,DISCOVERY,AMC15SUP-020,O:AMC250509P00003000,PUT,3.0,2025-05-09,30,5.833333333333327,30,0.0,5.833333333333327,NEAR_ATM,WITHIN_TOLERANCE,237,bars/O_AMC250509P00003000.json,True,2025-04-01,2025-05-09
2025-04-10T19:30:00+00:00,2025-04-10T19:45:00+00:00,2025-04-10,2.863,ENTRY_FORMING,CAMPAIGN START,100.0,72.0,0.0,DISCOVERY,AMC15X-028,O:AMC250425C00003000,CALL,3.0,2025-04-25,15,-4.566666666666666,14,0.0,4.566666666666666,NEAR_ATM,WITHIN_TOLERANCE,425,bars/O_AMC250425C00003000.json,True,2025-04-01,2025-04-25
2025-04-10T19:30:00+00:00,2025-04-10T19:45:00+00:00,2025-04-10,2.863,ENTRY_FORMING,CAMPAIGN START,100.0,72.0,0.0,DISCOVERY,AMC15X-028,O:AMC250509C00003000,CALL,3.0,2025-05-09,29,-4.566666666666666,30,0.0,4.566666666666666,NEAR_ATM,WITHIN_TOLERANCE,569,bars/O_AMC250509C00003000.json,True,2025-04-01,2025-05-09
2025-04-10T19:30:00+00:00,2025-04-10T19:45:00+00:00,2025-04-10,2.863,ENTRY_FORMING,CAMPAIGN START,100.0,72.0,0.0,DISCOVERY,AMC15X-028,O:AMC250425P00003000,PUT,3.0,2025-04-25,15,4.566666666666666,14,0.0,4.566666666666666,NEAR_ATM,WITHIN_TOLERANCE,261,bars/O_AMC250425P00003000.json,True,2025-04-01,2025-04-25
2025-04-10T19:30:00+00:00,2025-04-10T19:45:00+00:00,2025-04-10,2.863,ENTRY_FORMING,CAMPAIGN START,100.0,72.0,0.0,DISCOVERY,AMC15X-028,O:AMC250509P00003000,PUT,3.0,2025-05-09,29,4.566666666666666,30,0.0,4.566666666666666,NEAR_ATM,WITHIN_TOLERANCE,237,bars/O_AMC250509P00003000.json,True,2025-04-01,2025-05-09
2025-04-28T15:30:00+00:00,2025-04-28T15:45:00+00:00,2025-04-28,2.7408,CONTINUATION,RELOAD,71.0,52.0,0.0,DISCOVERY,AMC15X-029,O:AMC250509C00003000,CALL,3.0,2025-05-09,11,-8.639999999999997,14,0.0,8.639999999999997,MODERATE,NEAREST_REGULAR_STRIKE,569,bars/O_AMC250509C00003000.json,True,2025-04-01,2025-05-09
2025-04-28T15:30:00+00:00,2025-04-28T15:45:00+00:00,2025-04-28,2.7408,CONTINUATION,RELOAD,71.0,52.0,0.0,DISCOVERY,AMC15X-029,O:AMC250530C00003000,CALL,3.0,2025-05-30,32,-8.639999999999997,30,0.0,8.639999999999997,MODERATE,NEAREST_REGULAR_STRIKE,631,bars/O_AMC250530C00003000.json,True,2025-04-21,2025-05-30
2025-04-28T15:30:00+00:00,2025-04-28T15:45:00+00:00,2025-04-28,2.7408,CONTINUATION,RELOAD,71.0,52.0,0.0,DISCOVERY,AMC15X-029,O:AMC250509P00003000,PUT,3.0,2025-05-09,11,8.639999999999997,14,0.0,8.639999999999997,MODERATE,NEAREST_REGULAR_STRIKE,237,bars/O_AMC250509P00003000.json,True,2025-04-01,2025-05-09
2025-04-28T15:30:00+00:00,2025-04-28T15:45:00+00:00,2025-04-28,2.7408,CONTINUATION,RELOAD,71.0,52.0,0.0,DISCOVERY,AMC15X-029,O:AMC250530P00003000,PUT,3.0,2025-05-30,32,8.639999999999997,30,0.0,8.639999999999997,MODERATE,NEAREST_REGULAR_STRIKE,287,bars/O_AMC250530P00003000.json,True,2025-04-21,2025-05-30
2025-04-28T19:00:00+00:00,2025-04-28T19:15:00+00:00,2025-04-28,2.71,THESIS_PRESSURE,FAIL (any severity),0.0,0.0,12.0,DISCOVERY,AMC15X-030,O:AMC250509C00002500,CALL,2.5,2025-05-09,11,8.399999999999999,14,0.0,8.399999999999999,MODERATE,NEAREST_REGULAR_STRIKE,351,bars/O_AMC250509C00002500.json,True,2025-04-01,2025-05-09
2025-04-28T19:00:00+00:00,2025-04-28T19:15:00+00:00,2025-04-28,2.71,THESIS_PRESSURE,FAIL (any severity),0.0,0.0,12.0,DISCOVERY,AMC15X-030,O:AMC250530C00002500,CALL,2.5,2025-05-30,32,8.399999999999999,30,0.0,8.399999999999999,MODERATE,NEAREST_REGULAR_STRIKE,224,bars/O_AMC250530C00002500.json,True,2025-04-21,2025-05-19
2025-04-28T19:00:00+00:00,2025-04-28T19:15:00+00:00,2025-04-28,2.71,THESIS_PRESSURE,FAIL (any severity),0.0,0.0,12.0,DISCOVERY,AMC15X-030,O:AMC250509P00002500,PUT,2.5,2025-05-09,11,-8.399999999999999,14,0.0,8.399999999999999,MODERATE,NEAREST_REGULAR_STRIKE,364,bars/O_AMC250509P00002500.json,True,2025-04-01,2025-05-09
2025-04-28T19:00:00+00:00,2025-04-28T19:15:00+00:00,2025-04-28,2.71,THESIS_PRESSURE,FAIL (any severity),0.0,0.0,12.0,DISCOVERY,AMC15X-030,O:AMC250530P00002500,PUT,2.5,2025-05-30,32,-8.399999999999999,30,0.0,8.399999999999999,MODERATE,NEAREST_REGULAR_STRIKE,147,bars/O_AMC250530P00002500.json,True,2025-04-21,2025-05-19
2025-04-29T13:30:00+00:00,2025-04-29T13:45:00+00:00,2025-04-29,2.7281,CONTINUATION,RELOAD,38.0,36.0,0.0,DISCOVERY,AMC15SUP-021,O:AMC250516C00003000,CALL,3.0,2025-05-16,17,-9.063333333333334,14,0.0,9.063333333333334,MODERATE,NEAREST_REGULAR_STRIKE,479,bars/O_AMC250516C00003000.json,False,2025-04-22,2025-05-16
2025-04-29T13:30:00+00:00,2025-04-29T13:45:00+00:00,2025-04-29,2.7281,CONTINUATION,RELOAD,38.0,36.0,0.0,DISCOVERY,AMC15SUP-021,O:AMC250530C00003000,CALL,3.0,2025-05-30,31,-9.063333333333334,30,0.0,9.063333333333334,MODERATE,NEAREST_REGULAR_STRIKE,631,bars/O_AMC250530C00003000.json,True,2025-04-21,2025-05-30
2025-04-29T13:30:00+00:00,2025-04-29T13:45:00+00:00,2025-04-29,2.7281,CONTINUATION,RELOAD,38.0,36.0,0.0,DISCOVERY,AMC15SUP-021,O:AMC250516P00003000,PUT,3.0,2025-05-16,17,9.063333333333334,14,0.0,9.063333333333334,MODERATE,NEAREST_REGULAR_STRIKE,219,bars/O_AMC250516P00003000.json,False,2025-04-22,2025-05-16
2025-04-29T13:30:00+00:00,2025-04-29T13:45:00+00:00,2025-04-29,2.7281,CONTINUATION,RELOAD,38.0,36.0,0.0,DISCOVERY,AMC15SUP-021,O:AMC250530P00003000,PUT,3.0,2025-05-30,31,9.063333333333334,30,0.0,9.063333333333334,MODERATE,NEAREST_REGULAR_STRIKE,287,bars/O_AMC250530P00003000.json,True,2025-04-21,2025-05-30
2025-05-06T19:45:00+00:00,2025-05-06T20:00:00+00:00,2025-05-06,2.685,ENTRY_FORMING,STRONG START,90.0,63.0,0.0,DISCOVERY,AMC15SUP-022,O:AMC250523C00002500,CALL,2.5,2025-05-23,17,7.400000000000002,14,0.0,7.400000000000002,NEAR_ATM,WITHIN_TOLERANCE,277,bars/O_AMC250523C00002500.json,False,2025-04-29,2025-05-23
2025-05-06T19:45:00+00:00,2025-05-06T20:00:00+00:00,2025-05-06,2.685,ENTRY_FORMING,STRONG START,90.0,63.0,0.0,DISCOVERY,AMC15SUP-022,O:AMC250606C00002500,CALL,2.5,2025-06-06,31,7.400000000000002,30,0.0,7.400000000000002,NEAR_ATM,WITHIN_TOLERANCE,210,bars/O_AMC250606C00002500.json,False,2025-04-29,2025-05-27
2025-05-06T19:45:00+00:00,2025-05-06T20:00:00+00:00,2025-05-06,2.685,ENTRY_FORMING,STRONG START,90.0,63.0,0.0,DISCOVERY,AMC15SUP-022,O:AMC250523P00002500,PUT,2.5,2025-05-23,17,-7.400000000000002,14,0.0,7.400000000000002,NEAR_ATM,WITHIN_TOLERANCE,227,bars/O_AMC250523P00002500.json,False,2025-04-29,2025-05-23
2025-05-06T19:45:00+00:00,2025-05-06T20:00:00+00:00,2025-05-06,2.685,ENTRY_FORMING,STRONG START,90.0,63.0,0.0,DISCOVERY,AMC15SUP-022,O:AMC250606P00002500,PUT,2.5,2025-06-06,31,-7.400000000000002,30,0.0,7.400000000000002,NEAR_ATM,WITHIN_TOLERANCE,156,bars/O_AMC250606P00002500.json,False,2025-04-29,2025-05-27
2025-05-09T18:45:00+00:00,2025-05-09T19:00:00+00:00,2025-05-09,2.7502,ENTRY_FORMING,STRONG START,100.0,73.0,0.0,DISCOVERY,AMC15X-031,O:AMC250523C00003000,CALL,3.0,2025-05-23,14,-8.326666666666666,14,0.0,8.326666666666666,MODERATE,NEAREST_REGULAR_STRIKE,390,bars/O_AMC250523C00003000.json,True,2025-05-02,2025-05-23
2025-05-09T18:45:00+00:00,2025-05-09T19:00:00+00:00,2025-05-09,2.7502,ENTRY_FORMING,STRONG START,100.0,73.0,0.0,DISCOVERY,AMC15X-031,O:AMC250606C00003000,CALL,3.0,2025-06-06,28,-8.326666666666666,30,0.0,8.326666666666666,MODERATE,NEAREST_REGULAR_STRIKE,547,bars/O_AMC250606C00003000.json,True,2025-05-02,2025-06-06
2025-05-09T18:45:00+00:00,2025-05-09T19:00:00+00:00,2025-05-09,2.7502,ENTRY_FORMING,STRONG START,100.0,73.0,0.0,DISCOVERY,AMC15X-031,O:AMC250523P00003000,PUT,3.0,2025-05-23,14,8.326666666666666,14,0.0,8.326666666666666,MODERATE,NEAREST_REGULAR_STRIKE,214,bars/O_AMC250523P00003000.json,True,2025-05-02,2025-05-23
2025-05-09T18:45:00+00:00,2025-05-09T19:00:00+00:00,2025-05-09,2.7502,ENTRY_FORMING,STRONG START,100.0,73.0,0.0,DISCOVERY,AMC15X-031,O:AMC250606P00003000,PUT,3.0,2025-06-06,28,8.326666666666666,30,0.0,8.326666666666666,MODERATE,NEAREST_REGULAR_STRIKE,296,bars/O_AMC250606P00003000.json,True,2025-05-02,2025-06-06
2025-05-16T15:30:00+00:00,2025-05-16T15:45:00+00:00,2025-05-16,3.09,RISK_OR_EXHAUSTION,MANAGE,93.0,62.0,0.0,DISCOVERY,AMC15X-032,O:AMC250530C00003000,CALL,3.0,2025-05-30,14,2.9999999999999956,14,0.0,2.9999999999999956,NEAR_ATM,WITHIN_TOLERANCE,631,bars/O_AMC250530C00003000.json,True,2025-04-21,2025-05-30
2025-05-16T15:30:00+00:00,2025-05-16T15:45:00+00:00,2025-05-16,3.09,RISK_OR_EXHAUSTION,MANAGE,93.0,62.0,0.0,DISCOVERY,AMC15X-032,O:AMC250613C00003000,CALL,3.0,2025-06-13,28,2.9999999999999956,30,0.0,2.9999999999999956,NEAR_ATM,WITHIN_TOLERANCE,389,bars/O_AMC250613C00003000.json,True,2025-05-09,2025-06-06
2025-05-16T15:30:00+00:00,2025-05-16T15:45:00+00:00,2025-05-16,3.09,RISK_OR_EXHAUSTION,MANAGE,93.0,62.0,0.0,DISCOVERY,AMC15X-032,O:AMC250530P00003000,PUT,3.0,2025-05-30,14,-2.9999999999999956,14,0.0,2.9999999999999956,NEAR_ATM,WITHIN_TOLERANCE,287,bars/O_AMC250530P00003000.json,True,2025-04-21,2025-05-30
2025-05-16T15:30:00+00:00,2025-05-16T15:45:00+00:00,2025-05-16,3.09,RISK_OR_EXHAUSTION,MANAGE,93.0,62.0,0.0,DISCOVERY,AMC15X-032,O:AMC250613P00003000,PUT,3.0,2025-06-13,28,-2.9999999999999956,30,0.0,2.9999999999999956,NEAR_ATM,WITHIN_TOLERANCE,279,bars/O_AMC250613P00003000.json,True,2025-05-09,2025-06-06
2025-05-20T15:45:00+00:00,2025-05-20T16:00:00+00:00,2025-05-20,2.945,CONTINUATION,ADD,98.0,71.0,0.0,DISCOVERY,AMC15SUP-023,O:AMC250606C00003000,CALL,3.0,2025-06-06,17,-1.8333333333333386,14,0.0,1.8333333333333386,NEAR_ATM,WITHIN_TOLERANCE,547,bars/O_AMC250606C00003000.json,True,2025-05-02,2025-06-06
2025-05-20T15:45:00+00:00,2025-05-20T16:00:00+00:00,2025-05-20,2.945,CONTINUATION,ADD,98.0,71.0,0.0,DISCOVERY,AMC15SUP-023,O:AMC250620C00003000,CALL,3.0,2025-06-20,31,-1.8333333333333386,30,0.0,1.8333333333333386,NEAR_ATM,WITHIN_TOLERANCE,512,bars/O_AMC250620C00003000.json,False,2025-05-13,2025-06-11
2025-05-20T15:45:00+00:00,2025-05-20T16:00:00+00:00,2025-05-20,2.945,CONTINUATION,ADD,98.0,71.0,0.0,DISCOVERY,AMC15SUP-023,O:AMC250606P00003000,PUT,3.0,2025-06-06,17,1.8333333333333386,14,0.0,1.8333333333333386,NEAR_ATM,WITHIN_TOLERANCE,296,bars/O_AMC250606P00003000.json,True,2025-05-02,2025-06-06
2025-05-20T15:45:00+00:00,2025-05-20T16:00:00+00:00,2025-05-20,2.945,CONTINUATION,ADD,98.0,71.0,0.0,DISCOVERY,AMC15SUP-023,O:AMC250620P00003000,PUT,3.0,2025-06-20,31,1.8333333333333386,30,0.0,1.8333333333333386,NEAR_ATM,WITHIN_TOLERANCE,382,bars/O_AMC250620P00003000.json,False,2025-05-13,2025-06-11
2025-05-21T13:45:00+00:00,2025-05-21T14:00:00+00:00,2025-05-21,2.985,CONTINUATION,ADD,99.0,80.0,0.0,DISCOVERY,AMC15X-033,O:AMC250606C00003000,CALL,3.0,2025-06-06,16,-0.5000000000000042,14,0.0,0.5000000000000042,NEAR_ATM,WITHIN_TOLERANCE,547,bars/O_AMC250606C00003000.json,True,2025-05-02,2025-06-06
2025-05-21T13:45:00+00:00,2025-05-21T14:00:00+00:00,2025-05-21,2.985,CONTINUATION,ADD,99.0,80.0,0.0,DISCOVERY,AMC15X-033,O:AMC250620C00003000,CALL,3.0,2025-06-20,30,-0.5000000000000042,30,0.0,0.5000000000000042,NEAR_ATM,WITHIN_TOLERANCE,512,bars/O_AMC250620C00003000.json,False,2025-05-13,2025-06-11
2025-05-21T13:45:00+00:00,2025-05-21T14:00:00+00:00,2025-05-21,2.985,CONTINUATION,ADD,99.0,80.0,0.0,DISCOVERY,AMC15X-033,O:AMC250606P00003000,PUT,3.0,2025-06-06,16,0.5000000000000042,14,0.0,0.5000000000000042,NEAR_ATM,WITHIN_TOLERANCE,296,bars/O_AMC250606P00003000.json,True,2025-05-02,2025-06-06
2025-05-21T13:45:00+00:00,2025-05-21T14:00:00+00:00,2025-05-21,2.985,CONTINUATION,ADD,99.0,80.0,0.0,DISCOVERY,AMC15X-033,O:AMC250620P00003000,PUT,3.0,2025-06-20,30,0.5000000000000042,30,0.0,0.5000000000000042,NEAR_ATM,WITHIN_TOLERANCE,382,bars/O_AMC250620P00003000.json,False,2025-05-13,2025-06-11
2025-05-23T19:30:00+00:00,2025-05-23T19:45:00+00:00,2025-05-23,3.235,ENTRY_FORMING,STRONG START,100.0,67.0,0.0,DISCOVERY,AMC15SUP-024,O:AMC250606C00003500,CALL,3.5,2025-06-06,14,-7.571428571428575,14,0.0,7.571428571428575,MODERATE,NEAREST_REGULAR_STRIKE,367,bars/O_AMC250606C00003500.json,False,2025-05-16,2025-06-06
2025-05-23T19:30:00+00:00,2025-05-23T19:45:00+00:00,2025-05-23,3.235,ENTRY_FORMING,STRONG START,100.0,67.0,0.0,DISCOVERY,AMC15SUP-024,O:AMC250620C00003500,CALL,3.5,2025-06-20,28,-7.571428571428575,30,0.0,7.571428571428575,MODERATE,NEAREST_REGULAR_STRIKE,509,bars/O_AMC250620C00003500.json,False,2025-05-16,2025-06-13
2025-05-23T19:30:00+00:00,2025-05-23T19:45:00+00:00,2025-05-23,3.235,ENTRY_FORMING,STRONG START,100.0,67.0,0.0,DISCOVERY,AMC15SUP-024,O:AMC250606P00003500,PUT,3.5,2025-06-06,14,7.571428571428575,14,0.0,7.571428571428575,MODERATE,NEAREST_REGULAR_STRIKE,264,bars/O_AMC250606P00003500.json,False,2025-05-16,2025-06-06
2025-05-23T19:30:00+00:00,2025-05-23T19:45:00+00:00,2025-05-23,3.235,ENTRY_FORMING,STRONG START,100.0,67.0,0.0,DISCOVERY,AMC15SUP-024,O:AMC250620P00003500,PUT,3.5,2025-06-20,28,7.571428571428575,30,0.0,7.571428571428575,MODERATE,NEAREST_REGULAR_STRIKE,303,bars/O_AMC250620P00003500.json,False,2025-05-16,2025-06-13
2025-06-10T17:00:00+00:00,2025-06-10T17:15:00+00:00,2025-06-10,3.375,ENTRY_FORMING,STRONG START,84.0,57.0,0.0,DISCOVERY,AMC15X-034,O:AMC250627C00003500,CALL,3.5,2025-06-27,17,-3.571428571428571,14,0.0,3.571428571428571,NEAR_ATM,WITHIN_TOLERANCE,399,bars/O_AMC250627C00003500.json,True,2025-06-03,2025-06-27
2025-06-10T17:00:00+00:00,2025-06-10T17:15:00+00:00,2025-06-10,3.375,ENTRY_FORMING,STRONG START,84.0,57.0,0.0,DISCOVERY,AMC15X-034,O:AMC250711C00003500,CALL,3.5,2025-07-11,31,-3.571428571428571,30,0.0,3.571428571428571,NEAR_ATM,WITHIN_TOLERANCE,369,bars/O_AMC250711C00003500.json,True,2025-06-03,2025-07-02
2025-06-10T17:00:00+00:00,2025-06-10T17:15:00+00:00,2025-06-10,3.375,ENTRY_FORMING,STRONG START,84.0,57.0,0.0,DISCOVERY,AMC15X-034,O:AMC250627P00003500,PUT,3.5,2025-06-27,17,3.571428571428571,14,0.0,3.571428571428571,NEAR_ATM,WITHIN_TOLERANCE,188,bars/O_AMC250627P00003500.json,True,2025-06-03,2025-06-27
2025-06-10T17:00:00+00:00,2025-06-10T17:15:00+00:00,2025-06-10,3.375,ENTRY_FORMING,STRONG START,84.0,57.0,0.0,DISCOVERY,AMC15X-034,O:AMC250711P00003500,PUT,3.5,2025-07-11,31,3.571428571428571,30,0.0,3.571428571428571,NEAR_ATM,WITHIN_TOLERANCE,87,bars/O_AMC250711P00003500.json,True,2025-06-03,2025-07-02
2025-06-11T19:45:00+00:00,2025-06-11T20:00:00+00:00,2025-06-11,3.3,THESIS_PRESSURE,FAIL TEST,1.0,0.0,9.0,DISCOVERY,AMC15X-035,O:AMC250627C00003500,CALL,3.5,2025-06-27,16,-5.71428571428572,14,0.0,5.71428571428572,NEAR_ATM,WITHIN_TOLERANCE,399,bars/O_AMC250627C00003500.json,True,2025-06-03,2025-06-27
2025-06-11T19:45:00+00:00,2025-06-11T20:00:00+00:00,2025-06-11,3.3,THESIS_PRESSURE,FAIL TEST,1.0,0.0,9.0,DISCOVERY,AMC15X-035,O:AMC250711C00003500,CALL,3.5,2025-07-11,30,-5.71428571428572,30,0.0,5.71428571428572,NEAR_ATM,WITHIN_TOLERANCE,369,bars/O_AMC250711C00003500.json,True,2025-06-03,2025-07-02
2025-06-11T19:45:00+00:00,2025-06-11T20:00:00+00:00,2025-06-11,3.3,THESIS_PRESSURE,FAIL TEST,1.0,0.0,9.0,DISCOVERY,AMC15X-035,O:AMC250627P00003500,PUT,3.5,2025-06-27,16,5.71428571428572,14,0.0,5.71428571428572,NEAR_ATM,WITHIN_TOLERANCE,188,bars/O_AMC250627P00003500.json,True,2025-06-03,2025-06-27
2025-06-11T19:45:00+00:00,2025-06-11T20:00:00+00:00,2025-06-11,3.3,THESIS_PRESSURE,FAIL TEST,1.0,0.0,9.0,DISCOVERY,AMC15X-035,O:AMC250711P00003500,PUT,3.5,2025-07-11,30,5.71428571428572,30,0.0,5.71428571428572,NEAR_ATM,WITHIN_TOLERANCE,87,bars/O_AMC250711P00003500.json,True,2025-06-03,2025-07-02
2025-06-13T17:15:00+00:00,2025-06-13T17:30:00+00:00,2025-06-13,3.2001,ENTRY_FORMING,STRONG START,82.0,56.0,0.0,DISCOVERY,AMC15SUP-025,O:AMC250627C00003000,CALL,3.0,2025-06-27,14,6.669999999999998,14,0.0,6.669999999999998,NEAR_ATM,WITHIN_TOLERANCE,306,bars/O_AMC250627C00003000.json,False,2025-06-06,2025-06-27
2025-06-13T17:15:00+00:00,2025-06-13T17:30:00+00:00,2025-06-13,3.2001,ENTRY_FORMING,STRONG START,82.0,56.0,0.0,DISCOVERY,AMC15SUP-025,O:AMC250711C00003000,CALL,3.0,2025-07-11,28,6.669999999999998,30,0.0,6.669999999999998,NEAR_ATM,WITHIN_TOLERANCE,410,bars/O_AMC250711C00003000.json,False,2025-06-06,2025-07-11
2025-06-13T17:15:00+00:00,2025-06-13T17:30:00+00:00,2025-06-13,3.2001,ENTRY_FORMING,STRONG START,82.0,56.0,0.0,DISCOVERY,AMC15SUP-025,O:AMC250627P00003000,PUT,3.0,2025-06-27,14,-6.669999999999998,14,0.0,6.669999999999998,NEAR_ATM,WITHIN_TOLERANCE,309,bars/O_AMC250627P00003000.json,False,2025-06-06,2025-06-27
2025-06-13T17:15:00+00:00,2025-06-13T17:30:00+00:00,2025-06-13,3.2001,ENTRY_FORMING,STRONG START,82.0,56.0,0.0,DISCOVERY,AMC15SUP-025,O:AMC250711P00003000,PUT,3.0,2025-07-11,28,-6.669999999999998,30,0.0,6.669999999999998,NEAR_ATM,WITHIN_TOLERANCE,322,bars/O_AMC250711P00003000.json,False,2025-06-06,2025-07-11
2025-06-25T19:00:00+00:00,2025-06-25T19:15:00+00:00,2025-06-25,2.996,CONTINUATION,RELOAD,0.0,16.0,0.0,DISCOVERY,AMC15SUP-026,O:AMC250711C00003000,CALL,3.0,2025-07-11,16,-0.13333333333333347,14,0.0,0.13333333333333347,NEAR_ATM,WITHIN_TOLERANCE,410,bars/O_AMC250711C00003000.json,False,2025-06-06,2025-07-11
2025-06-25T19:00:00+00:00,2025-06-25T19:15:00+00:00,2025-06-25,2.996,CONTINUATION,RELOAD,0.0,16.0,0.0,DISCOVERY,AMC15SUP-026,O:AMC250725C00003000,CALL,3.0,2025-07-25,30,-0.13333333333333347,30,0.0,0.13333333333333347,NEAR_ATM,WITHIN_TOLERANCE,507,bars/O_AMC250725C00003000.json,False,2025-06-18,2025-07-25
2025-06-25T19:00:00+00:00,2025-06-25T19:15:00+00:00,2025-06-25,2.996,CONTINUATION,RELOAD,0.0,16.0,0.0,DISCOVERY,AMC15SUP-026,O:AMC250711P00003000,PUT,3.0,2025-07-11,16,0.13333333333333347,14,0.0,0.13333333333333347,NEAR_ATM,WITHIN_TOLERANCE,322,bars/O_AMC250711P00003000.json,False,2025-06-06,2025-07-11
2025-06-25T19:00:00+00:00,2025-06-25T19:15:00+00:00,2025-06-25,2.996,CONTINUATION,RELOAD,0.0,16.0,0.0,DISCOVERY,AMC15SUP-026,O:AMC250725P00003000,PUT,3.0,2025-07-25,30,0.13333333333333347,30,0.0,0.13333333333333347,NEAR_ATM,WITHIN_TOLERANCE,370,bars/O_AMC250725P00003000.json,False,2025-06-18,2025-07-25
2025-06-30T19:30:00+00:00,2025-06-30T19:45:00+00:00,2025-06-30,3.055,ENTRY_FORMING,STRONG START,89.0,62.0,0.0,DISCOVERY,AMC15SUP-027,O:AMC250711C00003000,CALL,3.0,2025-07-11,11,1.8333333333333386,14,0.0,1.8333333333333386,NEAR_ATM,WITHIN_TOLERANCE,410,bars/O_AMC250711C00003000.json,False,2025-06-06,2025-07-11
2025-06-30T19:30:00+00:00,2025-06-30T19:45:00+00:00,2025-06-30,3.055,ENTRY_FORMING,STRONG START,89.0,62.0,0.0,DISCOVERY,AMC15SUP-027,O:AMC250801C00003000,CALL,3.0,2025-08-01,32,1.8333333333333386,30,0.0,1.8333333333333386,NEAR_ATM,WITHIN_TOLERANCE,406,bars/O_AMC250801C00003000.json,False,2025-06-23,2025-07-23
2025-06-30T19:30:00+00:00,2025-06-30T19:45:00+00:00,2025-06-30,3.055,ENTRY_FORMING,STRONG START,89.0,62.0,0.0,DISCOVERY,AMC15SUP-027,O:AMC250711P00003000,PUT,3.0,2025-07-11,11,-1.8333333333333386,14,0.0,1.8333333333333386,NEAR_ATM,WITHIN_TOLERANCE,322,bars/O_AMC250711P00003000.json,False,2025-06-06,2025-07-11
2025-06-30T19:30:00+00:00,2025-06-30T19:45:00+00:00,2025-06-30,3.055,ENTRY_FORMING,STRONG START,89.0,62.0,0.0,DISCOVERY,AMC15SUP-027,O:AMC250801P00003000,PUT,3.0,2025-08-01,32,-1.8333333333333386,30,0.0,1.8333333333333386,NEAR_ATM,WITHIN_TOLERANCE,246,bars/O_AMC250801P00003000.json,False,2025-06-23,2025-07-23
2025-07-02T19:00:00+00:00,2025-07-02T19:15:00+00:00,2025-07-02,2.8746,ENTRY_FORMING,STRONG START,74.0,53.0,0.0,DISCOVERY,AMC15X-036,O:AMC250718C00003000,CALL,3.0,2025-07-18,16,-4.179999999999998,14,0.0,4.179999999999998,NEAR_ATM,WITHIN_TOLERANCE,406,bars/O_AMC250718C00003000.json,True,2025-06-25,2025-07-18
2025-07-02T19:00:00+00:00,2025-07-02T19:15:00+00:00,2025-07-02,2.8746,ENTRY_FORMING,STRONG START,74.0,53.0,0.0,DISCOVERY,AMC15X-036,O:AMC250801C00003000,CALL,3.0,2025-08-01,30,-4.179999999999998,30,0.0,4.179999999999998,NEAR_ATM,WITHIN_TOLERANCE,406,bars/O_AMC250801C00003000.json,False,2025-06-23,2025-07-23
2025-07-02T19:00:00+00:00,2025-07-02T19:15:00+00:00,2025-07-02,2.8746,ENTRY_FORMING,STRONG START,74.0,53.0,0.0,DISCOVERY,AMC15X-036,O:AMC250718P00003000,PUT,3.0,2025-07-18,16,4.179999999999998,14,0.0,4.179999999999998,NEAR_ATM,WITHIN_TOLERANCE,311,bars/O_AMC250718P00003000.json,True,2025-06-25,2025-07-18
2025-07-02T19:00:00+00:00,2025-07-02T19:15:00+00:00,2025-07-02,2.8746,ENTRY_FORMING,STRONG START,74.0,53.0,0.0,DISCOVERY,AMC15X-036,O:AMC250801P00003000,PUT,3.0,2025-08-01,30,4.179999999999998,30,0.0,4.179999999999998,NEAR_ATM,WITHIN_TOLERANCE,246,bars/O_AMC250801P00003000.json,False,2025-06-23,2025-07-23
2025-07-07T16:30:00+00:00,2025-07-07T16:45:00+00:00,2025-07-07,2.865,THESIS_PRESSURE,FAIL (any severity),3.0,0.0,8.0,DISCOVERY,AMC15X-037,O:AMC250718C00003000,CALL,3.0,2025-07-18,11,-4.499999999999993,14,0.0,4.499999999999993,NEAR_ATM,WITHIN_TOLERANCE,406,bars/O_AMC250718C00003000.json,True,2025-06-25,2025-07-18
2025-07-07T16:30:00+00:00,2025-07-07T16:45:00+00:00,2025-07-07,2.865,THESIS_PRESSURE,FAIL (any severity),3.0,0.0,8.0,DISCOVERY,AMC15X-037,O:AMC250808C00003000,CALL,3.0,2025-08-08,32,-4.499999999999993,30,0.0,4.499999999999993,NEAR_ATM,WITHIN_TOLERANCE,410,bars/O_AMC250808C00003000.json,True,2025-06-30,2025-07-31
2025-07-07T16:30:00+00:00,2025-07-07T16:45:00+00:00,2025-07-07,2.865,THESIS_PRESSURE,FAIL (any severity),3.0,0.0,8.0,DISCOVERY,AMC15X-037,O:AMC250718P00003000,PUT,3.0,2025-07-18,11,4.499999999999993,14,0.0,4.499999999999993,NEAR_ATM,WITHIN_TOLERANCE,311,bars/O_AMC250718P00003000.json,True,2025-06-25,2025-07-18
2025-07-07T16:30:00+00:00,2025-07-07T16:45:00+00:00,2025-07-07,2.865,THESIS_PRESSURE,FAIL (any severity),3.0,0.0,8.0,DISCOVERY,AMC15X-037,O:AMC250808P00003000,PUT,3.0,2025-08-08,32,4.499999999999993,30,0.0,4.499999999999993,NEAR_ATM,WITHIN_TOLERANCE,270,bars/O_AMC250808P00003000.json,True,2025-06-30,2025-07-31
2025-07-09T16:45:00+00:00,2025-07-09T17:00:00+00:00,2025-07-09,3.0152,RISK_OR_EXHAUSTION,MANAGE,87.0,71.0,0.0,DISCOVERY,AMC15X-038,O:AMC250725C00003000,CALL,3.0,2025-07-25,16,0.5066666666666702,14,0.0,0.5066666666666702,NEAR_ATM,WITHIN_TOLERANCE,507,bars/O_AMC250725C00003000.json,False,2025-06-18,2025-07-25
2025-07-09T16:45:00+00:00,2025-07-09T17:00:00+00:00,2025-07-09,3.0152,RISK_OR_EXHAUSTION,MANAGE,87.0,71.0,0.0,DISCOVERY,AMC15X-038,O:AMC250808C00003000,CALL,3.0,2025-08-08,30,0.5066666666666702,30,0.0,0.5066666666666702,NEAR_ATM,WITHIN_TOLERANCE,410,bars/O_AMC250808C00003000.json,True,2025-06-30,2025-07-31
2025-07-09T16:45:00+00:00,2025-07-09T17:00:00+00:00,2025-07-09,3.0152,RISK_OR_EXHAUSTION,MANAGE,87.0,71.0,0.0,DISCOVERY,AMC15X-038,O:AMC250725P00003000,PUT,3.0,2025-07-25,16,-0.5066666666666702,14,0.0,0.5066666666666702,NEAR_ATM,WITHIN_TOLERANCE,370,bars/O_AMC250725P00003000.json,False,2025-06-18,2025-07-25
2025-07-09T16:45:00+00:00,2025-07-09T17:00:00+00:00,2025-07-09,3.0152,RISK_OR_EXHAUSTION,MANAGE,87.0,71.0,0.0,DISCOVERY,AMC15X-038,O:AMC250808P00003000,PUT,3.0,2025-08-08,30,-0.5066666666666702,30,0.0,0.5066666666666702,NEAR_ATM,WITHIN_TOLERANCE,270,bars/O_AMC250808P00003000.json,True,2025-06-30,2025-07-31
2025-07-10T14:45:00+00:00,2025-07-10T15:00:00+00:00,2025-07-10,2.965,CONTINUATION,ADD,95.0,75.0,0.0,DISCOVERY,AMC15X-039,O:AMC250725C00003000,CALL,3.0,2025-07-25,15,-1.1666666666666714,14,0.0,1.1666666666666714,NEAR_ATM,WITHIN_TOLERANCE,507,bars/O_AMC250725C00003000.json,False,2025-06-18,2025-07-25
2025-07-10T14:45:00+00:00,2025-07-10T15:00:00+00:00,2025-07-10,2.965,CONTINUATION,ADD,95.0,75.0,0.0,DISCOVERY,AMC15X-039,O:AMC250808C00003000,CALL,3.0,2025-08-08,29,-1.1666666666666714,30,0.0,1.1666666666666714,NEAR_ATM,WITHIN_TOLERANCE,410,bars/O_AMC250808C00003000.json,True,2025-06-30,2025-07-31
2025-07-10T14:45:00+00:00,2025-07-10T15:00:00+00:00,2025-07-10,2.965,CONTINUATION,ADD,95.0,75.0,0.0,DISCOVERY,AMC15X-039,O:AMC250725P00003000,PUT,3.0,2025-07-25,15,1.1666666666666714,14,0.0,1.1666666666666714,NEAR_ATM,WITHIN_TOLERANCE,370,bars/O_AMC250725P00003000.json,False,2025-06-18,2025-07-25
2025-07-10T14:45:00+00:00,2025-07-10T15:00:00+00:00,2025-07-10,2.965,CONTINUATION,ADD,95.0,75.0,0.0,DISCOVERY,AMC15X-039,O:AMC250808P00003000,PUT,3.0,2025-08-08,29,1.1666666666666714,30,0.0,1.1666666666666714,NEAR_ATM,WITHIN_TOLERANCE,270,bars/O_AMC250808P00003000.json,True,2025-06-30,2025-07-31
2025-07-11T14:00:00+00:00,2025-07-11T14:15:00+00:00,2025-07-11,3.31,RISK_OR_EXHAUSTION,MANAGE,94.0,80.0,0.0,DISCOVERY,AMC15X-040,O:AMC250725C00003500,CALL,3.5,2025-07-25,14,-5.428571428571427,14,0.0,5.428571428571427,NEAR_ATM,WITHIN_TOLERANCE,365,bars/O_AMC250725C00003500.json,True,2025-07-04,2025-07-25
2025-07-11T14:00:00+00:00,2025-07-11T14:15:00+00:00,2025-07-11,3.31,RISK_OR_EXHAUSTION,MANAGE,94.0,80.0,0.0,DISCOVERY,AMC15X-040,O:AMC250808C00003500,CALL,3.5,2025-08-08,28,-5.428571428571427,30,0.0,5.428571428571427,NEAR_ATM,WITHIN_TOLERANCE,431,bars/O_AMC250808C00003500.json,True,2025-07-04,2025-08-01
2025-07-11T14:00:00+00:00,2025-07-11T14:15:00+00:00,2025-07-11,3.31,RISK_OR_EXHAUSTION,MANAGE,94.0,80.0,0.0,DISCOVERY,AMC15X-040,O:AMC250725P00003500,PUT,3.5,2025-07-25,14,5.428571428571427,14,0.0,5.428571428571427,NEAR_ATM,WITHIN_TOLERANCE,253,bars/O_AMC250725P00003500.json,True,2025-07-04,2025-07-25
2025-07-11T14:00:00+00:00,2025-07-11T14:15:00+00:00,2025-07-11,3.31,RISK_OR_EXHAUSTION,MANAGE,94.0,80.0,0.0,DISCOVERY,AMC15X-040,O:AMC250808P00003500,PUT,3.5,2025-08-08,28,5.428571428571427,30,0.0,5.428571428571427,NEAR_ATM,WITHIN_TOLERANCE,188,bars/O_AMC250808P00003500.json,True,2025-07-04,2025-08-01
2025-07-11T19:30:00+00:00,2025-07-11T19:45:00+00:00,2025-07-11,3.345,CONTINUATION,ADD,100.0,85.0,0.0,DISCOVERY,AMC15SUP-028,O:AMC250725C00003500,CALL,3.5,2025-07-25,14,-4.428571428571423,14,0.0,4.428571428571423,NEAR_ATM,WITHIN_TOLERANCE,365,bars/O_AMC250725C00003500.json,True,2025-07-04,2025-07-25
2025-07-11T19:30:00+00:00,2025-07-11T19:45:00+00:00,2025-07-11,3.345,CONTINUATION,ADD,100.0,85.0,0.0,DISCOVERY,AMC15SUP-028,O:AMC250808C00003500,CALL,3.5,2025-08-08,28,-4.428571428571423,30,0.0,4.428571428571423,NEAR_ATM,WITHIN_TOLERANCE,431,bars/O_AMC250808C00003500.json,True,2025-07-04,2025-08-01
2025-07-11T19:30:00+00:00,2025-07-11T19:45:00+00:00,2025-07-11,3.345,CONTINUATION,ADD,100.0,85.0,0.0,DISCOVERY,AMC15SUP-028,O:AMC250725P00003500,PUT,3.5,2025-07-25,14,4.428571428571423,14,0.0,4.428571428571423,NEAR_ATM,WITHIN_TOLERANCE,253,bars/O_AMC250725P00003500.json,True,2025-07-04,2025-07-25
2025-07-11T19:30:00+00:00,2025-07-11T19:45:00+00:00,2025-07-11,3.345,CONTINUATION,ADD,100.0,85.0,0.0,DISCOVERY,AMC15SUP-028,O:AMC250808P00003500,PUT,3.5,2025-08-08,28,4.428571428571423,30,0.0,4.428571428571423,NEAR_ATM,WITHIN_TOLERANCE,188,bars/O_AMC250808P00003500.json,True,2025-07-04,2025-08-01
2025-07-17T14:15:00+00:00,2025-07-17T14:30:00+00:00,2025-07-17,3.315,RISK_OR_EXHAUSTION,MANAGE,0.0,5.0,12.0,DISCOVERY,AMC15X-041,O:AMC250801C00003500,CALL,3.5,2025-08-01,15,-5.285714285714287,14,0.0,5.285714285714287,NEAR_ATM,WITHIN_TOLERANCE,403,bars/O_AMC250801C00003500.json,True,2025-07-10,2025-08-01
2025-07-17T14:15:00+00:00,2025-07-17T14:30:00+00:00,2025-07-17,3.315,RISK_OR_EXHAUSTION,MANAGE,0.0,5.0,12.0,DISCOVERY,AMC15X-041,O:AMC250815C00003500,CALL,3.5,2025-08-15,29,-5.285714285714287,30,0.0,5.285714285714287,NEAR_ATM,WITHIN_TOLERANCE,525,bars/O_AMC250815C00003500.json,False,2025-07-10,2025-08-08
2025-07-17T14:15:00+00:00,2025-07-17T14:30:00+00:00,2025-07-17,3.315,RISK_OR_EXHAUSTION,MANAGE,0.0,5.0,12.0,DISCOVERY,AMC15X-041,O:AMC250801P00003500,PUT,3.5,2025-08-01,15,5.285714285714287,14,0.0,5.285714285714287,NEAR_ATM,WITHIN_TOLERANCE,255,bars/O_AMC250801P00003500.json,True,2025-07-10,2025-08-01
2025-07-17T14:15:00+00:00,2025-07-17T14:30:00+00:00,2025-07-17,3.315,RISK_OR_EXHAUSTION,MANAGE,0.0,5.0,12.0,DISCOVERY,AMC15X-041,O:AMC250815P00003500,PUT,3.5,2025-08-15,29,5.285714285714287,30,0.0,5.285714285714287,NEAR_ATM,WITHIN_TOLERANCE,225,bars/O_AMC250815P00003500.json,False,2025-07-10,2025-08-08
2025-07-18T19:00:00+00:00,2025-07-18T19:15:00+00:00,2025-07-18,3.54,CONTINUATION,ADD,100.0,81.0,0.0,DISCOVERY,AMC15SUP-029,O:AMC250801C00003500,CALL,3.5,2025-08-01,14,1.142857142857144,14,0.0,1.142857142857144,NEAR_ATM,WITHIN_TOLERANCE,403,bars/O_AMC250801C00003500.json,True,2025-07-10,2025-08-01
2025-07-18T19:00:00+00:00,2025-07-18T19:15:00+00:00,2025-07-18,3.54,CONTINUATION,ADD,100.0,81.0,0.0,DISCOVERY,AMC15SUP-029,O:AMC250815C00003500,CALL,3.5,2025-08-15,28,1.142857142857144,30,0.0,1.142857142857144,NEAR_ATM,WITHIN_TOLERANCE,525,bars/O_AMC250815C00003500.json,False,2025-07-10,2025-08-08
2025-07-18T19:00:00+00:00,2025-07-18T19:15:00+00:00,2025-07-18,3.54,CONTINUATION,ADD,100.0,81.0,0.0,DISCOVERY,AMC15SUP-029,O:AMC250801P00003500,PUT,3.5,2025-08-01,14,-1.142857142857144,14,0.0,1.142857142857144,NEAR_ATM,WITHIN_TOLERANCE,255,bars/O_AMC250801P00003500.json,True,2025-07-10,2025-08-01
2025-07-18T19:00:00+00:00,2025-07-18T19:15:00+00:00,2025-07-18,3.54,CONTINUATION,ADD,100.0,81.0,0.0,DISCOVERY,AMC15SUP-029,O:AMC250815P00003500,PUT,3.5,2025-08-15,28,-1.142857142857144,30,0.0,1.142857142857144,NEAR_ATM,WITHIN_TOLERANCE,225,bars/O_AMC250815P00003500.json,False,2025-07-10,2025-08-08
2025-08-05T13:30:00+00:00,2025-08-05T13:45:00+00:00,2025-08-05,2.899,ENTRY_FORMING,STRONG START,78.0,53.0,0.0,DISCOVERY,AMC15SUP-030,O:AMC250822C00003000,CALL,3.0,2025-08-22,17,-3.366666666666666,14,0.0,3.366666666666666,NEAR_ATM,WITHIN_TOLERANCE,432,bars/O_AMC250822C00003000.json,False,2025-07-29,2025-08-22
2025-08-05T13:30:00+00:00,2025-08-05T13:45:00+00:00,2025-08-05,2.899,ENTRY_FORMING,STRONG START,78.0,53.0,0.0,DISCOVERY,AMC15SUP-030,O:AMC250905C00003000,CALL,3.0,2025-09-05,31,-3.366666666666666,30,0.0,3.366666666666666,NEAR_ATM,WITHIN_TOLERANCE,560,bars/O_AMC250905C00003000.json,False,2025-07-29,2025-09-05
2025-08-05T13:30:00+00:00,2025-08-05T13:45:00+00:00,2025-08-05,2.899,ENTRY_FORMING,STRONG START,78.0,53.0,0.0,DISCOVERY,AMC15SUP-030,O:AMC250822P00003000,PUT,3.0,2025-08-22,17,3.366666666666666,14,0.0,3.366666666666666,NEAR_ATM,WITHIN_TOLERANCE,288,bars/O_AMC250822P00003000.json,False,2025-07-29,2025-08-22
2025-08-05T13:30:00+00:00,2025-08-05T13:45:00+00:00,2025-08-05,2.899,ENTRY_FORMING,STRONG START,78.0,53.0,0.0,DISCOVERY,AMC15SUP-030,O:AMC250905P00003000,PUT,3.0,2025-09-05,31,3.366666666666666,30,0.0,3.366666666666666,NEAR_ATM,WITHIN_TOLERANCE,324,bars/O_AMC250905P00003000.json,False,2025-07-29,2025-09-05
2025-08-08T14:00:00+00:00,2025-08-08T14:15:00+00:00,2025-08-08,2.865,RISK_OR_EXHAUSTION,MANAGE,76.0,45.0,3.0,DISCOVERY,AMC15X-042,O:AMC250822C00003000,CALL,3.0,2025-08-22,14,-4.499999999999993,14,0.0,4.499999999999993,NEAR_ATM,WITHIN_TOLERANCE,432,bars/O_AMC250822C00003000.json,False,2025-07-29,2025-08-22
2025-08-08T14:00:00+00:00,2025-08-08T14:15:00+00:00,2025-08-08,2.865,RISK_OR_EXHAUSTION,MANAGE,76.0,45.0,3.0,DISCOVERY,AMC15X-042,O:AMC250905C00003000,CALL,3.0,2025-09-05,28,-4.499999999999993,30,0.0,4.499999999999993,NEAR_ATM,WITHIN_TOLERANCE,560,bars/O_AMC250905C00003000.json,False,2025-07-29,2025-09-05
2025-08-08T14:00:00+00:00,2025-08-08T14:15:00+00:00,2025-08-08,2.865,RISK_OR_EXHAUSTION,MANAGE,76.0,45.0,3.0,DISCOVERY,AMC15X-042,O:AMC250822P00003000,PUT,3.0,2025-08-22,14,4.499999999999993,14,0.0,4.499999999999993,NEAR_ATM,WITHIN_TOLERANCE,288,bars/O_AMC250822P00003000.json,False,2025-07-29,2025-08-22
2025-08-08T14:00:00+00:00,2025-08-08T14:15:00+00:00,2025-08-08,2.865,RISK_OR_EXHAUSTION,MANAGE,76.0,45.0,3.0,DISCOVERY,AMC15X-042,O:AMC250905P00003000,PUT,3.0,2025-09-05,28,4.499999999999993,30,0.0,4.499999999999993,NEAR_ATM,WITHIN_TOLERANCE,324,bars/O_AMC250905P00003000.json,False,2025-07-29,2025-09-05
2025-08-11T13:45:00+00:00,2025-08-11T14:00:00+00:00,2025-08-11,3.1251,RISK_OR_EXHAUSTION,MANAGE,89.0,66.0,0.0,DISCOVERY,AMC15X-043,O:AMC250822C00003000,CALL,3.0,2025-08-22,11,4.170000000000007,14,0.0,4.170000000000007,NEAR_ATM,WITHIN_TOLERANCE,432,bars/O_AMC250822C00003000.json,False,2025-07-29,2025-08-22
2025-08-11T13:45:00+00:00,2025-08-11T14:00:00+00:00,2025-08-11,3.1251,RISK_OR_EXHAUSTION,MANAGE,89.0,66.0,0.0,DISCOVERY,AMC15X-043,O:AMC250912C00003000,CALL,3.0,2025-09-12,32,4.170000000000007,30,0.0,4.170000000000007,NEAR_ATM,WITHIN_TOLERANCE,421,bars/O_AMC250912C00003000.json,True,2025-08-04,2025-09-05
2025-08-11T13:45:00+00:00,2025-08-11T14:00:00+00:00,2025-08-11,3.1251,RISK_OR_EXHAUSTION,MANAGE,89.0,66.0,0.0,DISCOVERY,AMC15X-043,O:AMC250822P00003000,PUT,3.0,2025-08-22,11,-4.170000000000007,14,0.0,4.170000000000007,NEAR_ATM,WITHIN_TOLERANCE,288,bars/O_AMC250822P00003000.json,False,2025-07-29,2025-08-22
2025-08-11T13:45:00+00:00,2025-08-11T14:00:00+00:00,2025-08-11,3.1251,RISK_OR_EXHAUSTION,MANAGE,89.0,66.0,0.0,DISCOVERY,AMC15X-043,O:AMC250912P00003000,PUT,3.0,2025-09-12,32,-4.170000000000007,30,0.0,4.170000000000007,NEAR_ATM,WITHIN_TOLERANCE,181,bars/O_AMC250912P00003000.json,True,2025-08-04,2025-09-05
2025-08-12T16:00:00+00:00,2025-08-12T16:15:00+00:00,2025-08-12,3.035,ENTRY_FORMING,STRONG START,99.0,67.0,0.0,DISCOVERY,AMC15X-044,O:AMC250829C00003000,CALL,3.0,2025-08-29,17,1.1666666666666714,14,0.0,1.1666666666666714,NEAR_ATM,WITHIN_TOLERANCE,426,bars/O_AMC250829C00003000.json,True,2025-08-05,2025-08-29
2025-08-12T16:00:00+00:00,2025-08-12T16:15:00+00:00,2025-08-12,3.035,ENTRY_FORMING,STRONG START,99.0,67.0,0.0,DISCOVERY,AMC15X-044,O:AMC250912C00003000,CALL,3.0,2025-09-12,31,1.1666666666666714,30,0.0,1.1666666666666714,NEAR_ATM,WITHIN_TOLERANCE,421,bars/O_AMC250912C00003000.json,True,2025-08-04,2025-09-05
2025-08-12T16:00:00+00:00,2025-08-12T16:15:00+00:00,2025-08-12,3.035,ENTRY_FORMING,STRONG START,99.0,67.0,0.0,DISCOVERY,AMC15X-044,O:AMC250829P00003000,PUT,3.0,2025-08-29,17,-1.1666666666666714,14,0.0,1.1666666666666714,NEAR_ATM,WITHIN_TOLERANCE,320,bars/O_AMC250829P00003000.json,True,2025-08-05,2025-08-29
2025-08-12T16:00:00+00:00,2025-08-12T16:15:00+00:00,2025-08-12,3.035,ENTRY_FORMING,STRONG START,99.0,67.0,0.0,DISCOVERY,AMC15X-044,O:AMC250912P00003000,PUT,3.0,2025-09-12,31,-1.1666666666666714,30,0.0,1.1666666666666714,NEAR_ATM,WITHIN_TOLERANCE,181,bars/O_AMC250912P00003000.json,True,2025-08-04,2025-09-05
2025-08-13T16:30:00+00:00,2025-08-13T16:45:00+00:00,2025-08-13,3.0879,CONTINUATION,ADD,97.0,78.0,0.0,DISCOVERY,AMC15X-045,O:AMC250829C00003000,CALL,3.0,2025-08-29,16,2.9299999999999953,14,0.0,2.9299999999999953,NEAR_ATM,WITHIN_TOLERANCE,426,bars/O_AMC250829C00003000.json,True,2025-08-05,2025-08-29
2025-08-13T16:30:00+00:00,2025-08-13T16:45:00+00:00,2025-08-13,3.0879,CONTINUATION,ADD,97.0,78.0,0.0,DISCOVERY,AMC15X-045,O:AMC250912C00003000,CALL,3.0,2025-09-12,30,2.9299999999999953,30,0.0,2.9299999999999953,NEAR_ATM,WITHIN_TOLERANCE,421,bars/O_AMC250912C00003000.json,True,2025-08-04,2025-09-05
2025-08-13T16:30:00+00:00,2025-08-13T16:45:00+00:00,2025-08-13,3.0879,CONTINUATION,ADD,97.0,78.0,0.0,DISCOVERY,AMC15X-045,O:AMC250829P00003000,PUT,3.0,2025-08-29,16,-2.9299999999999953,14,0.0,2.9299999999999953,NEAR_ATM,WITHIN_TOLERANCE,320,bars/O_AMC250829P00003000.json,True,2025-08-05,2025-08-29
2025-08-13T16:30:00+00:00,2025-08-13T16:45:00+00:00,2025-08-13,3.0879,CONTINUATION,ADD,97.0,78.0,0.0,DISCOVERY,AMC15X-045,O:AMC250912P00003000,PUT,3.0,2025-09-12,30,-2.9299999999999953,30,0.0,2.9299999999999953,NEAR_ATM,WITHIN_TOLERANCE,181,bars/O_AMC250912P00003000.json,True,2025-08-04,2025-09-05
2025-08-15T18:45:00+00:00,2025-08-15T19:00:00+00:00,2025-08-15,3.0157,THESIS_PRESSURE,FAIL (any severity),0.0,0.0,32.0,DISCOVERY,AMC15X-046,O:AMC250829C00003000,CALL,3.0,2025-08-29,14,0.5233333333333274,14,0.0,0.5233333333333274,NEAR_ATM,WITHIN_TOLERANCE,426,bars/O_AMC250829C00003000.json,True,2025-08-05,2025-08-29
2025-08-15T18:45:00+00:00,2025-08-15T19:00:00+00:00,2025-08-15,3.0157,THESIS_PRESSURE,FAIL (any severity),0.0,0.0,32.0,DISCOVERY,AMC15X-046,O:AMC250912C00003000,CALL,3.0,2025-09-12,28,0.5233333333333274,30,0.0,0.5233333333333274,NEAR_ATM,WITHIN_TOLERANCE,421,bars/O_AMC250912C00003000.json,True,2025-08-04,2025-09-05
2025-08-15T18:45:00+00:00,2025-08-15T19:00:00+00:00,2025-08-15,3.0157,THESIS_PRESSURE,FAIL (any severity),0.0,0.0,32.0,DISCOVERY,AMC15X-046,O:AMC250829P00003000,PUT,3.0,2025-08-29,14,-0.5233333333333274,14,0.0,0.5233333333333274,NEAR_ATM,WITHIN_TOLERANCE,320,bars/O_AMC250829P00003000.json,True,2025-08-05,2025-08-29
2025-08-15T18:45:00+00:00,2025-08-15T19:00:00+00:00,2025-08-15,3.0157,THESIS_PRESSURE,FAIL (any severity),0.0,0.0,32.0,DISCOVERY,AMC15X-046,O:AMC250912P00003000,PUT,3.0,2025-09-12,28,-0.5233333333333274,30,0.0,0.5233333333333274,NEAR_ATM,WITHIN_TOLERANCE,181,bars/O_AMC250912P00003000.json,True,2025-08-04,2025-09-05
2025-08-22T13:30:00+00:00,2025-08-22T13:45:00+00:00,2025-08-22,2.8741,ENTRY_FORMING,STRONG START,74.0,52.0,0.0,DISCOVERY,AMC15SUP-031,O:AMC250905C00003000,CALL,3.0,2025-09-05,14,-4.196666666666671,14,0.0,4.196666666666671,NEAR_ATM,WITHIN_TOLERANCE,560,bars/O_AMC250905C00003000.json,False,2025-07-29,2025-09-05
2025-08-22T13:30:00+00:00,2025-08-22T13:45:00+00:00,2025-08-22,2.8741,ENTRY_FORMING,STRONG START,74.0,52.0,0.0,DISCOVERY,AMC15SUP-031,O:AMC250919C00003000,CALL,3.0,2025-09-19,28,-4.196666666666671,30,0.0,4.196666666666671,NEAR_ATM,WITHIN_TOLERANCE,484,bars/O_AMC250919C00003000.json,False,2025-08-15,2025-09-12
2025-08-22T13:30:00+00:00,2025-08-22T13:45:00+00:00,2025-08-22,2.8741,ENTRY_FORMING,STRONG START,74.0,52.0,0.0,DISCOVERY,AMC15SUP-031,O:AMC250905P00003000,PUT,3.0,2025-09-05,14,4.196666666666671,14,0.0,4.196666666666671,NEAR_ATM,WITHIN_TOLERANCE,324,bars/O_AMC250905P00003000.json,False,2025-07-29,2025-09-05
2025-08-22T13:30:00+00:00,2025-08-22T13:45:00+00:00,2025-08-22,2.8741,ENTRY_FORMING,STRONG START,74.0,52.0,0.0,DISCOVERY,AMC15SUP-031,O:AMC250919P00003000,PUT,3.0,2025-09-19,28,4.196666666666671,30,0.0,4.196666666666671,NEAR_ATM,WITHIN_TOLERANCE,296,bars/O_AMC250919P00003000.json,False,2025-08-15,2025-09-12
2025-09-10T13:30:00+00:00,2025-09-10T13:45:00+00:00,2025-09-10,2.8297,CONTINUATION,ADD,98.0,85.0,0.0,DISCOVERY,AMC15SUP-032,O:AMC250926C00003000,CALL,3.0,2025-09-26,16,-5.676666666666671,14,0.0,5.676666666666671,NEAR_ATM,WITHIN_TOLERANCE,413,bars/O_AMC250926C00003000.json,False,2025-09-03,2025-09-26
2025-09-10T13:30:00+00:00,2025-09-10T13:45:00+00:00,2025-09-10,2.8297,CONTINUATION,ADD,98.0,85.0,0.0,DISCOVERY,AMC15SUP-032,O:AMC251010C00003000,CALL,3.0,2025-10-10,30,-5.676666666666671,30,0.0,5.676666666666671,NEAR_ATM,WITHIN_TOLERANCE,610,bars/O_AMC251010C00003000.json,False,2025-09-03,2025-10-10
2025-09-10T13:30:00+00:00,2025-09-10T13:45:00+00:00,2025-09-10,2.8297,CONTINUATION,ADD,98.0,85.0,0.0,DISCOVERY,AMC15SUP-032,O:AMC250926P00003000,PUT,3.0,2025-09-26,16,5.676666666666671,14,0.0,5.676666666666671,NEAR_ATM,WITHIN_TOLERANCE,245,bars/O_AMC250926P00003000.json,False,2025-09-03,2025-09-26
2025-09-10T13:30:00+00:00,2025-09-10T13:45:00+00:00,2025-09-10,2.8297,CONTINUATION,ADD,98.0,85.0,0.0,DISCOVERY,AMC15SUP-032,O:AMC251010P00003000,PUT,3.0,2025-10-10,30,5.676666666666671,30,0.0,5.676666666666671,NEAR_ATM,WITHIN_TOLERANCE,328,bars/O_AMC251010P00003000.json,False,2025-09-03,2025-10-10
2025-09-11T18:45:00+00:00,2025-09-11T19:00:00+00:00,2025-09-11,2.8336,CONTINUATION,ADD,85.0,68.0,0.0,DISCOVERY,AMC15X-047,O:AMC250926C00003000,CALL,3.0,2025-09-26,15,-5.546666666666663,14,0.0,5.546666666666663,NEAR_ATM,WITHIN_TOLERANCE,413,bars/O_AMC250926C00003000.json,False,2025-09-03,2025-09-26
2025-09-11T18:45:00+00:00,2025-09-11T19:00:00+00:00,2025-09-11,2.8336,CONTINUATION,ADD,85.0,68.0,0.0,DISCOVERY,AMC15X-047,O:AMC251010C00003000,CALL,3.0,2025-10-10,29,-5.546666666666663,30,0.0,5.546666666666663,NEAR_ATM,WITHIN_TOLERANCE,610,bars/O_AMC251010C00003000.json,False,2025-09-03,2025-10-10
2025-09-11T18:45:00+00:00,2025-09-11T19:00:00+00:00,2025-09-11,2.8336,CONTINUATION,ADD,85.0,68.0,0.0,DISCOVERY,AMC15X-047,O:AMC250926P00003000,PUT,3.0,2025-09-26,15,5.546666666666663,14,0.0,5.546666666666663,NEAR_ATM,WITHIN_TOLERANCE,245,bars/O_AMC250926P00003000.json,False,2025-09-03,2025-09-26
2025-09-11T18:45:00+00:00,2025-09-11T19:00:00+00:00,2025-09-11,2.8336,CONTINUATION,ADD,85.0,68.0,0.0,DISCOVERY,AMC15X-047,O:AMC251010P00003000,PUT,3.0,2025-10-10,29,5.546666666666663,30,0.0,5.546666666666663,NEAR_ATM,WITHIN_TOLERANCE,328,bars/O_AMC251010P00003000.json,False,2025-09-03,2025-10-10
2025-09-15T19:15:00+00:00,2025-09-15T19:30:00+00:00,2025-09-15,2.905,CONTINUATION,ADD,92.0,70.0,0.0,DISCOVERY,AMC15SUP-033,O:AMC250926C00003000,CALL,3.0,2025-09-26,11,-3.166666666666673,14,0.0,3.166666666666673,NEAR_ATM,WITHIN_TOLERANCE,413,bars/O_AMC250926C00003000.json,False,2025-09-03,2025-09-26
2025-09-15T19:15:00+00:00,2025-09-15T19:30:00+00:00,2025-09-15,2.905,CONTINUATION,ADD,92.0,70.0,0.0,DISCOVERY,AMC15SUP-033,O:AMC251017C00003000,CALL,3.0,2025-10-17,32,-3.166666666666673,30,0.0,3.166666666666673,NEAR_ATM,WITHIN_TOLERANCE,747,bars/O_AMC251017C00003000.json,False,2025-09-08,2025-10-17
2025-09-15T19:15:00+00:00,2025-09-15T19:30:00+00:00,2025-09-15,2.905,CONTINUATION,ADD,92.0,70.0,0.0,DISCOVERY,AMC15SUP-033,O:AMC250926P00003000,PUT,3.0,2025-09-26,11,3.166666666666673,14,0.0,3.166666666666673,NEAR_ATM,WITHIN_TOLERANCE,245,bars/O_AMC250926P00003000.json,False,2025-09-03,2025-09-26
2025-09-15T19:15:00+00:00,2025-09-15T19:30:00+00:00,2025-09-15,2.905,CONTINUATION,ADD,92.0,70.0,0.0,DISCOVERY,AMC15SUP-033,O:AMC251017P00003000,PUT,3.0,2025-10-17,32,3.166666666666673,30,0.0,3.166666666666673,NEAR_ATM,WITHIN_TOLERANCE,471,bars/O_AMC251017P00003000.json,False,2025-09-08,2025-10-17
2025-09-22T19:45:00+00:00,2025-09-22T20:00:00+00:00,2025-09-22,3.0,ENTRY_FORMING,STRONG START,99.0,67.0,0.0,DISCOVERY,AMC15SUP-034,O:AMC251003C00003000,CALL,3.0,2025-10-03,11,0.0,14,0.0,0.0,NEAR_ATM,WITHIN_TOLERANCE,383,bars/O_AMC251003C00003000.json,False,2025-09-15,2025-10-03
2025-09-22T19:45:00+00:00,2025-09-22T20:00:00+00:00,2025-09-22,3.0,ENTRY_FORMING,STRONG START,99.0,67.0,0.0,DISCOVERY,AMC15SUP-034,O:AMC251024C00003000,CALL,3.0,2025-10-24,32,0.0,30,0.0,0.0,NEAR_ATM,WITHIN_TOLERANCE,406,bars/O_AMC251024C00003000.json,False,2025-09-15,2025-10-14
2025-09-22T19:45:00+00:00,2025-09-22T20:00:00+00:00,2025-09-22,3.0,ENTRY_FORMING,STRONG START,99.0,67.0,0.0,DISCOVERY,AMC15SUP-034,O:AMC251003P00003000,PUT,3.0,2025-10-03,11,-0.0,14,0.0,0.0,NEAR_ATM,WITHIN_TOLERANCE,264,bars/O_AMC251003P00003000.json,False,2025-09-15,2025-10-03
2025-09-22T19:45:00+00:00,2025-09-22T20:00:00+00:00,2025-09-22,3.0,ENTRY_FORMING,STRONG START,99.0,67.0,0.0,DISCOVERY,AMC15SUP-034,O:AMC251024P00003000,PUT,3.0,2025-10-24,32,-0.0,30,0.0,0.0,NEAR_ATM,WITHIN_TOLERANCE,217,bars/O_AMC251024P00003000.json,False,2025-09-15,2025-10-14
2025-09-23T18:30:00+00:00,2025-09-23T18:45:00+00:00,2025-09-23,2.95,THESIS_PRESSURE,FAIL TEST,33.0,15.0,5.0,DISCOVERY,AMC15X-048,O:AMC251010C00003000,CALL,3.0,2025-10-10,17,-1.6666666666666607,14,0.0,1.6666666666666607,NEAR_ATM,WITHIN_TOLERANCE,610,bars/O_AMC251010C00003000.json,False,2025-09-03,2025-10-10
2025-09-23T18:30:00+00:00,2025-09-23T18:45:00+00:00,2025-09-23,2.95,THESIS_PRESSURE,FAIL TEST,33.0,15.0,5.0,DISCOVERY,AMC15X-048,O:AMC251024C00003000,CALL,3.0,2025-10-24,31,-1.6666666666666607,30,0.0,1.6666666666666607,NEAR_ATM,WITHIN_TOLERANCE,406,bars/O_AMC251024C00003000.json,False,2025-09-15,2025-10-14
2025-09-23T18:30:00+00:00,2025-09-23T18:45:00+00:00,2025-09-23,2.95,THESIS_PRESSURE,FAIL TEST,33.0,15.0,5.0,DISCOVERY,AMC15X-048,O:AMC251010P00003000,PUT,3.0,2025-10-10,17,1.6666666666666607,14,0.0,1.6666666666666607,NEAR_ATM,WITHIN_TOLERANCE,328,bars/O_AMC251010P00003000.json,False,2025-09-03,2025-10-10
2025-09-23T18:30:00+00:00,2025-09-23T18:45:00+00:00,2025-09-23,2.95,THESIS_PRESSURE,FAIL TEST,33.0,15.0,5.0,DISCOVERY,AMC15X-048,O:AMC251024P00003000,PUT,3.0,2025-10-24,31,1.6666666666666607,30,0.0,1.6666666666666607,NEAR_ATM,WITHIN_TOLERANCE,217,bars/O_AMC251024P00003000.json,False,2025-09-15,2025-10-14
2025-09-29T14:15:00+00:00,2025-09-29T14:30:00+00:00,2025-09-29,3.035,RISK_OR_EXHAUSTION,MANAGE,84.0,53.0,0.0,DISCOVERY,AMC15X-049,O:AMC251010C00003000,CALL,3.0,2025-10-10,11,1.1666666666666714,14,0.0,1.1666666666666714,NEAR_ATM,WITHIN_TOLERANCE,610,bars/O_AMC251010C00003000.json,False,2025-09-03,2025-10-10
2025-09-29T14:15:00+00:00,2025-09-29T14:30:00+00:00,2025-09-29,3.035,RISK_OR_EXHAUSTION,MANAGE,84.0,53.0,0.0,DISCOVERY,AMC15X-049,O:AMC251031C00003000,CALL,3.0,2025-10-31,32,1.1666666666666714,30,0.0,1.1666666666666714,NEAR_ATM,WITHIN_TOLERANCE,531,bars/O_AMC251031C00003000.json,True,2025-09-22,2025-10-23
2025-09-29T14:15:00+00:00,2025-09-29T14:30:00+00:00,2025-09-29,3.035,RISK_OR_EXHAUSTION,MANAGE,84.0,53.0,0.0,DISCOVERY,AMC15X-049,O:AMC251010P00003000,PUT,3.0,2025-10-10,11,-1.1666666666666714,14,0.0,1.1666666666666714,NEAR_ATM,WITHIN_TOLERANCE,328,bars/O_AMC251010P00003000.json,False,2025-09-03,2025-10-10
2025-09-29T14:15:00+00:00,2025-09-29T14:30:00+00:00,2025-09-29,3.035,RISK_OR_EXHAUSTION,MANAGE,84.0,53.0,0.0,DISCOVERY,AMC15X-049,O:AMC251031P00003000,PUT,3.0,2025-10-31,32,-1.1666666666666714,30,0.0,1.1666666666666714,NEAR_ATM,WITHIN_TOLERANCE,297,bars/O_AMC251031P00003000.json,True,2025-09-22,2025-10-23
2025-09-29T19:30:00+00:00,2025-09-29T19:45:00+00:00,2025-09-29,2.9955,ENTRY_FORMING,STRONG START,100.0,67.0,0.0,DISCOVERY,AMC15X-050,O:AMC251010C00003000,CALL,3.0,2025-10-10,11,-0.15000000000000568,14,0.0,0.15000000000000568,NEAR_ATM,WITHIN_TOLERANCE,610,bars/O_AMC251010C00003000.json,False,2025-09-03,2025-10-10
2025-09-29T19:30:00+00:00,2025-09-29T19:45:00+00:00,2025-09-29,2.9955,ENTRY_FORMING,STRONG START,100.0,67.0,0.0,DISCOVERY,AMC15X-050,O:AMC251031C00003000,CALL,3.0,2025-10-31,32,-0.15000000000000568,30,0.0,0.15000000000000568,NEAR_ATM,WITHIN_TOLERANCE,531,bars/O_AMC251031C00003000.json,True,2025-09-22,2025-10-23
2025-09-29T19:30:00+00:00,2025-09-29T19:45:00+00:00,2025-09-29,2.9955,ENTRY_FORMING,STRONG START,100.0,67.0,0.0,DISCOVERY,AMC15X-050,O:AMC251010P00003000,PUT,3.0,2025-10-10,11,0.15000000000000568,14,0.0,0.15000000000000568,NEAR_ATM,WITHIN_TOLERANCE,328,bars/O_AMC251010P00003000.json,False,2025-09-03,2025-10-10
2025-09-29T19:30:00+00:00,2025-09-29T19:45:00+00:00,2025-09-29,2.9955,ENTRY_FORMING,STRONG START,100.0,67.0,0.0,DISCOVERY,AMC15X-050,O:AMC251031P00003000,PUT,3.0,2025-10-31,32,0.15000000000000568,30,0.0,0.15000000000000568,NEAR_ATM,WITHIN_TOLERANCE,297,bars/O_AMC251031P00003000.json,True,2025-09-22,2025-10-23
2025-10-02T17:15:00+00:00,2025-10-02T17:30:00+00:00,2025-10-02,2.9665,CONTINUATION,RELOAD,91.0,63.0,0.0,DISCOVERY,AMC15X-051,O:AMC251017C00003000,CALL,3.0,2025-10-17,15,-1.1166666666666694,14,0.0,1.1166666666666694,NEAR_ATM,WITHIN_TOLERANCE,747,bars/O_AMC251017C00003000.json,False,2025-09-08,2025-10-17
2025-10-02T17:15:00+00:00,2025-10-02T17:30:00+00:00,2025-10-02,2.9665,CONTINUATION,RELOAD,91.0,63.0,0.0,DISCOVERY,AMC15X-051,O:AMC251031C00003000,CALL,3.0,2025-10-31,29,-1.1166666666666694,30,0.0,1.1166666666666694,NEAR_ATM,WITHIN_TOLERANCE,531,bars/O_AMC251031C00003000.json,True,2025-09-22,2025-10-23
2025-10-02T17:15:00+00:00,2025-10-02T17:30:00+00:00,2025-10-02,2.9665,CONTINUATION,RELOAD,91.0,63.0,0.0,DISCOVERY,AMC15X-051,O:AMC251017P00003000,PUT,3.0,2025-10-17,15,1.1166666666666694,14,0.0,1.1166666666666694,NEAR_ATM,WITHIN_TOLERANCE,471,bars/O_AMC251017P00003000.json,False,2025-09-08,2025-10-17
2025-10-02T17:15:00+00:00,2025-10-02T17:30:00+00:00,2025-10-02,2.9665,CONTINUATION,RELOAD,91.0,63.0,0.0,DISCOVERY,AMC15X-051,O:AMC251031P00003000,PUT,3.0,2025-10-31,29,1.1166666666666694,30,0.0,1.1166666666666694,NEAR_ATM,WITHIN_TOLERANCE,297,bars/O_AMC251031P00003000.json,True,2025-09-22,2025-10-23
2025-10-24T18:15:00+00:00,2025-10-24T18:30:00+00:00,2025-10-24,2.715,CONTINUATION,RELOAD,13.0,23.0,0.0,DISCOVERY,AMC15SUP-035,O:AMC251107C00002500,CALL,2.5,2025-11-07,14,8.599999999999994,14,0.0,8.599999999999994,MODERATE,NEAREST_REGULAR_STRIKE,313,bars/O_AMC251107C00002500.json,False,2025-10-17,2025-11-07
2025-10-24T18:15:00+00:00,2025-10-24T18:30:00+00:00,2025-10-24,2.715,CONTINUATION,RELOAD,13.0,23.0,0.0,DISCOVERY,AMC15SUP-035,O:AMC251121C00002500,CALL,2.5,2025-11-21,28,8.599999999999994,30,0.0,8.599999999999994,MODERATE,NEAREST_REGULAR_STRIKE,386,bars/O_AMC251121C00002500.json,False,2025-10-17,2025-11-14
2025-10-24T18:15:00+00:00,2025-10-24T18:30:00+00:00,2025-10-24,2.715,CONTINUATION,RELOAD,13.0,23.0,0.0,DISCOVERY,AMC15SUP-035,O:AMC251107P00002500,PUT,2.5,2025-11-07,14,-8.599999999999994,14,0.0,8.599999999999994,MODERATE,NEAREST_REGULAR_STRIKE,288,bars/O_AMC251107P00002500.json,False,2025-10-17,2025-11-07
2025-10-24T18:15:00+00:00,2025-10-24T18:30:00+00:00,2025-10-24,2.715,CONTINUATION,RELOAD,13.0,23.0,0.0,DISCOVERY,AMC15SUP-035,O:AMC251121P00002500,PUT,2.5,2025-11-21,28,-8.599999999999994,30,0.0,8.599999999999994,MODERATE,NEAREST_REGULAR_STRIKE,285,bars/O_AMC251121P00002500.json,False,2025-10-17,2025-11-14
2025-10-27T18:30:00+00:00,2025-10-27T18:45:00+00:00,2025-10-27,2.7358,ENTRY_FORMING,STRONG START,0.0,0.0,21.0,DISCOVERY,AMC15SUP-036,O:AMC251107C00003000,CALL,3.0,2025-11-07,11,-8.806666666666674,14,0.0,8.806666666666674,MODERATE,NEAREST_REGULAR_STRIKE,382,bars/O_AMC251107C00003000.json,False,2025-10-20,2025-11-07
2025-10-27T18:30:00+00:00,2025-10-27T18:45:00+00:00,2025-10-27,2.7358,ENTRY_FORMING,STRONG START,0.0,0.0,21.0,DISCOVERY,AMC15SUP-036,O:AMC251128C00003000,CALL,3.0,2025-11-28,32,-8.806666666666674,30,0.0,8.806666666666674,MODERATE,NEAREST_REGULAR_STRIKE,408,bars/O_AMC251128C00003000.json,False,2025-10-20,2025-11-17
2025-10-27T18:30:00+00:00,2025-10-27T18:45:00+00:00,2025-10-27,2.7358,ENTRY_FORMING,STRONG START,0.0,0.0,21.0,DISCOVERY,AMC15SUP-036,O:AMC251107P00003000,PUT,3.0,2025-11-07,11,8.806666666666674,14,0.0,8.806666666666674,MODERATE,NEAREST_REGULAR_STRIKE,231,bars/O_AMC251107P00003000.json,False,2025-10-20,2025-11-07
2025-10-27T18:30:00+00:00,2025-10-27T18:45:00+00:00,2025-10-27,2.7358,ENTRY_FORMING,STRONG START,0.0,0.0,21.0,DISCOVERY,AMC15SUP-036,O:AMC251128P00003000,PUT,3.0,2025-11-28,32,8.806666666666674,30,0.0,8.806666666666674,MODERATE,NEAREST_REGULAR_STRIKE,85,bars/O_AMC251128P00003000.json,False,2025-10-20,2025-11-17
2025-10-28T14:15:00+00:00,2025-10-28T14:30:00+00:00,2025-10-28,2.6998,THESIS_PRESSURE,FAIL TEST,0.0,0.0,30.0,DISCOVERY,AMC15X-052,O:AMC251114C00002500,CALL,2.5,2025-11-14,17,7.992000000000007,14,0.0,7.992000000000007,MODERATE,NEAREST_REGULAR_STRIKE,334,bars/O_AMC251114C00002500.json,True,2025-10-21,2025-11-14
2025-10-28T14:15:00+00:00,2025-10-28T14:30:00+00:00,2025-10-28,2.6998,THESIS_PRESSURE,FAIL TEST,0.0,0.0,30.0,DISCOVERY,AMC15X-052,O:AMC251128C00002500,CALL,2.5,2025-11-28,31,7.992000000000007,30,0.0,7.992000000000007,MODERATE,NEAREST_REGULAR_STRIKE,479,bars/O_AMC251128C00002500.json,False,2025-10-21,2025-11-28
2025-10-28T14:15:00+00:00,2025-10-28T14:30:00+00:00,2025-10-28,2.6998,THESIS_PRESSURE,FAIL TEST,0.0,0.0,30.0,DISCOVERY,AMC15X-052,O:AMC251114P00002500,PUT,2.5,2025-11-14,17,-7.992000000000007,14,0.0,7.992000000000007,MODERATE,NEAREST_REGULAR_STRIKE,291,bars/O_AMC251114P00002500.json,True,2025-10-21,2025-11-14
2025-10-28T14:15:00+00:00,2025-10-28T14:30:00+00:00,2025-10-28,2.6998,THESIS_PRESSURE,FAIL TEST,0.0,0.0,30.0,DISCOVERY,AMC15X-052,O:AMC251128P00002500,PUT,2.5,2025-11-28,31,-7.992000000000007,30,0.0,7.992000000000007,MODERATE,NEAREST_REGULAR_STRIKE,258,bars/O_AMC251128P00002500.json,False,2025-10-21,2025-11-28
2025-10-31T19:15:00+00:00,2025-10-31T19:30:00+00:00,2025-10-31,2.585,ENTRY_FORMING,STRONG START,85.0,57.0,0.0,DISCOVERY,AMC15X-053,O:AMC251114C00002500,CALL,2.5,2025-11-14,14,3.399999999999999,14,0.0,3.399999999999999,NEAR_ATM,WITHIN_TOLERANCE,334,bars/O_AMC251114C00002500.json,True,2025-10-21,2025-11-14
2025-10-31T19:15:00+00:00,2025-10-31T19:30:00+00:00,2025-10-31,2.585,ENTRY_FORMING,STRONG START,85.0,57.0,0.0,DISCOVERY,AMC15X-053,O:AMC251128C00002500,CALL,2.5,2025-11-28,28,3.399999999999999,30,0.0,3.399999999999999,NEAR_ATM,WITHIN_TOLERANCE,479,bars/O_AMC251128C00002500.json,False,2025-10-21,2025-11-28
2025-10-31T19:15:00+00:00,2025-10-31T19:30:00+00:00,2025-10-31,2.585,ENTRY_FORMING,STRONG START,85.0,57.0,0.0,DISCOVERY,AMC15X-053,O:AMC251114P00002500,PUT,2.5,2025-11-14,14,-3.399999999999999,14,0.0,3.399999999999999,NEAR_ATM,WITHIN_TOLERANCE,291,bars/O_AMC251114P00002500.json,True,2025-10-21,2025-11-14
2025-10-31T19:15:00+00:00,2025-10-31T19:30:00+00:00,2025-10-31,2.585,ENTRY_FORMING,STRONG START,85.0,57.0,0.0,DISCOVERY,AMC15X-053,O:AMC251128P00002500,PUT,2.5,2025-11-28,28,-3.399999999999999,30,0.0,3.399999999999999,NEAR_ATM,WITHIN_TOLERANCE,258,bars/O_AMC251128P00002500.json,False,2025-10-21,2025-11-28
2025-11-12T20:45:00+00:00,2025-11-12T21:00:00+00:00,2025-11-12,2.465,ENTRY_FORMING,STRONG START,89.0,59.0,0.0,DISCOVERY,AMC15SUP-037,O:AMC251128C00002500,CALL,2.5,2025-11-28,16,-1.4000000000000057,14,0.0,1.4000000000000057,NEAR_ATM,WITHIN_TOLERANCE,479,bars/O_AMC251128C00002500.json,False,2025-10-21,2025-11-28
2025-11-12T20:45:00+00:00,2025-11-12T21:00:00+00:00,2025-11-12,2.465,ENTRY_FORMING,STRONG START,89.0,59.0,0.0,DISCOVERY,AMC15SUP-037,O:AMC251212C00002500,CALL,2.5,2025-12-12,30,-1.4000000000000057,30,0.0,1.4000000000000057,NEAR_ATM,WITHIN_TOLERANCE,490,bars/O_AMC251212C00002500.json,False,2025-11-05,2025-12-12
2025-11-12T20:45:00+00:00,2025-11-12T21:00:00+00:00,2025-11-12,2.465,ENTRY_FORMING,STRONG START,89.0,59.0,0.0,DISCOVERY,AMC15SUP-037,O:AMC251128P00002500,PUT,2.5,2025-11-28,16,1.4000000000000057,14,0.0,1.4000000000000057,NEAR_ATM,WITHIN_TOLERANCE,258,bars/O_AMC251128P00002500.json,False,2025-10-21,2025-11-28
2025-11-12T20:45:00+00:00,2025-11-12T21:00:00+00:00,2025-11-12,2.465,ENTRY_FORMING,STRONG START,89.0,59.0,0.0,DISCOVERY,AMC15SUP-037,O:AMC251212P00002500,PUT,2.5,2025-12-12,30,1.4000000000000057,30,0.0,1.4000000000000057,NEAR_ATM,WITHIN_TOLERANCE,195,bars/O_AMC251212P00002500.json,False,2025-11-05,2025-12-12
2025-11-25T15:00:00+00:00,2025-11-25T15:15:00+00:00,2025-11-25,2.2953,RISK_OR_EXHAUSTION,MANAGE,94.0,62.0,0.0,DISCOVERY,AMC15X-054,O:AMC251212C00002500,CALL,2.5,2025-12-12,17,-8.187999999999995,14,0.0,8.187999999999995,MODERATE,NEAREST_REGULAR_STRIKE,490,bars/O_AMC251212C00002500.json,False,2025-11-05,2025-12-12
2025-11-25T15:00:00+00:00,2025-11-25T15:15:00+00:00,2025-11-25,2.2953,RISK_OR_EXHAUSTION,MANAGE,94.0,62.0,0.0,DISCOVERY,AMC15X-054,O:AMC251226C00002500,CALL,2.5,2025-12-26,31,-8.187999999999995,30,0.0,8.187999999999995,MODERATE,NEAREST_REGULAR_STRIKE,490,bars/O_AMC251226C00002500.json,False,2025-11-18,2025-12-26
2025-11-25T15:00:00+00:00,2025-11-25T15:15:00+00:00,2025-11-25,2.2953,RISK_OR_EXHAUSTION,MANAGE,94.0,62.0,0.0,DISCOVERY,AMC15X-054,O:AMC251212P00002500,PUT,2.5,2025-12-12,17,8.187999999999995,14,0.0,8.187999999999995,MODERATE,NEAREST_REGULAR_STRIKE,195,bars/O_AMC251212P00002500.json,False,2025-11-05,2025-12-12
2025-11-25T15:00:00+00:00,2025-11-25T15:15:00+00:00,2025-11-25,2.2953,RISK_OR_EXHAUSTION,MANAGE,94.0,62.0,0.0,DISCOVERY,AMC15X-054,O:AMC251226P00002500,PUT,2.5,2025-12-26,31,8.187999999999995,30,0.0,8.187999999999995,MODERATE,NEAREST_REGULAR_STRIKE,185,bars/O_AMC251226P00002500.json,False,2025-11-18,2025-12-26
2025-12-04T16:45:00+00:00,2025-12-04T17:00:00+00:00,2025-12-04,2.285,THESIS_PRESSURE,FAIL TEST,11.0,5.0,9.0,DISCOVERY,AMC15X-055,O:AMC251219C00002500,CALL,2.5,2025-12-19,15,-8.599999999999994,14,0.0,8.599999999999994,MODERATE,NEAREST_REGULAR_STRIKE,371,bars/O_AMC251219C00002500.json,True,2025-11-27,2025-12-19
2025-12-04T16:45:00+00:00,2025-12-04T17:00:00+00:00,2025-12-04,2.285,THESIS_PRESSURE,FAIL TEST,11.0,5.0,9.0,DISCOVERY,AMC15X-055,O:AMC260102C00002500,CALL,2.5,2026-01-02,29,-8.599999999999994,30,0.0,8.599999999999994,MODERATE,NEAREST_REGULAR_STRIKE,321,bars/O_AMC260102C00002500.json,True,2025-11-27,2025-12-25
2025-12-04T16:45:00+00:00,2025-12-04T17:00:00+00:00,2025-12-04,2.285,THESIS_PRESSURE,FAIL TEST,11.0,5.0,9.0,DISCOVERY,AMC15X-055,O:AMC251219P00002500,PUT,2.5,2025-12-19,15,8.599999999999994,14,0.0,8.599999999999994,MODERATE,NEAREST_REGULAR_STRIKE,223,bars/O_AMC251219P00002500.json,True,2025-11-27,2025-12-19
2025-12-04T16:45:00+00:00,2025-12-04T17:00:00+00:00,2025-12-04,2.285,THESIS_PRESSURE,FAIL TEST,11.0,5.0,9.0,DISCOVERY,AMC15X-055,O:AMC260102P00002500,PUT,2.5,2026-01-02,29,8.599999999999994,30,0.0,8.599999999999994,MODERATE,NEAREST_REGULAR_STRIKE,75,bars/O_AMC260102P00002500.json,True,2025-11-27,2025-12-25
2025-12-08T14:30:00+00:00,2025-12-08T14:45:00+00:00,2025-12-08,2.29,ENTRY_FORMING,STRONG START,85.0,58.0,0.0,DISCOVERY,AMC15X-056,O:AMC251219C00002500,CALL,2.5,2025-12-19,11,-8.399999999999999,14,0.0,8.399999999999999,MODERATE,NEAREST_REGULAR_STRIKE,371,bars/O_AMC251219C00002500.json,True,2025-11-27,2025-12-19
2025-12-08T14:30:00+00:00,2025-12-08T14:45:00+00:00,2025-12-08,2.29,ENTRY_FORMING,STRONG START,85.0,58.0,0.0,DISCOVERY,AMC15X-056,O:AMC260109C00002500,CALL,2.5,2026-01-09,32,-8.399999999999999,30,0.0,8.399999999999999,MODERATE,NEAREST_REGULAR_STRIKE,300,bars/O_AMC260109C00002500.json,False,2025-12-01,2025-12-31
2025-12-08T14:30:00+00:00,2025-12-08T14:45:00+00:00,2025-12-08,2.29,ENTRY_FORMING,STRONG START,85.0,58.0,0.0,DISCOVERY,AMC15X-056,O:AMC251219P00002500,PUT,2.5,2025-12-19,11,8.399999999999999,14,0.0,8.399999999999999,MODERATE,NEAREST_REGULAR_STRIKE,223,bars/O_AMC251219P00002500.json,True,2025-11-27,2025-12-19
2025-12-08T14:30:00+00:00,2025-12-08T14:45:00+00:00,2025-12-08,2.29,ENTRY_FORMING,STRONG START,85.0,58.0,0.0,DISCOVERY,AMC15X-056,O:AMC260109P00002500,PUT,2.5,2026-01-09,32,8.399999999999999,30,0.0,8.399999999999999,MODERATE,NEAREST_REGULAR_STRIKE,46,bars/O_AMC260109P00002500.json,False,2025-12-01,2025-12-31
2025-12-10T17:00:00+00:00,2025-12-10T17:15:00+00:00,2025-12-10,2.2937,ENTRY_FORMING,STRONG START,87.0,61.0,0.0,DISCOVERY,AMC15SUP-038,O:AMC251226C00002500,CALL,2.5,2025-12-26,16,-8.252000000000006,14,0.0,8.252000000000006,MODERATE,NEAREST_REGULAR_STRIKE,490,bars/O_AMC251226C00002500.json,False,2025-11-18,2025-12-26
2025-12-10T17:00:00+00:00,2025-12-10T17:15:00+00:00,2025-12-10,2.2937,ENTRY_FORMING,STRONG START,87.0,61.0,0.0,DISCOVERY,AMC15SUP-038,O:AMC260109C00002500,CALL,2.5,2026-01-09,30,-8.252000000000006,30,0.0,8.252000000000006,MODERATE,NEAREST_REGULAR_STRIKE,300,bars/O_AMC260109C00002500.json,False,2025-12-01,2025-12-31
2025-12-10T17:00:00+00:00,2025-12-10T17:15:00+00:00,2025-12-10,2.2937,ENTRY_FORMING,STRONG START,87.0,61.0,0.0,DISCOVERY,AMC15SUP-038,O:AMC251226P00002500,PUT,2.5,2025-12-26,16,8.252000000000006,14,0.0,8.252000000000006,MODERATE,NEAREST_REGULAR_STRIKE,185,bars/O_AMC251226P00002500.json,False,2025-11-18,2025-12-26
2025-12-10T17:00:00+00:00,2025-12-10T17:15:00+00:00,2025-12-10,2.2937,ENTRY_FORMING,STRONG START,87.0,61.0,0.0,DISCOVERY,AMC15SUP-038,O:AMC260109P00002500,PUT,2.5,2026-01-09,30,8.252000000000006,30,0.0,8.252000000000006,MODERATE,NEAREST_REGULAR_STRIKE,46,bars/O_AMC260109P00002500.json,False,2025-12-01,2025-12-31
2026-01-07T14:30:00+00:00,2026-01-07T14:45:00+00:00,2026-01-07,1.57,CONTINUATION,RELOAD,40.0,37.0,0.0,DISCOVERY,AMC15SUP-039,O:AMC260123C00001500,CALL,1.5,2026-01-23,16,4.666666666666671,14,0.0,4.666666666666671,NEAR_ATM,WITHIN_TOLERANCE,341,bars/O_AMC260123C00001500.json,False,2025-12-31,2026-01-23
2026-01-07T14:30:00+00:00,2026-01-07T14:45:00+00:00,2026-01-07,1.57,CONTINUATION,RELOAD,40.0,37.0,0.0,DISCOVERY,AMC15SUP-039,O:AMC260206C00001500,CALL,1.5,2026-02-06,30,4.666666666666671,30,0.0,4.666666666666671,NEAR_ATM,WITHIN_TOLERANCE,482,bars/O_AMC260206C00001500.json,False,2025-12-31,2026-02-06
2026-01-07T14:30:00+00:00,2026-01-07T14:45:00+00:00,2026-01-07,1.57,CONTINUATION,RELOAD,40.0,37.0,0.0,DISCOVERY,AMC15SUP-039,O:AMC260123P00001500,PUT,1.5,2026-01-23,16,-4.666666666666671,14,0.0,4.666666666666671,NEAR_ATM,WITHIN_TOLERANCE,255,bars/O_AMC260123P00001500.json,False,2025-12-31,2026-01-23
2026-01-07T14:30:00+00:00,2026-01-07T14:45:00+00:00,2026-01-07,1.57,CONTINUATION,RELOAD,40.0,37.0,0.0,DISCOVERY,AMC15SUP-039,O:AMC260206P00001500,PUT,1.5,2026-02-06,30,-4.666666666666671,30,0.0,4.666666666666671,NEAR_ATM,WITHIN_TOLERANCE,354,bars/O_AMC260206P00001500.json,False,2025-12-31,2026-02-06
2026-01-09T17:45:00+00:00,2026-01-09T18:00:00+00:00,2026-01-09,1.645,RISK_OR_EXHAUSTION,MANAGE,83.0,56.0,0.0,DISCOVERY,AMC15X-057,O:AMC260123C00001500,CALL,1.5,2026-01-23,14,9.666666666666668,14,0.0,9.666666666666668,MODERATE,NEAREST_REGULAR_STRIKE,341,bars/O_AMC260123C00001500.json,False,2025-12-31,2026-01-23
2026-01-09T17:45:00+00:00,2026-01-09T18:00:00+00:00,2026-01-09,1.645,RISK_OR_EXHAUSTION,MANAGE,83.0,56.0,0.0,DISCOVERY,AMC15X-057,O:AMC260206C00001500,CALL,1.5,2026-02-06,28,9.666666666666668,30,0.0,9.666666666666668,MODERATE,NEAREST_REGULAR_STRIKE,482,bars/O_AMC260206C00001500.json,False,2025-12-31,2026-02-06
2026-01-09T17:45:00+00:00,2026-01-09T18:00:00+00:00,2026-01-09,1.645,RISK_OR_EXHAUSTION,MANAGE,83.0,56.0,0.0,DISCOVERY,AMC15X-057,O:AMC260123P00001500,PUT,1.5,2026-01-23,14,-9.666666666666668,14,0.0,9.666666666666668,MODERATE,NEAREST_REGULAR_STRIKE,255,bars/O_AMC260123P00001500.json,False,2025-12-31,2026-01-23
2026-01-09T17:45:00+00:00,2026-01-09T18:00:00+00:00,2026-01-09,1.645,RISK_OR_EXHAUSTION,MANAGE,83.0,56.0,0.0,DISCOVERY,AMC15X-057,O:AMC260206P00001500,PUT,1.5,2026-02-06,28,-9.666666666666668,30,0.0,9.666666666666668,MODERATE,NEAREST_REGULAR_STRIKE,354,bars/O_AMC260206P00001500.json,False,2025-12-31,2026-02-06
2026-01-16T16:15:00+00:00,2026-01-16T16:30:00+00:00,2026-01-16,1.635,ENTRY_FORMING,STRONG START,98.0,66.0,0.0,DISCOVERY,AMC15SUP-040,O:AMC260130C00001500,CALL,1.5,2026-01-30,14,9.000000000000002,14,0.0,9.000000000000002,MODERATE,NEAREST_REGULAR_STRIKE,334,bars/O_AMC260130C00001500.json,False,2026-01-09,2026-01-30
2026-01-16T16:15:00+00:00,2026-01-16T16:30:00+00:00,2026-01-16,1.635,ENTRY_FORMING,STRONG START,98.0,66.0,0.0,DISCOVERY,AMC15SUP-040,O:AMC260213C00001500,CALL,1.5,2026-02-13,28,9.000000000000002,30,0.0,9.000000000000002,MODERATE,NEAREST_REGULAR_STRIKE,305,bars/O_AMC260213C00001500.json,False,2026-01-09,2026-02-06
2026-01-16T16:15:00+00:00,2026-01-16T16:30:00+00:00,2026-01-16,1.635,ENTRY_FORMING,STRONG START,98.0,66.0,0.0,DISCOVERY,AMC15SUP-040,O:AMC260130P00001500,PUT,1.5,2026-01-30,14,-9.000000000000002,14,0.0,9.000000000000002,MODERATE,NEAREST_REGULAR_STRIKE,284,bars/O_AMC260130P00001500.json,False,2026-01-09,2026-01-30
2026-01-16T16:15:00+00:00,2026-01-16T16:30:00+00:00,2026-01-16,1.635,ENTRY_FORMING,STRONG START,98.0,66.0,0.0,DISCOVERY,AMC15SUP-040,O:AMC260213P00001500,PUT,1.5,2026-02-13,28,-9.000000000000002,30,0.0,9.000000000000002,MODERATE,NEAREST_REGULAR_STRIKE,196,bars/O_AMC260213P00001500.json,False,2026-01-09,2026-02-06
2026-01-22T14:30:00+00:00,2026-01-22T14:45:00+00:00,2026-01-22,1.62,ENTRY_FORMING,STRONG START,88.0,62.0,0.0,DISCOVERY,AMC15X-058,O:AMC260206C00001500,CALL,1.5,2026-02-06,15,8.000000000000007,14,0.0,8.000000000000007,MODERATE,NEAREST_REGULAR_STRIKE,482,bars/O_AMC260206C00001500.json,False,2025-12-31,2026-02-06
2026-01-22T14:30:00+00:00,2026-01-22T14:45:00+00:00,2026-01-22,1.62,ENTRY_FORMING,STRONG START,88.0,62.0,0.0,DISCOVERY,AMC15X-058,O:AMC260220C00001500,CALL,1.5,2026-02-20,29,8.000000000000007,30,0.0,8.000000000000007,MODERATE,NEAREST_REGULAR_STRIKE,589,bars/O_AMC260220C00001500.json,True,2026-01-15,2026-02-20
2026-01-22T14:30:00+00:00,2026-01-22T14:45:00+00:00,2026-01-22,1.62,ENTRY_FORMING,STRONG START,88.0,62.0,0.0,DISCOVERY,AMC15X-058,O:AMC260206P00001500,PUT,1.5,2026-02-06,15,-8.000000000000007,14,0.0,8.000000000000007,MODERATE,NEAREST_REGULAR_STRIKE,354,bars/O_AMC260206P00001500.json,False,2025-12-31,2026-02-06
2026-01-22T14:30:00+00:00,2026-01-22T14:45:00+00:00,2026-01-22,1.62,ENTRY_FORMING,STRONG START,88.0,62.0,0.0,DISCOVERY,AMC15X-058,O:AMC260220P00001500,PUT,1.5,2026-02-20,29,-8.000000000000007,30,0.0,8.000000000000007,MODERATE,NEAREST_REGULAR_STRIKE,373,bars/O_AMC260220P00001500.json,True,2026-01-15,2026-02-20
2026-01-22T16:45:00+00:00,2026-01-22T17:00:00+00:00,2026-01-22,1.669,CONTINUATION,ADD,97.0,74.0,0.0,DISCOVERY,AMC15X-059,O:AMC260206C00001500,CALL,1.5,2026-02-06,15,11.26666666666667,14,0.0,11.26666666666667,MODERATE,NEAREST_REGULAR_STRIKE,482,bars/O_AMC260206C00001500.json,False,2025-12-31,2026-02-06
2026-01-22T16:45:00+00:00,2026-01-22T17:00:00+00:00,2026-01-22,1.669,CONTINUATION,ADD,97.0,74.0,0.0,DISCOVERY,AMC15X-059,O:AMC260220C00001500,CALL,1.5,2026-02-20,29,11.26666666666667,30,0.0,11.26666666666667,MODERATE,NEAREST_REGULAR_STRIKE,589,bars/O_AMC260220C00001500.json,True,2026-01-15,2026-02-20
2026-01-22T16:45:00+00:00,2026-01-22T17:00:00+00:00,2026-01-22,1.669,CONTINUATION,ADD,97.0,74.0,0.0,DISCOVERY,AMC15X-059,O:AMC260206P00001500,PUT,1.5,2026-02-06,15,-11.26666666666667,14,0.0,11.26666666666667,MODERATE,NEAREST_REGULAR_STRIKE,354,bars/O_AMC260206P00001500.json,False,2025-12-31,2026-02-06
2026-01-22T16:45:00+00:00,2026-01-22T17:00:00+00:00,2026-01-22,1.669,CONTINUATION,ADD,97.0,74.0,0.0,DISCOVERY,AMC15X-059,O:AMC260220P00001500,PUT,1.5,2026-02-20,29,-11.26666666666667,30,0.0,11.26666666666667,MODERATE,NEAREST_REGULAR_STRIKE,373,bars/O_AMC260220P00001500.json,True,2026-01-15,2026-02-20
2026-01-23T17:30:00+00:00,2026-01-23T17:45:00+00:00,2026-01-23,1.59,THESIS_PRESSURE,FAIL (any severity),1.0,0.0,11.0,DISCOVERY,AMC15X-060,O:AMC260206C00001500,CALL,1.5,2026-02-06,14,6.000000000000005,14,0.0,6.000000000000005,NEAR_ATM,WITHIN_TOLERANCE,482,bars/O_AMC260206C00001500.json,False,2025-12-31,2026-02-06
2026-01-23T17:30:00+00:00,2026-01-23T17:45:00+00:00,2026-01-23,1.59,THESIS_PRESSURE,FAIL (any severity),1.0,0.0,11.0,DISCOVERY,AMC15X-060,O:AMC260220C00001500,CALL,1.5,2026-02-20,28,6.000000000000005,30,0.0,6.000000000000005,NEAR_ATM,WITHIN_TOLERANCE,589,bars/O_AMC260220C00001500.json,True,2026-01-15,2026-02-20
2026-01-23T17:30:00+00:00,2026-01-23T17:45:00+00:00,2026-01-23,1.59,THESIS_PRESSURE,FAIL (any severity),1.0,0.0,11.0,DISCOVERY,AMC15X-060,O:AMC260206P00001500,PUT,1.5,2026-02-06,14,-6.000000000000005,14,0.0,6.000000000000005,NEAR_ATM,WITHIN_TOLERANCE,354,bars/O_AMC260206P00001500.json,False,2025-12-31,2026-02-06
2026-01-23T17:30:00+00:00,2026-01-23T17:45:00+00:00,2026-01-23,1.59,THESIS_PRESSURE,FAIL (any severity),1.0,0.0,11.0,DISCOVERY,AMC15X-060,O:AMC260220P00001500,PUT,1.5,2026-02-20,28,-6.000000000000005,30,0.0,6.000000000000005,NEAR_ATM,WITHIN_TOLERANCE,373,bars/O_AMC260220P00001500.json,True,2026-01-15,2026-02-20
2026-02-06T14:45:00+00:00,2026-02-06T15:00:00+00:00,2026-02-06,1.4399,ENTRY_FORMING,STRONG START,81.0,53.0,0.0,HOLDOUT,AMC15X-061,O:AMC260220C00001500,CALL,1.5,2026-02-20,14,-4.0066666666666695,14,0.0,4.0066666666666695,NEAR_ATM,WITHIN_TOLERANCE,589,bars/O_AMC260220C00001500.json,True,2026-01-15,2026-02-20
2026-02-06T14:45:00+00:00,2026-02-06T15:00:00+00:00,2026-02-06,1.4399,ENTRY_FORMING,STRONG START,81.0,53.0,0.0,HOLDOUT,AMC15X-061,O:AMC260306C00001500,CALL,1.5,2026-03-06,28,-4.0066666666666695,30,0.0,4.0066666666666695,NEAR_ATM,WITHIN_TOLERANCE,483,bars/O_AMC260306C00001500.json,True,2026-01-30,2026-03-06
2026-02-06T14:45:00+00:00,2026-02-06T15:00:00+00:00,2026-02-06,1.4399,ENTRY_FORMING,STRONG START,81.0,53.0,0.0,HOLDOUT,AMC15X-061,O:AMC260220P00001500,PUT,1.5,2026-02-20,14,4.0066666666666695,14,0.0,4.0066666666666695,NEAR_ATM,WITHIN_TOLERANCE,373,bars/O_AMC260220P00001500.json,True,2026-01-15,2026-02-20
2026-02-06T14:45:00+00:00,2026-02-06T15:00:00+00:00,2026-02-06,1.4399,ENTRY_FORMING,STRONG START,81.0,53.0,0.0,HOLDOUT,AMC15X-061,O:AMC260306P00001500,PUT,1.5,2026-03-06,28,4.0066666666666695,30,0.0,4.0066666666666695,NEAR_ATM,WITHIN_TOLERANCE,186,bars/O_AMC260306P00001500.json,True,2026-01-30,2026-03-06
2026-02-06T17:15:00+00:00,2026-02-06T17:30:00+00:00,2026-02-06,1.4765,CONTINUATION,ADD,92.0,64.0,0.0,HOLDOUT,AMC15X-062,O:AMC260220C00001500,CALL,1.5,2026-02-20,14,-1.5666666666666718,14,0.0,1.5666666666666718,NEAR_ATM,WITHIN_TOLERANCE,589,bars/O_AMC260220C00001500.json,True,2026-01-15,2026-02-20
2026-02-06T17:15:00+00:00,2026-02-06T17:30:00+00:00,2026-02-06,1.4765,CONTINUATION,ADD,92.0,64.0,0.0,HOLDOUT,AMC15X-062,O:AMC260306C00001500,CALL,1.5,2026-03-06,28,-1.5666666666666718,30,0.0,1.5666666666666718,NEAR_ATM,WITHIN_TOLERANCE,483,bars/O_AMC260306C00001500.json,True,2026-01-30,2026-03-06
2026-02-06T17:15:00+00:00,2026-02-06T17:30:00+00:00,2026-02-06,1.4765,CONTINUATION,ADD,92.0,64.0,0.0,HOLDOUT,AMC15X-062,O:AMC260220P00001500,PUT,1.5,2026-02-20,14,1.5666666666666718,14,0.0,1.5666666666666718,NEAR_ATM,WITHIN_TOLERANCE,373,bars/O_AMC260220P00001500.json,True,2026-01-15,2026-02-20
2026-02-06T17:15:00+00:00,2026-02-06T17:30:00+00:00,2026-02-06,1.4765,CONTINUATION,ADD,92.0,64.0,0.0,HOLDOUT,AMC15X-062,O:AMC260306P00001500,PUT,1.5,2026-03-06,28,1.5666666666666718,30,0.0,1.5666666666666718,NEAR_ATM,WITHIN_TOLERANCE,186,bars/O_AMC260306P00001500.json,True,2026-01-30,2026-03-06
2026-02-09T15:15:00+00:00,2026-02-09T15:30:00+00:00,2026-02-09,1.375,THESIS_PRESSURE,FAIL TEST,28.0,11.0,4.0,HOLDOUT,AMC15X-063,O:AMC260220C00001500,CALL,1.5,2026-02-20,11,-8.333333333333332,14,0.0,8.333333333333332,MODERATE,NEAREST_REGULAR_STRIKE,589,bars/O_AMC260220C00001500.json,True,2026-01-15,2026-02-20
2026-02-09T15:15:00+00:00,2026-02-09T15:30:00+00:00,2026-02-09,1.375,THESIS_PRESSURE,FAIL TEST,28.0,11.0,4.0,HOLDOUT,AMC15X-063,O:AMC260313C00001500,CALL,1.5,2026-03-13,32,-8.333333333333332,30,0.0,8.333333333333332,MODERATE,NEAREST_REGULAR_STRIKE,309,bars/O_AMC260313C00001500.json,False,2026-02-02,2026-03-03
2026-02-09T15:15:00+00:00,2026-02-09T15:30:00+00:00,2026-02-09,1.375,THESIS_PRESSURE,FAIL TEST,28.0,11.0,4.0,HOLDOUT,AMC15X-063,O:AMC260220P00001500,PUT,1.5,2026-02-20,11,8.333333333333332,14,0.0,8.333333333333332,MODERATE,NEAREST_REGULAR_STRIKE,373,bars/O_AMC260220P00001500.json,True,2026-01-15,2026-02-20
2026-02-09T15:15:00+00:00,2026-02-09T15:30:00+00:00,2026-02-09,1.375,THESIS_PRESSURE,FAIL TEST,28.0,11.0,4.0,HOLDOUT,AMC15X-063,O:AMC260313P00001500,PUT,1.5,2026-03-13,32,8.333333333333332,30,0.0,8.333333333333332,MODERATE,NEAREST_REGULAR_STRIKE,48,bars/O_AMC260313P00001500.json,False,2026-02-02,2026-03-03
2026-02-10T16:30:00+00:00,2026-02-10T16:45:00+00:00,2026-02-10,1.385,ENTRY_FORMING,STRONG START,89.0,59.0,0.0,HOLDOUT,AMC15SUP-041,O:AMC260227C00001500,CALL,1.5,2026-02-27,17,-7.666666666666666,14,0.0,7.666666666666666,MODERATE,NEAREST_REGULAR_STRIKE,420,bars/O_AMC260227C00001500.json,False,2026-02-03,2026-02-27
2026-02-10T16:30:00+00:00,2026-02-10T16:45:00+00:00,2026-02-10,1.385,ENTRY_FORMING,STRONG START,89.0,59.0,0.0,HOLDOUT,AMC15SUP-041,O:AMC260313C00001500,CALL,1.5,2026-03-13,31,-7.666666666666666,30,0.0,7.666666666666666,MODERATE,NEAREST_REGULAR_STRIKE,309,bars/O_AMC260313C00001500.json,False,2026-02-02,2026-03-03
2026-02-10T16:30:00+00:00,2026-02-10T16:45:00+00:00,2026-02-10,1.385,ENTRY_FORMING,STRONG START,89.0,59.0,0.0,HOLDOUT,AMC15SUP-041,O:AMC260227P00001500,PUT,1.5,2026-02-27,17,7.666666666666666,14,0.0,7.666666666666666,MODERATE,NEAREST_REGULAR_STRIKE,210,bars/O_AMC260227P00001500.json,False,2026-02-03,2026-02-27
2026-02-10T16:30:00+00:00,2026-02-10T16:45:00+00:00,2026-02-10,1.385,ENTRY_FORMING,STRONG START,89.0,59.0,0.0,HOLDOUT,AMC15SUP-041,O:AMC260313P00001500,PUT,1.5,2026-03-13,31,7.666666666666666,30,0.0,7.666666666666666,MODERATE,NEAREST_REGULAR_STRIKE,48,bars/O_AMC260313P00001500.json,False,2026-02-02,2026-03-03
2026-02-18T15:00:00+00:00,2026-02-18T15:15:00+00:00,2026-02-18,1.2599,ENTRY_FORMING,STRONG START,89.0,60.0,0.0,HOLDOUT,AMC15SUP-042,O:AMC260306C00001500,CALL,1.5,2026-03-06,16,-16.006666666666668,14,0.0,16.006666666666668,MODERATE,NEAREST_REGULAR_STRIKE,483,bars/O_AMC260306C00001500.json,True,2026-01-30,2026-03-06
2026-02-18T15:00:00+00:00,2026-02-18T15:15:00+00:00,2026-02-18,1.2599,ENTRY_FORMING,STRONG START,89.0,60.0,0.0,HOLDOUT,AMC15SUP-042,O:AMC260320C00001500,CALL,1.5,2026-03-20,30,-16.006666666666668,30,0.0,16.006666666666668,MODERATE,NEAREST_REGULAR_STRIKE,547,bars/O_AMC260320C00001500.json,False,2026-02-11,2026-03-13
2026-02-18T15:00:00+00:00,2026-02-18T15:15:00+00:00,2026-02-18,1.2599,ENTRY_FORMING,STRONG START,89.0,60.0,0.0,HOLDOUT,AMC15SUP-042,O:AMC260306P00001500,PUT,1.5,2026-03-06,16,16.006666666666668,14,0.0,16.006666666666668,MODERATE,NEAREST_REGULAR_STRIKE,186,bars/O_AMC260306P00001500.json,True,2026-01-30,2026-03-06
2026-02-18T15:00:00+00:00,2026-02-18T15:15:00+00:00,2026-02-18,1.2599,ENTRY_FORMING,STRONG START,89.0,60.0,0.0,HOLDOUT,AMC15SUP-042,O:AMC260320P00001500,PUT,1.5,2026-03-20,30,16.006666666666668,30,0.0,16.006666666666668,MODERATE,NEAREST_REGULAR_STRIKE,175,bars/O_AMC260320P00001500.json,False,2026-02-11,2026-03-13
2026-02-19T14:45:00+00:00,2026-02-19T15:00:00+00:00,2026-02-19,1.255,CONTINUATION,RELOAD,15.0,28.0,0.0,HOLDOUT,AMC15SUP-043,O:AMC260306C00001500,CALL,1.5,2026-03-06,15,-16.333333333333343,14,0.0,16.333333333333343,MODERATE,NEAREST_REGULAR_STRIKE,483,bars/O_AMC260306C00001500.json,True,2026-01-30,2026-03-06
2026-02-19T14:45:00+00:00,2026-02-19T15:00:00+00:00,2026-02-19,1.255,CONTINUATION,RELOAD,15.0,28.0,0.0,HOLDOUT,AMC15SUP-043,O:AMC260320C00001500,CALL,1.5,2026-03-20,29,-16.333333333333343,30,0.0,16.333333333333343,MODERATE,NEAREST_REGULAR_STRIKE,547,bars/O_AMC260320C00001500.json,False,2026-02-11,2026-03-13
2026-02-19T14:45:00+00:00,2026-02-19T15:00:00+00:00,2026-02-19,1.255,CONTINUATION,RELOAD,15.0,28.0,0.0,HOLDOUT,AMC15SUP-043,O:AMC260306P00001500,PUT,1.5,2026-03-06,15,16.333333333333343,14,0.0,16.333333333333343,MODERATE,NEAREST_REGULAR_STRIKE,186,bars/O_AMC260306P00001500.json,True,2026-01-30,2026-03-06
2026-02-19T14:45:00+00:00,2026-02-19T15:00:00+00:00,2026-02-19,1.255,CONTINUATION,RELOAD,15.0,28.0,0.0,HOLDOUT,AMC15SUP-043,O:AMC260320P00001500,PUT,1.5,2026-03-20,29,16.333333333333343,30,0.0,16.333333333333343,MODERATE,NEAREST_REGULAR_STRIKE,175,bars/O_AMC260320P00001500.json,False,2026-02-11,2026-03-13
2026-02-20T16:00:00+00:00,2026-02-20T16:15:00+00:00,2026-02-20,1.205,THESIS_PRESSURE,FAIL TEST,2.0,0.0,9.0,HOLDOUT,AMC15X-064,O:AMC260306C00001500,CALL,1.5,2026-03-06,14,-19.666666666666664,14,0.0,19.666666666666664,MODERATE,NEAREST_REGULAR_STRIKE,483,bars/O_AMC260306C00001500.json,True,2026-01-30,2026-03-06
2026-02-20T16:00:00+00:00,2026-02-20T16:15:00+00:00,2026-02-20,1.205,THESIS_PRESSURE,FAIL TEST,2.0,0.0,9.0,HOLDOUT,AMC15X-064,O:AMC260320C00001500,CALL,1.5,2026-03-20,28,-19.666666666666664,30,0.0,19.666666666666664,MODERATE,NEAREST_REGULAR_STRIKE,547,bars/O_AMC260320C00001500.json,False,2026-02-11,2026-03-13
2026-02-20T16:00:00+00:00,2026-02-20T16:15:00+00:00,2026-02-20,1.205,THESIS_PRESSURE,FAIL TEST,2.0,0.0,9.0,HOLDOUT,AMC15X-064,O:AMC260306P00001500,PUT,1.5,2026-03-06,14,19.666666666666664,14,0.0,19.666666666666664,MODERATE,NEAREST_REGULAR_STRIKE,186,bars/O_AMC260306P00001500.json,True,2026-01-30,2026-03-06
2026-02-20T16:00:00+00:00,2026-02-20T16:15:00+00:00,2026-02-20,1.205,THESIS_PRESSURE,FAIL TEST,2.0,0.0,9.0,HOLDOUT,AMC15X-064,O:AMC260320P00001500,PUT,1.5,2026-03-20,28,19.666666666666664,30,0.0,19.666666666666664,MODERATE,NEAREST_REGULAR_STRIKE,175,bars/O_AMC260320P00001500.json,False,2026-02-11,2026-03-13
2026-03-05T14:30:00+00:00,2026-03-05T14:45:00+00:00,2026-03-05,1.2,ENTRY_FORMING,STRONG START,88.0,62.0,0.0,HOLDOUT,AMC15X-065,O:AMC260320C00001000,CALL,1.0,2026-03-20,15,19.999999999999996,14,0.0,19.999999999999996,MODERATE,NEAREST_REGULAR_STRIKE,317,bars/O_AMC260320C00001000.json,True,2026-02-26,2026-03-20
2026-03-05T14:30:00+00:00,2026-03-05T14:45:00+00:00,2026-03-05,1.2,ENTRY_FORMING,STRONG START,88.0,62.0,0.0,HOLDOUT,AMC15X-065,O:AMC260402C00001000,CALL,1.0,2026-04-02,28,19.999999999999996,30,0.0,19.999999999999996,MODERATE,NEAREST_REGULAR_STRIKE,364,bars/O_AMC260402C00001000.json,False,2026-02-26,2026-04-02
2026-03-05T14:30:00+00:00,2026-03-05T14:45:00+00:00,2026-03-05,1.2,ENTRY_FORMING,STRONG START,88.0,62.0,0.0,HOLDOUT,AMC15X-065,O:AMC260320P00001000,PUT,1.0,2026-03-20,15,-19.999999999999996,14,0.0,19.999999999999996,MODERATE,NEAREST_REGULAR_STRIKE,242,bars/O_AMC260320P00001000.json,True,2026-02-26,2026-03-20
2026-03-05T14:30:00+00:00,2026-03-05T14:45:00+00:00,2026-03-05,1.2,ENTRY_FORMING,STRONG START,88.0,62.0,0.0,HOLDOUT,AMC15X-065,O:AMC260402P00001000,PUT,1.0,2026-04-02,28,-19.999999999999996,30,0.0,19.999999999999996,MODERATE,NEAREST_REGULAR_STRIKE,272,bars/O_AMC260402P00001000.json,False,2026-02-26,2026-04-02
2026-03-13T18:30:00+00:00,2026-03-13T18:45:00+00:00,2026-03-13,1.105,ENTRY_FORMING,STRONG START,93.0,61.0,0.0,HOLDOUT,AMC15SUP-044,O:AMC260327C00001000,CALL,1.0,2026-03-27,14,10.499999999999998,14,0.0,10.499999999999998,MODERATE,NEAREST_REGULAR_STRIKE,279,bars/O_AMC260327C00001000.json,False,2026-03-06,2026-03-27
2026-03-13T18:30:00+00:00,2026-03-13T18:45:00+00:00,2026-03-13,1.105,ENTRY_FORMING,STRONG START,93.0,61.0,0.0,HOLDOUT,AMC15SUP-044,O:AMC260410C00001000,CALL,1.0,2026-04-10,28,10.499999999999998,30,0.0,10.499999999999998,MODERATE,NEAREST_REGULAR_STRIKE,384,bars/O_AMC260410C00001000.json,False,2026-03-06,2026-04-10
2026-03-13T18:30:00+00:00,2026-03-13T18:45:00+00:00,2026-03-13,1.105,ENTRY_FORMING,STRONG START,93.0,61.0,0.0,HOLDOUT,AMC15SUP-044,O:AMC260327P00001000,PUT,1.0,2026-03-27,14,-10.499999999999998,14,0.0,10.499999999999998,MODERATE,NEAREST_REGULAR_STRIKE,214,bars/O_AMC260327P00001000.json,False,2026-03-06,2026-03-27
2026-03-13T18:30:00+00:00,2026-03-13T18:45:00+00:00,2026-03-13,1.105,ENTRY_FORMING,STRONG START,93.0,61.0,0.0,HOLDOUT,AMC15SUP-044,O:AMC260410P00001000,PUT,1.0,2026-04-10,28,-10.499999999999998,30,0.0,10.499999999999998,MODERATE,NEAREST_REGULAR_STRIKE,217,bars/O_AMC260410P00001000.json,False,2026-03-06,2026-04-10
2026-03-19T19:00:00+00:00,2026-03-19T19:15:00+00:00,2026-03-19,1.04,ENTRY_FORMING,STRONG START,80.0,55.0,0.0,HOLDOUT,AMC15SUP-045,O:AMC260402C00001000,CALL,1.0,2026-04-02,14,4.0000000000000036,14,0.0,4.0000000000000036,NEAR_ATM,WITHIN_TOLERANCE,364,bars/O_AMC260402C00001000.json,False,2026-02-26,2026-04-02
2026-03-19T19:00:00+00:00,2026-03-19T19:15:00+00:00,2026-03-19,1.04,ENTRY_FORMING,STRONG START,80.0,55.0,0.0,HOLDOUT,AMC15SUP-045,O:AMC260417C00001000,CALL,1.0,2026-04-17,29,4.0000000000000036,30,0.0,4.0000000000000036,NEAR_ATM,WITHIN_TOLERANCE,534,bars/O_AMC260417C00001000.json,False,2026-03-12,2026-04-17
2026-03-19T19:00:00+00:00,2026-03-19T19:15:00+00:00,2026-03-19,1.04,ENTRY_FORMING,STRONG START,80.0,55.0,0.0,HOLDOUT,AMC15SUP-045,O:AMC260402P00001000,PUT,1.0,2026-04-02,14,-4.0000000000000036,14,0.0,4.0000000000000036,NEAR_ATM,WITHIN_TOLERANCE,272,bars/O_AMC260402P00001000.json,False,2026-02-26,2026-04-02
2026-03-19T19:00:00+00:00,2026-03-19T19:15:00+00:00,2026-03-19,1.04,ENTRY_FORMING,STRONG START,80.0,55.0,0.0,HOLDOUT,AMC15SUP-045,O:AMC260417P00001000,PUT,1.0,2026-04-17,29,-4.0000000000000036,30,0.0,4.0000000000000036,NEAR_ATM,WITHIN_TOLERANCE,233,bars/O_AMC260417P00001000.json,False,2026-03-12,2026-04-17
2026-03-30T16:30:00+00:00,2026-03-30T16:45:00+00:00,2026-03-30,1.055,RISK_OR_EXHAUSTION,MANAGE,86.0,55.0,0.0,HOLDOUT,AMC15X-066,O:AMC260410C00001000,CALL,1.0,2026-04-10,11,5.499999999999994,14,0.0,5.499999999999994,NEAR_ATM,WITHIN_TOLERANCE,384,bars/O_AMC260410C00001000.json,False,2026-03-06,2026-04-10
2026-03-30T16:30:00+00:00,2026-03-30T16:45:00+00:00,2026-03-30,1.055,RISK_OR_EXHAUSTION,MANAGE,86.0,55.0,0.0,HOLDOUT,AMC15X-066,O:AMC260501C00001000,CALL,1.0,2026-05-01,32,5.499999999999994,30,0.0,5.499999999999994,NEAR_ATM,WITHIN_TOLERANCE,333,bars/O_AMC260501C00001000.json,False,2026-03-23,2026-04-23
2026-03-30T16:30:00+00:00,2026-03-30T16:45:00+00:00,2026-03-30,1.055,RISK_OR_EXHAUSTION,MANAGE,86.0,55.0,0.0,HOLDOUT,AMC15X-066,O:AMC260410P00001000,PUT,1.0,2026-04-10,11,-5.499999999999994,14,0.0,5.499999999999994,NEAR_ATM,WITHIN_TOLERANCE,217,bars/O_AMC260410P00001000.json,False,2026-03-06,2026-04-10
2026-03-30T16:30:00+00:00,2026-03-30T16:45:00+00:00,2026-03-30,1.055,RISK_OR_EXHAUSTION,MANAGE,86.0,55.0,0.0,HOLDOUT,AMC15X-066,O:AMC260501P00001000,PUT,1.0,2026-05-01,32,-5.499999999999994,30,0.0,5.499999999999994,NEAR_ATM,WITHIN_TOLERANCE,129,bars/O_AMC260501P00001000.json,False,2026-03-23,2026-04-23
2026-03-31T16:45:00+00:00,2026-03-31T17:00:00+00:00,2026-03-31,1.0299,ENTRY_FORMING,STRONG START,96.0,65.0,0.0,HOLDOUT,AMC15X-067,O:AMC260417C00001000,CALL,1.0,2026-04-17,17,2.9900000000000038,14,0.0,2.9900000000000038,NEAR_ATM,WITHIN_TOLERANCE,534,bars/O_AMC260417C00001000.json,False,2026-03-12,2026-04-17
2026-03-31T16:45:00+00:00,2026-03-31T17:00:00+00:00,2026-03-31,1.0299,ENTRY_FORMING,STRONG START,96.0,65.0,0.0,HOLDOUT,AMC15X-067,O:AMC260501C00001000,CALL,1.0,2026-05-01,31,2.9900000000000038,30,0.0,2.9900000000000038,NEAR_ATM,WITHIN_TOLERANCE,333,bars/O_AMC260501C00001000.json,False,2026-03-23,2026-04-23
2026-03-31T16:45:00+00:00,2026-03-31T17:00:00+00:00,2026-03-31,1.0299,ENTRY_FORMING,STRONG START,96.0,65.0,0.0,HOLDOUT,AMC15X-067,O:AMC260417P00001000,PUT,1.0,2026-04-17,17,-2.9900000000000038,14,0.0,2.9900000000000038,NEAR_ATM,WITHIN_TOLERANCE,233,bars/O_AMC260417P00001000.json,False,2026-03-12,2026-04-17
2026-03-31T16:45:00+00:00,2026-03-31T17:00:00+00:00,2026-03-31,1.0299,ENTRY_FORMING,STRONG START,96.0,65.0,0.0,HOLDOUT,AMC15X-067,O:AMC260501P00001000,PUT,1.0,2026-05-01,31,-2.9900000000000038,30,0.0,2.9900000000000038,NEAR_ATM,WITHIN_TOLERANCE,129,bars/O_AMC260501P00001000.json,False,2026-03-23,2026-04-23
2026-04-02T15:00:00+00:00,2026-04-02T15:15:00+00:00,2026-04-02,1.035,CONTINUATION,ADD,80.0,55.0,2.0,HOLDOUT,AMC15SUP-046,O:AMC260417C00001000,CALL,1.0,2026-04-17,15,3.499999999999992,14,0.0,3.499999999999992,NEAR_ATM,WITHIN_TOLERANCE,534,bars/O_AMC260417C00001000.json,False,2026-03-12,2026-04-17
2026-04-02T15:00:00+00:00,2026-04-02T15:15:00+00:00,2026-04-02,1.035,CONTINUATION,ADD,80.0,55.0,2.0,HOLDOUT,AMC15SUP-046,O:AMC260501C00001000,CALL,1.0,2026-05-01,29,3.499999999999992,30,0.0,3.499999999999992,NEAR_ATM,WITHIN_TOLERANCE,333,bars/O_AMC260501C00001000.json,False,2026-03-23,2026-04-23
2026-04-02T15:00:00+00:00,2026-04-02T15:15:00+00:00,2026-04-02,1.035,CONTINUATION,ADD,80.0,55.0,2.0,HOLDOUT,AMC15SUP-046,O:AMC260417P00001000,PUT,1.0,2026-04-17,15,-3.499999999999992,14,0.0,3.499999999999992,NEAR_ATM,WITHIN_TOLERANCE,233,bars/O_AMC260417P00001000.json,False,2026-03-12,2026-04-17
2026-04-02T15:00:00+00:00,2026-04-02T15:15:00+00:00,2026-04-02,1.035,CONTINUATION,ADD,80.0,55.0,2.0,HOLDOUT,AMC15SUP-046,O:AMC260501P00001000,PUT,1.0,2026-05-01,29,-3.499999999999992,30,0.0,3.499999999999992,NEAR_ATM,WITHIN_TOLERANCE,129,bars/O_AMC260501P00001000.json,False,2026-03-23,2026-04-23
2026-04-07T13:30:00+00:00,2026-04-07T13:45:00+00:00,2026-04-07,1.2284,ENTRY_FORMING,CAMPAIGN START,100.0,72.0,0.0,HOLDOUT,AMC15SUP-047,O:AMC260424C00001500,CALL,1.5,2026-04-24,17,-18.10666666666667,14,0.0,18.10666666666667,MODERATE,NEAREST_REGULAR_STRIKE,457,bars/O_AMC260424C00001500.json,False,2026-03-31,2026-04-24
2026-04-07T13:30:00+00:00,2026-04-07T13:45:00+00:00,2026-04-07,1.2284,ENTRY_FORMING,CAMPAIGN START,100.0,72.0,0.0,HOLDOUT,AMC15SUP-047,O:AMC260508C00001500,CALL,1.5,2026-05-08,31,-18.10666666666667,30,0.0,18.10666666666667,MODERATE,NEAREST_REGULAR_STRIKE,600,bars/O_AMC260508C00001500.json,False,2026-03-31,2026-05-08
2026-04-07T13:30:00+00:00,2026-04-07T13:45:00+00:00,2026-04-07,1.2284,ENTRY_FORMING,CAMPAIGN START,100.0,72.0,0.0,HOLDOUT,AMC15SUP-047,O:AMC260424P00001500,PUT,1.5,2026-04-24,17,18.10666666666667,14,0.0,18.10666666666667,MODERATE,NEAREST_REGULAR_STRIKE,244,bars/O_AMC260424P00001500.json,False,2026-03-31,2026-04-24
2026-04-07T13:30:00+00:00,2026-04-07T13:45:00+00:00,2026-04-07,1.2284,ENTRY_FORMING,CAMPAIGN START,100.0,72.0,0.0,HOLDOUT,AMC15SUP-047,O:AMC260508P00001500,PUT,1.5,2026-05-08,31,18.10666666666667,30,0.0,18.10666666666667,MODERATE,NEAREST_REGULAR_STRIKE,400,bars/O_AMC260508P00001500.json,False,2026-03-31,2026-05-08
2026-04-08T13:45:00+00:00,2026-04-08T14:00:00+00:00,2026-04-08,1.3323,RISK_OR_EXHAUSTION,MANAGE,95.0,68.0,0.0,HOLDOUT,AMC15X-068,O:AMC260424C00001500,CALL,1.5,2026-04-24,16,-11.179999999999996,14,0.0,11.179999999999996,MODERATE,NEAREST_REGULAR_STRIKE,457,bars/O_AMC260424C00001500.json,False,2026-03-31,2026-04-24
2026-04-08T13:45:00+00:00,2026-04-08T14:00:00+00:00,2026-04-08,1.3323,RISK_OR_EXHAUSTION,MANAGE,95.0,68.0,0.0,HOLDOUT,AMC15X-068,O:AMC260508C00001500,CALL,1.5,2026-05-08,30,-11.179999999999996,30,0.0,11.179999999999996,MODERATE,NEAREST_REGULAR_STRIKE,600,bars/O_AMC260508C00001500.json,False,2026-03-31,2026-05-08
2026-04-08T13:45:00+00:00,2026-04-08T14:00:00+00:00,2026-04-08,1.3323,RISK_OR_EXHAUSTION,MANAGE,95.0,68.0,0.0,HOLDOUT,AMC15X-068,O:AMC260424P00001500,PUT,1.5,2026-04-24,16,11.179999999999996,14,0.0,11.179999999999996,MODERATE,NEAREST_REGULAR_STRIKE,244,bars/O_AMC260424P00001500.json,False,2026-03-31,2026-04-24
2026-04-08T13:45:00+00:00,2026-04-08T14:00:00+00:00,2026-04-08,1.3323,RISK_OR_EXHAUSTION,MANAGE,95.0,68.0,0.0,HOLDOUT,AMC15X-068,O:AMC260508P00001500,PUT,1.5,2026-05-08,30,11.179999999999996,30,0.0,11.179999999999996,MODERATE,NEAREST_REGULAR_STRIKE,400,bars/O_AMC260508P00001500.json,False,2026-03-31,2026-05-08
2026-04-08T19:30:00+00:00,2026-04-08T19:45:00+00:00,2026-04-08,1.325,ENTRY_FORMING,IGNITION,100.0,73.0,0.0,HOLDOUT,AMC15SUP-048,O:AMC260424C00001500,CALL,1.5,2026-04-24,16,-11.66666666666667,14,0.0,11.66666666666667,MODERATE,NEAREST_REGULAR_STRIKE,457,bars/O_AMC260424C00001500.json,False,2026-03-31,2026-04-24
2026-04-08T19:30:00+00:00,2026-04-08T19:45:00+00:00,2026-04-08,1.325,ENTRY_FORMING,IGNITION,100.0,73.0,0.0,HOLDOUT,AMC15SUP-048,O:AMC260508C00001500,CALL,1.5,2026-05-08,30,-11.66666666666667,30,0.0,11.66666666666667,MODERATE,NEAREST_REGULAR_STRIKE,600,bars/O_AMC260508C00001500.json,False,2026-03-31,2026-05-08
2026-04-08T19:30:00+00:00,2026-04-08T19:45:00+00:00,2026-04-08,1.325,ENTRY_FORMING,IGNITION,100.0,73.0,0.0,HOLDOUT,AMC15SUP-048,O:AMC260424P00001500,PUT,1.5,2026-04-24,16,11.66666666666667,14,0.0,11.66666666666667,MODERATE,NEAREST_REGULAR_STRIKE,244,bars/O_AMC260424P00001500.json,False,2026-03-31,2026-04-24
2026-04-08T19:30:00+00:00,2026-04-08T19:45:00+00:00,2026-04-08,1.325,ENTRY_FORMING,IGNITION,100.0,73.0,0.0,HOLDOUT,AMC15SUP-048,O:AMC260508P00001500,PUT,1.5,2026-05-08,30,11.66666666666667,30,0.0,11.66666666666667,MODERATE,NEAREST_REGULAR_STRIKE,400,bars/O_AMC260508P00001500.json,False,2026-03-31,2026-05-08
2026-04-14T19:45:00+00:00,2026-04-14T20:00:00+00:00,2026-04-14,1.5363,ENTRY_FORMING,IGNITION,100.0,82.0,0.0,HOLDOUT,AMC15X-069,O:AMC260501C00001500,CALL,1.5,2026-05-01,17,2.42,14,0.0,2.42,NEAR_ATM,WITHIN_TOLERANCE,474,bars/O_AMC260501C00001500.json,True,2026-04-07,2026-05-01
2026-04-14T19:45:00+00:00,2026-04-14T20:00:00+00:00,2026-04-14,1.5363,ENTRY_FORMING,IGNITION,100.0,82.0,0.0,HOLDOUT,AMC15X-069,O:AMC260515C00001500,CALL,1.5,2026-05-15,31,2.42,30,0.0,2.42,NEAR_ATM,WITHIN_TOLERANCE,690,bars/O_AMC260515C00001500.json,True,2026-04-07,2026-05-15
2026-04-14T19:45:00+00:00,2026-04-14T20:00:00+00:00,2026-04-14,1.5363,ENTRY_FORMING,IGNITION,100.0,82.0,0.0,HOLDOUT,AMC15X-069,O:AMC260501P00001500,PUT,1.5,2026-05-01,17,-2.42,14,0.0,2.42,NEAR_ATM,WITHIN_TOLERANCE,358,bars/O_AMC260501P00001500.json,True,2026-04-07,2026-05-01
2026-04-14T19:45:00+00:00,2026-04-14T20:00:00+00:00,2026-04-14,1.5363,ENTRY_FORMING,IGNITION,100.0,82.0,0.0,HOLDOUT,AMC15X-069,O:AMC260515P00001500,PUT,1.5,2026-05-15,31,-2.42,30,0.0,2.42,NEAR_ATM,WITHIN_TOLERANCE,472,bars/O_AMC260515P00001500.json,True,2026-04-07,2026-05-15
2026-04-15T15:30:00+00:00,2026-04-15T15:45:00+00:00,2026-04-15,1.58,CONTINUATION,ADD,100.0,80.0,0.0,HOLDOUT,AMC15X-070,O:AMC260501C00001500,CALL,1.5,2026-05-01,16,5.3333333333333375,14,0.0,5.3333333333333375,NEAR_ATM,WITHIN_TOLERANCE,474,bars/O_AMC260501C00001500.json,True,2026-04-07,2026-05-01
2026-04-15T15:30:00+00:00,2026-04-15T15:45:00+00:00,2026-04-15,1.58,CONTINUATION,ADD,100.0,80.0,0.0,HOLDOUT,AMC15X-070,O:AMC260515C00001500,CALL,1.5,2026-05-15,30,5.3333333333333375,30,0.0,5.3333333333333375,NEAR_ATM,WITHIN_TOLERANCE,690,bars/O_AMC260515C00001500.json,True,2026-04-07,2026-05-15
2026-04-15T15:30:00+00:00,2026-04-15T15:45:00+00:00,2026-04-15,1.58,CONTINUATION,ADD,100.0,80.0,0.0,HOLDOUT,AMC15X-070,O:AMC260501P00001500,PUT,1.5,2026-05-01,16,-5.3333333333333375,14,0.0,5.3333333333333375,NEAR_ATM,WITHIN_TOLERANCE,358,bars/O_AMC260501P00001500.json,True,2026-04-07,2026-05-01
2026-04-15T15:30:00+00:00,2026-04-15T15:45:00+00:00,2026-04-15,1.58,CONTINUATION,ADD,100.0,80.0,0.0,HOLDOUT,AMC15X-070,O:AMC260515P00001500,PUT,1.5,2026-05-15,30,-5.3333333333333375,30,0.0,5.3333333333333375,NEAR_ATM,WITHIN_TOLERANCE,472,bars/O_AMC260515P00001500.json,True,2026-04-07,2026-05-15
2026-04-15T19:15:00+00:00,2026-04-15T19:30:00+00:00,2026-04-15,1.62,CONTINUATION,ADD,99.0,84.0,0.0,HOLDOUT,AMC15SUP-049,O:AMC260501C00001500,CALL,1.5,2026-05-01,16,8.000000000000007,14,0.0,8.000000000000007,MODERATE,NEAREST_REGULAR_STRIKE,474,bars/O_AMC260501C00001500.json,True,2026-04-07,2026-05-01
2026-04-15T19:15:00+00:00,2026-04-15T19:30:00+00:00,2026-04-15,1.62,CONTINUATION,ADD,99.0,84.0,0.0,HOLDOUT,AMC15SUP-049,O:AMC260515C00001500,CALL,1.5,2026-05-15,30,8.000000000000007,30,0.0,8.000000000000007,MODERATE,NEAREST_REGULAR_STRIKE,690,bars/O_AMC260515C00001500.json,True,2026-04-07,2026-05-15
2026-04-15T19:15:00+00:00,2026-04-15T19:30:00+00:00,2026-04-15,1.62,CONTINUATION,ADD,99.0,84.0,0.0,HOLDOUT,AMC15SUP-049,O:AMC260501P00001500,PUT,1.5,2026-05-01,16,-8.000000000000007,14,0.0,8.000000000000007,MODERATE,NEAREST_REGULAR_STRIKE,358,bars/O_AMC260501P00001500.json,True,2026-04-07,2026-05-01
2026-04-15T19:15:00+00:00,2026-04-15T19:30:00+00:00,2026-04-15,1.62,CONTINUATION,ADD,99.0,84.0,0.0,HOLDOUT,AMC15SUP-049,O:AMC260515P00001500,PUT,1.5,2026-05-15,30,-8.000000000000007,30,0.0,8.000000000000007,MODERATE,NEAREST_REGULAR_STRIKE,472,bars/O_AMC260515P00001500.json,True,2026-04-07,2026-05-15
2026-04-20T19:30:00+00:00,2026-04-20T19:45:00+00:00,2026-04-20,1.84,ENTRY_FORMING,STRONG START,100.0,92.0,0.0,HOLDOUT,AMC15SUP-050,O:AMC260501C00002000,CALL,2.0,2026-05-01,11,-7.9999999999999964,14,0.0,7.9999999999999964,MODERATE,NEAREST_REGULAR_STRIKE,358,bars/O_AMC260501C00002000.json,False,2026-04-13,2026-05-01
2026-04-20T19:30:00+00:00,2026-04-20T19:45:00+00:00,2026-04-20,1.84,ENTRY_FORMING,STRONG START,100.0,92.0,0.0,HOLDOUT,AMC15SUP-050,O:AMC260522C00002000,CALL,2.0,2026-05-22,32,-7.9999999999999964,30,0.0,7.9999999999999964,MODERATE,NEAREST_REGULAR_STRIKE,445,bars/O_AMC260522C00002000.json,False,2026-04-13,2026-05-12
2026-04-20T19:30:00+00:00,2026-04-20T19:45:00+00:00,2026-04-20,1.84,ENTRY_FORMING,STRONG START,100.0,92.0,0.0,HOLDOUT,AMC15SUP-050,O:AMC260501P00002000,PUT,2.0,2026-05-01,11,7.9999999999999964,14,0.0,7.9999999999999964,MODERATE,NEAREST_REGULAR_STRIKE,136,bars/O_AMC260501P00002000.json,False,2026-04-13,2026-05-01
2026-04-20T19:30:00+00:00,2026-04-20T19:45:00+00:00,2026-04-20,1.84,ENTRY_FORMING,STRONG START,100.0,92.0,0.0,HOLDOUT,AMC15SUP-050,O:AMC260522P00002000,PUT,2.0,2026-05-22,32,7.9999999999999964,30,0.0,7.9999999999999964,MODERATE,NEAREST_REGULAR_STRIKE,65,bars/O_AMC260522P00002000.json,False,2026-04-13,2026-05-12
2026-04-21T15:15:00+00:00,2026-04-21T15:30:00+00:00,2026-04-21,1.68,THESIS_PRESSURE,FAIL TEST,14.0,0.0,8.0,HOLDOUT,AMC15X-071,O:AMC260508C00001500,CALL,1.5,2026-05-08,17,11.999999999999995,14,0.0,11.999999999999995,MODERATE,NEAREST_REGULAR_STRIKE,600,bars/O_AMC260508C00001500.json,False,2026-03-31,2026-05-08
2026-04-21T15:15:00+00:00,2026-04-21T15:30:00+00:00,2026-04-21,1.68,THESIS_PRESSURE,FAIL TEST,14.0,0.0,8.0,HOLDOUT,AMC15X-071,O:AMC260522C00001500,CALL,1.5,2026-05-22,31,11.999999999999995,30,0.0,11.999999999999995,MODERATE,NEAREST_REGULAR_STRIKE,600,bars/O_AMC260522C00001500.json,True,2026-04-14,2026-05-22
2026-04-21T15:15:00+00:00,2026-04-21T15:30:00+00:00,2026-04-21,1.68,THESIS_PRESSURE,FAIL TEST,14.0,0.0,8.0,HOLDOUT,AMC15X-071,O:AMC260508P00001500,PUT,1.5,2026-05-08,17,-11.999999999999995,14,0.0,11.999999999999995,MODERATE,NEAREST_REGULAR_STRIKE,400,bars/O_AMC260508P00001500.json,False,2026-03-31,2026-05-08
2026-04-21T15:15:00+00:00,2026-04-21T15:30:00+00:00,2026-04-21,1.68,THESIS_PRESSURE,FAIL TEST,14.0,0.0,8.0,HOLDOUT,AMC15X-071,O:AMC260522P00001500,PUT,1.5,2026-05-22,31,-11.999999999999995,30,0.0,11.999999999999995,MODERATE,NEAREST_REGULAR_STRIKE,364,bars/O_AMC260522P00001500.json,True,2026-04-14,2026-05-22
2026-04-21T19:15:00+00:00,2026-04-21T19:30:00+00:00,2026-04-21,1.715,CONTINUATION,RELOAD,9.0,25.0,0.0,HOLDOUT,AMC15SUP-051,O:AMC260508C00002000,CALL,2.0,2026-05-08,17,-14.249999999999996,14,0.0,14.249999999999996,MODERATE,NEAREST_REGULAR_STRIKE,462,bars/O_AMC260508C00002000.json,False,2026-04-14,2026-05-08
2026-04-21T19:15:00+00:00,2026-04-21T19:30:00+00:00,2026-04-21,1.715,CONTINUATION,RELOAD,9.0,25.0,0.0,HOLDOUT,AMC15SUP-051,O:AMC260522C00002000,CALL,2.0,2026-05-22,31,-14.249999999999996,30,0.0,14.249999999999996,MODERATE,NEAREST_REGULAR_STRIKE,445,bars/O_AMC260522C00002000.json,False,2026-04-13,2026-05-12
2026-04-21T19:15:00+00:00,2026-04-21T19:30:00+00:00,2026-04-21,1.715,CONTINUATION,RELOAD,9.0,25.0,0.0,HOLDOUT,AMC15SUP-051,O:AMC260508P00002000,PUT,2.0,2026-05-08,17,14.249999999999996,14,0.0,14.249999999999996,MODERATE,NEAREST_REGULAR_STRIKE,136,bars/O_AMC260508P00002000.json,False,2026-04-14,2026-05-08
2026-04-21T19:15:00+00:00,2026-04-21T19:30:00+00:00,2026-04-21,1.715,CONTINUATION,RELOAD,9.0,25.0,0.0,HOLDOUT,AMC15SUP-051,O:AMC260522P00002000,PUT,2.0,2026-05-22,31,14.249999999999996,30,0.0,14.249999999999996,MODERATE,NEAREST_REGULAR_STRIKE,65,bars/O_AMC260522P00002000.json,False,2026-04-13,2026-05-12
2026-04-27T19:45:00+00:00,2026-04-27T20:00:00+00:00,2026-04-27,1.65,ENTRY_FORMING,STRONG START,89.0,62.0,0.0,HOLDOUT,AMC15SUP-052,O:AMC260508C00001500,CALL,1.5,2026-05-08,11,9.999999999999993,14,0.0,9.999999999999993,MODERATE,NEAREST_REGULAR_STRIKE,600,bars/O_AMC260508C00001500.json,False,2026-03-31,2026-05-08
2026-04-27T19:45:00+00:00,2026-04-27T20:00:00+00:00,2026-04-27,1.65,ENTRY_FORMING,STRONG START,89.0,62.0,0.0,HOLDOUT,AMC15SUP-052,O:AMC260529C00001500,CALL,1.5,2026-05-29,32,9.999999999999993,30,0.0,9.999999999999993,MODERATE,NEAREST_REGULAR_STRIKE,620,bars/O_AMC260529C00001500.json,False,2026-04-20,2026-05-29
2026-04-27T19:45:00+00:00,2026-04-27T20:00:00+00:00,2026-04-27,1.65,ENTRY_FORMING,STRONG START,89.0,62.0,0.0,HOLDOUT,AMC15SUP-052,O:AMC260508P00001500,PUT,1.5,2026-05-08,11,-9.999999999999993,14,0.0,9.999999999999993,MODERATE,NEAREST_REGULAR_STRIKE,400,bars/O_AMC260508P00001500.json,False,2026-03-31,2026-05-08
2026-04-27T19:45:00+00:00,2026-04-27T20:00:00+00:00,2026-04-27,1.65,ENTRY_FORMING,STRONG START,89.0,62.0,0.0,HOLDOUT,AMC15SUP-052,O:AMC260529P00001500,PUT,1.5,2026-05-29,32,-9.999999999999993,30,0.0,9.999999999999993,MODERATE,NEAREST_REGULAR_STRIKE,405,bars/O_AMC260529P00001500.json,False,2026-04-20,2026-05-29
2026-04-29T15:45:00+00:00,2026-04-29T16:00:00+00:00,2026-04-29,1.53,THESIS_PRESSURE,FAIL (any severity),0.0,0.0,13.0,HOLDOUT,AMC15X-072,O:AMC260515C00001500,CALL,1.5,2026-05-15,16,2.0000000000000018,14,0.0,2.0000000000000018,NEAR_ATM,WITHIN_TOLERANCE,690,bars/O_AMC260515C00001500.json,True,2026-04-07,2026-05-15
2026-04-29T15:45:00+00:00,2026-04-29T16:00:00+00:00,2026-04-29,1.53,THESIS_PRESSURE,FAIL (any severity),0.0,0.0,13.0,HOLDOUT,AMC15X-072,O:AMC260529C00001500,CALL,1.5,2026-05-29,30,2.0000000000000018,30,0.0,2.0000000000000018,NEAR_ATM,WITHIN_TOLERANCE,620,bars/O_AMC260529C00001500.json,False,2026-04-20,2026-05-29
2026-04-29T15:45:00+00:00,2026-04-29T16:00:00+00:00,2026-04-29,1.53,THESIS_PRESSURE,FAIL (any severity),0.0,0.0,13.0,HOLDOUT,AMC15X-072,O:AMC260515P00001500,PUT,1.5,2026-05-15,16,-2.0000000000000018,14,0.0,2.0000000000000018,NEAR_ATM,WITHIN_TOLERANCE,472,bars/O_AMC260515P00001500.json,True,2026-04-07,2026-05-15
2026-04-29T15:45:00+00:00,2026-04-29T16:00:00+00:00,2026-04-29,1.53,THESIS_PRESSURE,FAIL (any severity),0.0,0.0,13.0,HOLDOUT,AMC15X-072,O:AMC260529P00001500,PUT,1.5,2026-05-29,30,-2.0000000000000018,30,0.0,2.0000000000000018,NEAR_ATM,WITHIN_TOLERANCE,405,bars/O_AMC260529P00001500.json,False,2026-04-20,2026-05-29
2026-04-29T17:45:00+00:00,2026-04-29T18:00:00+00:00,2026-04-29,1.5599,CONTINUATION,RELOAD,2.0,16.0,0.0,HOLDOUT,AMC15X-073,O:AMC260515C00001500,CALL,1.5,2026-05-15,16,3.9933333333333376,14,0.0,3.9933333333333376,NEAR_ATM,WITHIN_TOLERANCE,690,bars/O_AMC260515C00001500.json,True,2026-04-07,2026-05-15
2026-04-29T17:45:00+00:00,2026-04-29T18:00:00+00:00,2026-04-29,1.5599,CONTINUATION,RELOAD,2.0,16.0,0.0,HOLDOUT,AMC15X-073,O:AMC260529C00001500,CALL,1.5,2026-05-29,30,3.9933333333333376,30,0.0,3.9933333333333376,NEAR_ATM,WITHIN_TOLERANCE,620,bars/O_AMC260529C00001500.json,False,2026-04-20,2026-05-29
2026-04-29T17:45:00+00:00,2026-04-29T18:00:00+00:00,2026-04-29,1.5599,CONTINUATION,RELOAD,2.0,16.0,0.0,HOLDOUT,AMC15X-073,O:AMC260515P00001500,PUT,1.5,2026-05-15,16,-3.9933333333333376,14,0.0,3.9933333333333376,NEAR_ATM,WITHIN_TOLERANCE,472,bars/O_AMC260515P00001500.json,True,2026-04-07,2026-05-15
2026-04-29T17:45:00+00:00,2026-04-29T18:00:00+00:00,2026-04-29,1.5599,CONTINUATION,RELOAD,2.0,16.0,0.0,HOLDOUT,AMC15X-073,O:AMC260529P00001500,PUT,1.5,2026-05-29,30,-3.9933333333333376,30,0.0,3.9933333333333376,NEAR_ATM,WITHIN_TOLERANCE,405,bars/O_AMC260529P00001500.json,False,2026-04-20,2026-05-29
2026-05-05T18:45:00+00:00,2026-05-05T19:00:00+00:00,2026-05-05,1.6197,RISK_OR_EXHAUSTION,MANAGE,81.0,51.0,0.0,HOLDOUT,AMC15X-074,O:AMC260522C00001500,CALL,1.5,2026-05-22,17,7.979999999999994,14,0.0,7.979999999999994,MODERATE,NEAREST_REGULAR_STRIKE,600,bars/O_AMC260522C00001500.json,True,2026-04-14,2026-05-22
2026-05-05T18:45:00+00:00,2026-05-05T19:00:00+00:00,2026-05-05,1.6197,RISK_OR_EXHAUSTION,MANAGE,81.0,51.0,0.0,HOLDOUT,AMC15X-074,O:AMC260522P00001500,PUT,1.5,2026-05-22,17,-7.979999999999994,14,0.0,7.979999999999994,MODERATE,NEAREST_REGULAR_STRIKE,364,bars/O_AMC260522P00001500.json,True,2026-04-14,2026-05-22
2026-05-06T19:15:00+00:00,2026-05-06T19:30:00+00:00,2026-05-06,1.655,ENTRY_FORMING,STRONG START,100.0,67.0,0.0,HOLDOUT,AMC15SUP-053,O:AMC260522C00001500,CALL,1.5,2026-05-22,16,10.333333333333334,14,0.0,10.333333333333334,MODERATE,NEAREST_REGULAR_STRIKE,600,bars/O_AMC260522C00001500.json,True,2026-04-14,2026-05-22
2026-05-06T19:15:00+00:00,2026-05-06T19:30:00+00:00,2026-05-06,1.655,ENTRY_FORMING,STRONG START,100.0,67.0,0.0,HOLDOUT,AMC15SUP-053,O:AMC260522P00001500,PUT,1.5,2026-05-22,16,-10.333333333333334,14,0.0,10.333333333333334,MODERATE,NEAREST_REGULAR_STRIKE,364,bars/O_AMC260522P00001500.json,True,2026-04-14,2026-05-22
2026-05-14T16:00:00+00:00,2026-05-14T16:15:00+00:00,2026-05-14,1.375,ENTRY_FORMING,STRONG START,88.0,58.0,0.0,HOLDOUT,AMC15X-075,O:AMC260529C00001500,CALL,1.5,2026-05-29,15,-8.333333333333332,14,0.0,8.333333333333332,MODERATE,NEAREST_REGULAR_STRIKE,620,bars/O_AMC260529C00001500.json,False,2026-04-20,2026-05-29
2026-05-14T16:00:00+00:00,2026-05-14T16:15:00+00:00,2026-05-14,1.375,ENTRY_FORMING,STRONG START,88.0,58.0,0.0,HOLDOUT,AMC15X-075,O:AMC260529P00001500,PUT,1.5,2026-05-29,15,8.333333333333332,14,0.0,8.333333333333332,MODERATE,NEAREST_REGULAR_STRIKE,405,bars/O_AMC260529P00001500.json,False,2026-04-20,2026-05-29
2026-05-18T19:00:00+00:00,2026-05-18T19:15:00+00:00,2026-05-18,1.355,ENTRY_FORMING,STRONG START,93.0,64.0,0.0,HOLDOUT,AMC15SUP-054,O:AMC260529C00001500,CALL,1.5,2026-05-29,11,-9.666666666666668,14,0.0,9.666666666666668,MODERATE,NEAREST_REGULAR_STRIKE,620,bars/O_AMC260529C00001500.json,False,2026-04-20,2026-05-29
2026-05-18T19:00:00+00:00,2026-05-18T19:15:00+00:00,2026-05-18,1.355,ENTRY_FORMING,STRONG START,93.0,64.0,0.0,HOLDOUT,AMC15SUP-054,O:AMC260618C00001500,CALL,1.5,2026-06-18,31,-9.666666666666668,30,0.0,9.666666666666668,MODERATE,NEAREST_REGULAR_STRIKE,594,bars/O_AMC260618C00001500.json,False,2026-05-11,2026-06-11
2026-05-18T19:00:00+00:00,2026-05-18T19:15:00+00:00,2026-05-18,1.355,ENTRY_FORMING,STRONG START,93.0,64.0,0.0,HOLDOUT,AMC15SUP-054,O:AMC260529P00001500,PUT,1.5,2026-05-29,11,9.666666666666668,14,0.0,9.666666666666668,MODERATE,NEAREST_REGULAR_STRIKE,405,bars/O_AMC260529P00001500.json,False,2026-04-20,2026-05-29
2026-05-18T19:00:00+00:00,2026-05-18T19:15:00+00:00,2026-05-18,1.355,ENTRY_FORMING,STRONG START,93.0,64.0,0.0,HOLDOUT,AMC15SUP-054,O:AMC260618P00001500,PUT,1.5,2026-06-18,31,9.666666666666668,30,0.0,9.666666666666668,MODERATE,NEAREST_REGULAR_STRIKE,469,bars/O_AMC260618P00001500.json,False,2026-05-11,2026-06-11
2026-05-19T14:45:00+00:00,2026-05-19T15:00:00+00:00,2026-05-19,1.4099,CONTINUATION,ADD,99.0,72.0,0.0,HOLDOUT,AMC15SUP-055,O:AMC260618C00001500,CALL,1.5,2026-06-18,30,-6.006666666666671,30,0.0,6.006666666666671,NEAR_ATM,WITHIN_TOLERANCE,594,bars/O_AMC260618C00001500.json,False,2026-05-11,2026-06-11
2026-05-19T14:45:00+00:00,2026-05-19T15:00:00+00:00,2026-05-19,1.4099,CONTINUATION,ADD,99.0,72.0,0.0,HOLDOUT,AMC15SUP-055,O:AMC260618P00001500,PUT,1.5,2026-06-18,30,6.006666666666671,30,0.0,6.006666666666671,NEAR_ATM,WITHIN_TOLERANCE,469,bars/O_AMC260618P00001500.json,False,2026-05-11,2026-06-11
2026-05-20T19:30:00+00:00,2026-05-20T19:45:00+00:00,2026-05-20,1.545,ENTRY_FORMING,IGNITION,100.0,67.0,0.0,HOLDOUT,AMC15SUP-056,O:AMC260618C00001500,CALL,1.5,2026-06-18,29,2.9999999999999956,30,0.0,2.9999999999999956,NEAR_ATM,WITHIN_TOLERANCE,594,bars/O_AMC260618C00001500.json,False,2026-05-11,2026-06-11
2026-05-20T19:30:00+00:00,2026-05-20T19:45:00+00:00,2026-05-20,1.545,ENTRY_FORMING,IGNITION,100.0,67.0,0.0,HOLDOUT,AMC15SUP-056,O:AMC260618P00001500,PUT,1.5,2026-06-18,29,-2.9999999999999956,30,0.0,2.9999999999999956,NEAR_ATM,WITHIN_TOLERANCE,469,bars/O_AMC260618P00001500.json,False,2026-05-11,2026-06-11
2026-05-21T19:45:00+00:00,2026-05-21T20:00:00+00:00,2026-05-21,1.56,ENTRY_FORMING,IGNITION,100.0,67.0,0.0,HOLDOUT,AMC15X-076,O:AMC260618C00001500,CALL,1.5,2026-06-18,28,4.0000000000000036,30,0.0,4.0000000000000036,NEAR_ATM,WITHIN_TOLERANCE,594,bars/O_AMC260618C00001500.json,False,2026-05-11,2026-06-11
2026-05-21T19:45:00+00:00,2026-05-21T20:00:00+00:00,2026-05-21,1.56,ENTRY_FORMING,IGNITION,100.0,67.0,0.0,HOLDOUT,AMC15X-076,O:AMC260618P00001500,PUT,1.5,2026-06-18,28,-4.0000000000000036,30,0.0,4.0000000000000036,NEAR_ATM,WITHIN_TOLERANCE,469,bars/O_AMC260618P00001500.json,False,2026-05-11,2026-06-11
2026-06-01T18:00:00+00:00,2026-06-01T18:15:00+00:00,2026-06-01,2.0254,RISK_OR_EXHAUSTION,PEAK,96.0,79.0,0.0,HOLDOUT,AMC15X-079,O:AMC260618C00002000,CALL,2.0,2026-06-18,17,1.2699999999999934,14,0.0,1.2699999999999934,NEAR_ATM,WITHIN_TOLERANCE,468,bars/O_AMC260618C00002000.json,True,2026-05-25,2026-06-18
2026-06-01T18:00:00+00:00,2026-06-01T18:15:00+00:00,2026-06-01,2.0254,RISK_OR_EXHAUSTION,PEAK,96.0,79.0,0.0,HOLDOUT,AMC15X-079,O:AMC260618P00002000,PUT,2.0,2026-06-18,17,-1.2699999999999934,14,0.0,1.2699999999999934,NEAR_ATM,WITHIN_TOLERANCE,372,bars/O_AMC260618P00002000.json,True,2026-05-25,2026-06-18
2026-06-02T19:00:00+00:00,2026-06-02T19:15:00+00:00,2026-06-02,2.0225,CONTINUATION,ADD,99.0,80.0,0.0,HOLDOUT,AMC15SUP-059,O:AMC260618C00002000,CALL,2.0,2026-06-18,16,1.1249999999999982,14,0.0,1.1249999999999982,NEAR_ATM,WITHIN_TOLERANCE,468,bars/O_AMC260618C00002000.json,True,2026-05-25,2026-06-18
2026-06-02T19:00:00+00:00,2026-06-02T19:15:00+00:00,2026-06-02,2.0225,CONTINUATION,ADD,99.0,80.0,0.0,HOLDOUT,AMC15SUP-059,O:AMC260618P00002000,PUT,2.0,2026-06-18,16,-1.1249999999999982,14,0.0,1.1249999999999982,NEAR_ATM,WITHIN_TOLERANCE,372,bars/O_AMC260618P00002000.json,True,2026-05-25,2026-06-18
2026-06-16T13:45:00+00:00,2026-06-16T14:00:00+00:00,2026-06-16,2.3527,CONTINUATION,RELOAD,80.0,60.0,0.0,HOLDOUT,AMC15SUP-062,O:AMC260717C00002500,CALL,2.5,2026-07-17,31,-5.8919999999999995,30,0.0,5.8919999999999995,NEAR_ATM,WITHIN_TOLERANCE,494,bars/O_AMC260717C00002500.json,True,2026-06-09,2026-07-07
2026-06-16T13:45:00+00:00,2026-06-16T14:00:00+00:00,2026-06-16,2.3527,CONTINUATION,RELOAD,80.0,60.0,0.0,HOLDOUT,AMC15SUP-062,O:AMC260717P00002500,PUT,2.5,2026-07-17,31,5.8919999999999995,30,0.0,5.8919999999999995,NEAR_ATM,WITHIN_TOLERANCE,333,bars/O_AMC260717P00002500.json,True,2026-06-09,2026-07-07
2026-06-16T18:00:00+00:00,2026-06-16T18:15:00+00:00,2026-06-16,2.465,CONTINUATION,ADD,98.0,75.0,0.0,HOLDOUT,AMC15X-081,O:AMC260717C00002500,CALL,2.5,2026-07-17,31,-1.4000000000000057,30,0.0,1.4000000000000057,NEAR_ATM,WITHIN_TOLERANCE,494,bars/O_AMC260717C00002500.json,True,2026-06-09,2026-07-07
2026-06-16T18:00:00+00:00,2026-06-16T18:15:00+00:00,2026-06-16,2.465,CONTINUATION,ADD,98.0,75.0,0.0,HOLDOUT,AMC15X-081,O:AMC260717P00002500,PUT,2.5,2026-07-17,31,1.4000000000000057,30,0.0,1.4000000000000057,NEAR_ATM,WITHIN_TOLERANCE,333,bars/O_AMC260717P00002500.json,True,2026-06-09,2026-07-07
2026-06-18T15:00:00+00:00,2026-06-18T15:15:00+00:00,2026-06-18,2.825,RISK_OR_EXHAUSTION,PEAK,85.0,75.0,2.0,HOLDOUT,AMC15X-082,O:AMC260717C00003000,CALL,3.0,2026-07-17,29,-5.833333333333327,30,0.0,5.833333333333327,NEAR_ATM,WITHIN_TOLERANCE,490,bars/O_AMC260717C00003000.json,True,2026-06-11,2026-07-09
2026-06-18T15:00:00+00:00,2026-06-18T15:15:00+00:00,2026-06-18,2.825,RISK_OR_EXHAUSTION,PEAK,85.0,75.0,2.0,HOLDOUT,AMC15X-082,O:AMC260717P00003000,PUT,3.0,2026-07-17,29,5.833333333333327,30,0.0,5.833333333333327,NEAR_ATM,WITHIN_TOLERANCE,177,bars/O_AMC260717P00003000.json,True,2026-06-11,2026-07-09
2026-06-30T16:15:00+00:00,2026-06-30T16:30:00+00:00,2026-06-30,1.965,THESIS_PRESSURE,FAIL (any severity),0.0,0.0,13.0,HOLDOUT,AMC15X-084,O:AMC260717C00002000,CALL,2.0,2026-07-17,17,-1.749999999999996,14,0.0,1.749999999999996,NEAR_ATM,WITHIN_TOLERANCE,469,bars/O_AMC260717C00002000.json,True,2026-06-23,2026-07-17
2026-06-30T16:15:00+00:00,2026-06-30T16:30:00+00:00,2026-06-30,1.965,THESIS_PRESSURE,FAIL (any severity),0.0,0.0,13.0,HOLDOUT,AMC15X-084,O:AMC260717P00002000,PUT,2.0,2026-07-17,17,1.749999999999996,14,0.0,1.749999999999996,NEAR_ATM,WITHIN_TOLERANCE,446,bars/O_AMC260717P00002000.json,True,2026-06-23,2026-07-17
2026-07-20T13:30:00+00:00,2026-07-20T13:45:00+00:00,2026-07-20,2.3077,CONTINUATION,RELOAD,70.0,54.0,0.0,HOLDOUT,AMC15SUP-066,O:AMC260821C00002500,CALL,2.5,2026-08-21,32,-7.691999999999996,30,0.0,7.691999999999996,MODERATE,NEAREST_REGULAR_STRIKE,614,bars/O_AMC260821C00002500.json,False,2026-07-13,2026-08-21
2026-07-20T13:30:00+00:00,2026-07-20T13:45:00+00:00,2026-07-20,2.3077,CONTINUATION,RELOAD,70.0,54.0,0.0,HOLDOUT,AMC15SUP-066,O:AMC260821P00002500,PUT,2.5,2026-08-21,32,7.691999999999996,30,0.0,7.691999999999996,MODERATE,NEAREST_REGULAR_STRIKE,536,bars/O_AMC260821P00002500.json,False,2026-07-13,2026-08-21
2026-07-22T18:30:00+00:00,2026-07-22T18:45:00+00:00,2026-07-22,2.2999,ENTRY_FORMING,CAMPAIGN START,99.0,67.0,0.0,HOLDOUT,AMC15SUP-067,O:AMC260821C00002500,CALL,2.5,2026-08-21,30,-8.003999999999998,30,0.0,8.003999999999998,MODERATE,NEAREST_REGULAR_STRIKE,614,bars/O_AMC260821C00002500.json,False,2026-07-13,2026-08-21
2026-07-22T18:30:00+00:00,2026-07-22T18:45:00+00:00,2026-07-22,2.2999,ENTRY_FORMING,CAMPAIGN START,99.0,67.0,0.0,HOLDOUT,AMC15SUP-067,O:AMC260821P00002500,PUT,2.5,2026-08-21,30,8.003999999999998,30,0.0,8.003999999999998,MODERATE,NEAREST_REGULAR_STRIKE,536,bars/O_AMC260821P00002500.json,False,2026-07-13,2026-08-21
2026-07-24T17:45:00+00:00,2026-07-24T18:00:00+00:00,2026-07-24,2.3197,CONTINUATION,ADD,94.0,69.0,0.0,HOLDOUT,AMC15SUP-068,O:AMC260821C00002500,CALL,2.5,2026-08-21,28,-7.211999999999996,30,0.0,7.211999999999996,NEAR_ATM,WITHIN_TOLERANCE,614,bars/O_AMC260821C00002500.json,False,2026-07-13,2026-08-21
2026-07-24T17:45:00+00:00,2026-07-24T18:00:00+00:00,2026-07-24,2.3197,CONTINUATION,ADD,94.0,69.0,0.0,HOLDOUT,AMC15SUP-068,O:AMC260821P00002500,PUT,2.5,2026-08-21,28,7.211999999999996,30,0.0,7.211999999999996,NEAR_ATM,WITHIN_TOLERANCE,536,bars/O_AMC260821P00002500.json,False,2026-07-13,2026-08-21
2026-08-07T19:45:00+00:00,2026-08-07T20:00:00+00:00,2026-08-07,2.58,ENTRY_FORMING,STRONG START,80.0,55.0,0.0,HOLDOUT,AMC15X-090,O:AMC260821C00002500,CALL,2.5,2026-08-21,14,3.200000000000003,14,0.0,3.200000000000003,NEAR_ATM,WITHIN_TOLERANCE,614,bars/O_AMC260821C00002500.json,False,2026-07-13,2026-08-21
2026-08-07T19:45:00+00:00,2026-08-07T20:00:00+00:00,2026-08-07,2.58,ENTRY_FORMING,STRONG START,80.0,55.0,0.0,HOLDOUT,AMC15X-090,O:AMC260904C00002500,CALL,2.5,2026-09-04,28,3.200000000000003,30,0.0,3.200000000000003,NEAR_ATM,WITHIN_TOLERANCE,69,bars/O_AMC260904C00002500.json,True,2026-07-31,2026-08-28
2026-08-07T19:45:00+00:00,2026-08-07T20:00:00+00:00,2026-08-07,2.58,ENTRY_FORMING,STRONG START,80.0,55.0,0.0,HOLDOUT,AMC15X-090,O:AMC260821P00002500,PUT,2.5,2026-08-21,14,-3.200000000000003,14,0.0,3.200000000000003,NEAR_ATM,WITHIN_TOLERANCE,536,bars/O_AMC260821P00002500.json,False,2026-07-13,2026-08-21
2026-08-07T19:45:00+00:00,2026-08-07T20:00:00+00:00,2026-08-07,2.58,ENTRY_FORMING,STRONG START,80.0,55.0,0.0,HOLDOUT,AMC15X-090,O:AMC260904P00002500,PUT,2.5,2026-09-04,28,-3.200000000000003,30,0.0,3.200000000000003,NEAR_ATM,WITHIN_TOLERANCE,41,bars/O_AMC260904P00002500.json,True,2026-07-31,2026-08-28
2026-08-11T13:45:00+00:00,2026-08-11T14:00:00+00:00,2026-08-11,2.4672,CONTINUATION,RELOAD,19.0,28.0,0.0,HOLDOUT,AMC15X-091,O:AMC260828C00002500,CALL,2.5,2026-08-28,17,-1.3119999999999976,14,0.0,1.3119999999999976,NEAR_ATM,WITHIN_TOLERANCE,92,bars/O_AMC260828C00002500.json,True,2026-08-04,2026-08-28
2026-08-11T13:45:00+00:00,2026-08-11T14:00:00+00:00,2026-08-11,2.4672,CONTINUATION,RELOAD,19.0,28.0,0.0,HOLDOUT,AMC15X-091,O:AMC260911C00002500,CALL,2.5,2026-09-11,31,-1.3119999999999976,30,0.0,1.3119999999999976,NEAR_ATM,WITHIN_TOLERANCE,50,bars/O_AMC260911C00002500.json,True,2026-08-04,2026-09-01
2026-08-11T13:45:00+00:00,2026-08-11T14:00:00+00:00,2026-08-11,2.4672,CONTINUATION,RELOAD,19.0,28.0,0.0,HOLDOUT,AMC15X-091,O:AMC260828P00002500,PUT,2.5,2026-08-28,17,1.3119999999999976,14,0.0,1.3119999999999976,NEAR_ATM,WITHIN_TOLERANCE,41,bars/O_AMC260828P00002500.json,True,2026-08-04,2026-08-28
2026-08-11T13:45:00+00:00,2026-08-11T14:00:00+00:00,2026-08-11,2.4672,CONTINUATION,RELOAD,19.0,28.0,0.0,HOLDOUT,AMC15X-091,O:AMC260911P00002500,PUT,2.5,2026-09-11,31,1.3119999999999976,30,0.0,1.3119999999999976,NEAR_ATM,WITHIN_TOLERANCE,10,bars/O_AMC260911P00002500.json,True,2026-08-04,2026-09-01
2026-08-11T17:00:00+00:00,2026-08-11T17:15:00+00:00,2026-08-11,2.42,THESIS_PRESSURE,FAIL (any severity),0.0,0.0,13.0,HOLDOUT,AMC15X-092,O:AMC260828C00002500,CALL,2.5,2026-08-28,17,-3.200000000000003,14,0.0,3.200000000000003,NEAR_ATM,WITHIN_TOLERANCE,92,bars/O_AMC260828C00002500.json,True,2026-08-04,2026-08-28
2026-08-11T17:00:00+00:00,2026-08-11T17:15:00+00:00,2026-08-11,2.42,THESIS_PRESSURE,FAIL (any severity),0.0,0.0,13.0,HOLDOUT,AMC15X-092,O:AMC260911C00002500,CALL,2.5,2026-09-11,31,-3.200000000000003,30,0.0,3.200000000000003,NEAR_ATM,WITHIN_TOLERANCE,50,bars/O_AMC260911C00002500.json,True,2026-08-04,2026-09-01
2026-08-11T17:00:00+00:00,2026-08-11T17:15:00+00:00,2026-08-11,2.42,THESIS_PRESSURE,FAIL (any severity),0.0,0.0,13.0,HOLDOUT,AMC15X-092,O:AMC260828P00002500,PUT,2.5,2026-08-28,17,3.200000000000003,14,0.0,3.200000000000003,NEAR_ATM,WITHIN_TOLERANCE,41,bars/O_AMC260828P00002500.json,True,2026-08-04,2026-08-28
2026-08-11T17:00:00+00:00,2026-08-11T17:15:00+00:00,2026-08-11,2.42,THESIS_PRESSURE,FAIL (any severity),0.0,0.0,13.0,HOLDOUT,AMC15X-092,O:AMC260911P00002500,PUT,2.5,2026-09-11,31,3.200000000000003,30,0.0,3.200000000000003,NEAR_ATM,WITHIN_TOLERANCE,10,bars/O_AMC260911P00002500.json,True,2026-08-04,2026-09-01
