anchor_id,ticker,contract_type,strike,expiration,dte_target,moneyness_target,partition,event_family,decision_available_utc,signal_bar_open_utc,coverage_before,coverage_at,coverage_after,left_censored,signal_bar_exists,bar_count,selection_policy,moneyness_band,moneyness_distance_pct,moneyness_pct,dte,outcome_status,right_censored,observed_bars,decision_close,next_bar_open,decision_to_next_open_gap_pct,mfe_pct,mae_pct,terminal_return_pct,bars_to_peak,bars_to_trough,peak_to_terminal_giveback_pct,gain_retention,decision_close_mfe_pct,decision_close_mae_pct,peak_before_trough
AMC15X-001,O:AMC240906C00005000,CALL,5.0,2024-09-06,14,0.0,DISCOVERY,CONTINUATION,2024-08-23T15:30:00+00:00,2024-08-23T15:15:00+00:00,108,1,248,False,True,357,WITHIN_TOLERANCE,NEAR_ATM,0.4579999999999984,0.4579999999999984,14,SCORED_RIGHT_CENSORED,True,248,0.22,0.21,-4.545454545454552,76.19047619047619,-95.23809523809523,-95.23809523809523,20,225,-97.2972972972973,-1.2499999999999998,68.18181818181819,-95.45454545454545,True
AMC15X-001,O:AMC240920C00005000,CALL,5.0,2024-09-20,30,0.0,DISCOVERY,CONTINUATION,2024-08-23T15:30:00+00:00,2024-08-23T15:15:00+00:00,132,1,504,False,True,637,WITHIN_TOLERANCE,NEAR_ATM,0.4579999999999984,0.4579999999999984,28,SCORED_RIGHT_CENSORED,True,504,0.31,0.32,3.2258064516129004,53.125,-96.875,-96.875,19,469,-97.95918367346938,-1.8235294117647058,58.06451612903225,-96.7741935483871,True
AMC15X-001,O:AMC240906P00005000,PUT,5.0,2024-09-06,14,0.0,DISCOVERY,CONTINUATION,2024-08-23T15:30:00+00:00,2024-08-23T15:15:00+00:00,69,0,232,False,False,301,WITHIN_TOLERANCE,NEAR_ATM,0.4579999999999984,-0.4579999999999984,14,UNSCORED_SIGNAL_BAR_ABSENT,,0,,,,,,,,,,,,,
AMC15X-001,O:AMC240920P00005000,PUT,5.0,2024-09-20,30,0.0,DISCOVERY,CONTINUATION,2024-08-23T15:30:00+00:00,2024-08-23T15:15:00+00:00,78,0,406,False,False,484,WITHIN_TOLERANCE,NEAR_ATM,0.4579999999999984,-0.4579999999999984,28,UNSCORED_SIGNAL_BAR_ABSENT,,0,,,,,,,,,,,,,
AMC15X-002,O:AMC240906C00005000,CALL,5.0,2024-09-06,14,0.0,DISCOVERY,RISK_OR_EXHAUSTION,2024-08-26T14:00:00+00:00,2024-08-26T13:45:00+00:00,128,1,228,False,True,357,WITHIN_TOLERANCE,NEAR_ATM,3.401999999999994,3.401999999999994,11,SCORED_RIGHT_CENSORED,True,228,0.33,0.32,-3.0303030303030276,12.5,-96.875,-96.875,1,205,-97.22222222222221,-7.75,9.090909090909083,-96.96969696969697,True
AMC15X-002,O:AMC240927C00005000,CALL,5.0,2024-09-27,30,0.0,DISCOVERY,RISK_OR_EXHAUSTION,2024-08-26T14:00:00+00:00,2024-08-26T13:45:00+00:00,66,1,556,False,True,623,WITHIN_TOLERANCE,NEAR_ATM,3.401999999999994,3.401999999999994,32,SCORED_COMPLETE_HORIZON,False,546,0.48,0.51,6.25,0.0,-98.0392156862745,-98.0392156862745,1,531,-98.0392156862745,,6.25,-97.91666666666666,True
AMC15X-002,O:AMC240906P00005000,PUT,5.0,2024-09-06,14,0.0,DISCOVERY,RISK_OR_EXHAUSTION,2024-08-26T14:00:00+00:00,2024-08-26T13:45:00+00:00,85,1,215,False,True,301,WITHIN_TOLERANCE,NEAR_ATM,3.401999999999994,-3.401999999999994,11,SCORED_RIGHT_CENSORED,True,215,0.12,0.14,16.666666666666675,199.99999999999994,-64.28571428571428,-64.28571428571428,145,215,-88.09523809523809,-0.32142857142857145,250.0,-58.33333333333333,True
AMC15X-002,O:AMC240927P00005000,PUT,5.0,2024-09-27,30,0.0,DISCOVERY,RISK_OR_EXHAUSTION,2024-08-26T14:00:00+00:00,2024-08-26T13:45:00+00:00,44,1,388,False,True,433,WITHIN_TOLERANCE,NEAR_ATM,3.401999999999994,-3.401999999999994,32,SCORED_RIGHT_CENSORED,True,388,0.29,0.28,-3.44827586206895,135.71428571428572,-17.85714285714286,82.14285714285714,337,184,-22.72727272727273,0.6052631578947367,127.58620689655173,-20.68965517241378,False
AMC15X-003,O:AMC240913C00005000,CALL,5.0,2024-09-13,14,0.0,DISCOVERY,ENTRY_FORMING,2024-08-30T18:15:00+00:00,2024-08-30T18:00:00+00:00,116,1,241,False,True,358,WITHIN_TOLERANCE,NEAR_ATM,2.2000000000000064,-2.2000000000000064,14,SCORED_RIGHT_CENSORED,True,241,0.22,0.21,-4.545454545454552,28.57142857142858,-95.23809523809523,-95.23809523809523,101,225,-96.2962962962963,-3.3333333333333317,22.72727272727273,-95.45454545454545,True
AMC15X-003,O:AMC240927C00005000,CALL,5.0,2024-09-27,30,0.0,DISCOVERY,ENTRY_FORMING,2024-08-30T18:15:00+00:00,2024-08-30T18:00:00+00:00,147,1,475,False,True,623,WITHIN_TOLERANCE,NEAR_ATM,2.2000000000000064,-2.2000000000000064,28,SCORED_RIGHT_CENSORED,True,475,0.33,0.32,-3.0303030303030276,31.25,-96.875,-96.875,101,450,-97.61904761904762,-3.1,27.27272727272727,-96.96969696969697,True
AMC15X-003,O:AMC240913P00005000,PUT,5.0,2024-09-13,14,0.0,DISCOVERY,ENTRY_FORMING,2024-08-30T18:15:00+00:00,2024-08-30T18:00:00+00:00,89,0,223,False,False,312,WITHIN_TOLERANCE,NEAR_ATM,2.2000000000000064,2.2000000000000064,14,UNSCORED_SIGNAL_BAR_ABSENT,,0,,,,,,,,,,,,,
AMC15X-003,O:AMC240927P00005000,PUT,5.0,2024-09-27,30,0.0,DISCOVERY,ENTRY_FORMING,2024-08-30T18:15:00+00:00,2024-08-30T18:00:00+00:00,97,0,336,False,False,433,WITHIN_TOLERANCE,NEAR_ATM,2.2000000000000064,2.2000000000000064,28,UNSCORED_SIGNAL_BAR_ABSENT,,0,,,,,,,,,,,,,
AMC15X-004,O:AMC240920C00005000,CALL,5.0,2024-09-20,14,0.0,DISCOVERY,THESIS_PRESSURE,2024-09-03T14:00:00+00:00,2024-09-03T13:45:00+00:00,275,1,361,False,True,637,WITHIN_TOLERANCE,NEAR_ATM,3.9639999999999986,-3.9639999999999986,17,SCORED_RIGHT_CENSORED,True,361,0.23,0.23,0.0,52.17391304347825,-95.65217391304348,-95.65217391304348,86,326,-97.14285714285714,-1.8333333333333337,52.17391304347825,-95.65217391304348,True
AMC15X-004,O:AMC241004C00005000,CALL,5.0,2024-10-04,30,0.0,DISCOVERY,THESIS_PRESSURE,2024-09-03T14:00:00+00:00,2024-09-03T13:45:00+00:00,58,1,332,False,True,391,WITHIN_TOLERANCE,NEAR_ATM,3.9639999999999986,-3.9639999999999986,31,SCORED_RIGHT_CENSORED,True,332,0.33,0.31,-6.060606060606066,58.06451612903225,-70.96774193548387,-67.74193548387096,83,330,-79.59183673469387,-1.1666666666666667,48.484848484848484,-72.72727272727273,True
AMC15X-004,O:AMC240920P00005000,PUT,5.0,2024-09-20,14,0.0,DISCOVERY,THESIS_PRESSURE,2024-09-03T14:00:00+00:00,2024-09-03T13:45:00+00:00,169,1,314,False,True,484,WITHIN_TOLERANCE,NEAR_ATM,3.9639999999999986,3.9639999999999986,17,SCORED_RIGHT_CENSORED,True,314,0.41,0.42,2.4390243902439046,30.952380952380977,-64.28571428571428,-40.476190476190474,18,189,-54.54545454545454,-1.3076923076923066,34.14634146341464,-63.41463414634146,True
AMC15X-004,O:AMC241004P00005000,PUT,5.0,2024-10-04,30,0.0,DISCOVERY,THESIS_PRESSURE,2024-09-03T14:00:00+00:00,2024-09-03T13:45:00+00:00,34,1,158,False,True,193,WITHIN_TOLERANCE,NEAR_ATM,3.9639999999999986,3.9639999999999986,31,SCORED_RIGHT_CENSORED,True,158,0.49,0.52,6.1224489795918435,15.384615384615374,-40.38461538461539,5.769230769230771,6,60,-8.333333333333325,0.3750000000000004,22.44897959183674,-36.73469387755102,True
AMC15SUP-001,O:AMC240920C00005000,CALL,5.0,2024-09-20,14,0.0,DISCOVERY,ENTRY_FORMING,2024-09-09T20:00:00+00:00,2024-09-09T19:45:00+00:00,402,1,234,False,True,637,WITHIN_TOLERANCE,NEAR_ATM,0.19999999999999576,0.19999999999999576,11,SCORED_RIGHT_CENSORED,True,234,0.27,0.27,0.0,7.407407407407396,-96.2962962962963,-96.2962962962963,1,199,-96.55172413793103,-13.000000000000021,7.407407407407396,-96.2962962962963,True
AMC15SUP-001,O:AMC241011C00005000,CALL,5.0,2024-10-11,30,0.0,DISCOVERY,ENTRY_FORMING,2024-09-09T20:00:00+00:00,2024-09-09T19:45:00+00:00,46,0,296,False,False,342,WITHIN_TOLERANCE,NEAR_ATM,0.19999999999999576,0.19999999999999576,32,UNSCORED_SIGNAL_BAR_ABSENT,,0,,,,,,,,,,,,,
AMC15SUP-001,O:AMC240920P00005000,PUT,5.0,2024-09-20,14,0.0,DISCOVERY,ENTRY_FORMING,2024-09-09T20:00:00+00:00,2024-09-09T19:45:00+00:00,261,1,222,False,True,484,WITHIN_TOLERANCE,NEAR_ATM,0.19999999999999576,-0.19999999999999576,11,SCORED_RIGHT_CENSORED,True,222,0.25,0.27,8.000000000000007,55.555555555555536,-44.44444444444445,-7.407407407407418,23,97,-40.476190476190474,-0.13333333333333358,68.0,-40.0,True
AMC15SUP-001,O:AMC241011P00005000,PUT,5.0,2024-10-11,30,0.0,DISCOVERY,ENTRY_FORMING,2024-09-09T20:00:00+00:00,2024-09-09T19:45:00+00:00,24,0,158,False,False,182,WITHIN_TOLERANCE,NEAR_ATM,0.19999999999999576,-0.19999999999999576,32,UNSCORED_SIGNAL_BAR_ABSENT,,0,,,,,,,,,,,,,
AMC15SUP-002,O:AMC240927C00005000,CALL,5.0,2024-09-27,14,0.0,DISCOVERY,CONTINUATION,2024-09-10T19:45:00+00:00,2024-09-10T19:30:00+00:00,288,1,334,False,True,623,WITHIN_TOLERANCE,NEAR_ATM,1.5719999999999956,-1.5719999999999956,17,SCORED_RIGHT_CENSORED,True,334,0.28,0.28,0.0,17.85714285714286,-96.42857142857143,-96.42857142857143,67,309,-96.96969696969697,-5.399999999999999,17.85714285714286,-96.42857142857143,True
AMC15SUP-002,O:AMC241011C00005000,CALL,5.0,2024-10-11,30,0.0,DISCOVERY,CONTINUATION,2024-09-10T19:45:00+00:00,2024-09-10T19:30:00+00:00,53,0,289,False,False,342,WITHIN_TOLERANCE,NEAR_ATM,1.5719999999999956,-1.5719999999999956,31,UNSCORED_SIGNAL_BAR_ABSENT,,0,,,,,,,,,,,,,
AMC15SUP-002,O:AMC240927P00005000,PUT,5.0,2024-09-27,14,0.0,DISCOVERY,CONTINUATION,2024-09-10T19:45:00+00:00,2024-09-10T19:30:00+00:00,168,1,264,False,True,433,WITHIN_TOLERANCE,NEAR_ATM,1.5719999999999956,1.5719999999999956,17,SCORED_RIGHT_CENSORED,True,264,0.37,0.37,0.0,78.3783783783784,-37.83783783783784,37.83783783783785,213,60,-22.72727272727273,0.48275862068965525,78.3783783783784,-37.83783783783784,False
AMC15SUP-002,O:AMC241011P00005000,PUT,5.0,2024-10-11,30,0.0,DISCOVERY,CONTINUATION,2024-09-10T19:45:00+00:00,2024-09-10T19:30:00+00:00,31,0,151,False,False,182,WITHIN_TOLERANCE,NEAR_ATM,1.5719999999999956,1.5719999999999956,31,UNSCORED_SIGNAL_BAR_ABSENT,,0,,,,,,,,,,,,,
AMC15SUP-003,O:AMC241018C00004500,CALL,4.5,2024-10-18,14,0.0,DISCOVERY,ENTRY_FORMING,2024-10-04T13:45:00+00:00,2024-10-04T13:30:00+00:00,105,1,283,False,True,389,WITHIN_TOLERANCE,NEAR_ATM,0.6600000000000013,-0.6600000000000013,14,SCORED_RIGHT_CENSORED,True,283,0.24,0.24,0.0,0.0,-95.83333333333334,-95.83333333333334,1,237,-95.83333333333334,,0.0,-95.83333333333334,True
AMC15SUP-003,O:AMC241101C00004500,CALL,4.5,2024-11-01,30,0.0,DISCOVERY,ENTRY_FORMING,2024-10-04T13:45:00+00:00,2024-10-04T13:30:00+00:00,63,1,495,False,True,559,WITHIN_TOLERANCE,NEAR_ATM,0.6600000000000013,-0.6600000000000013,28,SCORED_RIGHT_CENSORED,True,495,0.31,0.38,22.580645161290324,0.0,-97.36842105263158,-97.36842105263158,1,482,-97.36842105263158,,22.580645161290324,-96.7741935483871,True
AMC15SUP-003,O:AMC241018P00004500,PUT,4.5,2024-10-18,14,0.0,DISCOVERY,ENTRY_FORMING,2024-10-04T13:45:00+00:00,2024-10-04T13:30:00+00:00,70,1,211,False,True,282,WITHIN_TOLERANCE,NEAR_ATM,0.6600000000000013,0.6600000000000013,14,SCORED_RIGHT_CENSORED,True,211,0.24,0.23,-4.1666666666666625,169.56521739130434,-47.82608695652174,-47.82608695652174,67,211,-80.64516129032258,-0.28205128205128205,158.33333333333334,-50.0,True
AMC15SUP-003,O:AMC241101P00004500,PUT,4.5,2024-11-01,30,0.0,DISCOVERY,ENTRY_FORMING,2024-10-04T13:45:00+00:00,2024-10-04T13:30:00+00:00,27,0,256,False,False,283,WITHIN_TOLERANCE,NEAR_ATM,0.6600000000000013,0.6600000000000013,28,UNSCORED_SIGNAL_BAR_ABSENT,,0,,,,,,,,,,,,,
AMC15X-005,O:AMC241025C00004000,CALL,4.0,2024-10-25,14,0.0,DISCOVERY,ENTRY_FORMING,2024-10-10T19:30:00+00:00,2024-10-10T19:15:00+00:00,77,0,235,False,False,312,WITHIN_TOLERANCE,NEAR_ATM,4.275000000000007,4.275000000000007,15,UNSCORED_SIGNAL_BAR_ABSENT,,0,,,,,,,,,,,,,
AMC15X-005,O:AMC241108C00004000,CALL,4.0,2024-11-08,30,0.0,DISCOVERY,ENTRY_FORMING,2024-10-10T19:30:00+00:00,2024-10-10T19:15:00+00:00,36,0,183,False,False,219,WITHIN_TOLERANCE,NEAR_ATM,4.275000000000007,4.275000000000007,29,UNSCORED_SIGNAL_BAR_ABSENT,,0,,,,,,,,,,,,,
AMC15X-005,O:AMC241025P00004000,PUT,4.0,2024-10-25,14,0.0,DISCOVERY,ENTRY_FORMING,2024-10-10T19:30:00+00:00,2024-10-10T19:15:00+00:00,67,1,194,False,True,262,WITHIN_TOLERANCE,NEAR_ATM,4.275000000000007,-4.275000000000007,15,SCORED_RIGHT_CENSORED,True,194,0.13,0.13,0.0,7.692307692307709,-92.3076923076923,-92.3076923076923,2,108,-92.85714285714286,-11.999999999999973,7.692307692307709,-92.3076923076923,True
AMC15X-005,O:AMC241108P00004000,PUT,4.0,2024-11-08,30,0.0,DISCOVERY,ENTRY_FORMING,2024-10-10T19:30:00+00:00,2024-10-10T19:15:00+00:00,55,0,192,False,False,247,WITHIN_TOLERANCE,NEAR_ATM,4.275000000000007,-4.275000000000007,29,UNSCORED_SIGNAL_BAR_ABSENT,,0,,,,,,,,,,,,,
AMC15SUP-004,O:AMC241101C00004500,CALL,4.5,2024-11-01,14,0.0,DISCOVERY,CONTINUATION,2024-10-18T16:15:00+00:00,2024-10-18T16:00:00+00:00,285,1,273,False,True,559,WITHIN_TOLERANCE,NEAR_ATM,4.177777777777772,-4.177777777777772,14,SCORED_RIGHT_CENSORED,True,273,0.16,0.15,-6.25,39.99999999999999,-93.33333333333333,-93.33333333333333,205,260,-95.23809523809523,-2.3333333333333335,31.25,-93.75,True
AMC15SUP-004,O:AMC241115C00004500,CALL,4.5,2024-11-15,30,0.0,DISCOVERY,CONTINUATION,2024-10-18T16:15:00+00:00,2024-10-18T16:00:00+00:00,116,1,517,False,True,634,WITHIN_TOLERANCE,NEAR_ATM,4.177777777777772,-4.177777777777772,28,SCORED_RIGHT_CENSORED,True,517,0.33,0.33,0.0,54.54545454545454,-96.96969696969697,-96.96969696969697,327,336,-98.0392156862745,-1.777777777777778,54.54545454545454,-96.96969696969697,True
AMC15SUP-004,O:AMC241101P00004500,PUT,4.5,2024-11-01,14,0.0,DISCOVERY,CONTINUATION,2024-10-18T16:15:00+00:00,2024-10-18T16:00:00+00:00,87,1,195,False,True,283,WITHIN_TOLERANCE,NEAR_ATM,4.177777777777772,4.177777777777772,14,SCORED_RIGHT_CENSORED,True,195,0.33,0.35,6.060606060606055,2.857142857142869,-97.14285714285714,-97.14285714285714,4,191,-97.22222222222221,-33.99999999999986,9.090909090909083,-96.96969696969697,True
AMC15SUP-004,O:AMC241115P00004500,PUT,4.5,2024-11-15,30,0.0,DISCOVERY,CONTINUATION,2024-10-18T16:15:00+00:00,2024-10-18T16:00:00+00:00,39,0,344,False,False,383,WITHIN_TOLERANCE,NEAR_ATM,4.177777777777772,4.177777777777772,28,UNSCORED_SIGNAL_BAR_ABSENT,,0,,,,,,,,,,,,,
AMC15SUP-005,O:AMC241108C00004500,CALL,4.5,2024-11-08,14,0.0,DISCOVERY,ENTRY_FORMING,2024-10-22T19:30:00+00:00,2024-10-22T19:15:00+00:00,116,1,333,False,True,450,WITHIN_TOLERANCE,NEAR_ATM,3.7777777777777763,-3.7777777777777763,17,SCORED_RIGHT_CENSORED,True,333,0.18,0.18,0.0,150.0,-94.44444444444444,-94.44444444444444,273,309,-97.77777777777777,-0.6296296296296297,150.0,-94.44444444444444,True
AMC15SUP-005,O:AMC241122C00004500,CALL,4.5,2024-11-22,30,0.0,DISCOVERY,ENTRY_FORMING,2024-10-22T19:30:00+00:00,2024-10-22T19:15:00+00:00,55,1,478,False,True,534,WITHIN_TOLERANCE,NEAR_ATM,3.7777777777777763,-3.7777777777777763,31,SCORED_RIGHT_CENSORED,True,478,0.29,0.29,0.0,93.10344827586209,-96.55172413793103,-82.75862068965517,279,474,-91.07142857142857,-0.8888888888888887,93.10344827586209,-96.55172413793103,True
AMC15SUP-005,O:AMC241108P00004500,PUT,4.5,2024-11-08,14,0.0,DISCOVERY,ENTRY_FORMING,2024-10-22T19:30:00+00:00,2024-10-22T19:15:00+00:00,29,0,272,False,False,301,WITHIN_TOLERANCE,NEAR_ATM,3.7777777777777763,3.7777777777777763,17,UNSCORED_SIGNAL_BAR_ABSENT,,0,,,,,,,,,,,,,
AMC15SUP-005,O:AMC241122P00004500,PUT,4.5,2024-11-22,30,0.0,DISCOVERY,ENTRY_FORMING,2024-10-22T19:30:00+00:00,2024-10-22T19:15:00+00:00,19,1,319,False,True,339,WITHIN_TOLERANCE,NEAR_ATM,3.7777777777777763,3.7777777777777763,31,SCORED_RIGHT_CENSORED,True,319,0.45,0.45,0.0,13.33333333333333,-97.77777777777777,-97.77777777777777,3,294,-98.0392156862745,-7.333333333333335,13.33333333333333,-97.77777777777777,True
AMC15X-006,O:AMC241108C00004500,CALL,4.5,2024-11-08,14,0.0,DISCOVERY,RISK_OR_EXHAUSTION,2024-10-22T19:45:00+00:00,2024-10-22T19:30:00+00:00,117,1,332,False,True,450,WITHIN_TOLERANCE,NEAR_ATM,3.888888888888885,-3.888888888888885,17,SCORED_RIGHT_CENSORED,True,332,0.18,0.2,11.111111111111116,125.0,-95.0,-95.0,272,308,-97.77777777777777,-0.76,150.0,-94.44444444444444,True
AMC15X-006,O:AMC241122C00004500,CALL,4.5,2024-11-22,30,0.0,DISCOVERY,RISK_OR_EXHAUSTION,2024-10-22T19:45:00+00:00,2024-10-22T19:30:00+00:00,56,1,477,False,True,534,WITHIN_TOLERANCE,NEAR_ATM,3.888888888888885,-3.888888888888885,31,SCORED_RIGHT_CENSORED,True,477,0.29,0.28,-3.44827586206895,100.0,-96.42857142857143,-82.14285714285714,278,473,-91.07142857142857,-0.8214285714285714,93.10344827586209,-96.55172413793103,True
AMC15X-006,O:AMC241108P00004500,PUT,4.5,2024-11-08,14,0.0,DISCOVERY,RISK_OR_EXHAUSTION,2024-10-22T19:45:00+00:00,2024-10-22T19:30:00+00:00,29,0,272,False,False,301,WITHIN_TOLERANCE,NEAR_ATM,3.888888888888885,3.888888888888885,17,UNSCORED_SIGNAL_BAR_ABSENT,,0,,,,,,,,,,,,,
AMC15X-006,O:AMC241122P00004500,PUT,4.5,2024-11-22,30,0.0,DISCOVERY,RISK_OR_EXHAUSTION,2024-10-22T19:45:00+00:00,2024-10-22T19:30:00+00:00,20,0,319,False,False,339,WITHIN_TOLERANCE,NEAR_ATM,3.888888888888885,3.888888888888885,31,UNSCORED_SIGNAL_BAR_ABSENT,,0,,,,,,,,,,,,,
AMC15X-007,O:AMC241108C00004500,CALL,4.5,2024-11-08,14,0.0,DISCOVERY,THESIS_PRESSURE,2024-10-23T15:30:00+00:00,2024-10-23T15:15:00+00:00,126,1,323,False,True,450,WITHIN_TOLERANCE,NEAR_ATM,5.3333333333333375,-5.3333333333333375,16,SCORED_RIGHT_CENSORED,True,323,0.18,0.18,0.0,150.0,-94.44444444444444,-94.44444444444444,263,299,-97.77777777777777,-0.6296296296296297,150.0,-94.44444444444444,True
AMC15X-007,O:AMC241122C00004500,CALL,4.5,2024-11-22,30,0.0,DISCOVERY,THESIS_PRESSURE,2024-10-23T15:30:00+00:00,2024-10-23T15:15:00+00:00,61,1,472,False,True,534,WITHIN_TOLERANCE,NEAR_ATM,5.3333333333333375,-5.3333333333333375,30,SCORED_RIGHT_CENSORED,True,472,0.25,0.25,0.0,124.00000000000003,-96.0,-80.0,273,468,-91.07142857142857,-0.6451612903225805,124.00000000000003,-96.0,True
AMC15X-007,O:AMC241108P00004500,PUT,4.5,2024-11-08,14,0.0,DISCOVERY,THESIS_PRESSURE,2024-10-23T15:30:00+00:00,2024-10-23T15:15:00+00:00,35,0,266,False,False,301,WITHIN_TOLERANCE,NEAR_ATM,5.3333333333333375,5.3333333333333375,16,UNSCORED_SIGNAL_BAR_ABSENT,,0,,,,,,,,,,,,,
AMC15X-007,O:AMC241122P00004500,PUT,4.5,2024-11-22,30,0.0,DISCOVERY,THESIS_PRESSURE,2024-10-23T15:30:00+00:00,2024-10-23T15:15:00+00:00,22,0,317,False,False,339,WITHIN_TOLERANCE,NEAR_ATM,5.3333333333333375,5.3333333333333375,30,UNSCORED_SIGNAL_BAR_ABSENT,,0,,,,,,,,,,,,,
AMC15X-008,O:AMC241108C00004500,CALL,4.5,2024-11-08,14,0.0,DISCOVERY,CONTINUATION,2024-10-24T14:00:00+00:00,2024-10-24T13:45:00+00:00,145,1,304,False,True,450,WITHIN_TOLERANCE,NEAR_ATM,5.113333333333338,-5.113333333333338,15,SCORED_RIGHT_CENSORED,True,304,0.19,0.19,0.0,136.84210526315786,-94.73684210526316,-94.73684210526316,244,280,-97.77777777777777,-0.6923076923076925,136.84210526315786,-94.73684210526316,True
AMC15X-008,O:AMC241122C00004500,CALL,4.5,2024-11-22,30,0.0,DISCOVERY,CONTINUATION,2024-10-24T14:00:00+00:00,2024-10-24T13:45:00+00:00,72,1,461,False,True,534,WITHIN_TOLERANCE,NEAR_ATM,5.113333333333338,-5.113333333333338,29,SCORED_RIGHT_CENSORED,True,461,0.26,0.26,0.0,115.38461538461542,-96.15384615384616,-80.76923076923077,262,457,-91.07142857142857,-0.6999999999999998,115.38461538461542,-96.15384615384616,True
AMC15X-008,O:AMC241108P00004500,PUT,4.5,2024-11-08,14,0.0,DISCOVERY,CONTINUATION,2024-10-24T14:00:00+00:00,2024-10-24T13:45:00+00:00,44,1,256,False,True,301,WITHIN_TOLERANCE,NEAR_ATM,5.113333333333338,5.113333333333338,15,SCORED_RIGHT_CENSORED,True,256,0.39,0.29,-25.64102564102565,44.827586206896555,-58.62068965517242,-27.586206896551722,2,205,-50.0,-0.6153846153846153,7.692307692307687,-69.23076923076923,True
AMC15X-008,O:AMC241122P00004500,PUT,4.5,2024-11-22,30,0.0,DISCOVERY,CONTINUATION,2024-10-24T14:00:00+00:00,2024-10-24T13:45:00+00:00,25,0,314,False,False,339,WITHIN_TOLERANCE,NEAR_ATM,5.113333333333338,5.113333333333338,29,UNSCORED_SIGNAL_BAR_ABSENT,,0,,,,,,,,,,,,,
AMC15X-009,O:AMC241115C00004500,CALL,4.5,2024-11-15,14,0.0,DISCOVERY,RISK_OR_EXHAUSTION,2024-10-30T14:30:00+00:00,2024-10-30T14:15:00+00:00,303,1,330,False,True,634,WITHIN_TOLERANCE,NEAR_ATM,1.9355555555555644,1.9355555555555644,16,SCORED_RIGHT_CENSORED,True,330,0.38,0.39,2.6315789473684292,30.76923076923077,-97.43589743589743,-97.43589743589743,140,149,-98.0392156862745,-3.1666666666666665,34.210526315789465,-97.36842105263158,True
AMC15X-009,O:AMC241129C00004500,CALL,4.5,2024-11-29,30,0.0,DISCOVERY,RISK_OR_EXHAUSTION,2024-10-30T14:30:00+00:00,2024-10-30T14:15:00+00:00,61,1,465,False,True,527,WITHIN_TOLERANCE,NEAR_ATM,1.9355555555555644,1.9355555555555644,30,SCORED_RIGHT_CENSORED,True,465,0.47,0.46,-2.127659574468077,32.6086956521739,-76.08695652173914,-2.1739130434782594,180,270,-26.22950819672131,-0.06666666666666665,29.78723404255319,-76.59574468085107,True
AMC15X-009,O:AMC241115P00004500,PUT,4.5,2024-11-15,14,0.0,DISCOVERY,RISK_OR_EXHAUSTION,2024-10-30T14:30:00+00:00,2024-10-30T14:15:00+00:00,106,1,276,False,True,383,WITHIN_TOLERANCE,NEAR_ATM,1.9355555555555644,-1.9355555555555644,16,SCORED_RIGHT_CENSORED,True,276,0.31,0.29,-6.451612903225811,44.827586206896555,-96.55172413793103,-96.55172413793103,131,251,-97.61904761904762,-2.1538461538461537,35.48387096774193,-96.7741935483871,True
AMC15X-009,O:AMC241129P00004500,PUT,4.5,2024-11-29,30,0.0,DISCOVERY,RISK_OR_EXHAUSTION,2024-10-30T14:30:00+00:00,2024-10-30T14:15:00+00:00,18,1,298,False,True,317,WITHIN_TOLERANCE,NEAR_ATM,1.9355555555555644,-1.9355555555555644,30,SCORED_RIGHT_CENSORED,True,298,0.35,0.36,2.857142857142869,38.888888888888886,-97.22222222222221,-97.22222222222221,52,251,-98.0,-2.5,42.85714285714286,-97.14285714285714,True
AMC15SUP-006,O:AMC241115C00004500,CALL,4.5,2024-11-15,14,0.0,DISCOVERY,CONTINUATION,2024-11-01T14:00:00+00:00,2024-11-01T13:45:00+00:00,349,1,284,False,True,634,WITHIN_TOLERANCE,NEAR_ATM,0.0,0.0,14,SCORED_RIGHT_CENSORED,True,284,0.3,0.32,6.666666666666665,59.375,-96.875,-96.875,94,103,-98.0392156862745,-1.631578947368421,70.00000000000001,-96.66666666666667,True
AMC15SUP-006,O:AMC241129C00004500,CALL,4.5,2024-11-29,30,0.0,DISCOVERY,CONTINUATION,2024-11-01T14:00:00+00:00,2024-11-01T13:45:00+00:00,83,1,443,False,True,527,WITHIN_TOLERANCE,NEAR_ATM,0.0,0.0,28,SCORED_RIGHT_CENSORED,True,443,0.38,0.4,5.263157894736836,52.49999999999999,-72.50000000000001,12.5,158,248,-26.22950819672131,0.23809523809523814,60.52631578947367,-71.05263157894737,True
AMC15SUP-006,O:AMC241115P00004500,PUT,4.5,2024-11-15,14,0.0,DISCOVERY,CONTINUATION,2024-11-01T14:00:00+00:00,2024-11-01T13:45:00+00:00,135,1,247,False,True,383,WITHIN_TOLERANCE,NEAR_ATM,0.0,-0.0,14,SCORED_RIGHT_CENSORED,True,247,0.32,0.3,-6.25,39.99999999999999,-96.66666666666667,-96.66666666666667,102,222,-97.61904761904762,-2.4166666666666674,31.25,-96.875,True
AMC15SUP-006,O:AMC241129P00004500,PUT,4.5,2024-11-29,30,0.0,DISCOVERY,CONTINUATION,2024-11-01T14:00:00+00:00,2024-11-01T13:45:00+00:00,29,0,288,False,False,317,WITHIN_TOLERANCE,NEAR_ATM,0.0,-0.0,28,UNSCORED_SIGNAL_BAR_ABSENT,,0,,,,,,,,,,,,,
AMC15X-010,O:AMC241122C00004500,CALL,4.5,2024-11-22,14,0.0,DISCOVERY,ENTRY_FORMING,2024-11-08T21:00:00+00:00,2024-11-08T20:45:00+00:00,274,1,259,False,True,534,WITHIN_TOLERANCE,NEAR_ATM,4.999999999999992,-4.999999999999992,14,SCORED_RIGHT_CENSORED,True,259,0.19,0.2,5.263157894736836,180.00000000000003,-95.0,-75.0,60,255,-91.07142857142857,-0.4166666666666666,194.73684210526318,-94.73684210526316,True
AMC15X-010,O:AMC241206C00004500,CALL,4.5,2024-12-06,30,0.0,DISCOVERY,ENTRY_FORMING,2024-11-08T21:00:00+00:00,2024-11-08T20:45:00+00:00,72,1,446,False,True,519,WITHIN_TOLERANCE,NEAR_ATM,4.999999999999992,-4.999999999999992,28,SCORED_RIGHT_CENSORED,True,446,0.26,0.31,19.23076923076923,238.70967741935485,-61.29032258064516,-32.25806451612904,415,434,-80.0,-0.13513513513513517,303.8461538461538,-53.846153846153854,True
AMC15X-010,O:AMC241122P00004500,PUT,4.5,2024-11-22,14,0.0,DISCOVERY,ENTRY_FORMING,2024-11-08T21:00:00+00:00,2024-11-08T20:45:00+00:00,102,1,236,False,True,339,WITHIN_TOLERANCE,NEAR_ATM,4.999999999999992,4.999999999999992,14,SCORED_RIGHT_CENSORED,True,236,0.4,0.35,-12.50000000000001,14.285714285714302,-97.14285714285714,-97.14285714285714,1,211,-97.5,-6.799999999999992,0.0,-97.5,True
AMC15X-010,O:AMC241206P00004500,PUT,4.5,2024-12-06,30,0.0,DISCOVERY,ENTRY_FORMING,2024-11-08T21:00:00+00:00,2024-11-08T20:45:00+00:00,46,0,327,False,False,373,WITHIN_TOLERANCE,NEAR_ATM,4.999999999999992,4.999999999999992,28,UNSCORED_SIGNAL_BAR_ABSENT,,0,,,,,,,,,,,,,
AMC15X-011,O:AMC241129C00004500,CALL,4.5,2024-11-29,14,0.0,DISCOVERY,CONTINUATION,2024-11-12T14:45:00+00:00,2024-11-12T14:30:00+00:00,209,1,317,False,True,527,WITHIN_TOLERANCE,NEAR_ATM,0.2222222222222175,-0.2222222222222175,17,SCORED_RIGHT_CENSORED,True,317,0.41,0.46,12.195121951219523,32.6086956521739,-76.08695652173914,-2.1739130434782594,32,122,-26.22950819672131,-0.06666666666666665,48.78048780487805,-73.17073170731707,True
AMC15X-011,O:AMC241213C00004500,CALL,4.5,2024-12-13,30,0.0,DISCOVERY,CONTINUATION,2024-11-12T14:45:00+00:00,2024-11-12T14:30:00+00:00,54,1,311,False,True,366,WITHIN_TOLERANCE,NEAR_ATM,0.2222222222222175,-0.2222222222222175,31,SCORED_RIGHT_CENSORED,True,311,0.52,0.52,0.0,109.61538461538463,-55.769230769230774,-44.23076923076924,280,77,-73.39449541284404,-0.4035087719298246,109.61538461538463,-55.769230769230774,False
AMC15X-011,O:AMC241129P00004500,PUT,4.5,2024-11-29,14,0.0,DISCOVERY,CONTINUATION,2024-11-12T14:45:00+00:00,2024-11-12T14:30:00+00:00,81,1,235,False,True,317,WITHIN_TOLERANCE,NEAR_ATM,0.2222222222222175,0.2222222222222175,17,SCORED_RIGHT_CENSORED,True,235,0.39,0.38,-2.564102564102566,10.526315789473673,-97.36842105263158,-97.36842105263158,2,188,-97.61904761904762,-9.25000000000001,7.692307692307687,-97.43589743589743,True
AMC15X-011,O:AMC241213P00004500,PUT,4.5,2024-12-13,30,0.0,DISCOVERY,CONTINUATION,2024-11-12T14:45:00+00:00,2024-11-12T14:30:00+00:00,19,1,245,False,True,265,WITHIN_TOLERANCE,NEAR_ATM,0.2222222222222175,0.2222222222222175,31,SCORED_RIGHT_CENSORED,True,245,0.5,0.54,8.000000000000007,0.0,-96.2962962962963,-87.03703703703704,1,195,-87.03703703703704,,8.000000000000007,-96.0,True
AMC15SUP-007,O:AMC241129C00004500,CALL,4.5,2024-11-29,14,0.0,DISCOVERY,CONTINUATION,2024-11-14T18:15:00+00:00,2024-11-14T18:00:00+00:00,271,1,255,False,True,527,WITHIN_TOLERANCE,NEAR_ATM,3.2222222222222126,3.2222222222222126,15,SCORED_RIGHT_CENSORED,True,255,0.42,0.39,-7.14285714285714,53.84615384615383,-71.7948717948718,15.384615384615374,242,60,-25.0,0.2857142857142856,42.85714285714286,-73.80952380952381,False
AMC15SUP-007,O:AMC241213C00004500,CALL,4.5,2024-12-13,30,0.0,DISCOVERY,CONTINUATION,2024-11-14T18:15:00+00:00,2024-11-14T18:00:00+00:00,97,1,268,False,True,366,WITHIN_TOLERANCE,NEAR_ATM,3.2222222222222126,3.2222222222222126,29,SCORED_RIGHT_CENSORED,True,268,0.52,0.52,0.0,109.61538461538463,-55.769230769230774,-44.23076923076924,237,34,-73.39449541284404,-0.4035087719298246,109.61538461538463,-55.769230769230774,False
AMC15SUP-007,O:AMC241129P00004500,PUT,4.5,2024-11-29,14,0.0,DISCOVERY,CONTINUATION,2024-11-14T18:15:00+00:00,2024-11-14T18:00:00+00:00,112,0,205,False,False,317,WITHIN_TOLERANCE,NEAR_ATM,3.2222222222222126,-3.2222222222222126,15,UNSCORED_SIGNAL_BAR_ABSENT,,0,,,,,,,,,,,,,
AMC15SUP-007,O:AMC241213P00004500,PUT,4.5,2024-12-13,30,0.0,DISCOVERY,CONTINUATION,2024-11-14T18:15:00+00:00,2024-11-14T18:00:00+00:00,39,0,226,False,False,265,WITHIN_TOLERANCE,NEAR_ATM,3.2222222222222126,-3.2222222222222126,29,UNSCORED_SIGNAL_BAR_ABSENT,,0,,,,,,,,,,,,,
AMC15X-012,O:AMC241129C00004500,CALL,4.5,2024-11-29,14,0.0,DISCOVERY,THESIS_PRESSURE,2024-11-15T15:30:00+00:00,2024-11-15T15:15:00+00:00,285,1,241,False,True,527,WITHIN_TOLERANCE,NEAR_ATM,0.7733333333333271,0.7733333333333271,14,SCORED_RIGHT_CENSORED,True,241,0.33,0.32,-3.0303030303030276,87.5,-65.625,40.625,228,46,-25.0,0.4642857142857143,81.81818181818181,-66.66666666666667,False
AMC15X-012,O:AMC241213C00004500,CALL,4.5,2024-12-13,30,0.0,DISCOVERY,THESIS_PRESSURE,2024-11-15T15:30:00+00:00,2024-11-15T15:15:00+00:00,104,0,262,False,False,366,WITHIN_TOLERANCE,NEAR_ATM,0.7733333333333271,0.7733333333333271,28,UNSCORED_SIGNAL_BAR_ABSENT,,0,,,,,,,,,,,,,
AMC15X-012,O:AMC241129P00004500,PUT,4.5,2024-11-29,14,0.0,DISCOVERY,THESIS_PRESSURE,2024-11-15T15:30:00+00:00,2024-11-15T15:15:00+00:00,117,1,199,False,True,317,WITHIN_TOLERANCE,NEAR_ATM,0.7733333333333271,-0.7733333333333271,14,SCORED_RIGHT_CENSORED,True,199,0.28,0.32,14.28571428571428,12.5,-96.875,-96.875,30,152,-97.22222222222221,-7.75,28.57142857142856,-96.42857142857143,True
AMC15X-012,O:AMC241213P00004500,PUT,4.5,2024-12-13,30,0.0,DISCOVERY,THESIS_PRESSURE,2024-11-15T15:30:00+00:00,2024-11-15T15:15:00+00:00,44,1,220,False,True,265,WITHIN_TOLERANCE,NEAR_ATM,0.7733333333333271,-0.7733333333333271,28,SCORED_RIGHT_CENSORED,True,220,0.41,0.39,-4.8780487804877986,17.948717948717952,-94.87179487179486,-82.05128205128204,14,170,-84.78260869565217,-4.57142857142857,12.195121951219523,-95.1219512195122,True
AMC15SUP-008,O:AMC241206C00004500,CALL,4.5,2024-12-06,14,0.0,DISCOVERY,ENTRY_FORMING,2024-11-20T16:00:00+00:00,2024-11-20T15:45:00+00:00,231,1,287,False,True,519,WITHIN_TOLERANCE,NEAR_ATM,2.502222222222213,-2.502222222222213,16,SCORED_RIGHT_CENSORED,True,287,0.27,0.27,0.0,288.88888888888886,-55.55555555555556,-22.222222222222232,256,275,-80.0,-0.07692307692307697,288.88888888888886,-55.55555555555556,True
AMC15SUP-008,O:AMC241220C00004500,CALL,4.5,2024-12-20,30,0.0,DISCOVERY,ENTRY_FORMING,2024-11-20T16:00:00+00:00,2024-11-20T15:45:00+00:00,107,1,392,False,True,500,WITHIN_TOLERANCE,NEAR_ATM,2.502222222222213,-2.502222222222213,30,SCORED_RIGHT_CENSORED,True,392,0.4,0.38,-5.000000000000004,194.73684210526318,-81.57894736842105,-76.31578947368422,232,360,-91.96428571428572,-0.3918918918918919,180.00000000000003,-82.5,True
AMC15SUP-008,O:AMC241206P00004500,PUT,4.5,2024-12-06,14,0.0,DISCOVERY,ENTRY_FORMING,2024-11-20T16:00:00+00:00,2024-11-20T15:45:00+00:00,122,0,251,False,False,373,WITHIN_TOLERANCE,NEAR_ATM,2.502222222222213,2.502222222222213,16,UNSCORED_SIGNAL_BAR_ABSENT,,0,,,,,,,,,,,,,
AMC15SUP-008,O:AMC241220P00004500,PUT,4.5,2024-12-20,30,0.0,DISCOVERY,ENTRY_FORMING,2024-11-20T16:00:00+00:00,2024-11-20T15:45:00+00:00,74,1,342,False,True,417,WITHIN_TOLERANCE,NEAR_ATM,2.502222222222213,2.502222222222213,30,SCORED_RIGHT_CENSORED,True,342,0.46,0.45,-2.1739130434782594,13.33333333333333,-86.66666666666667,-13.33333333333333,9,171,-23.529411764705877,-1.0,10.869565217391308,-86.95652173913044,True
AMC15X-013,O:AMC241206C00004500,CALL,4.5,2024-12-06,14,0.0,DISCOVERY,RISK_OR_EXHAUSTION,2024-11-22T15:30:00+00:00,2024-11-22T15:15:00+00:00,280,1,238,False,True,519,WITHIN_TOLERANCE,NEAR_ATM,0.9999999999999984,0.9999999999999984,14,SCORED_RIGHT_CENSORED,True,238,0.27,0.27,0.0,288.88888888888886,-55.55555555555556,-22.222222222222232,207,226,-80.0,-0.07692307692307697,288.88888888888886,-55.55555555555556,True
AMC15X-013,O:AMC241220C00004500,CALL,4.5,2024-12-20,30,0.0,DISCOVERY,RISK_OR_EXHAUSTION,2024-11-22T15:30:00+00:00,2024-11-22T15:15:00+00:00,154,1,345,False,True,500,WITHIN_TOLERANCE,NEAR_ATM,0.9999999999999984,0.9999999999999984,28,SCORED_RIGHT_CENSORED,True,345,0.42,0.4,-4.761904761904756,180.00000000000003,-82.5,-77.5,185,313,-91.96428571428572,-0.43055555555555547,166.66666666666669,-83.33333333333333,True
AMC15X-013,O:AMC241206P00004500,PUT,4.5,2024-12-06,14,0.0,DISCOVERY,RISK_OR_EXHAUSTION,2024-11-22T15:30:00+00:00,2024-11-22T15:15:00+00:00,150,1,222,False,True,373,WITHIN_TOLERANCE,NEAR_ATM,0.9999999999999984,-0.9999999999999984,14,SCORED_RIGHT_CENSORED,True,222,0.22,0.21,-4.545454545454552,9.523809523809534,-95.23809523809523,-95.23809523809523,1,110,-95.65217391304348,-9.999999999999988,4.545454545454541,-95.45454545454545,True
AMC15X-013,O:AMC241220P00004500,PUT,4.5,2024-12-20,30,0.0,DISCOVERY,RISK_OR_EXHAUSTION,2024-11-22T15:30:00+00:00,2024-11-22T15:15:00+00:00,105,1,311,False,True,417,WITHIN_TOLERANCE,NEAR_ATM,0.9999999999999984,-0.9999999999999984,28,SCORED_RIGHT_CENSORED,True,311,0.34,0.35,2.941176470588225,17.14285714285715,-82.85714285714285,11.428571428571432,286,140,-4.8780487804877986,0.6666666666666666,20.58823529411764,-82.35294117647058,False
AMC15X-014,O:AMC241213C00005000,CALL,5.0,2024-12-13,14,0.0,DISCOVERY,CONTINUATION,2024-11-27T15:00:00+00:00,2024-11-27T14:45:00+00:00,116,1,296,False,True,413,WITHIN_TOLERANCE,NEAR_ATM,0.39999999999999153,-0.39999999999999153,16,SCORED_RIGHT_CENSORED,True,296,0.41,0.42,2.4390243902439046,71.42857142857142,-97.61904761904762,-97.61904761904762,135,254,-98.61111111111111,-1.366666666666667,75.60975609756098,-97.5609756097561,True
AMC15X-014,O:AMC241227C00005000,CALL,5.0,2024-12-27,30,0.0,DISCOVERY,CONTINUATION,2024-11-27T15:00:00+00:00,2024-11-27T14:45:00+00:00,97,1,352,False,True,450,WITHIN_TOLERANCE,NEAR_ATM,0.39999999999999153,-0.39999999999999153,30,SCORED_RIGHT_CENSORED,True,352,0.52,0.52,0.0,55.769230769230774,-88.46153846153845,-84.61538461538461,120,276,-90.12345679012346,-1.5172413793103448,55.769230769230774,-88.46153846153845,True
AMC15X-014,O:AMC241213P00005000,PUT,5.0,2024-12-13,14,0.0,DISCOVERY,CONTINUATION,2024-11-27T15:00:00+00:00,2024-11-27T14:45:00+00:00,37,1,239,False,True,277,WITHIN_TOLERANCE,NEAR_ATM,0.39999999999999153,0.39999999999999153,16,SCORED_RIGHT_CENSORED,True,239,0.44,0.41,-6.818181818181824,121.95121951219514,-68.29268292682926,100.0,238,102,-9.8901098901099,0.8199999999999998,106.81818181818184,-70.45454545454545,False
AMC15X-014,O:AMC241227P00005000,PUT,5.0,2024-12-27,30,0.0,DISCOVERY,CONTINUATION,2024-11-27T15:00:00+00:00,2024-11-27T14:45:00+00:00,25,1,141,False,True,167,WITHIN_TOLERANCE,NEAR_ATM,0.39999999999999153,0.39999999999999153,30,SCORED_RIGHT_CENSORED,True,141,0.54,0.54,0.0,111.11111111111107,-53.70370370370371,79.6296296296296,114,46,-14.912280701754376,0.7166666666666667,111.11111111111107,-53.70370370370371,False
AMC15SUP-009,O:AMC241213C00005000,CALL,5.0,2024-12-13,14,0.0,DISCOVERY,CONTINUATION,2024-11-27T19:45:00+00:00,2024-11-27T19:30:00+00:00,134,1,278,False,True,413,WITHIN_TOLERANCE,NEAR_ATM,2.002000000000006,-2.002000000000006,16,SCORED_RIGHT_CENSORED,True,278,0.31,0.31,0.0,132.258064516129,-96.7741935483871,-96.7741935483871,117,236,-98.61111111111111,-0.7317073170731709,132.258064516129,-96.7741935483871,True
AMC15SUP-009,O:AMC241227C00005000,CALL,5.0,2024-12-27,30,0.0,DISCOVERY,CONTINUATION,2024-11-27T19:45:00+00:00,2024-11-27T19:30:00+00:00,114,1,335,False,True,450,WITHIN_TOLERANCE,NEAR_ATM,2.002000000000006,-2.002000000000006,30,SCORED_RIGHT_CENSORED,True,335,0.44,0.43,-2.2727272727272707,88.37209302325584,-86.04651162790698,-81.3953488372093,103,259,-90.12345679012346,-0.921052631578947,84.09090909090911,-86.36363636363636,True
AMC15SUP-009,O:AMC241213P00005000,PUT,5.0,2024-12-13,14,0.0,DISCOVERY,CONTINUATION,2024-11-27T19:45:00+00:00,2024-11-27T19:30:00+00:00,49,0,228,False,False,277,WITHIN_TOLERANCE,NEAR_ATM,2.002000000000006,2.002000000000006,16,UNSCORED_SIGNAL_BAR_ABSENT,,0,,,,,,,,,,,,,
AMC15SUP-009,O:AMC241227P00005000,PUT,5.0,2024-12-27,30,0.0,DISCOVERY,CONTINUATION,2024-11-27T19:45:00+00:00,2024-11-27T19:30:00+00:00,28,1,138,False,True,167,WITHIN_TOLERANCE,NEAR_ATM,2.002000000000006,2.002000000000006,30,SCORED_RIGHT_CENSORED,True,138,0.55,0.5,-9.090909090909093,127.99999999999999,-50.0,94.0,111,43,-14.912280701754376,0.7343750000000001,107.27272727272722,-54.54545454545454,False
AMC15SUP-010,O:AMC241220C00005000,CALL,5.0,2024-12-20,14,0.0,DISCOVERY,CONTINUATION,2024-12-05T17:30:00+00:00,2024-12-05T17:15:00+00:00,103,1,299,False,True,403,WITHIN_TOLERANCE,NEAR_ATM,0.9999999999999963,0.9999999999999963,15,SCORED_RIGHT_CENSORED,True,299,0.31,0.33,6.451612903225823,130.30303030303028,-96.96969696969697,-96.96969696969697,9,226,-98.68421052631578,-0.744186046511628,145.16129032258064,-96.7741935483871,True
AMC15SUP-010,O:AMC250103C00005000,CALL,5.0,2025-01-03,30,0.0,DISCOVERY,CONTINUATION,2024-12-05T17:30:00+00:00,2024-12-05T17:15:00+00:00,80,1,335,False,True,416,WITHIN_TOLERANCE,NEAR_ATM,0.9999999999999963,0.9999999999999963,29,SCORED_RIGHT_CENSORED,True,335,0.43,0.4,-6.976744186046502,114.99999999999999,-92.5,-85.0,8,310,-93.02325581395348,-0.7391304347826088,100.0,-93.02325581395348,True
AMC15SUP-010,O:AMC241220P00005000,PUT,5.0,2024-12-20,14,0.0,DISCOVERY,CONTINUATION,2024-12-05T17:30:00+00:00,2024-12-05T17:15:00+00:00,77,1,236,False,True,314,WITHIN_TOLERANCE,NEAR_ATM,0.9999999999999963,-0.9999999999999963,15,SCORED_RIGHT_CENSORED,True,236,0.27,0.26,-3.703703703703709,315.3846153846154,-23.076923076923073,223.07692307692304,135,9,-22.222222222222232,0.7073170731707316,300.0,-25.92592592592593,False
AMC15SUP-010,O:AMC250103P00005000,PUT,5.0,2025-01-03,30,0.0,DISCOVERY,CONTINUATION,2024-12-05T17:30:00+00:00,2024-12-05T17:15:00+00:00,26,0,105,False,False,131,WITHIN_TOLERANCE,NEAR_ATM,0.9999999999999963,-0.9999999999999963,29,UNSCORED_SIGNAL_BAR_ABSENT,,0,,,,,,,,,,,,,
AMC15X-015,O:AMC241220C00005500,CALL,5.5,2024-12-20,14,0.0,DISCOVERY,RISK_OR_EXHAUSTION,2024-12-05T20:00:00+00:00,2024-12-05T19:45:00+00:00,106,1,265,False,True,372,WITHIN_TOLERANCE,NEAR_ATM,0.25818181818181396,0.25818181818181396,15,SCORED_RIGHT_CENSORED,True,265,0.52,0.5,-3.8461538461538547,4.0000000000000036,-98.0,-98.0,1,161,-98.07692307692307,-24.49999999999998,0.0,-98.07692307692307,True
AMC15X-015,O:AMC250103C00005500,CALL,5.5,2025-01-03,30,0.0,DISCOVERY,RISK_OR_EXHAUSTION,2024-12-05T20:00:00+00:00,2024-12-05T19:45:00+00:00,70,1,207,False,True,278,WITHIN_TOLERANCE,NEAR_ATM,0.25818181818181396,0.25818181818181396,29,SCORED_RIGHT_CENSORED,True,207,0.63,0.6,-4.761904761904767,10.000000000000009,-96.66666666666667,-93.33333333333333,1,187,-93.93939393939394,-9.333333333333325,4.761904761904767,-96.82539682539682,True
AMC15X-015,O:AMC241220P00005500,PUT,5.5,2024-12-20,14,0.0,DISCOVERY,RISK_OR_EXHAUSTION,2024-12-05T20:00:00+00:00,2024-12-05T19:45:00+00:00,21,1,78,False,True,100,WITHIN_TOLERANCE,NEAR_ATM,0.25818181818181396,-0.25818181818181396,15,SCORED_RIGHT_CENSORED,True,78,0.5,0.54,8.000000000000007,190.74074074074073,-1.851851851851849,142.5925925925926,49,1,-16.560509554140125,0.7475728155339807,214.0,6.000000000000005,False
AMC15X-015,O:AMC250103P00005500,PUT,5.5,2025-01-03,30,0.0,DISCOVERY,RISK_OR_EXHAUSTION,2024-12-05T20:00:00+00:00,2024-12-05T19:45:00+00:00,13,0,25,False,False,38,WITHIN_TOLERANCE,NEAR_ATM,0.25818181818181396,-0.25818181818181396,29,UNSCORED_SIGNAL_BAR_ABSENT,,0,,,,,,,,,,,,,
AMC15X-016,O:AMC250103C00004000,CALL,4.0,2025-01-03,14,0.0,DISCOVERY,ENTRY_FORMING,2024-12-17T14:45:00+00:00,2024-12-17T14:30:00+00:00,63,1,273,False,True,337,WITHIN_TOLERANCE,NEAR_ATM,2.750000000000008,2.750000000000008,17,SCORED_RIGHT_CENSORED,True,273,0.37,0.38,2.7027027027026973,31.578947368421062,-94.73684210526316,-86.8421052631579,5,251,-90.0,-2.7499999999999996,35.13513513513513,-94.5945945945946,True
AMC15X-016,O:AMC250117C00004000,CALL,4.0,2025-01-17,30,0.0,DISCOVERY,ENTRY_FORMING,2024-12-17T14:45:00+00:00,2024-12-17T14:30:00+00:00,102,1,506,False,True,609,WITHIN_TOLERANCE,NEAR_ATM,2.750000000000008,2.750000000000008,31,SCORED_RIGHT_CENSORED,True,506,0.47,0.48,2.127659574468077,33.33333333333335,-97.91666666666666,-97.91666666666666,6,431,-98.4375,-2.9374999999999982,36.170212765957466,-97.87234042553192,True
AMC15X-016,O:AMC250103P00004000,PUT,4.0,2025-01-03,14,0.0,DISCOVERY,ENTRY_FORMING,2024-12-17T14:45:00+00:00,2024-12-17T14:30:00+00:00,53,1,249,False,True,303,WITHIN_TOLERANCE,NEAR_ATM,2.750000000000008,-2.750000000000008,17,SCORED_RIGHT_CENSORED,True,249,0.22,0.22,0.0,31.818181818181813,-95.45454545454545,-95.45454545454545,28,235,-96.55172413793103,-3.0000000000000004,31.818181818181813,-95.45454545454545,True
AMC15X-016,O:AMC250117P00004000,PUT,4.0,2025-01-17,30,0.0,DISCOVERY,ENTRY_FORMING,2024-12-17T14:45:00+00:00,2024-12-17T14:30:00+00:00,81,1,439,False,True,521,WITHIN_TOLERANCE,NEAR_ATM,2.750000000000008,-2.750000000000008,31,SCORED_RIGHT_CENSORED,True,439,0.32,0.32,0.0,150.0,-68.75,56.25,366,250,-37.5,0.375,150.0,-68.75,False
AMC15SUP-011,O:AMC250103C00004000,CALL,4.0,2025-01-03,14,0.0,DISCOVERY,ENTRY_FORMING,2024-12-20T20:45:00+00:00,2024-12-20T20:30:00+00:00,144,0,193,False,False,337,WITHIN_TOLERANCE,NEAR_ATM,4.62499999999999,4.62499999999999,14,UNSCORED_SIGNAL_BAR_ABSENT,,0,,,,,,,,,,,,,
AMC15SUP-011,O:AMC250117C00004000,CALL,4.0,2025-01-17,30,0.0,DISCOVERY,ENTRY_FORMING,2024-12-20T20:45:00+00:00,2024-12-20T20:30:00+00:00,194,1,414,False,True,609,WITHIN_TOLERANCE,NEAR_ATM,4.62499999999999,4.62499999999999,28,SCORED_RIGHT_CENSORED,True,414,0.47,0.46,-2.127659574468077,6.521739130434767,-97.82608695652173,-97.82608695652173,1,339,-97.95918367346938,-15.000000000000036,4.255319148936176,-97.87234042553192,True
AMC15SUP-011,O:AMC250103P00004000,PUT,4.0,2025-01-03,14,0.0,DISCOVERY,ENTRY_FORMING,2024-12-20T20:45:00+00:00,2024-12-20T20:30:00+00:00,116,0,187,False,False,303,WITHIN_TOLERANCE,NEAR_ATM,4.62499999999999,-4.62499999999999,14,UNSCORED_SIGNAL_BAR_ABSENT,,0,,,,,,,,,,,,,
AMC15SUP-011,O:AMC250117P00004000,PUT,4.0,2025-01-17,30,0.0,DISCOVERY,ENTRY_FORMING,2024-12-20T20:45:00+00:00,2024-12-20T20:30:00+00:00,149,1,371,False,True,521,WITHIN_TOLERANCE,NEAR_ATM,4.62499999999999,-4.62499999999999,28,SCORED_RIGHT_CENSORED,True,371,0.27,0.27,0.0,196.29629629629628,-62.96296296296296,85.18518518518516,298,182,-37.5,0.4339622641509433,196.29629629629628,-62.96296296296296,False
AMC15X-017,O:AMC250110C00004000,CALL,4.0,2025-01-10,14,0.0,DISCOVERY,THESIS_PRESSURE,2024-12-24T17:45:00+00:00,2024-12-24T17:30:00+00:00,65,1,248,False,True,314,WITHIN_TOLERANCE,NEAR_ATM,1.6250000000000098,1.6250000000000098,17,SCORED_RIGHT_CENSORED,True,248,0.3,0.29,-3.3333333333333326,24.13793103448276,-96.55172413793103,-96.55172413793103,1,223,-97.22222222222221,-3.9999999999999996,19.999999999999996,-96.66666666666667,True
AMC15X-017,O:AMC250124C00004000,CALL,4.0,2025-01-24,30,0.0,DISCOVERY,THESIS_PRESSURE,2024-12-24T17:45:00+00:00,2024-12-24T17:30:00+00:00,71,0,289,False,False,361,WITHIN_TOLERANCE,NEAR_ATM,1.6250000000000098,1.6250000000000098,31,UNSCORED_SIGNAL_BAR_ABSENT,,0,,,,,,,,,,,,,
AMC15X-017,O:AMC250110P00004000,PUT,4.0,2025-01-10,14,0.0,DISCOVERY,THESIS_PRESSURE,2024-12-24T17:45:00+00:00,2024-12-24T17:30:00+00:00,55,1,230,False,True,286,WITHIN_TOLERANCE,NEAR_ATM,1.6250000000000098,-1.6250000000000098,17,SCORED_RIGHT_CENSORED,True,230,0.17,0.19,11.764705882352944,52.63157894736841,-84.21052631578947,5.263157894736836,205,170,-31.034482758620683,0.09999999999999991,70.58823529411762,-82.35294117647058,False
AMC15X-017,O:AMC250124P00004000,PUT,4.0,2025-01-24,30,0.0,DISCOVERY,THESIS_PRESSURE,2024-12-24T17:45:00+00:00,2024-12-24T17:30:00+00:00,41,1,194,False,True,236,WITHIN_TOLERANCE,NEAR_ATM,1.6250000000000098,-1.6250000000000098,31,SCORED_RIGHT_CENSORED,True,194,0.29,0.41,41.37931034482758,100.0,-58.536585365853654,31.70731707317074,154,67,-34.14634146341463,0.3170731707317074,182.75862068965517,-41.37931034482758,False
AMC15X-018,O:AMC250110C00004000,CALL,4.0,2025-01-10,14,0.0,DISCOVERY,CONTINUATION,2024-12-26T14:45:00+00:00,2024-12-26T14:30:00+00:00,66,1,247,False,True,314,WITHIN_TOLERANCE,NEAR_ATM,2.6250000000000107,2.6250000000000107,15,SCORED_RIGHT_CENSORED,True,247,0.34,0.33,-2.941176470588236,0.0,-96.96969696969697,-96.96969696969697,1,222,-96.96969696969697,,-2.941176470588236,-97.05882352941177,True
AMC15X-018,O:AMC250124C00004000,CALL,4.0,2025-01-24,30,0.0,DISCOVERY,CONTINUATION,2024-12-26T14:45:00+00:00,2024-12-26T14:30:00+00:00,71,1,288,False,True,361,WITHIN_TOLERANCE,NEAR_ATM,2.6250000000000107,2.6250000000000107,29,SCORED_RIGHT_CENSORED,True,289,0.48,0.43,-10.416666666666663,0.0,-86.04651162790698,-65.11627906976744,1,239,-65.11627906976744,,-10.416666666666663,-87.5,True
AMC15X-018,O:AMC250110P00004000,PUT,4.0,2025-01-10,14,0.0,DISCOVERY,CONTINUATION,2024-12-26T14:45:00+00:00,2024-12-26T14:30:00+00:00,56,1,229,False,True,286,WITHIN_TOLERANCE,NEAR_ATM,2.6250000000000107,-2.6250000000000107,15,SCORED_RIGHT_CENSORED,True,229,0.21,0.21,0.0,38.095238095238095,-85.71428571428572,-4.761904761904756,204,169,-31.034482758620683,-0.12499999999999983,38.095238095238095,-85.71428571428572,False
AMC15X-018,O:AMC250124P00004000,PUT,4.0,2025-01-24,30,0.0,DISCOVERY,CONTINUATION,2024-12-26T14:45:00+00:00,2024-12-26T14:30:00+00:00,42,1,193,False,True,236,WITHIN_TOLERANCE,NEAR_ATM,2.6250000000000107,-2.6250000000000107,29,SCORED_RIGHT_CENSORED,True,193,0.41,0.3,-26.82926829268293,173.33333333333334,-43.33333333333332,80.00000000000003,153,66,-34.14634146341463,0.4615384615384617,100.0,-58.536585365853654,False
AMC15SUP-012,O:AMC250117C00004000,CALL,4.0,2025-01-17,14,0.0,DISCOVERY,CONTINUATION,2025-01-06T19:30:00+00:00,2025-01-06T19:15:00+00:00,395,1,213,False,True,609,WITHIN_TOLERANCE,NEAR_ATM,2.0675,2.0675,11,SCORED_RIGHT_CENSORED,True,213,0.27,0.25,-7.407407407407418,12.00000000000001,-96.0,-96.0,1,138,-96.42857142857143,-7.999999999999993,3.703703703703698,-96.2962962962963,True
AMC15SUP-012,O:AMC250207C00004000,CALL,4.0,2025-02-07,30,0.0,DISCOVERY,CONTINUATION,2025-01-06T19:30:00+00:00,2025-01-06T19:15:00+00:00,51,1,262,False,True,314,WITHIN_TOLERANCE,NEAR_ATM,2.0675,2.0675,32,SCORED_RIGHT_CENSORED,True,262,0.43,0.46,6.976744186046524,2.1739130434782483,-89.13043478260869,-86.95652173913044,6,237,-87.2340425531915,-40.000000000000234,9.302325581395344,-88.37209302325581,True
AMC15SUP-012,O:AMC250117P00004000,PUT,4.0,2025-01-17,14,0.0,DISCOVERY,CONTINUATION,2025-01-06T19:30:00+00:00,2025-01-06T19:15:00+00:00,313,1,207,False,True,521,WITHIN_TOLERANCE,NEAR_ATM,2.0675,-2.0675,11,SCORED_RIGHT_CENSORED,True,207,0.15,0.17,13.333333333333353,370.5882352941177,-41.17647058823529,194.1176470588235,134,18,-37.5,0.5238095238095237,433.33333333333337,-33.33333333333333,False
AMC15SUP-012,O:AMC250207P00004000,PUT,4.0,2025-02-07,30,0.0,DISCOVERY,CONTINUATION,2025-01-06T19:30:00+00:00,2025-01-06T19:15:00+00:00,37,0,98,False,False,135,WITHIN_TOLERANCE,NEAR_ATM,2.0675,-2.0675,32,UNSCORED_SIGNAL_BAR_ABSENT,,0,,,,,,,,,,,,,
AMC15SUP-013,O:AMC250131C00003500,CALL,3.5,2025-01-31,14,0.0,DISCOVERY,ENTRY_FORMING,2025-01-16T20:00:00+00:00,2025-01-16T19:45:00+00:00,103,1,257,False,True,361,WITHIN_TOLERANCE,NEAR_ATM,3.9599999999999955,3.9599999999999955,15,SCORED_RIGHT_CENSORED,True,257,0.36,0.37,2.77777777777779,21.62162162162162,-97.2972972972973,-97.2972972972973,9,200,-97.77777777777777,-4.500000000000001,25.0,-97.22222222222221,True
AMC15SUP-013,O:AMC250214C00003500,CALL,3.5,2025-02-14,30,0.0,DISCOVERY,ENTRY_FORMING,2025-01-16T20:00:00+00:00,2025-01-16T19:45:00+00:00,54,0,435,False,False,489,WITHIN_TOLERANCE,NEAR_ATM,3.9599999999999955,3.9599999999999955,29,UNSCORED_SIGNAL_BAR_ABSENT,,0,,,,,,,,,,,,,
AMC15SUP-013,O:AMC250131P00003500,PUT,3.5,2025-01-31,14,0.0,DISCOVERY,ENTRY_FORMING,2025-01-16T20:00:00+00:00,2025-01-16T19:45:00+00:00,74,0,240,False,False,314,WITHIN_TOLERANCE,NEAR_ATM,3.9599999999999955,-3.9599999999999955,15,UNSCORED_SIGNAL_BAR_ABSENT,,0,,,,,,,,,,,,,
AMC15SUP-013,O:AMC250214P00003500,PUT,3.5,2025-02-14,30,0.0,DISCOVERY,ENTRY_FORMING,2025-01-16T20:00:00+00:00,2025-01-16T19:45:00+00:00,43,1,279,False,True,323,WITHIN_TOLERANCE,NEAR_ATM,3.9599999999999955,-3.9599999999999955,29,SCORED_RIGHT_CENSORED,True,279,0.35,0.34,-2.857142857142847,67.64705882352939,-97.05882352941177,-97.05882352941177,104,256,-98.24561403508771,-1.4347826086956526,62.857142857142854,-97.14285714285714,True
AMC15X-019,O:AMC250131C00004000,CALL,4.0,2025-01-31,14,0.0,DISCOVERY,CONTINUATION,2025-01-17T15:45:00+00:00,2025-01-17T15:30:00+00:00,124,1,243,False,True,368,WITHIN_TOLERANCE,NEAR_ATM,6.374999999999997,-6.374999999999997,14,SCORED_RIGHT_CENSORED,True,243,0.22,0.22,0.0,0.0,-95.45454545454545,-95.45454545454545,1,129,-95.45454545454545,,0.0,-95.45454545454545,True
AMC15X-019,O:AMC250214C00004000,CALL,4.0,2025-02-14,30,0.0,DISCOVERY,CONTINUATION,2025-01-17T15:45:00+00:00,2025-01-17T15:30:00+00:00,86,1,288,False,True,375,WITHIN_TOLERANCE,NEAR_ATM,6.374999999999997,-6.374999999999997,28,SCORED_RIGHT_CENSORED,True,288,0.35,0.35,0.0,0.0,-97.14285714285714,-94.28571428571428,1,246,-94.28571428571428,,0.0,-97.14285714285714,True
AMC15X-019,O:AMC250131P00004000,PUT,4.0,2025-01-31,14,0.0,DISCOVERY,CONTINUATION,2025-01-17T15:45:00+00:00,2025-01-17T15:30:00+00:00,63,1,175,False,True,239,WITHIN_TOLERANCE,NEAR_ATM,6.374999999999997,6.374999999999997,14,SCORED_RIGHT_CENSORED,True,175,0.47,0.48,2.127659574468077,95.83333333333333,-2.083333333333337,95.83333333333333,175,1,0.0,1.0,100.0,0.0,False
AMC15X-019,O:AMC250214P00004000,PUT,4.0,2025-02-14,30,0.0,DISCOVERY,CONTINUATION,2025-01-17T15:45:00+00:00,2025-01-17T15:30:00+00:00,25,0,74,False,False,99,WITHIN_TOLERANCE,NEAR_ATM,6.374999999999997,6.374999999999997,28,UNSCORED_SIGNAL_BAR_ABSENT,,0,,,,,,,,,,,,,
AMC15X-020,O:AMC250207C00003500,CALL,3.5,2025-02-07,14,0.0,DISCOVERY,THESIS_PRESSURE,2025-01-27T18:00:00+00:00,2025-01-27T17:45:00+00:00,92,1,240,False,True,333,WITHIN_TOLERANCE,NEAR_ATM,3.8571428571428514,-3.8571428571428514,11,SCORED_RIGHT_CENSORED,True,240,0.12,0.13,8.333333333333348,7.692307692307709,-92.3076923076923,-92.3076923076923,16,117,-92.85714285714286,-11.999999999999973,16.666666666666675,-91.66666666666666,True
AMC15X-020,O:AMC250228C00003500,CALL,3.5,2025-02-28,30,0.0,DISCOVERY,THESIS_PRESSURE,2025-01-27T18:00:00+00:00,2025-01-27T17:45:00+00:00,62,0,546,False,False,608,WITHIN_TOLERANCE,NEAR_ATM,3.8571428571428514,-3.8571428571428514,32,UNSCORED_SIGNAL_BAR_ABSENT,,0,,,,,,,,,,,,,
AMC15X-020,O:AMC250207P00003500,PUT,3.5,2025-02-07,14,0.0,DISCOVERY,THESIS_PRESSURE,2025-01-27T18:00:00+00:00,2025-01-27T17:45:00+00:00,64,1,196,False,True,261,WITHIN_TOLERANCE,NEAR_ATM,3.8571428571428514,3.8571428571428514,11,SCORED_RIGHT_CENSORED,True,196,0.26,0.25,-3.8461538461538547,131.99999999999997,0.0,63.99999999999999,94,1,-29.31034482758621,0.4848484848484849,123.07692307692304,-3.8461538461538547,False
AMC15X-020,O:AMC250228P00003500,PUT,3.5,2025-02-28,30,0.0,DISCOVERY,THESIS_PRESSURE,2025-01-27T18:00:00+00:00,2025-01-27T17:45:00+00:00,23,0,362,False,False,385,WITHIN_TOLERANCE,NEAR_ATM,3.8571428571428514,3.8571428571428514,32,UNSCORED_SIGNAL_BAR_ABSENT,,0,,,,,,,,,,,,,
AMC15X-021,O:AMC250214C00003500,CALL,3.5,2025-02-14,14,0.0,DISCOVERY,ENTRY_FORMING,2025-01-28T19:45:00+00:00,2025-01-28T19:30:00+00:00,153,1,335,False,True,489,WITHIN_TOLERANCE,NEAR_ATM,4.714285714285715,-4.714285714285715,17,SCORED_RIGHT_CENSORED,True,335,0.17,0.18,5.88235294117645,16.666666666666675,-88.88888888888889,-66.66666666666667,266,207,-71.42857142857143,-3.9999999999999982,23.529411764705866,-88.23529411764706,False
AMC15X-021,O:AMC250228C00003500,CALL,3.5,2025-02-28,30,0.0,DISCOVERY,ENTRY_FORMING,2025-01-28T19:45:00+00:00,2025-01-28T19:30:00+00:00,78,1,529,False,True,608,WITHIN_TOLERANCE,NEAR_ATM,4.714285714285715,-4.714285714285715,31,SCORED_RIGHT_CENSORED,True,529,0.3,0.31,3.3333333333333437,35.48387096774193,-96.7741935483871,-96.7741935483871,300,499,-97.61904761904762,-2.727272727272728,39.99999999999999,-96.66666666666667,True
AMC15X-021,O:AMC250214P00003500,PUT,3.5,2025-02-14,14,0.0,DISCOVERY,ENTRY_FORMING,2025-01-28T19:45:00+00:00,2025-01-28T19:30:00+00:00,110,0,213,False,False,323,WITHIN_TOLERANCE,NEAR_ATM,4.714285714285715,4.714285714285715,17,UNSCORED_SIGNAL_BAR_ABSENT,,0,,,,,,,,,,,,,
AMC15X-021,O:AMC250228P00003500,PUT,3.5,2025-02-28,30,0.0,DISCOVERY,ENTRY_FORMING,2025-01-28T19:45:00+00:00,2025-01-28T19:30:00+00:00,28,0,357,False,False,385,WITHIN_TOLERANCE,NEAR_ATM,4.714285714285715,4.714285714285715,31,UNSCORED_SIGNAL_BAR_ABSENT,,0,,,,,,,,,,,,,
AMC15SUP-014,O:AMC250221C00003000,CALL,3.0,2025-02-21,14,0.0,DISCOVERY,ENTRY_FORMING,2025-02-10T20:30:00+00:00,2025-02-10T20:15:00+00:00,89,1,183,False,True,273,WITHIN_TOLERANCE,NEAR_ATM,5.3333333333333375,5.3333333333333375,11,SCORED_RIGHT_CENSORED,True,183,0.25,0.25,0.0,216.0,-7.9999999999999964,72.0,106,2,-45.56962025316456,0.3333333333333333,216.0,-7.9999999999999964,False
AMC15SUP-014,O:AMC250314C00003000,CALL,3.0,2025-03-14,30,0.0,DISCOVERY,ENTRY_FORMING,2025-02-10T20:30:00+00:00,2025-02-10T20:15:00+00:00,22,1,144,False,True,167,WITHIN_TOLERANCE,NEAR_ATM,5.3333333333333375,5.3333333333333375,32,SCORED_RIGHT_CENSORED,True,144,0.4,0.41,2.499999999999991,100.0,-51.21951219512195,-46.34146341463414,39,144,-73.17073170731707,-0.46341463414634143,104.99999999999999,-50.0,True
AMC15SUP-014,O:AMC250221P00003000,PUT,3.0,2025-02-21,14,0.0,DISCOVERY,ENTRY_FORMING,2025-02-10T20:30:00+00:00,2025-02-10T20:15:00+00:00,88,1,133,False,True,222,WITHIN_TOLERANCE,NEAR_ATM,5.3333333333333375,-5.3333333333333375,11,SCORED_RIGHT_CENSORED,True,133,0.08,0.07,-12.49999999999999,14.28571428571428,-85.71428571428572,-85.71428571428572,2,71,-87.5,-6.0000000000000036,0.0,-87.5,True
AMC15SUP-014,O:AMC250314P00003000,PUT,3.0,2025-03-14,30,0.0,DISCOVERY,ENTRY_FORMING,2025-02-10T20:30:00+00:00,2025-02-10T20:15:00+00:00,24,0,158,False,False,182,WITHIN_TOLERANCE,NEAR_ATM,5.3333333333333375,-5.3333333333333375,32,UNSCORED_SIGNAL_BAR_ABSENT,,0,,,,,,,,,,,,,
AMC15SUP-015,O:AMC250228C00003500,CALL,3.5,2025-02-28,14,0.0,DISCOVERY,CONTINUATION,2025-02-12T17:00:00+00:00,2025-02-12T16:45:00+00:00,308,1,299,False,True,608,WITHIN_TOLERANCE,NEAR_ATM,1.571428571428576,-1.571428571428576,16,SCORED_RIGHT_CENSORED,True,299,0.28,0.3,7.14285714285714,39.99999999999999,-96.66666666666667,-96.66666666666667,70,269,-97.61904761904762,-2.4166666666666674,49.99999999999998,-96.42857142857143,True
AMC15SUP-015,O:AMC250314C00003500,CALL,3.5,2025-03-14,30,0.0,DISCOVERY,CONTINUATION,2025-02-12T17:00:00+00:00,2025-02-12T16:45:00+00:00,66,1,447,False,True,514,WITHIN_TOLERANCE,NEAR_ATM,1.571428571428576,-1.571428571428576,30,SCORED_RIGHT_CENSORED,True,447,0.37,0.4,8.108108108108114,25.0,-97.5,-97.5,43,338,-98.0,-3.9,35.13513513513513,-97.2972972972973,True
AMC15SUP-015,O:AMC250228P00003500,PUT,3.5,2025-02-28,14,0.0,DISCOVERY,CONTINUATION,2025-02-12T17:00:00+00:00,2025-02-12T16:45:00+00:00,108,0,277,False,False,385,WITHIN_TOLERANCE,NEAR_ATM,1.571428571428576,1.571428571428576,16,UNSCORED_SIGNAL_BAR_ABSENT,,0,,,,,,,,,,,,,
AMC15SUP-015,O:AMC250314P00003500,PUT,3.5,2025-03-14,30,0.0,DISCOVERY,CONTINUATION,2025-02-12T17:00:00+00:00,2025-02-12T16:45:00+00:00,8,0,259,False,False,267,WITHIN_TOLERANCE,NEAR_ATM,1.571428571428576,1.571428571428576,30,UNSCORED_SIGNAL_BAR_ABSENT,,0,,,,,,,,,,,,,
AMC15X-022,O:AMC250228C00003500,CALL,3.5,2025-02-28,14,0.0,DISCOVERY,RISK_OR_EXHAUSTION,2025-02-12T18:30:00+00:00,2025-02-12T18:15:00+00:00,314,1,293,False,True,608,WITHIN_TOLERANCE,NEAR_ATM,0.14285714285713982,0.14285714285713982,16,SCORED_RIGHT_CENSORED,True,293,0.34,0.34,0.0,23.529411764705866,-97.05882352941177,-97.05882352941177,64,263,-97.61904761904762,-4.125000000000003,23.529411764705866,-97.05882352941177,True
AMC15X-022,O:AMC250314C00003500,CALL,3.5,2025-03-14,30,0.0,DISCOVERY,RISK_OR_EXHAUSTION,2025-02-12T18:30:00+00:00,2025-02-12T18:15:00+00:00,69,1,444,False,True,514,WITHIN_TOLERANCE,NEAR_ATM,0.14285714285713982,0.14285714285713982,30,SCORED_RIGHT_CENSORED,True,444,0.43,0.4,-6.976744186046502,25.0,-97.5,-97.5,40,335,-98.0,-3.9,16.279069767441868,-97.67441860465115,True
AMC15X-022,O:AMC250228P00003500,PUT,3.5,2025-02-28,14,0.0,DISCOVERY,RISK_OR_EXHAUSTION,2025-02-12T18:30:00+00:00,2025-02-12T18:15:00+00:00,112,1,272,False,True,385,WITHIN_TOLERANCE,NEAR_ATM,0.14285714285713982,-0.14285714285713982,16,SCORED_RIGHT_CENSORED,True,272,0.33,0.31,-6.060606060606066,38.709677419354826,-64.51612903225806,-38.70967741935484,173,46,-55.81395348837209,-1.0000000000000004,30.303030303030297,-66.66666666666667,False
AMC15X-022,O:AMC250314P00003500,PUT,3.5,2025-03-14,30,0.0,DISCOVERY,RISK_OR_EXHAUSTION,2025-02-12T18:30:00+00:00,2025-02-12T18:15:00+00:00,8,1,258,False,True,267,WITHIN_TOLERANCE,NEAR_ATM,0.14285714285713982,-0.14285714285713982,30,SCORED_RIGHT_CENSORED,True,258,0.39,0.42,7.692307692307687,61.904761904761926,-47.61904761904761,40.47619047619047,239,18,-13.235294117647067,0.6538461538461535,74.35897435897436,-43.58974358974359,False
AMC15X-023,O:AMC250314C00003500,CALL,3.5,2025-03-14,14,0.0,DISCOVERY,ENTRY_FORMING,2025-02-25T21:00:00+00:00,2025-02-25T20:45:00+00:00,200,1,313,False,True,514,WITHIN_TOLERANCE,NEAR_ATM,5.999999999999999,-5.999999999999999,17,SCORED_RIGHT_CENSORED,True,313,0.26,0.2,-23.076923076923073,19.999999999999996,-95.0,-95.0,5,204,-95.83333333333334,-4.750000000000001,-7.692307692307699,-96.15384615384616,True
AMC15X-023,O:AMC250328C00003500,CALL,3.5,2025-03-28,30,0.0,DISCOVERY,ENTRY_FORMING,2025-02-25T21:00:00+00:00,2025-02-25T20:45:00+00:00,97,1,412,False,True,510,WITHIN_TOLERANCE,NEAR_ATM,5.999999999999999,-5.999999999999999,31,SCORED_RIGHT_CENSORED,True,412,0.3,0.2,-33.33333333333333,54.999999999999986,-90.0,-85.0,5,364,-90.32258064516128,-1.5454545454545459,3.3333333333333437,-93.33333333333333,True
AMC15X-023,O:AMC250314P00003500,PUT,3.5,2025-03-14,14,0.0,DISCOVERY,ENTRY_FORMING,2025-02-25T21:00:00+00:00,2025-02-25T20:45:00+00:00,66,1,200,False,True,267,WITHIN_TOLERANCE,NEAR_ATM,5.999999999999999,5.999999999999999,17,SCORED_RIGHT_CENSORED,True,200,0.45,0.4,-11.111111111111105,70.0,-35.0,47.499999999999986,181,6,-13.235294117647067,0.6785714285714284,51.11111111111111,-42.222222222222214,False
AMC15X-023,O:AMC250328P00003500,PUT,3.5,2025-03-28,30,0.0,DISCOVERY,ENTRY_FORMING,2025-02-25T21:00:00+00:00,2025-02-25T20:45:00+00:00,27,1,117,False,True,145,WITHIN_TOLERANCE,NEAR_ATM,5.999999999999999,5.999999999999999,31,SCORED_RIGHT_CENSORED,True,117,0.53,0.44,-16.981132075471706,59.09090909090908,-27.27272727272727,11.363636363636353,66,3,-29.999999999999993,0.19230769230769215,32.0754716981132,-39.62264150943396,False
AMC15SUP-016,O:AMC250314C00003500,CALL,3.5,2025-03-14,14,0.0,DISCOVERY,CONTINUATION,2025-02-27T15:15:00+00:00,2025-02-27T15:00:00+00:00,226,1,287,False,True,514,WITHIN_TOLERANCE,NEAR_ATM,4.571428571428576,-4.571428571428576,15,SCORED_RIGHT_CENSORED,True,287,0.16,0.19,18.75,0.0,-94.73684210526316,-94.73684210526316,1,178,-94.73684210526316,,18.75,-93.75,True
AMC15SUP-016,O:AMC250328C00003500,CALL,3.5,2025-03-28,30,0.0,DISCOVERY,CONTINUATION,2025-02-27T15:15:00+00:00,2025-02-27T15:00:00+00:00,124,1,385,False,True,510,WITHIN_TOLERANCE,NEAR_ATM,4.571428571428576,-4.571428571428576,29,SCORED_RIGHT_CENSORED,True,385,0.21,0.25,19.047619047619047,12.00000000000001,-92.0,-88.0,1,337,-89.28571428571429,-7.333333333333327,33.33333333333335,-90.47619047619048,True
AMC15SUP-016,O:AMC250314P00003500,PUT,3.5,2025-03-14,14,0.0,DISCOVERY,CONTINUATION,2025-02-27T15:15:00+00:00,2025-02-27T15:00:00+00:00,81,0,186,False,False,267,WITHIN_TOLERANCE,NEAR_ATM,4.571428571428576,4.571428571428576,15,UNSCORED_SIGNAL_BAR_ABSENT,,0,,,,,,,,,,,,,
AMC15SUP-016,O:AMC250328P00003500,PUT,3.5,2025-03-28,30,0.0,DISCOVERY,CONTINUATION,2025-02-27T15:15:00+00:00,2025-02-27T15:00:00+00:00,37,1,107,False,True,145,WITHIN_TOLERANCE,NEAR_ATM,4.571428571428576,4.571428571428576,29,SCORED_RIGHT_CENSORED,True,107,0.4,0.38,-5.000000000000004,84.21052631578947,-7.8947368421052655,28.947368421052634,56,16,-29.999999999999993,0.34375000000000006,74.99999999999997,-12.50000000000001,False
AMC15X-024,O:AMC250314C00003500,CALL,3.5,2025-03-14,14,0.0,DISCOVERY,CONTINUATION,2025-02-28T16:00:00+00:00,2025-02-28T15:45:00+00:00,254,1,259,False,True,514,WITHIN_TOLERANCE,NEAR_ATM,6.142857142857139,-6.142857142857139,14,SCORED_RIGHT_CENSORED,True,259,0.15,0.17,13.333333333333353,5.88235294117645,-94.11764705882352,-94.11764705882352,4,150,-94.44444444444444,-16.000000000000057,19.999999999999996,-93.33333333333333,True
AMC15X-024,O:AMC250328C00003500,CALL,3.5,2025-03-28,30,0.0,DISCOVERY,CONTINUATION,2025-02-28T16:00:00+00:00,2025-02-28T15:45:00+00:00,143,1,366,False,True,510,WITHIN_TOLERANCE,NEAR_ATM,6.142857142857139,-6.142857142857139,28,SCORED_RIGHT_CENSORED,True,366,0.2,0.22,9.999999999999986,22.72727272727273,-90.9090909090909,-86.36363636363636,6,318,-88.88888888888889,-3.7999999999999994,35.00000000000001,-90.0,True
AMC15X-024,O:AMC250314P00003500,PUT,3.5,2025-03-14,14,0.0,DISCOVERY,CONTINUATION,2025-02-28T16:00:00+00:00,2025-02-28T15:45:00+00:00,96,0,171,False,False,267,WITHIN_TOLERANCE,NEAR_ATM,6.142857142857139,6.142857142857139,14,UNSCORED_SIGNAL_BAR_ABSENT,,0,,,,,,,,,,,,,
AMC15X-024,O:AMC250328P00003500,PUT,3.5,2025-03-28,30,0.0,DISCOVERY,CONTINUATION,2025-02-28T16:00:00+00:00,2025-02-28T15:45:00+00:00,45,0,100,False,False,145,WITHIN_TOLERANCE,NEAR_ATM,6.142857142857139,6.142857142857139,28,UNSCORED_SIGNAL_BAR_ABSENT,,0,,,,,,,,,,,,,
AMC15SUP-017,O:AMC250321C00003000,CALL,3.0,2025-03-21,14,0.0,DISCOVERY,ENTRY_FORMING,2025-03-07T15:00:00+00:00,2025-03-07T14:45:00+00:00,94,1,276,False,True,371,WITHIN_TOLERANCE,NEAR_ATM,1.3333333333333344,1.3333333333333344,14,SCORED_RIGHT_CENSORED,True,276,0.2,0.18,-10.000000000000009,11.111111111111116,-94.44444444444444,-72.22222222222221,1,269,-75.0,-6.4999999999999964,0.0,-95.0,True
AMC15SUP-017,O:AMC250404C00003000,CALL,3.0,2025-04-04,30,0.0,DISCOVERY,ENTRY_FORMING,2025-03-07T15:00:00+00:00,2025-03-07T14:45:00+00:00,54,0,443,False,False,497,WITHIN_TOLERANCE,NEAR_ATM,1.3333333333333344,1.3333333333333344,28,UNSCORED_SIGNAL_BAR_ABSENT,,0,,,,,,,,,,,,,
AMC15SUP-017,O:AMC250321P00003000,PUT,3.0,2025-03-21,14,0.0,DISCOVERY,ENTRY_FORMING,2025-03-07T15:00:00+00:00,2025-03-07T14:45:00+00:00,82,1,259,False,True,342,WITHIN_TOLERANCE,NEAR_ATM,1.3333333333333344,-1.3333333333333344,14,SCORED_RIGHT_CENSORED,True,259,0.14,0.15,7.14285714285714,86.66666666666669,-93.33333333333333,-93.33333333333333,134,241,-96.42857142857143,-1.0769230769230766,100.0,-92.85714285714286,True
AMC15SUP-017,O:AMC250404P00003000,PUT,3.0,2025-04-04,30,0.0,DISCOVERY,ENTRY_FORMING,2025-03-07T15:00:00+00:00,2025-03-07T14:45:00+00:00,39,1,329,False,True,369,WITHIN_TOLERANCE,NEAR_ATM,1.3333333333333344,-1.3333333333333344,28,SCORED_RIGHT_CENSORED,True,329,0.22,0.22,0.0,131.81818181818184,-81.81818181818181,54.54545454545456,311,150,-33.33333333333333,0.4137931034482759,131.81818181818184,-81.81818181818181,False
AMC15X-025,O:AMC250321C00003000,CALL,3.0,2025-03-21,14,0.0,DISCOVERY,THESIS_PRESSURE,2025-03-07T17:15:00+00:00,2025-03-07T17:00:00+00:00,102,1,268,False,True,371,WITHIN_TOLERANCE,NEAR_ATM,0.4633333333333341,0.4633333333333341,14,SCORED_RIGHT_CENSORED,True,268,0.18,0.18,0.0,11.111111111111116,-94.44444444444444,-72.22222222222221,4,261,-75.0,-6.4999999999999964,11.111111111111116,-94.44444444444444,True
AMC15X-025,O:AMC250404C00003000,CALL,3.0,2025-04-04,30,0.0,DISCOVERY,THESIS_PRESSURE,2025-03-07T17:15:00+00:00,2025-03-07T17:00:00+00:00,55,0,442,False,False,497,WITHIN_TOLERANCE,NEAR_ATM,0.4633333333333341,0.4633333333333341,28,UNSCORED_SIGNAL_BAR_ABSENT,,0,,,,,,,,,,,,,
AMC15X-025,O:AMC250321P00003000,PUT,3.0,2025-03-21,14,0.0,DISCOVERY,THESIS_PRESSURE,2025-03-07T17:15:00+00:00,2025-03-07T17:00:00+00:00,88,1,253,False,True,342,WITHIN_TOLERANCE,NEAR_ATM,0.4633333333333341,-0.4633333333333341,14,SCORED_RIGHT_CENSORED,True,253,0.16,0.15,-6.25,86.66666666666669,-93.33333333333333,-93.33333333333333,128,235,-96.42857142857143,-1.0769230769230766,75.00000000000003,-93.75,True
AMC15X-025,O:AMC250404P00003000,PUT,3.0,2025-04-04,30,0.0,DISCOVERY,THESIS_PRESSURE,2025-03-07T17:15:00+00:00,2025-03-07T17:00:00+00:00,42,0,327,False,False,369,WITHIN_TOLERANCE,NEAR_ATM,0.4633333333333341,-0.4633333333333341,28,UNSCORED_SIGNAL_BAR_ABSENT,,0,,,,,,,,,,,,,
AMC15SUP-018,O:AMC250404C00003000,CALL,3.0,2025-04-04,14,0.0,DISCOVERY,CONTINUATION,2025-03-19T19:45:00+00:00,2025-03-19T19:30:00+00:00,204,1,292,False,True,497,WITHIN_TOLERANCE,NEAR_ATM,2.166666666666665,2.166666666666665,16,SCORED_RIGHT_CENSORED,True,292,0.2,0.21,4.999999999999982,4.761904761904767,-95.23809523809523,-95.23809523809523,90,218,-95.45454545454545,-19.999999999999975,9.999999999999986,-95.0,True
AMC15SUP-018,O:AMC250417C00003000,CALL,3.0,2025-04-17,30,0.0,DISCOVERY,CONTINUATION,2025-03-19T19:45:00+00:00,2025-03-19T19:30:00+00:00,115,1,341,False,True,457,WITHIN_TOLERANCE,NEAR_ATM,2.166666666666665,2.166666666666665,29,SCORED_RIGHT_CENSORED,True,341,0.26,0.26,0.0,3.8461538461538547,-80.76923076923077,-53.846153846153854,1,218,-55.55555555555556,-13.999999999999972,3.8461538461538547,-80.76923076923077,True
AMC15SUP-018,O:AMC250404P00003000,PUT,3.0,2025-04-04,14,0.0,DISCOVERY,CONTINUATION,2025-03-19T19:45:00+00:00,2025-03-19T19:30:00+00:00,113,0,256,False,False,369,WITHIN_TOLERANCE,NEAR_ATM,2.166666666666665,-2.166666666666665,16,UNSCORED_SIGNAL_BAR_ABSENT,,0,,,,,,,,,,,,,
AMC15SUP-018,O:AMC250417P00003000,PUT,3.0,2025-04-17,30,0.0,DISCOVERY,CONTINUATION,2025-03-19T19:45:00+00:00,2025-03-19T19:30:00+00:00,67,0,209,False,False,276,WITHIN_TOLERANCE,NEAR_ATM,2.166666666666665,-2.166666666666665,29,UNSCORED_SIGNAL_BAR_ABSENT,,0,,,,,,,,,,,,,
AMC15SUP-019,O:AMC250417C00002500,CALL,2.5,2025-04-17,14,0.0,DISCOVERY,ENTRY_FORMING,2025-04-04T19:45:00+00:00,2025-04-04T19:30:00+00:00,66,1,188,False,True,255,WITHIN_TOLERANCE,NEAR_ATM,4.548000000000005,4.548000000000005,13,SCORED_RIGHT_CENSORED,True,188,0.23,0.24,4.347826086956519,112.5,-75.0,25.0,109,144,-41.17647058823529,0.2222222222222222,121.73913043478262,-73.91304347826086,True
AMC15SUP-019,O:AMC250502C00002500,CALL,2.5,2025-05-02,30,0.0,DISCOVERY,ENTRY_FORMING,2025-04-04T19:45:00+00:00,2025-04-04T19:30:00+00:00,49,1,220,False,True,270,WITHIN_TOLERANCE,NEAR_ATM,4.548000000000005,4.548000000000005,28,SCORED_RIGHT_CENSORED,True,220,0.29,0.3,3.4482758620689724,100.0,-60.0,-16.666666666666664,3,194,-58.33333333333333,-0.16666666666666663,106.89655172413795,-58.62068965517242,True
AMC15SUP-019,O:AMC250417P00002500,PUT,2.5,2025-04-17,14,0.0,DISCOVERY,ENTRY_FORMING,2025-04-04T19:45:00+00:00,2025-04-04T19:30:00+00:00,99,1,174,False,True,274,WITHIN_TOLERANCE,NEAR_ATM,4.548000000000005,-4.548000000000005,13,SCORED_RIGHT_CENSORED,True,174,0.11,0.13,18.181818181818187,30.76923076923077,-92.3076923076923,-92.3076923076923,2,88,-94.11764705882352,-3.0,54.54545454545456,-90.9090909090909,True
AMC15SUP-019,O:AMC250502P00002500,PUT,2.5,2025-05-02,30,0.0,DISCOVERY,ENTRY_FORMING,2025-04-04T19:45:00+00:00,2025-04-04T19:30:00+00:00,30,0,167,False,False,197,WITHIN_TOLERANCE,NEAR_ATM,4.548000000000005,-4.548000000000005,28,UNSCORED_SIGNAL_BAR_ABSENT,,0,,,,,,,,,,,,,
AMC15X-026,O:AMC250425C00003000,CALL,3.0,2025-04-25,14,0.0,DISCOVERY,CONTINUATION,2025-04-08T13:45:00+00:00,2025-04-08T13:30:00+00:00,105,1,319,False,True,425,NEAREST_REGULAR_STRIKE,MODERATE,7.8333333333333295,-7.8333333333333295,17,SCORED_RIGHT_CENSORED,True,319,0.12,0.15,25.0,33.33333333333335,-93.33333333333333,-93.33333333333333,49,205,-95.0,-2.7999999999999985,66.66666666666667,-91.66666666666666,True
AMC15X-026,O:AMC250509C00003000,CALL,3.0,2025-05-09,30,0.0,DISCOVERY,CONTINUATION,2025-04-08T13:45:00+00:00,2025-04-08T13:30:00+00:00,51,1,517,False,True,569,NEAREST_REGULAR_STRIKE,MODERATE,7.8333333333333295,-7.8333333333333295,31,SCORED_RIGHT_CENSORED,True,517,0.28,0.24,-14.285714285714302,108.33333333333334,-95.83333333333334,-95.83333333333334,27,467,-98.0,-0.8846153846153846,78.57142857142856,-96.42857142857143,True
AMC15X-026,O:AMC250425P00003000,PUT,3.0,2025-04-25,14,0.0,DISCOVERY,CONTINUATION,2025-04-08T13:45:00+00:00,2025-04-08T13:30:00+00:00,39,1,221,False,True,261,NEAREST_REGULAR_STRIKE,MODERATE,7.8333333333333295,7.8333333333333295,17,SCORED_RIGHT_CENSORED,True,221,0.39,0.36,-7.692307692307699,27.77777777777779,-61.11111111111111,-11.111111111111105,6,42,-30.434782608695656,-0.39999999999999963,17.948717948717952,-64.1025641025641,True
AMC15X-026,O:AMC250509P00003000,PUT,3.0,2025-05-09,30,0.0,DISCOVERY,CONTINUATION,2025-04-08T13:45:00+00:00,2025-04-08T13:30:00+00:00,21,1,215,False,True,237,NEAREST_REGULAR_STRIKE,MODERATE,7.8333333333333295,7.8333333333333295,31,SCORED_RIGHT_CENSORED,True,215,0.5,0.42,-16.000000000000004,35.7142857142857,-50.0,-38.095238095238095,2,215,-54.38596491228069,-1.066666666666667,13.99999999999999,-58.00000000000001,True
AMC15X-027,O:AMC250425C00002500,CALL,2.5,2025-04-25,14,0.0,DISCOVERY,THESIS_PRESSURE,2025-04-08T18:15:00+00:00,2025-04-08T18:00:00+00:00,53,0,235,False,False,288,WITHIN_TOLERANCE,NEAR_ATM,7.400000000000002,7.400000000000002,17,UNSCORED_SIGNAL_BAR_ABSENT,,0,,,,,,,,,,,,,
AMC15X-027,O:AMC250509C00002500,CALL,2.5,2025-05-09,30,0.0,DISCOVERY,THESIS_PRESSURE,2025-04-08T18:15:00+00:00,2025-04-08T18:00:00+00:00,26,0,325,False,False,351,WITHIN_TOLERANCE,NEAR_ATM,7.400000000000002,7.400000000000002,31,UNSCORED_SIGNAL_BAR_ABSENT,,0,,,,,,,,,,,,,
AMC15X-027,O:AMC250425P00002500,PUT,2.5,2025-04-25,14,0.0,DISCOVERY,THESIS_PRESSURE,2025-04-08T18:15:00+00:00,2025-04-08T18:00:00+00:00,78,0,211,False,False,289,WITHIN_TOLERANCE,NEAR_ATM,7.400000000000002,-7.400000000000002,17,UNSCORED_SIGNAL_BAR_ABSENT,,0,,,,,,,,,,,,,
AMC15X-027,O:AMC250509P00002500,PUT,2.5,2025-05-09,30,0.0,DISCOVERY,THESIS_PRESSURE,2025-04-08T18:15:00+00:00,2025-04-08T18:00:00+00:00,26,0,338,False,False,364,WITHIN_TOLERANCE,NEAR_ATM,7.400000000000002,-7.400000000000002,31,UNSCORED_SIGNAL_BAR_ABSENT,,0,,,,,,,,,,,,,
AMC15SUP-020,O:AMC250425C00003000,CALL,3.0,2025-04-25,14,0.0,DISCOVERY,CONTINUATION,2025-04-09T18:45:00+00:00,2025-04-09T18:30:00+00:00,146,1,278,False,True,425,WITHIN_TOLERANCE,NEAR_ATM,5.833333333333327,-5.833333333333327,16,SCORED_RIGHT_CENSORED,True,278,0.15,0.16,6.666666666666665,25.0,-93.75,-93.75,8,164,-95.0,-3.75,33.33333333333335,-93.33333333333333,True
AMC15SUP-020,O:AMC250509C00003000,CALL,3.0,2025-05-09,30,0.0,DISCOVERY,CONTINUATION,2025-04-09T18:45:00+00:00,2025-04-09T18:30:00+00:00,83,1,485,False,True,569,WITHIN_TOLERANCE,NEAR_ATM,5.833333333333327,-5.833333333333327,30,SCORED_RIGHT_CENSORED,True,485,0.26,0.25,-3.8461538461538547,28.000000000000004,-96.0,-96.0,12,435,-96.875,-3.428571428571428,23.076923076923084,-96.15384615384616,True
AMC15SUP-020,O:AMC250425P00003000,PUT,3.0,2025-04-25,14,0.0,DISCOVERY,CONTINUATION,2025-04-09T18:45:00+00:00,2025-04-09T18:30:00+00:00,55,0,206,False,False,261,WITHIN_TOLERANCE,NEAR_ATM,5.833333333333327,5.833333333333327,16,UNSCORED_SIGNAL_BAR_ABSENT,,0,,,,,,,,,,,,,
AMC15SUP-020,O:AMC250509P00003000,PUT,3.0,2025-05-09,30,0.0,DISCOVERY,CONTINUATION,2025-04-09T18:45:00+00:00,2025-04-09T18:30:00+00:00,28,1,208,False,True,237,WITHIN_TOLERANCE,NEAR_ATM,5.833333333333327,5.833333333333327,30,SCORED_RIGHT_CENSORED,True,208,0.43,0.37,-13.953488372093027,37.83783783783785,-43.24324324324324,-29.729729729729726,40,208,-49.01960784313726,-0.7857142857142854,18.60465116279071,-51.162790697674424,True
AMC15X-028,O:AMC250425C00003000,CALL,3.0,2025-04-25,14,0.0,DISCOVERY,ENTRY_FORMING,2025-04-10T19:45:00+00:00,2025-04-10T19:30:00+00:00,171,1,253,False,True,425,WITHIN_TOLERANCE,NEAR_ATM,4.566666666666666,-4.566666666666666,15,SCORED_RIGHT_CENSORED,True,253,0.18,0.17,-5.5555555555555465,17.647058823529417,-94.11764705882352,-94.11764705882352,2,139,-95.0,-5.333333333333331,11.111111111111116,-94.44444444444444,True
AMC15X-028,O:AMC250509C00003000,CALL,3.0,2025-05-09,30,0.0,DISCOVERY,ENTRY_FORMING,2025-04-10T19:45:00+00:00,2025-04-10T19:30:00+00:00,103,0,466,False,False,569,WITHIN_TOLERANCE,NEAR_ATM,4.566666666666666,-4.566666666666666,29,UNSCORED_SIGNAL_BAR_ABSENT,,0,,,,,,,,,,,,,
AMC15X-028,O:AMC250425P00003000,PUT,3.0,2025-04-25,14,0.0,DISCOVERY,ENTRY_FORMING,2025-04-10T19:45:00+00:00,2025-04-10T19:30:00+00:00,66,0,195,False,False,261,WITHIN_TOLERANCE,NEAR_ATM,4.566666666666666,4.566666666666666,15,UNSCORED_SIGNAL_BAR_ABSENT,,0,,,,,,,,,,,,,
AMC15X-028,O:AMC250509P00003000,PUT,3.0,2025-05-09,30,0.0,DISCOVERY,ENTRY_FORMING,2025-04-10T19:45:00+00:00,2025-04-10T19:30:00+00:00,35,0,202,False,False,237,WITHIN_TOLERANCE,NEAR_ATM,4.566666666666666,4.566666666666666,29,UNSCORED_SIGNAL_BAR_ABSENT,,0,,,,,,,,,,,,,
AMC15X-029,O:AMC250509C00003000,CALL,3.0,2025-05-09,14,0.0,DISCOVERY,CONTINUATION,2025-04-28T15:45:00+00:00,2025-04-28T15:30:00+00:00,321,1,247,False,True,569,NEAREST_REGULAR_STRIKE,MODERATE,8.639999999999997,-8.639999999999997,11,SCORED_RIGHT_CENSORED,True,247,0.09,0.09,0.0,0.0,-88.88888888888889,-88.88888888888889,1,197,-88.88888888888889,,0.0,-88.88888888888889,True
AMC15X-029,O:AMC250530C00003000,CALL,3.0,2025-05-30,30,0.0,DISCOVERY,CONTINUATION,2025-04-28T15:45:00+00:00,2025-04-28T15:30:00+00:00,88,0,543,False,False,631,NEAREST_REGULAR_STRIKE,MODERATE,8.639999999999997,-8.639999999999997,32,UNSCORED_SIGNAL_BAR_ABSENT,,0,,,,,,,,,,,,,
AMC15X-029,O:AMC250509P00003000,PUT,3.0,2025-05-09,14,0.0,DISCOVERY,CONTINUATION,2025-04-28T15:45:00+00:00,2025-04-28T15:30:00+00:00,97,1,139,False,True,237,NEAREST_REGULAR_STRIKE,MODERATE,8.639999999999997,8.639999999999997,11,SCORED_RIGHT_CENSORED,True,139,0.35,0.36,2.857142857142869,38.888888888888886,-41.666666666666664,-27.777777777777768,15,139,-48.0,-0.7142857142857141,42.85714285714286,-40.0,True
AMC15X-029,O:AMC250530P00003000,PUT,3.0,2025-05-30,30,0.0,DISCOVERY,CONTINUATION,2025-04-28T15:45:00+00:00,2025-04-28T15:30:00+00:00,15,0,272,False,False,287,NEAREST_REGULAR_STRIKE,MODERATE,8.639999999999997,8.639999999999997,32,UNSCORED_SIGNAL_BAR_ABSENT,,0,,,,,,,,,,,,,
AMC15X-030,O:AMC250509C00002500,CALL,2.5,2025-05-09,14,0.0,DISCOVERY,THESIS_PRESSURE,2025-04-28T19:15:00+00:00,2025-04-28T19:00:00+00:00,135,0,216,False,False,351,NEAREST_REGULAR_STRIKE,MODERATE,8.399999999999999,8.399999999999999,11,UNSCORED_SIGNAL_BAR_ABSENT,,0,,,,,,,,,,,,,
AMC15X-030,O:AMC250530C00002500,CALL,2.5,2025-05-30,30,0.0,DISCOVERY,THESIS_PRESSURE,2025-04-28T19:15:00+00:00,2025-04-28T19:00:00+00:00,36,0,188,False,False,224,NEAREST_REGULAR_STRIKE,MODERATE,8.399999999999999,8.399999999999999,32,UNSCORED_SIGNAL_BAR_ABSENT,,0,,,,,,,,,,,,,
AMC15X-030,O:AMC250509P00002500,PUT,2.5,2025-05-09,14,0.0,DISCOVERY,THESIS_PRESSURE,2025-04-28T19:15:00+00:00,2025-04-28T19:00:00+00:00,160,1,203,False,True,364,NEAREST_REGULAR_STRIKE,MODERATE,8.399999999999999,-8.399999999999999,11,SCORED_RIGHT_CENSORED,True,203,0.06,0.07,16.666666666666675,85.7142857142857,-85.71428571428572,-85.71428571428572,23,166,-92.3076923076923,-1.0000000000000002,116.6666666666667,-83.33333333333333,True
AMC15X-030,O:AMC250530P00002500,PUT,2.5,2025-05-30,30,0.0,DISCOVERY,THESIS_PRESSURE,2025-04-28T19:15:00+00:00,2025-04-28T19:00:00+00:00,19,0,128,False,False,147,NEAREST_REGULAR_STRIKE,MODERATE,8.399999999999999,-8.399999999999999,32,UNSCORED_SIGNAL_BAR_ABSENT,,0,,,,,,,,,,,,,
AMC15SUP-021,O:AMC250516C00003000,CALL,3.0,2025-05-16,14,0.0,DISCOVERY,CONTINUATION,2025-04-29T13:45:00+00:00,2025-04-29T13:30:00+00:00,116,1,362,False,True,479,NEAREST_REGULAR_STRIKE,MODERATE,9.063333333333334,-9.063333333333334,17,SCORED_RIGHT_CENSORED,True,362,0.11,0.12,9.090909090909083,66.66666666666667,-91.66666666666666,-91.66666666666666,344,278,-95.0,-1.3749999999999998,81.81818181818184,-90.9090909090909,False
AMC15SUP-021,O:AMC250530C00003000,CALL,3.0,2025-05-30,30,0.0,DISCOVERY,CONTINUATION,2025-04-29T13:45:00+00:00,2025-04-29T13:30:00+00:00,98,1,532,False,True,631,NEAREST_REGULAR_STRIKE,MODERATE,9.063333333333334,-9.063333333333334,31,SCORED_RIGHT_CENSORED,True,532,0.19,0.16,-15.789473684210531,575.0,-68.75,250.00000000000006,454,249,-48.14814814814815,0.4347826086956523,468.42105263157896,-73.6842105263158,False
AMC15SUP-021,O:AMC250516P00003000,PUT,3.0,2025-05-16,14,0.0,DISCOVERY,CONTINUATION,2025-04-29T13:45:00+00:00,2025-04-29T13:30:00+00:00,28,1,190,False,True,219,NEAREST_REGULAR_STRIKE,MODERATE,9.063333333333334,9.063333333333334,17,SCORED_RIGHT_CENSORED,True,190,0.4,0.38,-5.000000000000004,36.8421052631579,-94.73684210526316,-86.8421052631579,10,172,-90.38461538461539,-2.357142857142857,30.000000000000004,-95.0,True
AMC15SUP-021,O:AMC250530P00003000,PUT,3.0,2025-05-30,30,0.0,DISCOVERY,CONTINUATION,2025-04-29T13:45:00+00:00,2025-04-29T13:30:00+00:00,18,1,268,False,True,287,NEAREST_REGULAR_STRIKE,MODERATE,9.063333333333334,9.063333333333334,31,SCORED_RIGHT_CENSORED,True,268,0.39,0.42,7.692307692307687,33.33333333333335,-97.61904761904762,-97.61904761904762,6,178,-98.21428571428571,-2.928571428571427,43.58974358974359,-97.43589743589743,True
AMC15SUP-022,O:AMC250523C00002500,CALL,2.5,2025-05-23,14,0.0,DISCOVERY,ENTRY_FORMING,2025-05-06T20:00:00+00:00,2025-05-06T19:45:00+00:00,40,0,237,False,False,277,WITHIN_TOLERANCE,NEAR_ATM,7.400000000000002,7.400000000000002,17,UNSCORED_SIGNAL_BAR_ABSENT,,0,,,,,,,,,,,,,
AMC15SUP-022,O:AMC250606C00002500,CALL,2.5,2025-06-06,30,0.0,DISCOVERY,ENTRY_FORMING,2025-05-06T20:00:00+00:00,2025-05-06T19:45:00+00:00,39,0,171,False,False,210,WITHIN_TOLERANCE,NEAR_ATM,7.400000000000002,7.400000000000002,31,UNSCORED_SIGNAL_BAR_ABSENT,,0,,,,,,,,,,,,,
AMC15SUP-022,O:AMC250523P00002500,PUT,2.5,2025-05-23,14,0.0,DISCOVERY,ENTRY_FORMING,2025-05-06T20:00:00+00:00,2025-05-06T19:45:00+00:00,39,0,188,False,False,227,WITHIN_TOLERANCE,NEAR_ATM,7.400000000000002,-7.400000000000002,17,UNSCORED_SIGNAL_BAR_ABSENT,,0,,,,,,,,,,,,,
AMC15SUP-022,O:AMC250606P00002500,PUT,2.5,2025-06-06,30,0.0,DISCOVERY,ENTRY_FORMING,2025-05-06T20:00:00+00:00,2025-05-06T19:45:00+00:00,31,1,124,False,True,156,WITHIN_TOLERANCE,NEAR_ATM,7.400000000000002,-7.400000000000002,31,SCORED_RIGHT_CENSORED,True,124,0.16,0.15,-6.25,19.999999999999996,-93.33333333333333,-86.66666666666667,5,80,-88.88888888888889,-4.333333333333334,12.5,-93.75,True
AMC15X-031,O:AMC250523C00003000,CALL,3.0,2025-05-23,14,0.0,DISCOVERY,ENTRY_FORMING,2025-05-09T19:00:00+00:00,2025-05-09T18:45:00+00:00,125,1,264,False,True,390,NEAREST_REGULAR_STRIKE,MODERATE,8.326666666666666,-8.326666666666666,14,SCORED_RIGHT_CENSORED,True,264,0.08,0.08,0.0,337.5,-75.0,200.0,240,213,-31.428571428571427,0.5925925925925926,337.5,-75.0,False
AMC15X-031,O:AMC250606C00003000,CALL,3.0,2025-06-06,30,0.0,DISCOVERY,ENTRY_FORMING,2025-05-09T19:00:00+00:00,2025-05-09T18:45:00+00:00,87,1,459,False,True,547,NEAREST_REGULAR_STRIKE,MODERATE,8.326666666666666,-8.326666666666666,28,SCORED_RIGHT_CENSORED,True,459,0.15,0.14,-6.666666666666654,707.1428571428569,-28.57142857142857,185.71428571428572,264,69,-64.60176991150442,0.2626262626262627,653.3333333333334,-33.33333333333333,False
AMC15X-031,O:AMC250523P00003000,PUT,3.0,2025-05-23,14,0.0,DISCOVERY,ENTRY_FORMING,2025-05-09T19:00:00+00:00,2025-05-09T18:45:00+00:00,28,0,186,False,False,214,NEAREST_REGULAR_STRIKE,MODERATE,8.326666666666666,8.326666666666666,14,UNSCORED_SIGNAL_BAR_ABSENT,,0,,,,,,,,,,,,,
AMC15X-031,O:AMC250606P00003000,PUT,3.0,2025-06-06,30,0.0,DISCOVERY,ENTRY_FORMING,2025-05-09T19:00:00+00:00,2025-05-09T18:45:00+00:00,12,1,283,False,True,296,NEAREST_REGULAR_STRIKE,MODERATE,8.326666666666666,8.326666666666666,28,SCORED_RIGHT_CENSORED,True,283,0.4,0.38,-5.000000000000004,0.0,-97.36842105263158,-97.36842105263158,1,155,-97.36842105263158,,-5.000000000000004,-97.5,True
AMC15X-032,O:AMC250530C00003000,CALL,3.0,2025-05-30,14,0.0,DISCOVERY,RISK_OR_EXHAUSTION,2025-05-16T15:45:00+00:00,2025-05-16T15:30:00+00:00,380,1,250,False,True,631,WITHIN_TOLERANCE,NEAR_ATM,2.9999999999999956,2.9999999999999956,14,SCORED_RIGHT_CENSORED,True,250,0.27,0.29,7.407407407407396,272.4137931034483,-68.96551724137932,93.10344827586209,172,45,-48.14814814814815,0.3417721518987342,300.0,-66.66666666666667,False
AMC15X-032,O:AMC250613C00003000,CALL,3.0,2025-06-13,30,0.0,DISCOVERY,RISK_OR_EXHAUSTION,2025-05-16T15:45:00+00:00,2025-05-16T15:30:00+00:00,85,1,303,False,True,389,WITHIN_TOLERANCE,NEAR_ATM,2.9999999999999956,2.9999999999999956,28,SCORED_RIGHT_CENSORED,True,303,0.36,0.39,8.333333333333348,230.76923076923075,-53.846153846153854,10.256410256410241,145,19,-66.66666666666667,0.044444444444444384,258.33333333333337,-50.0,False
AMC15X-032,O:AMC250530P00003000,PUT,3.0,2025-05-30,14,0.0,DISCOVERY,RISK_OR_EXHAUSTION,2025-05-16T15:45:00+00:00,2025-05-16T15:30:00+00:00,83,1,203,False,True,287,WITHIN_TOLERANCE,NEAR_ATM,2.9999999999999956,-2.9999999999999956,14,SCORED_RIGHT_CENSORED,True,203,0.19,0.19,0.0,78.94736842105263,-94.73684210526316,-94.73684210526316,9,113,-97.05882352941177,-1.2000000000000002,78.94736842105263,-94.73684210526316,True
AMC15X-032,O:AMC250613P00003000,PUT,3.0,2025-06-13,30,0.0,DISCOVERY,RISK_OR_EXHAUSTION,2025-05-16T15:45:00+00:00,2025-05-16T15:30:00+00:00,19,1,258,False,True,279,WITHIN_TOLERANCE,NEAR_ATM,2.9999999999999956,-2.9999999999999956,28,SCORED_RIGHT_CENSORED,True,259,0.28,0.27,-3.57142857142857,29.629629629629605,-96.2962962962963,-92.5925925925926,5,108,-94.28571428571428,-3.1250000000000027,24.99999999999998,-96.42857142857143,True
AMC15SUP-023,O:AMC250606C00003000,CALL,3.0,2025-06-06,14,0.0,DISCOVERY,CONTINUATION,2025-05-20T16:00:00+00:00,2025-05-20T15:45:00+00:00,235,1,311,False,True,547,WITHIN_TOLERANCE,NEAR_ATM,1.8333333333333386,-1.8333333333333386,17,SCORED_RIGHT_CENSORED,True,311,0.18,0.19,5.555555555555558,494.7368421052631,-47.36842105263158,110.52631578947367,116,41,-64.60176991150442,0.22340425531914893,527.7777777777777,-44.44444444444444,False
AMC15SUP-023,O:AMC250620C00003000,CALL,3.0,2025-06-20,30,0.0,DISCOVERY,CONTINUATION,2025-05-20T16:00:00+00:00,2025-05-20T15:45:00+00:00,133,1,378,False,True,512,WITHIN_TOLERANCE,NEAR_ATM,1.8333333333333386,-1.8333333333333386,31,SCORED_RIGHT_CENSORED,True,378,0.25,0.26,4.0000000000000036,357.6923076923077,-96.15384615384616,26.923076923076916,120,69,-72.26890756302521,0.07526881720430106,376.0,-96.0,False
AMC15SUP-023,O:AMC250606P00003000,PUT,3.0,2025-06-06,14,0.0,DISCOVERY,CONTINUATION,2025-05-20T16:00:00+00:00,2025-05-20T15:45:00+00:00,49,1,246,False,True,296,WITHIN_TOLERANCE,NEAR_ATM,1.8333333333333386,1.8333333333333386,17,SCORED_RIGHT_CENSORED,True,246,0.23,0.24,4.347826086956519,0.0,-95.83333333333334,-95.83333333333334,1,118,-95.83333333333334,,4.347826086956519,-95.65217391304348,True
AMC15SUP-023,O:AMC250620P00003000,PUT,3.0,2025-06-20,30,0.0,DISCOVERY,CONTINUATION,2025-05-20T16:00:00+00:00,2025-05-20T15:45:00+00:00,72,0,310,False,False,382,WITHIN_TOLERANCE,NEAR_ATM,1.8333333333333386,1.8333333333333386,31,UNSCORED_SIGNAL_BAR_ABSENT,,0,,,,,,,,,,,,,
AMC15X-033,O:AMC250606C00003000,CALL,3.0,2025-06-06,14,0.0,DISCOVERY,CONTINUATION,2025-05-21T14:00:00+00:00,2025-05-21T13:45:00+00:00,252,1,294,False,True,547,WITHIN_TOLERANCE,NEAR_ATM,0.5000000000000042,-0.5000000000000042,16,SCORED_RIGHT_CENSORED,True,294,0.19,0.18,-5.263157894736848,527.7777777777777,-44.44444444444444,122.22222222222223,99,24,-64.60176991150442,0.23157894736842108,494.7368421052631,-47.36842105263158,False
AMC15X-033,O:AMC250620C00003000,CALL,3.0,2025-06-20,30,0.0,DISCOVERY,CONTINUATION,2025-05-21T14:00:00+00:00,2025-05-21T13:45:00+00:00,151,1,360,False,True,512,WITHIN_TOLERANCE,NEAR_ATM,0.5000000000000042,-0.5000000000000042,30,SCORED_RIGHT_CENSORED,True,360,0.27,0.27,0.0,340.74074074074065,-96.2962962962963,22.22222222222221,102,51,-72.26890756302521,0.06521739130434781,340.74074074074065,-96.2962962962963,False
AMC15X-033,O:AMC250606P00003000,PUT,3.0,2025-06-06,14,0.0,DISCOVERY,CONTINUATION,2025-05-21T14:00:00+00:00,2025-05-21T13:45:00+00:00,59,1,236,False,True,296,WITHIN_TOLERANCE,NEAR_ATM,0.5000000000000042,0.5000000000000042,16,SCORED_RIGHT_CENSORED,True,236,0.21,0.16,-23.809523809523803,43.75,-93.75,-93.75,13,108,-95.65217391304348,-2.142857142857143,9.523809523809534,-95.23809523809523,True
AMC15X-033,O:AMC250620P00003000,PUT,3.0,2025-06-20,30,0.0,DISCOVERY,CONTINUATION,2025-05-21T14:00:00+00:00,2025-05-21T13:45:00+00:00,78,0,304,False,False,382,WITHIN_TOLERANCE,NEAR_ATM,0.5000000000000042,0.5000000000000042,30,UNSCORED_SIGNAL_BAR_ABSENT,,0,,,,,,,,,,,,,
AMC15SUP-024,O:AMC250606C00003500,CALL,3.5,2025-06-06,14,0.0,DISCOVERY,ENTRY_FORMING,2025-05-23T19:45:00+00:00,2025-05-23T19:30:00+00:00,130,1,235,False,True,367,NEAREST_REGULAR_STRIKE,MODERATE,7.571428571428575,-7.571428571428575,14,SCORED_RIGHT_CENSORED,True,236,0.2,0.2,0.0,275.0,-95.0,-95.0,27,221,-98.66666666666667,-0.34545454545454546,275.0,-95.0,True
AMC15SUP-024,O:AMC250620C00003500,CALL,3.5,2025-06-20,30,0.0,DISCOVERY,ENTRY_FORMING,2025-05-23T19:45:00+00:00,2025-05-23T19:30:00+00:00,144,1,363,False,True,509,NEAREST_REGULAR_STRIKE,MODERATE,7.571428571428575,-7.571428571428575,28,SCORED_RIGHT_CENSORED,True,364,0.28,0.29,3.5714285714285587,200.0,-89.65517241379311,-86.20689655172413,27,313,-95.40229885057472,-0.43103448275862066,210.71428571428567,-89.28571428571429,True
AMC15SUP-024,O:AMC250606P00003500,PUT,3.5,2025-06-06,14,0.0,DISCOVERY,ENTRY_FORMING,2025-05-23T19:45:00+00:00,2025-05-23T19:30:00+00:00,35,1,227,False,True,264,NEAREST_REGULAR_STRIKE,MODERATE,7.571428571428575,7.571428571428575,14,SCORED_RIGHT_CENSORED,True,228,0.45,0.36,-20.000000000000007,0.0,-88.88888888888889,-77.77777777777779,1,203,-77.77777777777779,,-20.000000000000007,-91.11111111111111,True
AMC15SUP-024,O:AMC250620P00003500,PUT,3.5,2025-06-20,30,0.0,DISCOVERY,ENTRY_FORMING,2025-05-23T19:45:00+00:00,2025-05-23T19:30:00+00:00,44,0,259,False,False,303,NEAREST_REGULAR_STRIKE,MODERATE,7.571428571428575,7.571428571428575,28,UNSCORED_SIGNAL_BAR_ABSENT,,0,,,,,,,,,,,,,
AMC15X-034,O:AMC250627C00003500,CALL,3.5,2025-06-27,14,0.0,DISCOVERY,ENTRY_FORMING,2025-06-10T17:15:00+00:00,2025-06-10T17:00:00+00:00,113,1,285,False,True,399,WITHIN_TOLERANCE,NEAR_ATM,3.571428571428571,-3.571428571428571,17,SCORED_RIGHT_CENSORED,True,285,0.18,0.18,0.0,5.555555555555558,-94.44444444444444,-94.44444444444444,10,181,-94.73684210526316,-16.999999999999993,5.555555555555558,-94.44444444444444,True
AMC15X-034,O:AMC250711C00003500,CALL,3.5,2025-07-11,30,0.0,DISCOVERY,ENTRY_FORMING,2025-06-10T17:15:00+00:00,2025-06-10T17:00:00+00:00,66,0,303,False,False,369,WITHIN_TOLERANCE,NEAR_ATM,3.571428571428571,-3.571428571428571,31,UNSCORED_SIGNAL_BAR_ABSENT,,0,,,,,,,,,,,,,
AMC15X-034,O:AMC250627P00003500,PUT,3.5,2025-06-27,14,0.0,DISCOVERY,ENTRY_FORMING,2025-06-10T17:15:00+00:00,2025-06-10T17:00:00+00:00,48,0,140,False,False,188,WITHIN_TOLERANCE,NEAR_ATM,3.571428571428571,3.571428571428571,17,UNSCORED_SIGNAL_BAR_ABSENT,,0,,,,,,,,,,,,,
AMC15X-034,O:AMC250711P00003500,PUT,3.5,2025-07-11,30,0.0,DISCOVERY,ENTRY_FORMING,2025-06-10T17:15:00+00:00,2025-06-10T17:00:00+00:00,16,0,71,False,False,87,WITHIN_TOLERANCE,NEAR_ATM,3.571428571428571,3.571428571428571,31,UNSCORED_SIGNAL_BAR_ABSENT,,0,,,,,,,,,,,,,
AMC15X-035,O:AMC250627C00003500,CALL,3.5,2025-06-27,14,0.0,DISCOVERY,THESIS_PRESSURE,2025-06-11T20:00:00+00:00,2025-06-11T19:45:00+00:00,146,1,252,False,True,399,WITHIN_TOLERANCE,NEAR_ATM,5.71428571428572,-5.71428571428572,16,SCORED_RIGHT_CENSORED,True,252,0.13,0.12,-7.692307692307699,8.333333333333348,-91.66666666666666,-91.66666666666666,94,148,-92.3076923076923,-10.999999999999979,0.0,-92.3076923076923,True
AMC15X-035,O:AMC250711C00003500,CALL,3.5,2025-07-11,30,0.0,DISCOVERY,THESIS_PRESSURE,2025-06-11T20:00:00+00:00,2025-06-11T19:45:00+00:00,87,1,281,False,True,369,WITHIN_TOLERANCE,NEAR_ATM,5.71428571428572,-5.71428571428572,30,SCORED_RIGHT_CENSORED,True,281,0.2,0.04,-80.0,325.0,-50.0,-25.0,7,220,-82.35294117647058,-0.07692307692307693,-15.000000000000002,-90.0,True
AMC15X-035,O:AMC250627P00003500,PUT,3.5,2025-06-27,14,0.0,DISCOVERY,THESIS_PRESSURE,2025-06-11T20:00:00+00:00,2025-06-11T19:45:00+00:00,55,0,133,False,False,188,WITHIN_TOLERANCE,NEAR_ATM,5.71428571428572,5.71428571428572,16,UNSCORED_SIGNAL_BAR_ABSENT,,0,,,,,,,,,,,,,
AMC15X-035,O:AMC250711P00003500,PUT,3.5,2025-07-11,30,0.0,DISCOVERY,THESIS_PRESSURE,2025-06-11T20:00:00+00:00,2025-06-11T19:45:00+00:00,20,0,67,False,False,87,WITHIN_TOLERANCE,NEAR_ATM,5.71428571428572,5.71428571428572,30,UNSCORED_SIGNAL_BAR_ABSENT,,0,,,,,,,,,,,,,
AMC15SUP-025,O:AMC250627C00003000,CALL,3.0,2025-06-27,14,0.0,DISCOVERY,ENTRY_FORMING,2025-06-13T17:30:00+00:00,2025-06-13T17:15:00+00:00,76,0,230,False,False,306,WITHIN_TOLERANCE,NEAR_ATM,6.669999999999998,6.669999999999998,14,UNSCORED_SIGNAL_BAR_ABSENT,,0,,,,,,,,,,,,,
AMC15SUP-025,O:AMC250711C00003000,CALL,3.0,2025-07-11,30,0.0,DISCOVERY,ENTRY_FORMING,2025-06-13T17:30:00+00:00,2025-06-13T17:15:00+00:00,41,0,369,False,False,410,WITHIN_TOLERANCE,NEAR_ATM,6.669999999999998,6.669999999999998,28,UNSCORED_SIGNAL_BAR_ABSENT,,0,,,,,,,,,,,,,
AMC15SUP-025,O:AMC250627P00003000,PUT,3.0,2025-06-27,14,0.0,DISCOVERY,ENTRY_FORMING,2025-06-13T17:30:00+00:00,2025-06-13T17:15:00+00:00,85,0,224,False,False,309,WITHIN_TOLERANCE,NEAR_ATM,6.669999999999998,-6.669999999999998,14,UNSCORED_SIGNAL_BAR_ABSENT,,0,,,,,,,,,,,,,
AMC15SUP-025,O:AMC250711P00003000,PUT,3.0,2025-07-11,30,0.0,DISCOVERY,ENTRY_FORMING,2025-06-13T17:30:00+00:00,2025-06-13T17:15:00+00:00,41,1,280,False,True,322,WITHIN_TOLERANCE,NEAR_ATM,6.669999999999998,-6.669999999999998,28,SCORED_RIGHT_CENSORED,True,280,0.13,0.13,0.0,100.0,-92.3076923076923,-92.3076923076923,142,263,-96.15384615384616,-0.923076923076923,100.0,-92.3076923076923,True
AMC15SUP-026,O:AMC250711C00003000,CALL,3.0,2025-07-11,14,0.0,DISCOVERY,CONTINUATION,2025-06-25T19:15:00+00:00,2025-06-25T19:00:00+00:00,145,1,264,False,True,410,WITHIN_TOLERANCE,NEAR_ATM,0.13333333333333347,-0.13333333333333347,16,SCORED_RIGHT_CENSORED,True,264,0.13,0.14,7.692307692307709,185.71428571428572,-92.85714285714286,149.99999999999994,262,239,-12.50000000000001,0.8076923076923074,207.6923076923077,-92.3076923076923,False
AMC15SUP-026,O:AMC250725C00003000,CALL,3.0,2025-07-25,30,0.0,DISCOVERY,CONTINUATION,2025-06-25T19:15:00+00:00,2025-06-25T19:00:00+00:00,67,1,439,False,True,507,WITHIN_TOLERANCE,NEAR_ATM,0.13333333333333347,-0.13333333333333347,30,SCORED_RIGHT_CENSORED,True,439,0.2,0.21,4.999999999999982,252.38095238095238,-71.42857142857143,19.047619047619047,90,111,-66.21621621621621,0.07547169811320754,270.0,-70.0,True
AMC15SUP-026,O:AMC250711P00003000,PUT,3.0,2025-07-11,14,0.0,DISCOVERY,CONTINUATION,2025-06-25T19:15:00+00:00,2025-06-25T19:00:00+00:00,122,0,200,False,False,322,WITHIN_TOLERANCE,NEAR_ATM,0.13333333333333347,0.13333333333333347,16,UNSCORED_SIGNAL_BAR_ABSENT,,0,,,,,,,,,,,,,
AMC15SUP-026,O:AMC250725P00003000,PUT,3.0,2025-07-25,30,0.0,DISCOVERY,CONTINUATION,2025-06-25T19:15:00+00:00,2025-06-25T19:00:00+00:00,42,0,328,False,False,370,WITHIN_TOLERANCE,NEAR_ATM,0.13333333333333347,0.13333333333333347,30,UNSCORED_SIGNAL_BAR_ABSENT,,0,,,,,,,,,,,,,
AMC15SUP-027,O:AMC250711C00003000,CALL,3.0,2025-07-11,14,0.0,DISCOVERY,ENTRY_FORMING,2025-06-30T19:45:00+00:00,2025-06-30T19:30:00+00:00,213,1,196,False,True,410,WITHIN_TOLERANCE,NEAR_ATM,1.8333333333333386,1.8333333333333386,11,SCORED_RIGHT_CENSORED,True,196,0.13,0.14,7.692307692307709,185.71428571428572,-92.85714285714286,149.99999999999994,194,171,-12.50000000000001,0.8076923076923074,207.6923076923077,-92.3076923076923,False
AMC15SUP-027,O:AMC250801C00003000,CALL,3.0,2025-08-01,30,0.0,DISCOVERY,ENTRY_FORMING,2025-06-30T19:45:00+00:00,2025-06-30T19:30:00+00:00,69,1,336,False,True,406,WITHIN_TOLERANCE,NEAR_ATM,1.8333333333333386,1.8333333333333386,32,SCORED_RIGHT_CENSORED,True,336,0.26,0.25,-3.8461538461538547,156.0,-64.0,92.0,260,16,-25.0,0.5897435897435898,146.15384615384616,-65.38461538461539,False
AMC15SUP-027,O:AMC250711P00003000,PUT,3.0,2025-07-11,14,0.0,DISCOVERY,ENTRY_FORMING,2025-06-30T19:45:00+00:00,2025-06-30T19:30:00+00:00,164,1,157,False,True,322,WITHIN_TOLERANCE,NEAR_ATM,1.8333333333333386,-1.8333333333333386,11,SCORED_RIGHT_CENSORED,True,157,0.08,0.07,-12.49999999999999,271.4285714285714,-85.71428571428572,-85.71428571428572,19,140,-96.15384615384616,-0.3157894736842106,225.0,-87.5,True
AMC15SUP-027,O:AMC250801P00003000,PUT,3.0,2025-08-01,30,0.0,DISCOVERY,ENTRY_FORMING,2025-06-30T19:45:00+00:00,2025-06-30T19:30:00+00:00,35,0,211,False,False,246,WITHIN_TOLERANCE,NEAR_ATM,1.8333333333333386,-1.8333333333333386,32,UNSCORED_SIGNAL_BAR_ABSENT,,0,,,,,,,,,,,,,
AMC15X-036,O:AMC250718C00003000,CALL,3.0,2025-07-18,14,0.0,DISCOVERY,ENTRY_FORMING,2025-07-02T19:15:00+00:00,2025-07-02T19:00:00+00:00,129,1,276,False,True,406,WITHIN_TOLERANCE,NEAR_ATM,4.179999999999998,-4.179999999999998,16,SCORED_RIGHT_CENSORED,True,276,0.12,0.11,-8.333333333333325,436.3636363636363,-63.63636363636363,354.54545454545456,252,42,-15.254237288135586,0.8125000000000001,391.6666666666667,-66.66666666666666,False
AMC15X-036,O:AMC250801C00003000,CALL,3.0,2025-08-01,30,0.0,DISCOVERY,ENTRY_FORMING,2025-07-02T19:15:00+00:00,2025-07-02T19:00:00+00:00,112,1,293,False,True,406,WITHIN_TOLERANCE,NEAR_ATM,4.179999999999998,-4.179999999999998,30,SCORED_RIGHT_CENSORED,True,293,0.17,0.17,0.0,276.4705882352941,-35.29411764705883,182.35294117647055,217,30,-25.0,0.6595744680851063,276.4705882352941,-35.29411764705883,False
AMC15X-036,O:AMC250718P00003000,PUT,3.0,2025-07-18,14,0.0,DISCOVERY,ENTRY_FORMING,2025-07-02T19:15:00+00:00,2025-07-02T19:00:00+00:00,93,1,217,False,True,311,WITHIN_TOLERANCE,NEAR_ATM,4.179999999999998,4.179999999999998,16,SCORED_RIGHT_CENSORED,True,217,0.24,0.24,0.0,8.333333333333348,-95.83333333333334,-95.83333333333334,2,88,-96.15384615384616,-11.49999999999998,8.333333333333348,-95.83333333333334,True
AMC15X-036,O:AMC250801P00003000,PUT,3.0,2025-08-01,30,0.0,DISCOVERY,ENTRY_FORMING,2025-07-02T19:15:00+00:00,2025-07-02T19:00:00+00:00,60,0,186,False,False,246,WITHIN_TOLERANCE,NEAR_ATM,4.179999999999998,4.179999999999998,30,UNSCORED_SIGNAL_BAR_ABSENT,,0,,,,,,,,,,,,,
AMC15X-037,O:AMC250718C00003000,CALL,3.0,2025-07-18,14,0.0,DISCOVERY,THESIS_PRESSURE,2025-07-07T16:45:00+00:00,2025-07-07T16:30:00+00:00,159,1,246,False,True,406,WITHIN_TOLERANCE,NEAR_ATM,4.499999999999993,-4.499999999999993,11,SCORED_RIGHT_CENSORED,True,246,0.07,0.08,14.28571428571428,637.4999999999999,-50.0,525.0,222,12,-15.254237288135586,0.8235294117647061,742.8571428571427,-42.85714285714286,False
AMC15X-037,O:AMC250808C00003000,CALL,3.0,2025-08-08,30,0.0,DISCOVERY,THESIS_PRESSURE,2025-07-07T16:45:00+00:00,2025-07-07T16:30:00+00:00,63,1,346,False,True,410,WITHIN_TOLERANCE,NEAR_ATM,4.499999999999993,-4.499999999999993,32,SCORED_RIGHT_CENSORED,True,346,0.17,0.16,-5.882352941176472,362.5,-50.0,-43.75,147,321,-87.83783783783784,-0.1206896551724138,335.2941176470588,-52.94117647058824,True
AMC15X-037,O:AMC250718P00003000,PUT,3.0,2025-07-18,14,0.0,DISCOVERY,THESIS_PRESSURE,2025-07-07T16:45:00+00:00,2025-07-07T16:30:00+00:00,116,1,194,False,True,311,WITHIN_TOLERANCE,NEAR_ATM,4.499999999999993,4.499999999999993,11,SCORED_RIGHT_CENSORED,True,194,0.22,0.2,-9.090909090909083,9.999999999999986,-95.0,-95.0,6,65,-95.45454545454545,-9.500000000000014,0.0,-95.45454545454545,True
AMC15X-037,O:AMC250808P00003000,PUT,3.0,2025-08-08,30,0.0,DISCOVERY,THESIS_PRESSURE,2025-07-07T16:45:00+00:00,2025-07-07T16:30:00+00:00,33,0,237,False,False,270,WITHIN_TOLERANCE,NEAR_ATM,4.499999999999993,4.499999999999993,32,UNSCORED_SIGNAL_BAR_ABSENT,,0,,,,,,,,,,,,,
AMC15X-038,O:AMC250725C00003000,CALL,3.0,2025-07-25,14,0.0,DISCOVERY,RISK_OR_EXHAUSTION,2025-07-09T17:00:00+00:00,2025-07-09T16:45:00+00:00,208,1,298,False,True,507,WITHIN_TOLERANCE,NEAR_ATM,0.5066666666666702,0.5066666666666702,16,SCORED_RIGHT_CENSORED,True,298,0.17,0.16,-5.882352941176472,325.0,-31.25,56.25,161,8,-63.23529411764706,0.17307692307692307,300.0,-35.29411764705883,False
AMC15X-038,O:AMC250808C00003000,CALL,3.0,2025-08-08,30,0.0,DISCOVERY,RISK_OR_EXHAUSTION,2025-07-09T17:00:00+00:00,2025-07-09T16:45:00+00:00,90,1,319,False,True,410,WITHIN_TOLERANCE,NEAR_ATM,0.5066666666666702,0.5066666666666702,30,SCORED_RIGHT_CENSORED,True,319,0.24,0.24,0.0,208.33333333333334,-66.66666666666666,-62.5,120,294,-87.83783783783784,-0.3,208.33333333333334,-66.66666666666666,True
AMC15X-038,O:AMC250725P00003000,PUT,3.0,2025-07-25,14,0.0,DISCOVERY,RISK_OR_EXHAUSTION,2025-07-09T17:00:00+00:00,2025-07-09T16:45:00+00:00,122,1,247,False,True,370,WITHIN_TOLERANCE,NEAR_ATM,0.5066666666666702,-0.5066666666666702,16,SCORED_RIGHT_CENSORED,True,247,0.14,0.15,7.14285714285714,19.999999999999996,-93.33333333333333,-93.33333333333333,5,144,-94.44444444444444,-4.666666666666667,28.57142857142856,-92.85714285714286,True
AMC15X-038,O:AMC250808P00003000,PUT,3.0,2025-08-08,30,0.0,DISCOVERY,RISK_OR_EXHAUSTION,2025-07-09T17:00:00+00:00,2025-07-09T16:45:00+00:00,41,0,229,False,False,270,WITHIN_TOLERANCE,NEAR_ATM,0.5066666666666702,-0.5066666666666702,30,UNSCORED_SIGNAL_BAR_ABSENT,,0,,,,,,,,,,,,,
AMC15X-039,O:AMC250725C00003000,CALL,3.0,2025-07-25,14,0.0,DISCOVERY,CONTINUATION,2025-07-10T15:00:00+00:00,2025-07-10T14:45:00+00:00,225,1,281,False,True,507,WITHIN_TOLERANCE,NEAR_ATM,1.1666666666666714,-1.1666666666666714,15,SCORED_RIGHT_CENSORED,True,281,0.12,0.15,25.0,353.3333333333334,-19.999999999999996,66.66666666666667,144,2,-63.23529411764706,0.18867924528301883,466.6666666666667,0.0,False
AMC15X-039,O:AMC250808C00003000,CALL,3.0,2025-08-08,30,0.0,DISCOVERY,CONTINUATION,2025-07-10T15:00:00+00:00,2025-07-10T14:45:00+00:00,101,0,309,False,False,410,WITHIN_TOLERANCE,NEAR_ATM,1.1666666666666714,-1.1666666666666714,29,UNSCORED_SIGNAL_BAR_ABSENT,,0,,,,,,,,,,,,,
AMC15X-039,O:AMC250725P00003000,PUT,3.0,2025-07-25,14,0.0,DISCOVERY,CONTINUATION,2025-07-10T15:00:00+00:00,2025-07-10T14:45:00+00:00,133,0,237,False,False,370,WITHIN_TOLERANCE,NEAR_ATM,1.1666666666666714,1.1666666666666714,15,UNSCORED_SIGNAL_BAR_ABSENT,,0,,,,,,,,,,,,,
AMC15X-039,O:AMC250808P00003000,PUT,3.0,2025-08-08,30,0.0,DISCOVERY,CONTINUATION,2025-07-10T15:00:00+00:00,2025-07-10T14:45:00+00:00,45,1,224,False,True,270,WITHIN_TOLERANCE,NEAR_ATM,1.1666666666666714,1.1666666666666714,29,SCORED_RIGHT_CENSORED,True,224,0.22,0.22,0.0,0.0,-77.27272727272727,-31.818181818181824,1,90,-31.818181818181824,,0.0,-77.27272727272727,True
AMC15X-040,O:AMC250725C00003500,CALL,3.5,2025-07-25,14,0.0,DISCOVERY,RISK_OR_EXHAUSTION,2025-07-11T14:15:00+00:00,2025-07-11T14:00:00+00:00,85,1,279,False,True,365,WITHIN_TOLERANCE,NEAR_ATM,5.428571428571427,-5.428571428571427,14,SCORED_RIGHT_CENSORED,True,279,0.14,0.14,0.0,78.57142857142856,-92.85714285714286,-92.85714285714286,120,254,-96.0,-1.181818181818182,78.57142857142856,-92.85714285714286,True
AMC15X-040,O:AMC250808C00003500,CALL,3.5,2025-08-08,30,0.0,DISCOVERY,RISK_OR_EXHAUSTION,2025-07-11T14:15:00+00:00,2025-07-11T14:00:00+00:00,59,1,371,False,True,431,WITHIN_TOLERANCE,NEAR_ATM,5.428571428571427,-5.428571428571427,28,SCORED_RIGHT_CENSORED,True,371,0.21,0.22,4.761904761904767,95.45454545454545,-95.45454545454545,-86.36363636363636,95,75,-93.02325581395348,-0.9047619047619048,104.76190476190474,-95.23809523809523,False
AMC15X-040,O:AMC250725P00003500,PUT,3.5,2025-07-25,14,0.0,DISCOVERY,RISK_OR_EXHAUSTION,2025-07-11T14:15:00+00:00,2025-07-11T14:00:00+00:00,28,0,225,False,False,253,WITHIN_TOLERANCE,NEAR_ATM,5.428571428571427,5.428571428571427,14,UNSCORED_SIGNAL_BAR_ABSENT,,0,,,,,,,,,,,,,
AMC15X-040,O:AMC250808P00003500,PUT,3.5,2025-08-08,30,0.0,DISCOVERY,RISK_OR_EXHAUSTION,2025-07-11T14:15:00+00:00,2025-07-11T14:00:00+00:00,5,0,183,False,False,188,WITHIN_TOLERANCE,NEAR_ATM,5.428571428571427,5.428571428571427,28,UNSCORED_SIGNAL_BAR_ABSENT,,0,,,,,,,,,,,,,
AMC15SUP-028,O:AMC250725C00003500,CALL,3.5,2025-07-25,14,0.0,DISCOVERY,CONTINUATION,2025-07-11T19:45:00+00:00,2025-07-11T19:30:00+00:00,107,1,257,False,True,365,WITHIN_TOLERANCE,NEAR_ATM,4.428571428571423,-4.428571428571423,14,SCORED_RIGHT_CENSORED,True,257,0.16,0.15,-6.25,66.66666666666667,-93.33333333333333,-93.33333333333333,98,232,-96.0,-1.4,56.25,-93.75,True
AMC15SUP-028,O:AMC250808C00003500,CALL,3.5,2025-08-08,30,0.0,DISCOVERY,CONTINUATION,2025-07-11T19:45:00+00:00,2025-07-11T19:30:00+00:00,76,1,354,False,True,431,WITHIN_TOLERANCE,NEAR_ATM,4.428571428571423,-4.428571428571423,28,SCORED_RIGHT_CENSORED,True,354,0.24,0.24,0.0,79.16666666666667,-95.83333333333334,-87.5,78,58,-93.02325581395348,-1.1052631578947367,79.16666666666667,-95.83333333333334,False
AMC15SUP-028,O:AMC250725P00003500,PUT,3.5,2025-07-25,14,0.0,DISCOVERY,CONTINUATION,2025-07-11T19:45:00+00:00,2025-07-11T19:30:00+00:00,43,1,209,False,True,253,WITHIN_TOLERANCE,NEAR_ATM,4.428571428571423,4.428571428571423,14,SCORED_RIGHT_CENSORED,True,209,0.3,0.3,0.0,43.333333333333336,-70.0,-9.999999999999986,35,131,-37.2093023255814,-0.23076923076923042,43.333333333333336,-70.0,True
AMC15SUP-028,O:AMC250808P00003500,PUT,3.5,2025-08-08,30,0.0,DISCOVERY,CONTINUATION,2025-07-11T19:45:00+00:00,2025-07-11T19:30:00+00:00,9,0,179,False,False,188,WITHIN_TOLERANCE,NEAR_ATM,4.428571428571423,4.428571428571423,28,UNSCORED_SIGNAL_BAR_ABSENT,,0,,,,,,,,,,,,,
AMC15X-041,O:AMC250801C00003500,CALL,3.5,2025-08-01,14,0.0,DISCOVERY,RISK_OR_EXHAUSTION,2025-07-17T14:30:00+00:00,2025-07-17T14:15:00+00:00,109,1,293,False,True,403,WITHIN_TOLERANCE,NEAR_ATM,5.285714285714287,-5.285714285714287,15,SCORED_RIGHT_CENSORED,True,293,0.12,0.14,16.666666666666675,135.71428571428572,-92.85714285714286,-92.85714285714286,24,200,-96.96969696969697,-0.6842105263157895,175.00000000000006,-91.66666666666666,True
AMC15X-041,O:AMC250815C00003500,CALL,3.5,2025-08-15,30,0.0,DISCOVERY,RISK_OR_EXHAUSTION,2025-07-17T14:30:00+00:00,2025-07-17T14:15:00+00:00,116,1,408,False,True,525,WITHIN_TOLERANCE,NEAR_ATM,5.285714285714287,-5.285714285714287,29,SCORED_RIGHT_CENSORED,True,408,0.21,0.21,0.0,104.76190476190474,-85.71428571428572,-57.14285714285714,25,309,-79.06976744186048,-0.5454545454545455,104.76190476190474,-85.71428571428572,True
AMC15X-041,O:AMC250801P00003500,PUT,3.5,2025-08-01,14,0.0,DISCOVERY,RISK_OR_EXHAUSTION,2025-07-17T14:30:00+00:00,2025-07-17T14:15:00+00:00,47,1,207,False,True,255,WITHIN_TOLERANCE,NEAR_ATM,5.285714285714287,5.285714285714287,15,SCORED_RIGHT_CENSORED,True,207,0.31,0.3,-3.2258064516129115,126.6666666666667,-43.33333333333332,126.6666666666667,207,36,0.0,1.0,119.35483870967745,-45.16129032258064,False
AMC15X-041,O:AMC250815P00003500,PUT,3.5,2025-08-15,30,0.0,DISCOVERY,RISK_OR_EXHAUSTION,2025-07-17T14:30:00+00:00,2025-07-17T14:15:00+00:00,49,0,176,False,False,225,WITHIN_TOLERANCE,NEAR_ATM,5.285714285714287,5.285714285714287,29,UNSCORED_SIGNAL_BAR_ABSENT,,0,,,,,,,,,,,,,
AMC15SUP-029,O:AMC250801C00003500,CALL,3.5,2025-08-01,14,0.0,DISCOVERY,CONTINUATION,2025-07-18T19:15:00+00:00,2025-07-18T19:00:00+00:00,154,1,248,False,True,403,WITHIN_TOLERANCE,NEAR_ATM,1.142857142857144,1.142857142857144,14,SCORED_RIGHT_CENSORED,True,248,0.28,0.26,-7.142857142857151,15.384615384615374,-96.15384615384616,-96.15384615384616,4,155,-96.66666666666667,-6.250000000000004,7.14285714285714,-96.42857142857143,True
AMC15SUP-029,O:AMC250815C00003500,CALL,3.5,2025-08-15,30,0.0,DISCOVERY,CONTINUATION,2025-07-18T19:15:00+00:00,2025-07-18T19:00:00+00:00,159,1,365,False,True,525,WITHIN_TOLERANCE,NEAR_ATM,1.142857142857144,1.142857142857144,28,SCORED_RIGHT_CENSORED,True,365,0.38,0.36,-5.263157894736848,8.333333333333348,-91.66666666666666,-75.0,4,266,-76.92307692307693,-8.999999999999984,2.6315789473684292,-92.10526315789474,True
AMC15SUP-029,O:AMC250801P00003500,PUT,3.5,2025-08-01,14,0.0,DISCOVERY,CONTINUATION,2025-07-18T19:15:00+00:00,2025-07-18T19:00:00+00:00,77,1,177,False,True,255,WITHIN_TOLERANCE,NEAR_ATM,1.142857142857144,-1.142857142857144,14,SCORED_RIGHT_CENSORED,True,177,0.22,0.23,4.545454545454541,195.6521739130435,-26.086956521739125,195.6521739130435,177,6,0.0,1.0,209.09090909090912,-22.72727272727272,False
AMC15SUP-029,O:AMC250815P00003500,PUT,3.5,2025-08-15,30,0.0,DISCOVERY,CONTINUATION,2025-07-18T19:15:00+00:00,2025-07-18T19:00:00+00:00,67,0,158,False,False,225,WITHIN_TOLERANCE,NEAR_ATM,1.142857142857144,-1.142857142857144,28,UNSCORED_SIGNAL_BAR_ABSENT,,0,,,,,,,,,,,,,
AMC15SUP-030,O:AMC250822C00003000,CALL,3.0,2025-08-22,14,0.0,DISCOVERY,ENTRY_FORMING,2025-08-05T13:45:00+00:00,2025-08-05T13:30:00+00:00,87,1,344,False,True,432,WITHIN_TOLERANCE,NEAR_ATM,3.366666666666666,-3.366666666666666,17,SCORED_RIGHT_CENSORED,True,344,0.21,0.2,-4.761904761904756,84.99999999999999,-95.0,-95.0,85,267,-97.2972972972973,-1.1176470588235297,76.19047619047619,-95.23809523809523,True
AMC15SUP-030,O:AMC250905C00003000,CALL,3.0,2025-09-05,30,0.0,DISCOVERY,ENTRY_FORMING,2025-08-05T13:45:00+00:00,2025-08-05T13:30:00+00:00,66,1,493,False,True,560,WITHIN_TOLERANCE,NEAR_ATM,3.366666666666666,-3.366666666666666,31,SCORED_RIGHT_CENSORED,True,493,0.25,0.26,4.0000000000000036,57.692307692307686,-96.15384615384616,-92.3076923076923,70,399,-95.1219512195122,-1.6,63.99999999999999,-96.0,True
AMC15SUP-030,O:AMC250822P00003000,PUT,3.0,2025-08-22,14,0.0,DISCOVERY,ENTRY_FORMING,2025-08-05T13:45:00+00:00,2025-08-05T13:30:00+00:00,41,1,246,False,True,288,WITHIN_TOLERANCE,NEAR_ATM,3.366666666666666,3.366666666666666,17,SCORED_RIGHT_CENSORED,True,246,0.3,0.3,0.0,19.999999999999996,-83.33333333333333,-80.0,7,137,-83.33333333333334,-4.000000000000001,19.999999999999996,-83.33333333333333,True
AMC15SUP-030,O:AMC250905P00003000,PUT,3.0,2025-09-05,30,0.0,DISCOVERY,ENTRY_FORMING,2025-08-05T13:45:00+00:00,2025-08-05T13:30:00+00:00,32,1,291,False,True,324,WITHIN_TOLERANCE,NEAR_ATM,3.366666666666666,3.366666666666666,31,SCORED_RIGHT_CENSORED,True,291,0.33,0.34,3.0303030303030276,17.647058823529417,-64.70588235294117,-26.470588235294123,9,137,-37.5,-1.5,21.212121212121215,-63.63636363636365,True
AMC15X-042,O:AMC250822C00003000,CALL,3.0,2025-08-22,14,0.0,DISCOVERY,RISK_OR_EXHAUSTION,2025-08-08T14:15:00+00:00,2025-08-08T14:00:00+00:00,149,1,282,False,True,432,WITHIN_TOLERANCE,NEAR_ATM,4.499999999999993,-4.499999999999993,14,SCORED_RIGHT_CENSORED,True,282,0.19,0.19,0.0,94.73684210526316,-94.73684210526316,-94.73684210526316,23,205,-97.2972972972973,-1.0,94.73684210526316,-94.73684210526316,True
AMC15X-042,O:AMC250905C00003000,CALL,3.0,2025-09-05,30,0.0,DISCOVERY,RISK_OR_EXHAUSTION,2025-08-08T14:15:00+00:00,2025-08-08T14:00:00+00:00,118,1,441,False,True,560,WITHIN_TOLERANCE,NEAR_ATM,4.499999999999993,-4.499999999999993,28,SCORED_RIGHT_CENSORED,True,441,0.24,0.25,4.166666666666674,63.99999999999999,-96.0,-92.0,18,347,-95.1219512195122,-1.4375000000000002,70.83333333333333,-95.83333333333334,True
AMC15X-042,O:AMC250822P00003000,PUT,3.0,2025-08-22,14,0.0,DISCOVERY,RISK_OR_EXHAUSTION,2025-08-08T14:15:00+00:00,2025-08-08T14:00:00+00:00,55,1,232,False,True,288,WITHIN_TOLERANCE,NEAR_ATM,4.499999999999993,4.499999999999993,14,SCORED_RIGHT_CENSORED,True,232,0.32,0.34,6.25,0.0,-85.29411764705883,-82.35294117647058,1,123,-82.35294117647058,,6.25,-84.375,True
AMC15X-042,O:AMC250905P00003000,PUT,3.0,2025-09-05,30,0.0,DISCOVERY,RISK_OR_EXHAUSTION,2025-08-08T14:15:00+00:00,2025-08-08T14:00:00+00:00,46,0,278,False,False,324,WITHIN_TOLERANCE,NEAR_ATM,4.499999999999993,4.499999999999993,28,UNSCORED_SIGNAL_BAR_ABSENT,,0,,,,,,,,,,,,,
AMC15X-043,O:AMC250822C00003000,CALL,3.0,2025-08-22,14,0.0,DISCOVERY,RISK_OR_EXHAUSTION,2025-08-11T14:00:00+00:00,2025-08-11T13:45:00+00:00,173,1,258,False,True,432,WITHIN_TOLERANCE,NEAR_ATM,4.170000000000007,4.170000000000007,11,SCORED_RIGHT_CENSORED,True,258,0.25,0.25,0.0,12.00000000000001,-96.0,-96.0,29,181,-96.42857142857143,-7.999999999999993,12.00000000000001,-96.0,True
AMC15X-043,O:AMC250912C00003000,CALL,3.0,2025-09-12,30,0.0,DISCOVERY,RISK_OR_EXHAUSTION,2025-08-11T14:00:00+00:00,2025-08-11T13:45:00+00:00,59,1,361,False,True,421,WITHIN_TOLERANCE,NEAR_ATM,4.170000000000007,4.170000000000007,32,SCORED_RIGHT_CENSORED,True,361,0.32,0.34,6.25,8.823529411764696,-94.11764705882352,-91.17647058823529,2,295,-91.89189189189189,-10.333333333333345,15.625,-93.75,True
AMC15X-043,O:AMC250822P00003000,PUT,3.0,2025-08-22,14,0.0,DISCOVERY,RISK_OR_EXHAUSTION,2025-08-11T14:00:00+00:00,2025-08-11T13:45:00+00:00,63,1,224,False,True,288,WITHIN_TOLERANCE,NEAR_ATM,4.170000000000007,-4.170000000000007,11,SCORED_RIGHT_CENSORED,True,224,0.12,0.13,8.333333333333348,92.30769230769229,-61.53846153846154,-53.846153846153854,181,115,-76.0,-0.5833333333333335,108.33333333333334,-58.33333333333333,False
AMC15X-043,O:AMC250912P00003000,PUT,3.0,2025-09-12,30,0.0,DISCOVERY,RISK_OR_EXHAUSTION,2025-08-11T14:00:00+00:00,2025-08-11T13:45:00+00:00,22,0,158,False,False,181,WITHIN_TOLERANCE,NEAR_ATM,4.170000000000007,-4.170000000000007,32,UNSCORED_SIGNAL_BAR_ABSENT,,0,,,,,,,,,,,,,
AMC15X-044,O:AMC250829C00003000,CALL,3.0,2025-08-29,14,0.0,DISCOVERY,ENTRY_FORMING,2025-08-12T16:15:00+00:00,2025-08-12T16:00:00+00:00,98,1,327,False,True,426,WITHIN_TOLERANCE,NEAR_ATM,1.1666666666666714,1.1666666666666714,17,SCORED_RIGHT_CENSORED,True,327,0.2,0.2,0.0,35.00000000000001,-95.0,-95.0,3,240,-96.2962962962963,-2.7142857142857135,35.00000000000001,-95.0,True
AMC15X-044,O:AMC250912C00003000,CALL,3.0,2025-09-12,30,0.0,DISCOVERY,ENTRY_FORMING,2025-08-12T16:15:00+00:00,2025-08-12T16:00:00+00:00,83,1,337,False,True,421,WITHIN_TOLERANCE,NEAR_ATM,1.1666666666666714,1.1666666666666714,31,SCORED_RIGHT_CENSORED,True,337,0.25,0.25,0.0,32.00000000000001,-92.0,-88.0,3,271,-90.9090909090909,-2.7499999999999996,32.00000000000001,-92.0,True
AMC15X-044,O:AMC250829P00003000,PUT,3.0,2025-08-29,14,0.0,DISCOVERY,ENTRY_FORMING,2025-08-12T16:15:00+00:00,2025-08-12T16:00:00+00:00,60,1,259,False,True,320,WITHIN_TOLERANCE,NEAR_ATM,1.1666666666666714,-1.1666666666666714,17,SCORED_RIGHT_CENSORED,True,259,0.16,0.16,0.0,81.24999999999997,-43.75,18.75,239,60,-34.482758620689644,0.23076923076923084,81.24999999999997,-43.75,False
AMC15X-044,O:AMC250912P00003000,PUT,3.0,2025-09-12,30,0.0,DISCOVERY,ENTRY_FORMING,2025-08-12T16:15:00+00:00,2025-08-12T16:00:00+00:00,33,0,147,False,False,181,WITHIN_TOLERANCE,NEAR_ATM,1.1666666666666714,-1.1666666666666714,31,UNSCORED_SIGNAL_BAR_ABSENT,,0,,,,,,,,,,,,,
AMC15X-045,O:AMC250829C00003000,CALL,3.0,2025-08-29,14,0.0,DISCOVERY,CONTINUATION,2025-08-13T16:45:00+00:00,2025-08-13T16:30:00+00:00,123,0,303,False,False,426,WITHIN_TOLERANCE,NEAR_ATM,2.9299999999999953,2.9299999999999953,16,UNSCORED_SIGNAL_BAR_ABSENT,,0,,,,,,,,,,,,,
AMC15X-045,O:AMC250912C00003000,CALL,3.0,2025-09-12,30,0.0,DISCOVERY,CONTINUATION,2025-08-13T16:45:00+00:00,2025-08-13T16:30:00+00:00,98,0,323,False,False,421,WITHIN_TOLERANCE,NEAR_ATM,2.9299999999999953,2.9299999999999953,30,UNSCORED_SIGNAL_BAR_ABSENT,,0,,,,,,,,,,,,,
AMC15X-045,O:AMC250829P00003000,PUT,3.0,2025-08-29,14,0.0,DISCOVERY,CONTINUATION,2025-08-13T16:45:00+00:00,2025-08-13T16:30:00+00:00,78,0,242,False,False,320,WITHIN_TOLERANCE,NEAR_ATM,2.9299999999999953,-2.9299999999999953,16,UNSCORED_SIGNAL_BAR_ABSENT,,0,,,,,,,,,,,,,
AMC15X-045,O:AMC250912P00003000,PUT,3.0,2025-09-12,30,0.0,DISCOVERY,CONTINUATION,2025-08-13T16:45:00+00:00,2025-08-13T16:30:00+00:00,38,0,142,False,False,181,WITHIN_TOLERANCE,NEAR_ATM,2.9299999999999953,-2.9299999999999953,30,UNSCORED_SIGNAL_BAR_ABSENT,,0,,,,,,,,,,,,,
AMC15X-046,O:AMC250829C00003000,CALL,3.0,2025-08-29,14,0.0,DISCOVERY,THESIS_PRESSURE,2025-08-15T19:00:00+00:00,2025-08-15T18:45:00+00:00,170,1,255,False,True,426,WITHIN_TOLERANCE,NEAR_ATM,0.5233333333333274,0.5233333333333274,14,SCORED_RIGHT_CENSORED,True,255,0.14,0.16,14.28571428571428,0.0,-93.75,-93.75,1,168,-93.75,,14.28571428571428,-92.85714285714286,True
AMC15X-046,O:AMC250912C00003000,CALL,3.0,2025-09-12,30,0.0,DISCOVERY,THESIS_PRESSURE,2025-08-15T19:00:00+00:00,2025-08-15T18:45:00+00:00,120,0,301,False,False,421,WITHIN_TOLERANCE,NEAR_ATM,0.5233333333333274,0.5233333333333274,28,UNSCORED_SIGNAL_BAR_ABSENT,,0,,,,,,,,,,,,,
AMC15X-046,O:AMC250829P00003000,PUT,3.0,2025-08-29,14,0.0,DISCOVERY,THESIS_PRESSURE,2025-08-15T19:00:00+00:00,2025-08-15T18:45:00+00:00,109,1,210,False,True,320,WITHIN_TOLERANCE,NEAR_ATM,0.5233333333333274,-0.5233333333333274,14,SCORED_RIGHT_CENSORED,True,210,0.12,0.12,0.0,141.66666666666666,-25.0,58.33333333333335,190,11,-34.482758620689644,0.4117647058823531,141.66666666666666,-25.0,False
AMC15X-046,O:AMC250912P00003000,PUT,3.0,2025-09-12,30,0.0,DISCOVERY,THESIS_PRESSURE,2025-08-15T19:00:00+00:00,2025-08-15T18:45:00+00:00,54,0,126,False,False,181,WITHIN_TOLERANCE,NEAR_ATM,0.5233333333333274,-0.5233333333333274,28,UNSCORED_SIGNAL_BAR_ABSENT,,0,,,,,,,,,,,,,
AMC15SUP-031,O:AMC250905C00003000,CALL,3.0,2025-09-05,14,0.0,DISCOVERY,ENTRY_FORMING,2025-08-22T13:45:00+00:00,2025-08-22T13:30:00+00:00,310,1,249,False,True,560,WITHIN_TOLERANCE,NEAR_ATM,4.196666666666671,-4.196666666666671,14,SCORED_RIGHT_CENSORED,True,249,0.08,0.09,12.5,22.222222222222232,-88.88888888888889,-77.77777777777779,2,155,-81.81818181818181,-3.4999999999999987,37.5,-87.5,True
AMC15SUP-031,O:AMC250919C00003000,CALL,3.0,2025-09-19,30,0.0,DISCOVERY,ENTRY_FORMING,2025-08-22T13:45:00+00:00,2025-08-22T13:30:00+00:00,115,1,368,False,True,484,WITHIN_TOLERANCE,NEAR_ATM,4.196666666666671,-4.196666666666671,28,SCORED_RIGHT_CENSORED,True,368,0.14,0.16,14.28571428571428,12.5,-81.25,-75.0,2,317,-77.77777777777779,-6.0,28.57142857142856,-78.57142857142858,True
AMC15SUP-031,O:AMC250905P00003000,PUT,3.0,2025-09-05,14,0.0,DISCOVERY,ENTRY_FORMING,2025-08-22T13:45:00+00:00,2025-08-22T13:30:00+00:00,151,1,172,False,True,324,WITHIN_TOLERANCE,NEAR_ATM,4.196666666666671,4.196666666666671,14,SCORED_RIGHT_CENSORED,True,172,0.19,0.2,5.263157894736836,64.99999999999999,-40.0,25.0,131,18,-24.242424242424242,0.3846153846153847,73.6842105263158,-36.8421052631579,False
AMC15SUP-031,O:AMC250919P00003000,PUT,3.0,2025-09-19,30,0.0,DISCOVERY,ENTRY_FORMING,2025-08-22T13:45:00+00:00,2025-08-22T13:30:00+00:00,74,0,222,False,False,296,WITHIN_TOLERANCE,NEAR_ATM,4.196666666666671,4.196666666666671,28,UNSCORED_SIGNAL_BAR_ABSENT,,0,,,,,,,,,,,,,
AMC15SUP-032,O:AMC250926C00003000,CALL,3.0,2025-09-26,14,0.0,DISCOVERY,CONTINUATION,2025-09-10T13:45:00+00:00,2025-09-10T13:30:00+00:00,90,1,322,False,True,413,WITHIN_TOLERANCE,NEAR_ATM,5.676666666666671,-5.676666666666671,16,SCORED_RIGHT_CENSORED,True,322,0.09,0.08,-11.111111111111105,200.0,-87.5,-87.5,169,272,-95.83333333333334,-0.4375,166.66666666666666,-88.88888888888889,True
AMC15SUP-032,O:AMC251010C00003000,CALL,3.0,2025-10-10,30,0.0,DISCOVERY,CONTINUATION,2025-09-10T13:45:00+00:00,2025-09-10T13:30:00+00:00,63,1,546,False,True,610,WITHIN_TOLERANCE,NEAR_ATM,5.676666666666671,-5.676666666666671,30,SCORED_COMPLETE_HORIZON,False,546,0.12,0.14,16.666666666666675,142.85714285714283,-92.85714285714286,-92.85714285714286,137,474,-97.05882352941177,-0.6500000000000001,183.33333333333334,-91.66666666666666,True
AMC15SUP-032,O:AMC250926P00003000,PUT,3.0,2025-09-26,14,0.0,DISCOVERY,CONTINUATION,2025-09-10T13:45:00+00:00,2025-09-10T13:30:00+00:00,33,1,211,False,True,245,WITHIN_TOLERANCE,NEAR_ATM,5.676666666666671,5.676666666666671,16,SCORED_RIGHT_CENSORED,True,211,0.22,0.24,9.090909090909083,20.833333333333325,-75.0,-50.0,8,131,-58.62068965517242,-2.400000000000001,31.818181818181813,-72.72727272727273,True
AMC15SUP-032,O:AMC251010P00003000,PUT,3.0,2025-10-10,30,0.0,DISCOVERY,CONTINUATION,2025-09-10T13:45:00+00:00,2025-09-10T13:30:00+00:00,21,1,306,False,True,328,WITHIN_TOLERANCE,NEAR_ATM,5.676666666666671,5.676666666666671,30,SCORED_RIGHT_CENSORED,True,306,0.31,0.32,3.2258064516129004,6.25,-90.625,-84.375,1,298,-85.29411764705883,-13.5,9.677419354838722,-90.32258064516128,True
AMC15X-047,O:AMC250926C00003000,CALL,3.0,2025-09-26,14,0.0,DISCOVERY,CONTINUATION,2025-09-11T19:00:00+00:00,2025-09-11T18:45:00+00:00,128,1,284,False,True,413,WITHIN_TOLERANCE,NEAR_ATM,5.546666666666663,-5.546666666666663,15,SCORED_RIGHT_CENSORED,True,284,0.07,0.07,0.0,242.8571428571428,-85.71428571428572,-85.71428571428572,131,234,-95.83333333333334,-0.35294117647058837,242.8571428571428,-85.71428571428572,True
AMC15X-047,O:AMC251010C00003000,CALL,3.0,2025-10-10,30,0.0,DISCOVERY,CONTINUATION,2025-09-11T19:00:00+00:00,2025-09-11T18:45:00+00:00,94,1,515,False,True,610,WITHIN_TOLERANCE,NEAR_ATM,5.546666666666663,-5.546666666666663,29,SCORED_RIGHT_CENSORED,True,515,0.13,0.13,0.0,161.53846153846155,-92.3076923076923,-92.3076923076923,106,443,-97.05882352941177,-0.5714285714285714,161.53846153846155,-92.3076923076923,True
AMC15X-047,O:AMC250926P00003000,PUT,3.0,2025-09-26,14,0.0,DISCOVERY,CONTINUATION,2025-09-11T19:00:00+00:00,2025-09-11T18:45:00+00:00,48,0,197,False,False,245,WITHIN_TOLERANCE,NEAR_ATM,5.546666666666663,5.546666666666663,15,UNSCORED_SIGNAL_BAR_ABSENT,,0,,,,,,,,,,,,,
AMC15X-047,O:AMC251010P00003000,PUT,3.0,2025-10-10,30,0.0,DISCOVERY,CONTINUATION,2025-09-11T19:00:00+00:00,2025-09-11T18:45:00+00:00,26,0,302,False,False,328,WITHIN_TOLERANCE,NEAR_ATM,5.546666666666663,5.546666666666663,29,UNSCORED_SIGNAL_BAR_ABSENT,,0,,,,,,,,,,,,,
AMC15SUP-033,O:AMC250926C00003000,CALL,3.0,2025-09-26,14,0.0,DISCOVERY,CONTINUATION,2025-09-15T19:30:00+00:00,2025-09-15T19:15:00+00:00,178,1,234,False,True,413,WITHIN_TOLERANCE,NEAR_ATM,3.166666666666673,-3.166666666666673,11,SCORED_RIGHT_CENSORED,True,234,0.09,0.08,-11.111111111111105,200.0,-87.5,-87.5,81,184,-95.83333333333334,-0.4375,166.66666666666666,-88.88888888888889,True
AMC15SUP-033,O:AMC251017C00003000,CALL,3.0,2025-10-17,30,0.0,DISCOVERY,CONTINUATION,2025-09-15T19:30:00+00:00,2025-09-15T19:15:00+00:00,137,1,609,False,True,747,WITHIN_TOLERANCE,NEAR_ATM,3.166666666666673,-3.166666666666673,32,SCORED_COMPLETE_HORIZON,False,546,0.18,0.18,0.0,111.11111111111111,-88.88888888888889,-88.88888888888889,74,532,-94.73684210526316,-0.7999999999999999,111.11111111111111,-88.88888888888889,True
AMC15SUP-033,O:AMC250926P00003000,PUT,3.0,2025-09-26,14,0.0,DISCOVERY,CONTINUATION,2025-09-15T19:30:00+00:00,2025-09-15T19:15:00+00:00,65,1,179,False,True,245,WITHIN_TOLERANCE,NEAR_ATM,3.166666666666673,3.166666666666673,11,SCORED_RIGHT_CENSORED,True,179,0.17,0.17,0.0,41.17647058823528,-64.70588235294117,-29.41176470588236,23,99,-50.0,-0.7142857142857146,41.17647058823528,-64.70588235294117,True
AMC15SUP-033,O:AMC251017P00003000,PUT,3.0,2025-10-17,30,0.0,DISCOVERY,CONTINUATION,2025-09-15T19:30:00+00:00,2025-09-15T19:15:00+00:00,56,0,415,False,False,471,WITHIN_TOLERANCE,NEAR_ATM,3.166666666666673,3.166666666666673,32,UNSCORED_SIGNAL_BAR_ABSENT,,0,,,,,,,,,,,,,
AMC15SUP-034,O:AMC251003C00003000,CALL,3.0,2025-10-03,14,0.0,DISCOVERY,ENTRY_FORMING,2025-09-22T20:00:00+00:00,2025-09-22T19:45:00+00:00,148,1,234,False,True,383,WITHIN_TOLERANCE,NEAR_ATM,0.0,0.0,11,SCORED_RIGHT_CENSORED,True,234,0.16,0.15,-6.25,53.33333333333334,-80.0,-66.66666666666666,212,185,-78.26086956521739,-1.2499999999999996,43.75,-81.25,False
AMC15SUP-034,O:AMC251024C00003000,CALL,3.0,2025-10-24,30,0.0,DISCOVERY,ENTRY_FORMING,2025-09-22T20:00:00+00:00,2025-09-22T19:45:00+00:00,89,1,316,False,True,406,WITHIN_TOLERANCE,NEAR_ATM,0.0,0.0,32,SCORED_RIGHT_CENSORED,True,316,0.26,0.27,3.8461538461538547,18.518518518518512,-77.77777777777779,-74.07407407407408,125,291,-78.125,-4.000000000000002,23.076923076923084,-76.92307692307693,True
AMC15SUP-034,O:AMC251003P00003000,PUT,3.0,2025-10-03,14,0.0,DISCOVERY,ENTRY_FORMING,2025-09-22T20:00:00+00:00,2025-09-22T19:45:00+00:00,63,1,200,False,True,264,WITHIN_TOLERANCE,NEAR_ATM,0.0,-0.0,11,SCORED_RIGHT_CENSORED,True,200,0.17,0.15,-11.764705882352954,60.00000000000001,-93.33333333333333,-93.33333333333333,50,179,-95.83333333333334,-1.5555555555555554,41.17647058823528,-94.11764705882352,True
AMC15SUP-034,O:AMC251024P00003000,PUT,3.0,2025-10-24,30,0.0,DISCOVERY,ENTRY_FORMING,2025-09-22T20:00:00+00:00,2025-09-22T19:45:00+00:00,35,0,182,False,False,217,WITHIN_TOLERANCE,NEAR_ATM,0.0,-0.0,32,UNSCORED_SIGNAL_BAR_ABSENT,,0,,,,,,,,,,,,,
AMC15X-048,O:AMC251010C00003000,CALL,3.0,2025-10-10,14,0.0,DISCOVERY,THESIS_PRESSURE,2025-09-23T18:45:00+00:00,2025-09-23T18:30:00+00:00,269,1,340,False,True,610,WITHIN_TOLERANCE,NEAR_ATM,1.6666666666666607,-1.6666666666666607,17,SCORED_RIGHT_CENSORED,True,340,0.18,0.17,-5.5555555555555465,70.58823529411762,-94.11764705882352,-94.11764705882352,188,268,-96.55172413793103,-1.3333333333333337,61.111111111111114,-94.44444444444444,True
AMC15X-048,O:AMC251024C00003000,CALL,3.0,2025-10-24,30,0.0,DISCOVERY,THESIS_PRESSURE,2025-09-23T18:45:00+00:00,2025-09-23T18:30:00+00:00,105,1,300,False,True,406,WITHIN_TOLERANCE,NEAR_ATM,1.6666666666666607,-1.6666666666666607,31,SCORED_RIGHT_CENSORED,True,300,0.21,0.21,0.0,52.380952380952394,-71.42857142857143,-66.66666666666666,109,275,-78.125,-1.2727272727272723,52.380952380952394,-71.42857142857143,True
AMC15X-048,O:AMC251010P00003000,PUT,3.0,2025-10-10,14,0.0,DISCOVERY,THESIS_PRESSURE,2025-09-23T18:45:00+00:00,2025-09-23T18:30:00+00:00,74,0,254,False,False,328,WITHIN_TOLERANCE,NEAR_ATM,1.6666666666666607,1.6666666666666607,17,UNSCORED_SIGNAL_BAR_ABSENT,,0,,,,,,,,,,,,,
AMC15X-048,O:AMC251024P00003000,PUT,3.0,2025-10-24,30,0.0,DISCOVERY,THESIS_PRESSURE,2025-09-23T18:45:00+00:00,2025-09-23T18:30:00+00:00,44,0,173,False,False,217,WITHIN_TOLERANCE,NEAR_ATM,1.6666666666666607,1.6666666666666607,31,UNSCORED_SIGNAL_BAR_ABSENT,,0,,,,,,,,,,,,,
AMC15X-049,O:AMC251010C00003000,CALL,3.0,2025-10-10,14,0.0,DISCOVERY,RISK_OR_EXHAUSTION,2025-09-29T14:30:00+00:00,2025-09-29T14:15:00+00:00,353,1,256,False,True,610,WITHIN_TOLERANCE,NEAR_ATM,1.1666666666666714,1.1666666666666714,11,SCORED_RIGHT_CENSORED,True,256,0.18,0.17,-5.5555555555555465,70.58823529411762,-94.11764705882352,-94.11764705882352,104,184,-96.55172413793103,-1.3333333333333337,61.111111111111114,-94.44444444444444,True
AMC15X-049,O:AMC251031C00003000,CALL,3.0,2025-10-31,30,0.0,DISCOVERY,RISK_OR_EXHAUSTION,2025-09-29T14:30:00+00:00,2025-09-29T14:15:00+00:00,89,1,441,False,True,531,WITHIN_TOLERANCE,NEAR_ATM,1.1666666666666714,1.1666666666666714,32,SCORED_RIGHT_CENSORED,True,441,0.27,0.27,0.0,29.629629629629605,-88.88888888888889,-74.07407407407408,77,426,-80.0,-2.500000000000002,29.629629629629605,-88.88888888888889,True
AMC15X-049,O:AMC251010P00003000,PUT,3.0,2025-10-10,14,0.0,DISCOVERY,RISK_OR_EXHAUSTION,2025-09-29T14:30:00+00:00,2025-09-29T14:15:00+00:00,116,1,211,False,True,328,WITHIN_TOLERANCE,NEAR_ATM,1.1666666666666714,-1.1666666666666714,11,SCORED_RIGHT_CENSORED,True,211,0.14,0.13,-7.142857142857151,115.38461538461542,-76.92307692307693,-61.53846153846154,169,203,-82.14285714285714,-0.5333333333333332,100.0,-78.57142857142858,True
AMC15X-049,O:AMC251031P00003000,PUT,3.0,2025-10-31,30,0.0,DISCOVERY,RISK_OR_EXHAUSTION,2025-09-29T14:30:00+00:00,2025-09-29T14:15:00+00:00,53,0,244,False,False,297,WITHIN_TOLERANCE,NEAR_ATM,1.1666666666666714,-1.1666666666666714,32,UNSCORED_SIGNAL_BAR_ABSENT,,0,,,,,,,,,,,,,
AMC15X-050,O:AMC251010C00003000,CALL,3.0,2025-10-10,14,0.0,DISCOVERY,ENTRY_FORMING,2025-09-29T19:45:00+00:00,2025-09-29T19:30:00+00:00,374,1,235,False,True,610,WITHIN_TOLERANCE,NEAR_ATM,0.15000000000000568,-0.15000000000000568,11,SCORED_RIGHT_CENSORED,True,235,0.14,0.15,7.14285714285714,93.33333333333333,-93.33333333333333,-93.33333333333333,83,163,-96.55172413793103,-1.0,107.14285714285711,-92.85714285714286,True
AMC15X-050,O:AMC251031C00003000,CALL,3.0,2025-10-31,30,0.0,DISCOVERY,ENTRY_FORMING,2025-09-29T19:45:00+00:00,2025-09-29T19:30:00+00:00,106,1,424,False,True,531,WITHIN_TOLERANCE,NEAR_ATM,0.15000000000000568,-0.15000000000000568,32,SCORED_RIGHT_CENSORED,True,424,0.25,0.25,0.0,39.99999999999999,-88.0,-72.0,60,409,-80.0,-1.8000000000000003,39.99999999999999,-88.0,True
AMC15X-050,O:AMC251010P00003000,PUT,3.0,2025-10-10,14,0.0,DISCOVERY,ENTRY_FORMING,2025-09-29T19:45:00+00:00,2025-09-29T19:30:00+00:00,130,0,198,False,False,328,WITHIN_TOLERANCE,NEAR_ATM,0.15000000000000568,0.15000000000000568,11,UNSCORED_SIGNAL_BAR_ABSENT,,0,,,,,,,,,,,,,
AMC15X-050,O:AMC251031P00003000,PUT,3.0,2025-10-31,30,0.0,DISCOVERY,ENTRY_FORMING,2025-09-29T19:45:00+00:00,2025-09-29T19:30:00+00:00,64,1,232,False,True,297,WITHIN_TOLERANCE,NEAR_ATM,0.15000000000000568,0.15000000000000568,32,SCORED_RIGHT_CENSORED,True,232,0.25,0.24,-4.0000000000000036,62.50000000000002,-29.166666666666664,37.50000000000002,147,36,-15.384615384615385,0.6000000000000001,56.00000000000001,-31.999999999999996,False
AMC15X-051,O:AMC251017C00003000,CALL,3.0,2025-10-17,14,0.0,DISCOVERY,CONTINUATION,2025-10-02T17:30:00+00:00,2025-10-02T17:15:00+00:00,450,1,296,False,True,747,WITHIN_TOLERANCE,NEAR_ATM,1.1166666666666694,-1.1166666666666694,15,SCORED_RIGHT_CENSORED,True,296,0.14,0.14,0.0,114.28571428571428,-92.85714285714286,-92.85714285714286,10,245,-96.66666666666667,-0.8125000000000001,114.28571428571428,-92.85714285714286,True
AMC15X-051,O:AMC251031C00003000,CALL,3.0,2025-10-31,30,0.0,DISCOVERY,CONTINUATION,2025-10-02T17:30:00+00:00,2025-10-02T17:15:00+00:00,157,1,373,False,True,531,WITHIN_TOLERANCE,NEAR_ATM,1.1166666666666694,-1.1166666666666694,29,SCORED_RIGHT_CENSORED,True,373,0.2,0.22,9.999999999999986,59.09090909090908,-86.36363636363636,-68.18181818181817,9,358,-80.0,-1.153846153846154,74.99999999999997,-85.0,True
AMC15X-051,O:AMC251017P00003000,PUT,3.0,2025-10-17,14,0.0,DISCOVERY,CONTINUATION,2025-10-02T17:30:00+00:00,2025-10-02T17:15:00+00:00,218,0,253,False,False,471,WITHIN_TOLERANCE,NEAR_ATM,1.1166666666666694,1.1166666666666694,15,UNSCORED_SIGNAL_BAR_ABSENT,,0,,,,,,,,,,,,,
AMC15X-051,O:AMC251031P00003000,PUT,3.0,2025-10-31,30,0.0,DISCOVERY,CONTINUATION,2025-10-02T17:30:00+00:00,2025-10-02T17:15:00+00:00,91,0,206,False,False,297,WITHIN_TOLERANCE,NEAR_ATM,1.1166666666666694,1.1166666666666694,29,UNSCORED_SIGNAL_BAR_ABSENT,,0,,,,,,,,,,,,,
AMC15SUP-035,O:AMC251107C00002500,CALL,2.5,2025-11-07,14,0.0,DISCOVERY,CONTINUATION,2025-10-24T18:30:00+00:00,2025-10-24T18:15:00+00:00,82,0,231,False,False,313,NEAREST_REGULAR_STRIKE,MODERATE,8.599999999999994,8.599999999999994,14,UNSCORED_SIGNAL_BAR_ABSENT,,0,,,,,,,,,,,,,
AMC15SUP-035,O:AMC251121C00002500,CALL,2.5,2025-11-21,30,0.0,DISCOVERY,CONTINUATION,2025-10-24T18:30:00+00:00,2025-10-24T18:15:00+00:00,83,1,302,False,True,386,NEAREST_REGULAR_STRIKE,MODERATE,8.599999999999994,8.599999999999994,28,SCORED_RIGHT_CENSORED,True,302,0.35,0.36,2.857142857142869,2.77777777777779,-94.44444444444444,-91.66666666666666,13,294,-91.89189189189189,-32.99999999999985,5.714285714285716,-94.28571428571428,True
AMC15SUP-035,O:AMC251107P00002500,PUT,2.5,2025-11-07,14,0.0,DISCOVERY,CONTINUATION,2025-10-24T18:30:00+00:00,2025-10-24T18:15:00+00:00,65,1,222,False,True,288,NEAREST_REGULAR_STRIKE,MODERATE,8.599999999999994,-8.599999999999994,14,SCORED_RIGHT_CENSORED,True,222,0.08,0.08,0.0,87.5,-75.0,37.5,52,191,-26.66666666666666,0.42857142857142855,87.5,-75.0,True
AMC15SUP-035,O:AMC251121P00002500,PUT,2.5,2025-11-21,30,0.0,DISCOVERY,CONTINUATION,2025-10-24T18:30:00+00:00,2025-10-24T18:15:00+00:00,63,0,222,False,False,285,NEAREST_REGULAR_STRIKE,MODERATE,8.599999999999994,-8.599999999999994,28,UNSCORED_SIGNAL_BAR_ABSENT,,0,,,,,,,,,,,,,
AMC15SUP-036,O:AMC251107C00003000,CALL,3.0,2025-11-07,14,0.0,DISCOVERY,ENTRY_FORMING,2025-10-27T18:45:00+00:00,2025-10-27T18:30:00+00:00,145,1,236,False,True,382,NEAREST_REGULAR_STRIKE,MODERATE,8.806666666666674,-8.806666666666674,11,SCORED_RIGHT_CENSORED,True,236,0.11,0.1,-9.090909090909083,9.999999999999986,-90.0,-90.0,1,186,-90.9090909090909,-9.000000000000012,0.0,-90.9090909090909,True
AMC15SUP-036,O:AMC251128C00003000,CALL,3.0,2025-11-28,30,0.0,DISCOVERY,ENTRY_FORMING,2025-10-27T18:45:00+00:00,2025-10-27T18:30:00+00:00,101,0,307,False,False,408,NEAREST_REGULAR_STRIKE,MODERATE,8.806666666666674,-8.806666666666674,32,UNSCORED_SIGNAL_BAR_ABSENT,,0,,,,,,,,,,,,,
AMC15SUP-036,O:AMC251107P00003000,PUT,3.0,2025-11-07,14,0.0,DISCOVERY,ENTRY_FORMING,2025-10-27T18:45:00+00:00,2025-10-27T18:30:00+00:00,71,0,160,False,False,231,NEAREST_REGULAR_STRIKE,MODERATE,8.806666666666674,8.806666666666674,11,UNSCORED_SIGNAL_BAR_ABSENT,,0,,,,,,,,,,,,,
AMC15SUP-036,O:AMC251128P00003000,PUT,3.0,2025-11-28,30,0.0,DISCOVERY,ENTRY_FORMING,2025-10-27T18:45:00+00:00,2025-10-27T18:30:00+00:00,13,0,72,False,False,85,NEAREST_REGULAR_STRIKE,MODERATE,8.806666666666674,8.806666666666674,32,UNSCORED_SIGNAL_BAR_ABSENT,,0,,,,,,,,,,,,,
AMC15X-052,O:AMC251114C00002500,CALL,2.5,2025-11-14,14,0.0,DISCOVERY,THESIS_PRESSURE,2025-10-28T14:30:00+00:00,2025-10-28T14:15:00+00:00,42,0,292,False,False,334,NEAREST_REGULAR_STRIKE,MODERATE,7.992000000000007,7.992000000000007,17,UNSCORED_SIGNAL_BAR_ABSENT,,0,,,,,,,,,,,,,
AMC15X-052,O:AMC251128C00002500,CALL,2.5,2025-11-28,30,0.0,DISCOVERY,THESIS_PRESSURE,2025-10-28T14:30:00+00:00,2025-10-28T14:15:00+00:00,46,0,433,False,False,479,NEAREST_REGULAR_STRIKE,MODERATE,7.992000000000007,7.992000000000007,31,UNSCORED_SIGNAL_BAR_ABSENT,,0,,,,,,,,,,,,,
AMC15X-052,O:AMC251114P00002500,PUT,2.5,2025-11-14,14,0.0,DISCOVERY,THESIS_PRESSURE,2025-10-28T14:30:00+00:00,2025-10-28T14:15:00+00:00,37,0,254,False,False,291,NEAREST_REGULAR_STRIKE,MODERATE,7.992000000000007,-7.992000000000007,17,UNSCORED_SIGNAL_BAR_ABSENT,,0,,,,,,,,,,,,,
AMC15X-052,O:AMC251128P00002500,PUT,2.5,2025-11-28,30,0.0,DISCOVERY,THESIS_PRESSURE,2025-10-28T14:30:00+00:00,2025-10-28T14:15:00+00:00,32,0,226,False,False,258,NEAREST_REGULAR_STRIKE,MODERATE,7.992000000000007,-7.992000000000007,31,UNSCORED_SIGNAL_BAR_ABSENT,,0,,,,,,,,,,,,,
AMC15X-053,O:AMC251114C00002500,CALL,2.5,2025-11-14,14,0.0,DISCOVERY,ENTRY_FORMING,2025-10-31T19:30:00+00:00,2025-10-31T19:15:00+00:00,92,1,241,False,True,334,WITHIN_TOLERANCE,NEAR_ATM,3.399999999999999,3.399999999999999,14,SCORED_RIGHT_CENSORED,True,241,0.22,0.23,4.545454545454541,26.08695652173911,-95.65217391304348,-95.65217391304348,3,194,-96.55172413793103,-3.6666666666666696,31.818181818181813,-95.45454545454545,True
AMC15X-053,O:AMC251128C00002500,CALL,2.5,2025-11-28,30,0.0,DISCOVERY,ENTRY_FORMING,2025-10-31T19:30:00+00:00,2025-10-31T19:15:00+00:00,81,0,398,False,False,479,WITHIN_TOLERANCE,NEAR_ATM,3.399999999999999,3.399999999999999,28,UNSCORED_SIGNAL_BAR_ABSENT,,0,,,,,,,,,,,,,
AMC15X-053,O:AMC251114P00002500,PUT,2.5,2025-11-14,14,0.0,DISCOVERY,ENTRY_FORMING,2025-10-31T19:30:00+00:00,2025-10-31T19:15:00+00:00,71,1,219,False,True,291,WITHIN_TOLERANCE,NEAR_ATM,3.399999999999999,-3.399999999999999,14,SCORED_RIGHT_CENSORED,True,219,0.16,0.16,0.0,56.25,-62.5,50.0,196,73,-4.0000000000000036,0.8888888888888888,56.25,-62.5,False
AMC15X-053,O:AMC251128P00002500,PUT,2.5,2025-11-28,30,0.0,DISCOVERY,ENTRY_FORMING,2025-10-31T19:30:00+00:00,2025-10-31T19:15:00+00:00,57,0,201,False,False,258,WITHIN_TOLERANCE,NEAR_ATM,3.399999999999999,-3.399999999999999,28,UNSCORED_SIGNAL_BAR_ABSENT,,0,,,,,,,,,,,,,
AMC15SUP-037,O:AMC251128C00002500,CALL,2.5,2025-11-28,14,0.0,DISCOVERY,ENTRY_FORMING,2025-11-12T21:00:00+00:00,2025-11-12T20:45:00+00:00,209,1,269,False,True,479,WITHIN_TOLERANCE,NEAR_ATM,1.4000000000000057,-1.4000000000000057,16,SCORED_RIGHT_CENSORED,True,269,0.14,0.12,-14.285714285714302,0.0,-91.66666666666666,-91.66666666666666,1,121,-91.66666666666666,,-14.285714285714302,-92.85714285714286,True
AMC15SUP-037,O:AMC251212C00002500,CALL,2.5,2025-12-12,30,0.0,DISCOVERY,ENTRY_FORMING,2025-11-12T21:00:00+00:00,2025-11-12T20:45:00+00:00,58,0,432,False,False,490,WITHIN_TOLERANCE,NEAR_ATM,1.4000000000000057,-1.4000000000000057,30,UNSCORED_SIGNAL_BAR_ABSENT,,0,,,,,,,,,,,,,
AMC15SUP-037,O:AMC251128P00002500,PUT,2.5,2025-11-28,14,0.0,DISCOVERY,ENTRY_FORMING,2025-11-12T21:00:00+00:00,2025-11-12T20:45:00+00:00,121,1,136,False,True,258,WITHIN_TOLERANCE,NEAR_ATM,1.4000000000000057,1.4000000000000057,16,SCORED_RIGHT_CENSORED,True,136,0.16,0.26,62.5,73.07692307692308,-80.76923076923077,-76.92307692307693,123,132,-86.66666666666667,-1.0526315789473686,181.25,-68.75,True
AMC15SUP-037,O:AMC251212P00002500,PUT,2.5,2025-12-12,30,0.0,DISCOVERY,ENTRY_FORMING,2025-11-12T21:00:00+00:00,2025-11-12T20:45:00+00:00,13,0,182,False,False,195,WITHIN_TOLERANCE,NEAR_ATM,1.4000000000000057,1.4000000000000057,30,UNSCORED_SIGNAL_BAR_ABSENT,,0,,,,,,,,,,,,,
AMC15X-054,O:AMC251212C00002500,CALL,2.5,2025-12-12,14,0.0,DISCOVERY,RISK_OR_EXHAUSTION,2025-11-25T15:15:00+00:00,2025-11-25T15:00:00+00:00,195,1,294,False,True,490,NEAREST_REGULAR_STRIKE,MODERATE,8.187999999999995,-8.187999999999995,17,SCORED_RIGHT_CENSORED,True,294,0.1,0.1,0.0,59.999999999999986,-90.0,-90.0,51,218,-93.75,-1.5000000000000004,59.999999999999986,-90.0,True
AMC15X-054,O:AMC251226C00002500,CALL,2.5,2025-12-26,30,0.0,DISCOVERY,RISK_OR_EXHAUSTION,2025-11-25T15:15:00+00:00,2025-11-25T15:00:00+00:00,87,1,402,False,True,490,NEAREST_REGULAR_STRIKE,MODERATE,8.187999999999995,-8.187999999999995,31,SCORED_RIGHT_CENSORED,True,402,0.13,0.14,7.692307692307709,42.85714285714286,-92.85714285714286,-92.85714285714286,45,312,-95.0,-2.1666666666666665,53.846153846153854,-92.3076923076923,True
AMC15X-054,O:AMC251212P00002500,PUT,2.5,2025-12-12,14,0.0,DISCOVERY,RISK_OR_EXHAUSTION,2025-11-25T15:15:00+00:00,2025-11-25T15:00:00+00:00,45,0,150,False,False,195,NEAREST_REGULAR_STRIKE,MODERATE,8.187999999999995,8.187999999999995,17,UNSCORED_SIGNAL_BAR_ABSENT,,0,,,,,,,,,,,,,
AMC15X-054,O:AMC251226P00002500,PUT,2.5,2025-12-26,30,0.0,DISCOVERY,RISK_OR_EXHAUSTION,2025-11-25T15:15:00+00:00,2025-11-25T15:00:00+00:00,11,0,174,False,False,185,NEAREST_REGULAR_STRIKE,MODERATE,8.187999999999995,8.187999999999995,31,UNSCORED_SIGNAL_BAR_ABSENT,,0,,,,,,,,,,,,,
AMC15X-055,O:AMC251219C00002500,CALL,2.5,2025-12-19,14,0.0,DISCOVERY,THESIS_PRESSURE,2025-12-04T17:00:00+00:00,2025-12-04T16:45:00+00:00,93,1,277,False,True,371,NEAREST_REGULAR_STRIKE,MODERATE,8.599999999999994,-8.599999999999994,15,SCORED_RIGHT_CENSORED,True,277,0.08,0.09,12.5,33.33333333333333,-88.88888888888889,-88.88888888888889,223,152,-91.66666666666666,-2.666666666666667,50.0,-87.5,False
AMC15X-055,O:AMC260102C00002500,CALL,2.5,2026-01-02,30,0.0,DISCOVERY,THESIS_PRESSURE,2025-12-04T17:00:00+00:00,2025-12-04T16:45:00+00:00,67,0,254,False,False,321,NEAREST_REGULAR_STRIKE,MODERATE,8.599999999999994,-8.599999999999994,29,UNSCORED_SIGNAL_BAR_ABSENT,,0,,,,,,,,,,,,,
AMC15X-055,O:AMC251219P00002500,PUT,2.5,2025-12-19,14,0.0,DISCOVERY,THESIS_PRESSURE,2025-12-04T17:00:00+00:00,2025-12-04T16:45:00+00:00,46,1,176,False,True,223,NEAREST_REGULAR_STRIKE,MODERATE,8.599999999999994,8.599999999999994,15,SCORED_RIGHT_CENSORED,True,176,0.29,0.27,-6.896551724137923,196.29629629629628,-18.518518518518523,192.5925925925926,176,28,-1.2499999999999956,0.9811320754716983,175.86206896551727,-24.13793103448275,False
AMC15X-055,O:AMC260102P00002500,PUT,2.5,2026-01-02,30,0.0,DISCOVERY,THESIS_PRESSURE,2025-12-04T17:00:00+00:00,2025-12-04T16:45:00+00:00,13,0,62,False,False,75,NEAREST_REGULAR_STRIKE,MODERATE,8.599999999999994,8.599999999999994,29,UNSCORED_SIGNAL_BAR_ABSENT,,0,,,,,,,,,,,,,
AMC15X-056,O:AMC251219C00002500,CALL,2.5,2025-12-19,14,0.0,DISCOVERY,ENTRY_FORMING,2025-12-08T14:45:00+00:00,2025-12-08T14:30:00+00:00,135,1,235,False,True,371,NEAREST_REGULAR_STRIKE,MODERATE,8.399999999999999,-8.399999999999999,11,SCORED_RIGHT_CENSORED,True,235,0.06,0.06,0.0,100.0,-83.33333333333333,-83.33333333333333,181,110,-91.66666666666666,-0.8333333333333333,100.0,-83.33333333333333,False
AMC15X-056,O:AMC260109C00002500,CALL,2.5,2026-01-09,30,0.0,DISCOVERY,ENTRY_FORMING,2025-12-08T14:45:00+00:00,2025-12-08T14:30:00+00:00,47,1,252,False,True,300,NEAREST_REGULAR_STRIKE,MODERATE,8.399999999999999,-8.399999999999999,32,SCORED_RIGHT_CENSORED,True,252,0.17,0.17,0.0,0.0,-94.11764705882352,-88.23529411764706,1,214,-88.23529411764706,,0.0,-94.11764705882352,True
AMC15X-056,O:AMC251219P00002500,PUT,2.5,2025-12-19,14,0.0,DISCOVERY,ENTRY_FORMING,2025-12-08T14:45:00+00:00,2025-12-08T14:30:00+00:00,63,1,159,False,True,223,NEAREST_REGULAR_STRIKE,MODERATE,8.399999999999999,8.399999999999999,11,SCORED_RIGHT_CENSORED,True,159,0.27,0.28,3.703703703703698,185.71428571428572,-21.42857142857143,182.1428571428571,159,11,-1.2499999999999956,0.9807692307692305,196.29629629629628,-18.518518518518523,False
AMC15X-056,O:AMC260109P00002500,PUT,2.5,2026-01-09,30,0.0,DISCOVERY,ENTRY_FORMING,2025-12-08T14:45:00+00:00,2025-12-08T14:30:00+00:00,11,0,35,False,False,46,NEAREST_REGULAR_STRIKE,MODERATE,8.399999999999999,8.399999999999999,32,UNSCORED_SIGNAL_BAR_ABSENT,,0,,,,,,,,,,,,,
AMC15SUP-038,O:AMC251226C00002500,CALL,2.5,2025-12-26,14,0.0,DISCOVERY,ENTRY_FORMING,2025-12-10T17:15:00+00:00,2025-12-10T17:00:00+00:00,293,1,196,False,True,490,NEAREST_REGULAR_STRIKE,MODERATE,8.252000000000006,-8.252000000000006,16,SCORED_RIGHT_CENSORED,True,196,0.07,0.06,-14.285714285714302,16.666666666666675,-83.33333333333333,-83.33333333333333,2,106,-85.71428571428572,-4.999999999999997,0.0,-85.71428571428572,True
AMC15SUP-038,O:AMC260109C00002500,CALL,2.5,2026-01-09,30,0.0,DISCOVERY,ENTRY_FORMING,2025-12-10T17:15:00+00:00,2025-12-10T17:00:00+00:00,84,1,215,False,True,300,NEAREST_REGULAR_STRIKE,MODERATE,8.252000000000006,-8.252000000000006,30,SCORED_RIGHT_CENSORED,True,215,0.11,0.11,0.0,54.54545454545456,-90.9090909090909,-81.81818181818181,91,177,-88.23529411764706,-1.4999999999999996,54.54545454545456,-90.9090909090909,True
AMC15SUP-038,O:AMC251226P00002500,PUT,2.5,2025-12-26,14,0.0,DISCOVERY,ENTRY_FORMING,2025-12-10T17:15:00+00:00,2025-12-10T17:00:00+00:00,74,0,111,False,False,185,NEAREST_REGULAR_STRIKE,MODERATE,8.252000000000006,8.252000000000006,16,UNSCORED_SIGNAL_BAR_ABSENT,,0,,,,,,,,,,,,,
AMC15SUP-038,O:AMC260109P00002500,PUT,2.5,2026-01-09,30,0.0,DISCOVERY,ENTRY_FORMING,2025-12-10T17:15:00+00:00,2025-12-10T17:00:00+00:00,13,0,33,False,False,46,NEAREST_REGULAR_STRIKE,MODERATE,8.252000000000006,8.252000000000006,30,UNSCORED_SIGNAL_BAR_ABSENT,,0,,,,,,,,,,,,,
AMC15SUP-039,O:AMC260123C00001500,CALL,1.5,2026-01-23,14,0.0,DISCOVERY,CONTINUATION,2026-01-07T14:45:00+00:00,2026-01-07T14:30:00+00:00,58,1,282,False,True,341,WITHIN_TOLERANCE,NEAR_ATM,4.666666666666671,4.666666666666671,16,SCORED_RIGHT_CENSORED,True,282,0.13,0.12,-7.692307692307699,175.00000000000006,-83.33333333333333,-50.0,84,278,-81.81818181818183,-0.28571428571428564,153.84615384615384,-84.61538461538461,True
AMC15SUP-039,O:AMC260206C00001500,CALL,1.5,2026-02-06,30,0.0,DISCOVERY,CONTINUATION,2026-01-07T14:45:00+00:00,2026-01-07T14:30:00+00:00,43,0,439,False,False,482,WITHIN_TOLERANCE,NEAR_ATM,4.666666666666671,4.666666666666671,30,UNSCORED_SIGNAL_BAR_ABSENT,,0,,,,,,,,,,,,,
AMC15SUP-039,O:AMC260123P00001500,PUT,1.5,2026-01-23,14,0.0,DISCOVERY,CONTINUATION,2026-01-07T14:45:00+00:00,2026-01-07T14:30:00+00:00,46,1,208,False,True,255,WITHIN_TOLERANCE,NEAR_ATM,4.666666666666671,-4.666666666666671,16,SCORED_RIGHT_CENSORED,True,208,0.08,0.1,25.0,19.999999999999996,-90.0,-90.0,18,128,-91.66666666666666,-4.500000000000001,50.0,-87.5,True
AMC15SUP-039,O:AMC260206P00001500,PUT,1.5,2026-02-06,30,0.0,DISCOVERY,CONTINUATION,2026-01-07T14:45:00+00:00,2026-01-07T14:30:00+00:00,14,0,340,False,False,354,WITHIN_TOLERANCE,NEAR_ATM,4.666666666666671,-4.666666666666671,30,UNSCORED_SIGNAL_BAR_ABSENT,,0,,,,,,,,,,,,,
AMC15X-057,O:AMC260123C00001500,CALL,1.5,2026-01-23,14,0.0,DISCOVERY,RISK_OR_EXHAUSTION,2026-01-09T18:00:00+00:00,2026-01-09T17:45:00+00:00,107,1,233,False,True,341,NEAREST_REGULAR_STRIKE,MODERATE,9.666666666666668,9.666666666666668,14,SCORED_RIGHT_CENSORED,True,233,0.24,0.21,-12.5,57.14285714285716,-90.47619047619048,-71.42857142857143,35,229,-81.81818181818183,-1.2499999999999996,37.50000000000002,-91.66666666666666,True
AMC15X-057,O:AMC260206C00001500,CALL,1.5,2026-02-06,30,0.0,DISCOVERY,RISK_OR_EXHAUSTION,2026-01-09T18:00:00+00:00,2026-01-09T17:45:00+00:00,77,1,404,False,True,482,NEAREST_REGULAR_STRIKE,MODERATE,9.666666666666668,9.666666666666668,28,SCORED_RIGHT_CENSORED,True,404,0.3,0.25,-16.666666666666664,52.0,-96.0,-96.0,20,176,-97.36842105263158,-1.8461538461538463,26.666666666666682,-96.66666666666667,True
AMC15X-057,O:AMC260123P00001500,PUT,1.5,2026-01-23,14,0.0,DISCOVERY,RISK_OR_EXHAUSTION,2026-01-09T18:00:00+00:00,2026-01-09T17:45:00+00:00,75,1,179,False,True,255,NEAREST_REGULAR_STRIKE,MODERATE,9.666666666666668,-9.666666666666668,14,SCORED_RIGHT_CENSORED,True,179,0.08,0.08,0.0,25.0,-87.5,-87.5,7,99,-90.0,-3.5,25.0,-87.5,True
AMC15X-057,O:AMC260206P00001500,PUT,1.5,2026-02-06,30,0.0,DISCOVERY,RISK_OR_EXHAUSTION,2026-01-09T18:00:00+00:00,2026-01-09T17:45:00+00:00,31,1,322,False,True,354,NEAREST_REGULAR_STRIKE,MODERATE,9.666666666666668,-9.666666666666668,28,SCORED_RIGHT_CENSORED,True,322,0.1,0.12,19.999999999999996,50.0,-91.66666666666666,-83.33333333333333,180,317,-88.88888888888889,-1.6666666666666665,79.99999999999999,-90.0,True
AMC15SUP-040,O:AMC260130C00001500,CALL,1.5,2026-01-30,14,0.0,DISCOVERY,ENTRY_FORMING,2026-01-16T16:30:00+00:00,2026-01-16T16:15:00+00:00,102,0,232,False,False,334,NEAREST_REGULAR_STRIKE,MODERATE,9.000000000000002,9.000000000000002,14,UNSCORED_SIGNAL_BAR_ABSENT,,0,,,,,,,,,,,,,
AMC15SUP-040,O:AMC260213C00001500,CALL,1.5,2026-02-13,30,0.0,DISCOVERY,ENTRY_FORMING,2026-01-16T16:30:00+00:00,2026-01-16T16:15:00+00:00,42,1,262,False,True,305,NEAREST_REGULAR_STRIKE,MODERATE,9.000000000000002,9.000000000000002,28,SCORED_RIGHT_CENSORED,True,262,0.25,0.21,-16.000000000000004,23.809523809523814,-95.23809523809523,-66.66666666666666,6,89,-73.07692307692307,-2.799999999999999,4.0000000000000036,-96.0,True
AMC15SUP-040,O:AMC260130P00001500,PUT,1.5,2026-01-30,14,0.0,DISCOVERY,ENTRY_FORMING,2026-01-16T16:30:00+00:00,2026-01-16T16:15:00+00:00,80,0,204,False,False,284,NEAREST_REGULAR_STRIKE,MODERATE,9.000000000000002,-9.000000000000002,14,UNSCORED_SIGNAL_BAR_ABSENT,,0,,,,,,,,,,,,,
AMC15SUP-040,O:AMC260213P00001500,PUT,1.5,2026-02-13,30,0.0,DISCOVERY,ENTRY_FORMING,2026-01-16T16:30:00+00:00,2026-01-16T16:15:00+00:00,29,0,167,False,False,196,NEAREST_REGULAR_STRIKE,MODERATE,9.000000000000002,-9.000000000000002,28,UNSCORED_SIGNAL_BAR_ABSENT,,0,,,,,,,,,,,,,
AMC15X-058,O:AMC260206C00001500,CALL,1.5,2026-02-06,14,0.0,DISCOVERY,ENTRY_FORMING,2026-01-22T14:45:00+00:00,2026-01-22T14:30:00+00:00,184,1,297,False,True,482,NEAREST_REGULAR_STRIKE,MODERATE,8.000000000000007,8.000000000000007,15,SCORED_RIGHT_CENSORED,True,297,0.17,0.16,-5.882352941176472,43.75,-93.75,-93.75,7,69,-95.65217391304348,-2.142857142857143,35.29411764705881,-94.11764705882352,True
AMC15X-058,O:AMC260220C00001500,CALL,1.5,2026-02-20,30,0.0,DISCOVERY,ENTRY_FORMING,2026-01-22T14:45:00+00:00,2026-01-22T14:30:00+00:00,76,1,512,False,True,589,NEAREST_REGULAR_STRIKE,MODERATE,8.000000000000007,8.000000000000007,29,SCORED_RIGHT_CENSORED,True,512,0.2,0.21,4.999999999999982,33.33333333333335,-95.23809523809523,-95.23809523809523,14,389,-96.42857142857143,-2.8571428571428554,40.000000000000014,-95.0,True
AMC15X-058,O:AMC260206P00001500,PUT,1.5,2026-02-06,14,0.0,DISCOVERY,ENTRY_FORMING,2026-01-22T14:45:00+00:00,2026-01-22T14:30:00+00:00,107,1,246,False,True,354,NEAREST_REGULAR_STRIKE,MODERATE,8.000000000000007,-8.000000000000007,15,SCORED_RIGHT_CENSORED,True,246,0.04,0.05,25.0,259.99999999999994,-80.0,-60.00000000000001,104,241,-88.88888888888889,-0.23076923076923084,350.0,-75.0,True
AMC15X-058,O:AMC260220P00001500,PUT,1.5,2026-02-20,30,0.0,DISCOVERY,ENTRY_FORMING,2026-01-22T14:45:00+00:00,2026-01-22T14:30:00+00:00,55,0,318,False,False,373,NEAREST_REGULAR_STRIKE,MODERATE,8.000000000000007,-8.000000000000007,29,UNSCORED_SIGNAL_BAR_ABSENT,,0,,,,,,,,,,,,,
AMC15X-059,O:AMC260206C00001500,CALL,1.5,2026-02-06,14,0.0,DISCOVERY,CONTINUATION,2026-01-22T17:00:00+00:00,2026-01-22T16:45:00+00:00,193,1,288,False,True,482,NEAREST_REGULAR_STRIKE,MODERATE,11.26666666666667,11.26666666666667,15,SCORED_RIGHT_CENSORED,True,288,0.21,0.19,-9.523809523809524,21.052631578947366,-94.73684210526316,-94.73684210526316,3,60,-95.65217391304348,-4.500000000000001,9.523809523809534,-95.23809523809523,True
AMC15X-059,O:AMC260220C00001500,CALL,1.5,2026-02-20,30,0.0,DISCOVERY,CONTINUATION,2026-01-22T17:00:00+00:00,2026-01-22T16:45:00+00:00,84,0,505,False,False,589,NEAREST_REGULAR_STRIKE,MODERATE,11.26666666666667,11.26666666666667,29,UNSCORED_SIGNAL_BAR_ABSENT,,0,,,,,,,,,,,,,
AMC15X-059,O:AMC260206P00001500,PUT,1.5,2026-02-06,14,0.0,DISCOVERY,CONTINUATION,2026-01-22T17:00:00+00:00,2026-01-22T16:45:00+00:00,113,0,241,False,False,354,NEAREST_REGULAR_STRIKE,MODERATE,11.26666666666667,-11.26666666666667,15,UNSCORED_SIGNAL_BAR_ABSENT,,0,,,,,,,,,,,,,
AMC15X-059,O:AMC260220P00001500,PUT,1.5,2026-02-20,30,0.0,DISCOVERY,CONTINUATION,2026-01-22T17:00:00+00:00,2026-01-22T16:45:00+00:00,56,0,317,False,False,373,NEAREST_REGULAR_STRIKE,MODERATE,11.26666666666667,-11.26666666666667,29,UNSCORED_SIGNAL_BAR_ABSENT,,0,,,,,,,,,,,,,
AMC15X-060,O:AMC260206C00001500,CALL,1.5,2026-02-06,14,0.0,DISCOVERY,THESIS_PRESSURE,2026-01-23T17:45:00+00:00,2026-01-23T17:30:00+00:00,214,1,267,False,True,482,WITHIN_TOLERANCE,NEAR_ATM,6.000000000000005,6.000000000000005,14,SCORED_RIGHT_CENSORED,True,267,0.16,0.16,0.0,25.0,-93.75,-93.75,12,39,-95.0,-3.75,25.0,-93.75,True
AMC15X-060,O:AMC260220C00001500,CALL,1.5,2026-02-20,30,0.0,DISCOVERY,THESIS_PRESSURE,2026-01-23T17:45:00+00:00,2026-01-23T17:30:00+00:00,108,1,480,False,True,589,WITHIN_TOLERANCE,NEAR_ATM,6.000000000000005,6.000000000000005,28,SCORED_RIGHT_CENSORED,True,480,0.2,0.21,4.999999999999982,19.047619047619047,-95.23809523809523,-95.23809523809523,13,357,-96.0,-4.999999999999999,25.0,-95.0,True
AMC15X-060,O:AMC260206P00001500,PUT,1.5,2026-02-06,14,0.0,DISCOVERY,THESIS_PRESSURE,2026-01-23T17:45:00+00:00,2026-01-23T17:30:00+00:00,126,1,227,False,True,354,WITHIN_TOLERANCE,NEAR_ATM,6.000000000000005,-6.000000000000005,14,SCORED_RIGHT_CENSORED,True,227,0.06,0.07,16.666666666666675,157.1428571428571,-85.71428571428572,-71.42857142857143,85,222,-88.88888888888889,-0.45454545454545464,200.0,-83.33333333333333,True
AMC15X-060,O:AMC260220P00001500,PUT,1.5,2026-02-20,30,0.0,DISCOVERY,THESIS_PRESSURE,2026-01-23T17:45:00+00:00,2026-01-23T17:30:00+00:00,69,1,303,False,True,373,WITHIN_TOLERANCE,NEAR_ATM,6.000000000000005,-6.000000000000005,28,SCORED_RIGHT_CENSORED,True,303,0.1,0.11,9.999999999999986,190.9090909090909,-18.181818181818187,172.72727272727272,205,142,-6.25,0.9047619047619048,219.99999999999997,-10.000000000000009,False
AMC15X-061,O:AMC260220C00001500,CALL,1.5,2026-02-20,14,0.0,HOLDOUT,ENTRY_FORMING,2026-02-06T15:00:00+00:00,2026-02-06T14:45:00+00:00,343,1,245,False,True,589,WITHIN_TOLERANCE,NEAR_ATM,4.0066666666666695,-4.0066666666666695,14,SCORED_RIGHT_CENSORED,True,245,0.08,0.08,0.0,25.0,-87.5,-87.5,12,122,-90.0,-3.5,25.0,-87.5,True
AMC15X-061,O:AMC260306C00001500,CALL,1.5,2026-03-06,30,0.0,HOLDOUT,ENTRY_FORMING,2026-02-06T15:00:00+00:00,2026-02-06T14:45:00+00:00,74,1,408,False,True,483,WITHIN_TOLERANCE,NEAR_ATM,4.0066666666666695,-4.0066666666666695,28,SCORED_RIGHT_CENSORED,True,408,0.19,0.17,-10.526315789473683,23.529411764705866,-94.11764705882352,-94.11764705882352,3,242,-95.23809523809523,-4.000000000000003,10.526315789473673,-94.73684210526316,True
AMC15X-061,O:AMC260220P00001500,PUT,1.5,2026-02-20,14,0.0,HOLDOUT,ENTRY_FORMING,2026-02-06T15:00:00+00:00,2026-02-06T14:45:00+00:00,197,1,175,False,True,373,WITHIN_TOLERANCE,NEAR_ATM,4.0066666666666695,4.0066666666666695,14,SCORED_RIGHT_CENSORED,True,175,0.13,0.12,-7.692307692307699,166.66666666666669,-25.0,150.0,77,14,-6.25,0.8999999999999999,146.15384615384616,-30.76923076923077,False
AMC15X-061,O:AMC260306P00001500,PUT,1.5,2026-03-06,30,0.0,HOLDOUT,ENTRY_FORMING,2026-02-06T15:00:00+00:00,2026-02-06T14:45:00+00:00,26,0,160,False,False,186,WITHIN_TOLERANCE,NEAR_ATM,4.0066666666666695,4.0066666666666695,28,UNSCORED_SIGNAL_BAR_ABSENT,,0,,,,,,,,,,,,,
AMC15X-062,O:AMC260220C00001500,CALL,1.5,2026-02-20,14,0.0,HOLDOUT,CONTINUATION,2026-02-06T17:30:00+00:00,2026-02-06T17:15:00+00:00,353,1,235,False,True,589,WITHIN_TOLERANCE,NEAR_ATM,1.5666666666666718,-1.5666666666666718,14,SCORED_RIGHT_CENSORED,True,235,0.09,0.09,0.0,11.111111111111116,-88.88888888888889,-88.88888888888889,2,112,-90.0,-7.9999999999999964,11.111111111111116,-88.88888888888889,True
AMC15X-062,O:AMC260306C00001500,CALL,1.5,2026-03-06,30,0.0,HOLDOUT,CONTINUATION,2026-02-06T17:30:00+00:00,2026-02-06T17:15:00+00:00,81,1,401,False,True,483,WITHIN_TOLERANCE,NEAR_ATM,1.5666666666666718,-1.5666666666666718,28,SCORED_RIGHT_CENSORED,True,401,0.2,0.19,-5.000000000000004,5.263157894736836,-94.73684210526316,-94.73684210526316,2,235,-95.0,-18.00000000000002,0.0,-95.0,True
AMC15X-062,O:AMC260220P00001500,PUT,1.5,2026-02-20,14,0.0,HOLDOUT,CONTINUATION,2026-02-06T17:30:00+00:00,2026-02-06T17:15:00+00:00,205,1,167,False,True,373,WITHIN_TOLERANCE,NEAR_ATM,1.5666666666666718,1.5666666666666718,14,SCORED_RIGHT_CENSORED,True,167,0.12,0.12,0.0,166.66666666666669,-25.0,150.0,69,6,-6.25,0.8999999999999999,166.66666666666669,-25.0,False
AMC15X-062,O:AMC260306P00001500,PUT,1.5,2026-03-06,30,0.0,HOLDOUT,CONTINUATION,2026-02-06T17:30:00+00:00,2026-02-06T17:15:00+00:00,27,0,159,False,False,186,WITHIN_TOLERANCE,NEAR_ATM,1.5666666666666718,1.5666666666666718,28,UNSCORED_SIGNAL_BAR_ABSENT,,0,,,,,,,,,,,,,
AMC15X-063,O:AMC260220C00001500,CALL,1.5,2026-02-20,14,0.0,HOLDOUT,THESIS_PRESSURE,2026-02-09T15:30:00+00:00,2026-02-09T15:15:00+00:00,371,1,217,False,True,589,NEAREST_REGULAR_STRIKE,MODERATE,8.333333333333332,-8.333333333333332,11,SCORED_RIGHT_CENSORED,True,217,0.05,0.05,0.0,19.999999999999996,-80.0,-80.0,28,94,-83.33333333333333,-4.000000000000001,19.999999999999996,-80.0,True
AMC15X-063,O:AMC260313C00001500,CALL,1.5,2026-03-13,30,0.0,HOLDOUT,THESIS_PRESSURE,2026-02-09T15:30:00+00:00,2026-02-09T15:15:00+00:00,29,0,280,False,False,309,NEAREST_REGULAR_STRIKE,MODERATE,8.333333333333332,-8.333333333333332,32,UNSCORED_SIGNAL_BAR_ABSENT,,0,,,,,,,,,,,,,
AMC15X-063,O:AMC260220P00001500,PUT,1.5,2026-02-20,14,0.0,HOLDOUT,THESIS_PRESSURE,2026-02-09T15:30:00+00:00,2026-02-09T15:15:00+00:00,216,1,156,False,True,373,NEAREST_REGULAR_STRIKE,MODERATE,8.333333333333332,8.333333333333332,11,SCORED_RIGHT_CENSORED,True,156,0.18,0.18,0.0,77.77777777777779,-11.111111111111105,66.66666666666667,58,3,-6.25,0.8571428571428571,77.77777777777779,-11.111111111111105,False
AMC15X-063,O:AMC260313P00001500,PUT,1.5,2026-03-13,30,0.0,HOLDOUT,THESIS_PRESSURE,2026-02-09T15:30:00+00:00,2026-02-09T15:15:00+00:00,5,0,43,False,False,48,NEAREST_REGULAR_STRIKE,MODERATE,8.333333333333332,8.333333333333332,32,UNSCORED_SIGNAL_BAR_ABSENT,,0,,,,,,,,,,,,,
AMC15SUP-041,O:AMC260227C00001500,CALL,1.5,2026-02-27,14,0.0,HOLDOUT,ENTRY_FORMING,2026-02-10T16:45:00+00:00,2026-02-10T16:30:00+00:00,115,1,304,False,True,420,NEAREST_REGULAR_STRIKE,MODERATE,7.666666666666666,-7.666666666666666,17,SCORED_RIGHT_CENSORED,True,304,0.1,0.01,-90.0,1000.0,0.0,0.0,1,1,-90.9090909090909,0.0,9.999999999999986,-90.0,False
AMC15SUP-041,O:AMC260313C00001500,CALL,1.5,2026-03-13,30,0.0,HOLDOUT,ENTRY_FORMING,2026-02-10T16:45:00+00:00,2026-02-10T16:30:00+00:00,43,1,265,False,True,309,NEAREST_REGULAR_STRIKE,MODERATE,7.666666666666666,-7.666666666666666,31,SCORED_RIGHT_CENSORED,True,265,0.15,0.18,19.999999999999996,0.0,-94.44444444444444,-94.44444444444444,1,195,-94.44444444444444,,19.999999999999996,-93.33333333333333,True
AMC15SUP-041,O:AMC260227P00001500,PUT,1.5,2026-02-27,14,0.0,HOLDOUT,ENTRY_FORMING,2026-02-10T16:45:00+00:00,2026-02-10T16:30:00+00:00,44,0,166,False,False,210,NEAREST_REGULAR_STRIKE,MODERATE,7.666666666666666,7.666666666666666,17,UNSCORED_SIGNAL_BAR_ABSENT,,0,,,,,,,,,,,,,
AMC15SUP-041,O:AMC260313P00001500,PUT,1.5,2026-03-13,30,0.0,HOLDOUT,ENTRY_FORMING,2026-02-10T16:45:00+00:00,2026-02-10T16:30:00+00:00,6,0,42,False,False,48,NEAREST_REGULAR_STRIKE,MODERATE,7.666666666666666,7.666666666666666,31,UNSCORED_SIGNAL_BAR_ABSENT,,0,,,,,,,,,,,,,
AMC15SUP-042,O:AMC260306C00001500,CALL,1.5,2026-03-06,14,0.0,HOLDOUT,ENTRY_FORMING,2026-02-18T15:15:00+00:00,2026-02-18T15:00:00+00:00,199,1,283,False,True,483,NEAREST_REGULAR_STRIKE,MODERATE,16.006666666666668,-16.006666666666668,16,SCORED_RIGHT_CENSORED,True,283,0.07,0.07,0.0,14.28571428571428,-85.71428571428572,-85.71428571428572,1,117,-87.5,-6.0000000000000036,14.28571428571428,-85.71428571428572,True
AMC15SUP-042,O:AMC260320C00001500,CALL,1.5,2026-03-20,30,0.0,HOLDOUT,ENTRY_FORMING,2026-02-18T15:15:00+00:00,2026-02-18T15:00:00+00:00,96,1,450,False,True,547,NEAREST_REGULAR_STRIKE,MODERATE,16.006666666666668,-16.006666666666668,30,SCORED_RIGHT_CENSORED,True,450,0.09,0.1,11.111111111111116,19.999999999999996,-90.0,-80.0,2,227,-83.33333333333333,-4.000000000000001,33.33333333333333,-88.88888888888889,True
AMC15SUP-042,O:AMC260306P00001500,PUT,1.5,2026-03-06,14,0.0,HOLDOUT,ENTRY_FORMING,2026-02-18T15:15:00+00:00,2026-02-18T15:00:00+00:00,54,0,132,False,False,186,NEAREST_REGULAR_STRIKE,MODERATE,16.006666666666668,16.006666666666668,16,UNSCORED_SIGNAL_BAR_ABSENT,,0,,,,,,,,,,,,,
AMC15SUP-042,O:AMC260320P00001500,PUT,1.5,2026-03-20,30,0.0,HOLDOUT,ENTRY_FORMING,2026-02-18T15:15:00+00:00,2026-02-18T15:00:00+00:00,23,1,151,False,True,175,NEAREST_REGULAR_STRIKE,MODERATE,16.006666666666668,16.006666666666668,30,SCORED_RIGHT_CENSORED,True,151,0.34,0.32,-5.882352941176472,325.0,-12.49999999999999,25.0,9,37,-70.58823529411764,0.07692307692307693,300.0,-17.647058823529406,True
AMC15SUP-043,O:AMC260306C00001500,CALL,1.5,2026-03-06,14,0.0,HOLDOUT,CONTINUATION,2026-02-19T15:00:00+00:00,2026-02-19T14:45:00+00:00,216,1,266,False,True,483,NEAREST_REGULAR_STRIKE,MODERATE,16.333333333333343,-16.333333333333343,15,SCORED_RIGHT_CENSORED,True,266,0.06,0.06,0.0,0.0,-83.33333333333333,-83.33333333333333,1,100,-83.33333333333333,,0.0,-83.33333333333333,True
AMC15SUP-043,O:AMC260320C00001500,CALL,1.5,2026-03-20,30,0.0,HOLDOUT,CONTINUATION,2026-02-19T15:00:00+00:00,2026-02-19T14:45:00+00:00,120,1,426,False,True,547,NEAREST_REGULAR_STRIKE,MODERATE,16.333333333333343,-16.333333333333343,29,SCORED_RIGHT_CENSORED,True,426,0.09,0.09,0.0,0.0,-88.88888888888889,-77.77777777777779,1,203,-77.77777777777779,,0.0,-88.88888888888889,True
AMC15SUP-043,O:AMC260306P00001500,PUT,1.5,2026-03-06,14,0.0,HOLDOUT,CONTINUATION,2026-02-19T15:00:00+00:00,2026-02-19T14:45:00+00:00,59,0,127,False,False,186,NEAREST_REGULAR_STRIKE,MODERATE,16.333333333333343,16.333333333333343,15,UNSCORED_SIGNAL_BAR_ABSENT,,0,,,,,,,,,,,,,
AMC15SUP-043,O:AMC260320P00001500,PUT,1.5,2026-03-20,30,0.0,HOLDOUT,CONTINUATION,2026-02-19T15:00:00+00:00,2026-02-19T14:45:00+00:00,33,0,142,False,False,175,NEAREST_REGULAR_STRIKE,MODERATE,16.333333333333343,16.333333333333343,29,UNSCORED_SIGNAL_BAR_ABSENT,,0,,,,,,,,,,,,,
AMC15X-064,O:AMC260306C00001500,CALL,1.5,2026-03-06,14,0.0,HOLDOUT,THESIS_PRESSURE,2026-02-20T16:15:00+00:00,2026-02-20T16:00:00+00:00,243,1,239,False,True,483,NEAREST_REGULAR_STRIKE,MODERATE,19.666666666666664,-19.666666666666664,14,SCORED_RIGHT_CENSORED,True,239,0.03,0.05,66.66666666666667,0.0,-80.0,-80.0,1,73,-80.0,,66.66666666666667,-66.66666666666666,True
AMC15X-064,O:AMC260320C00001500,CALL,1.5,2026-03-20,30,0.0,HOLDOUT,THESIS_PRESSURE,2026-02-20T16:15:00+00:00,2026-02-20T16:00:00+00:00,147,1,399,False,True,547,NEAREST_REGULAR_STRIKE,MODERATE,19.666666666666664,-19.666666666666664,28,SCORED_RIGHT_CENSORED,True,399,0.07,0.08,14.28571428571428,0.0,-87.5,-75.0,1,176,-75.0,,14.28571428571428,-85.71428571428572,True
AMC15X-064,O:AMC260306P00001500,PUT,1.5,2026-03-06,14,0.0,HOLDOUT,THESIS_PRESSURE,2026-02-20T16:15:00+00:00,2026-02-20T16:00:00+00:00,64,1,121,False,True,186,NEAREST_REGULAR_STRIKE,MODERATE,19.666666666666664,19.666666666666664,14,SCORED_RIGHT_CENSORED,True,121,0.33,0.34,3.0303030303030276,23.529411764705866,-26.470588235294123,0.0,68,95,-19.047619047619037,0.0,27.27272727272727,-24.242424242424242,True
AMC15X-064,O:AMC260320P00001500,PUT,1.5,2026-03-20,30,0.0,HOLDOUT,THESIS_PRESSURE,2026-02-20T16:15:00+00:00,2026-02-20T16:00:00+00:00,44,1,130,False,True,175,NEAREST_REGULAR_STRIKE,MODERATE,19.666666666666664,19.666666666666664,28,SCORED_RIGHT_CENSORED,True,130,0.36,0.36,0.0,16.666666666666675,-22.22222222222221,11.111111111111116,86,16,-4.761904761904756,0.6666666666666666,16.666666666666675,-22.22222222222221,False
AMC15X-065,O:AMC260320C00001000,CALL,1.0,2026-03-20,14,0.0,HOLDOUT,ENTRY_FORMING,2026-03-05T14:45:00+00:00,2026-03-05T14:30:00+00:00,82,1,234,False,True,317,NEAREST_REGULAR_STRIKE,MODERATE,19.999999999999996,19.999999999999996,15,SCORED_RIGHT_CENSORED,True,234,0.22,0.23,4.545454545454541,13.043478260869556,-95.65217391304348,-95.65217391304348,2,220,-96.15384615384616,-7.333333333333339,18.181818181818187,-95.45454545454545,True
AMC15X-065,O:AMC260402C00001000,CALL,1.0,2026-04-02,30,0.0,HOLDOUT,ENTRY_FORMING,2026-03-05T14:45:00+00:00,2026-03-05T14:30:00+00:00,28,0,336,False,False,364,NEAREST_REGULAR_STRIKE,MODERATE,19.999999999999996,19.999999999999996,28,UNSCORED_SIGNAL_BAR_ABSENT,,0,,,,,,,,,,,,,
AMC15X-065,O:AMC260320P00001000,PUT,1.0,2026-03-20,14,0.0,HOLDOUT,ENTRY_FORMING,2026-03-05T14:45:00+00:00,2026-03-05T14:30:00+00:00,69,0,173,False,False,242,NEAREST_REGULAR_STRIKE,MODERATE,19.999999999999996,-19.999999999999996,15,UNSCORED_SIGNAL_BAR_ABSENT,,0,,,,,,,,,,,,,
AMC15X-065,O:AMC260402P00001000,PUT,1.0,2026-04-02,30,0.0,HOLDOUT,ENTRY_FORMING,2026-03-05T14:45:00+00:00,2026-03-05T14:30:00+00:00,32,1,239,False,True,272,NEAREST_REGULAR_STRIKE,MODERATE,19.999999999999996,-19.999999999999996,28,SCORED_RIGHT_CENSORED,True,239,0.05,0.05,0.0,59.999999999999986,-80.0,-80.0,86,204,-87.5,-1.3333333333333337,59.999999999999986,-80.0,True
AMC15SUP-044,O:AMC260327C00001000,CALL,1.0,2026-03-27,14,0.0,HOLDOUT,ENTRY_FORMING,2026-03-13T18:45:00+00:00,2026-03-13T18:30:00+00:00,63,1,215,False,True,279,NEAREST_REGULAR_STRIKE,MODERATE,10.499999999999998,10.499999999999998,14,SCORED_RIGHT_CENSORED,True,215,0.13,0.12,-7.692307692307699,16.666666666666675,-91.66666666666666,-91.66666666666666,11,175,-92.85714285714286,-5.4999999999999964,7.692307692307709,-92.3076923076923,True
AMC15SUP-044,O:AMC260410C00001000,CALL,1.0,2026-04-10,30,0.0,HOLDOUT,ENTRY_FORMING,2026-03-13T18:45:00+00:00,2026-03-13T18:30:00+00:00,33,1,350,False,True,384,NEAREST_REGULAR_STRIKE,MODERATE,10.499999999999998,10.499999999999998,28,SCORED_RIGHT_CENSORED,True,350,0.17,0.23,35.29411764705881,91.30434782608694,-95.65217391304348,52.17391304347825,326,110,-20.45454545454546,0.5714285714285714,158.82352941176467,-94.11764705882352,False
AMC15SUP-044,O:AMC260327P00001000,PUT,1.0,2026-03-27,14,0.0,HOLDOUT,ENTRY_FORMING,2026-03-13T18:45:00+00:00,2026-03-13T18:30:00+00:00,42,0,172,False,False,214,NEAREST_REGULAR_STRIKE,MODERATE,10.499999999999998,-10.499999999999998,14,UNSCORED_SIGNAL_BAR_ABSENT,,0,,,,,,,,,,,,,
AMC15SUP-044,O:AMC260410P00001000,PUT,1.0,2026-04-10,30,0.0,HOLDOUT,ENTRY_FORMING,2026-03-13T18:45:00+00:00,2026-03-13T18:30:00+00:00,16,0,201,False,False,217,NEAREST_REGULAR_STRIKE,MODERATE,10.499999999999998,-10.499999999999998,28,UNSCORED_SIGNAL_BAR_ABSENT,,0,,,,,,,,,,,,,
AMC15SUP-045,O:AMC260402C00001000,CALL,1.0,2026-04-02,14,0.0,HOLDOUT,ENTRY_FORMING,2026-03-19T19:15:00+00:00,2026-03-19T19:00:00+00:00,125,1,238,False,True,364,WITHIN_TOLERANCE,NEAR_ATM,4.0000000000000036,4.0000000000000036,14,SCORED_RIGHT_CENSORED,True,238,0.09,0.08,-11.111111111111105,50.0,-87.5,37.5,26,135,-8.333333333333325,0.75,33.33333333333333,-88.88888888888889,True
AMC15SUP-045,O:AMC260417C00001000,CALL,1.0,2026-04-17,30,0.0,HOLDOUT,ENTRY_FORMING,2026-03-19T19:15:00+00:00,2026-03-19T19:00:00+00:00,85,1,448,False,True,534,WITHIN_TOLERANCE,NEAR_ATM,4.0000000000000036,4.0000000000000036,29,SCORED_RIGHT_CENSORED,True,448,0.11,0.12,9.090909090909083,683.3333333333333,-66.66666666666666,633.3333333333334,436,105,-6.382978723404253,0.9268292682926831,754.5454545454545,-63.63636363636363,False
AMC15SUP-045,O:AMC260402P00001000,PUT,1.0,2026-04-02,14,0.0,HOLDOUT,ENTRY_FORMING,2026-03-19T19:15:00+00:00,2026-03-19T19:00:00+00:00,109,1,162,False,True,272,WITHIN_TOLERANCE,NEAR_ATM,4.0000000000000036,-4.0000000000000036,14,SCORED_RIGHT_CENSORED,True,162,0.05,0.03,-40.0,166.66666666666669,-66.66666666666666,-66.66666666666666,9,127,-87.5,-0.3999999999999999,59.999999999999986,-80.0,True
AMC15SUP-045,O:AMC260417P00001000,PUT,1.0,2026-04-17,30,0.0,HOLDOUT,ENTRY_FORMING,2026-03-19T19:15:00+00:00,2026-03-19T19:00:00+00:00,43,1,189,False,True,233,WITHIN_TOLERANCE,NEAR_ATM,4.0000000000000036,-4.0000000000000036,29,SCORED_RIGHT_CENSORED,True,189,0.07,0.08,14.28571428571428,37.5,-87.5,-87.5,55,113,-90.9090909090909,-2.3333333333333335,57.14285714285714,-85.71428571428572,True
AMC15X-066,O:AMC260410C00001000,CALL,1.0,2026-04-10,14,0.0,HOLDOUT,RISK_OR_EXHAUSTION,2026-03-30T16:45:00+00:00,2026-03-30T16:30:00+00:00,173,1,210,False,True,384,WITHIN_TOLERANCE,NEAR_ATM,5.499999999999994,5.499999999999994,11,SCORED_RIGHT_CENSORED,True,210,0.1,0.11,9.999999999999986,300.0,-63.63636363636363,218.18181818181816,186,48,-20.45454545454546,0.7272727272727272,339.99999999999994,-60.00000000000001,False
AMC15X-066,O:AMC260501C00001000,CALL,1.0,2026-05-01,30,0.0,HOLDOUT,RISK_OR_EXHAUSTION,2026-03-30T16:45:00+00:00,2026-03-30T16:30:00+00:00,63,1,269,False,True,333,WITHIN_TOLERANCE,NEAR_ATM,5.499999999999994,5.499999999999994,32,SCORED_RIGHT_CENSORED,True,269,0.1,0.11,9.999999999999986,745.4545454545455,-27.27272727272727,472.72727272727275,216,30,-32.25806451612904,0.6341463414634146,830.0000000000001,-20.000000000000007,False
AMC15X-066,O:AMC260410P00001000,PUT,1.0,2026-04-10,14,0.0,HOLDOUT,RISK_OR_EXHAUSTION,2026-03-30T16:45:00+00:00,2026-03-30T16:30:00+00:00,94,1,122,False,True,217,WITHIN_TOLERANCE,NEAR_ATM,5.499999999999994,-5.499999999999994,11,SCORED_RIGHT_CENSORED,True,122,0.05,0.05,0.0,59.999999999999986,-80.0,-80.0,9,55,-87.5,-1.3333333333333337,59.999999999999986,-80.0,True
AMC15X-066,O:AMC260501P00001000,PUT,1.0,2026-05-01,30,0.0,HOLDOUT,RISK_OR_EXHAUSTION,2026-03-30T16:45:00+00:00,2026-03-30T16:30:00+00:00,23,1,105,False,True,129,WITHIN_TOLERANCE,NEAR_ATM,5.499999999999994,-5.499999999999994,32,SCORED_RIGHT_CENSORED,True,105,0.11,0.09,-18.181818181818187,33.33333333333333,-88.88888888888889,-88.88888888888889,3,33,-91.66666666666666,-2.666666666666667,9.090909090909083,-90.9090909090909,True
AMC15X-067,O:AMC260417C00001000,CALL,1.0,2026-04-17,14,0.0,HOLDOUT,ENTRY_FORMING,2026-03-31T17:00:00+00:00,2026-03-31T16:45:00+00:00,251,1,282,False,True,534,WITHIN_TOLERANCE,NEAR_ATM,2.9900000000000038,2.9900000000000038,17,SCORED_RIGHT_CENSORED,True,282,0.08,0.08,0.0,1074.9999999999998,-37.5,1000.0,270,25,-6.382978723404253,0.9302325581395351,1074.9999999999998,-37.5,False
AMC15X-067,O:AMC260501C00001000,CALL,1.0,2026-05-01,30,0.0,HOLDOUT,ENTRY_FORMING,2026-03-31T17:00:00+00:00,2026-03-31T16:45:00+00:00,82,1,250,False,True,333,WITHIN_TOLERANCE,NEAR_ATM,2.9900000000000038,2.9900000000000038,31,SCORED_RIGHT_CENSORED,True,250,0.12,0.11,-8.333333333333325,745.4545454545455,-27.27272727272727,472.72727272727275,197,11,-32.25806451612904,0.6341463414634146,675.0000000000001,-33.33333333333333,False
AMC15X-067,O:AMC260417P00001000,PUT,1.0,2026-04-17,14,0.0,HOLDOUT,ENTRY_FORMING,2026-03-31T17:00:00+00:00,2026-03-31T16:45:00+00:00,122,1,110,False,True,233,WITHIN_TOLERANCE,NEAR_ATM,2.9900000000000038,-2.9900000000000038,17,SCORED_RIGHT_CENSORED,True,110,0.07,0.07,0.0,14.28571428571428,-85.71428571428572,-85.71428571428572,4,34,-87.5,-6.0000000000000036,14.28571428571428,-85.71428571428572,True
AMC15X-067,O:AMC260501P00001000,PUT,1.0,2026-05-01,30,0.0,HOLDOUT,ENTRY_FORMING,2026-03-31T17:00:00+00:00,2026-03-31T16:45:00+00:00,28,0,101,False,False,129,WITHIN_TOLERANCE,NEAR_ATM,2.9900000000000038,-2.9900000000000038,31,UNSCORED_SIGNAL_BAR_ABSENT,,0,,,,,,,,,,,,,
AMC15SUP-046,O:AMC260417C00001000,CALL,1.0,2026-04-17,14,0.0,HOLDOUT,CONTINUATION,2026-04-02T15:15:00+00:00,2026-04-02T15:00:00+00:00,288,1,245,False,True,534,WITHIN_TOLERANCE,NEAR_ATM,3.499999999999992,3.499999999999992,15,SCORED_RIGHT_CENSORED,True,245,0.08,0.08,0.0,1074.9999999999998,0.0,1000.0,233,1,-6.382978723404253,0.9302325581395351,1074.9999999999998,0.0,False
AMC15SUP-046,O:AMC260501C00001000,CALL,1.0,2026-05-01,30,0.0,HOLDOUT,CONTINUATION,2026-04-02T15:15:00+00:00,2026-04-02T15:00:00+00:00,108,1,224,False,True,333,WITHIN_TOLERANCE,NEAR_ATM,3.499999999999992,3.499999999999992,29,SCORED_RIGHT_CENSORED,True,224,0.11,0.11,0.0,745.4545454545455,0.0,472.72727272727275,171,1,-32.25806451612904,0.6341463414634146,745.4545454545455,0.0,False
AMC15SUP-046,O:AMC260417P00001000,PUT,1.0,2026-04-17,14,0.0,HOLDOUT,CONTINUATION,2026-04-02T15:15:00+00:00,2026-04-02T15:00:00+00:00,141,1,91,False,True,233,WITHIN_TOLERANCE,NEAR_ATM,3.499999999999992,-3.499999999999992,15,SCORED_RIGHT_CENSORED,True,91,0.05,0.06,19.999999999999996,0.0,-83.33333333333333,-83.33333333333333,1,15,-83.33333333333333,,19.999999999999996,-80.0,True
AMC15SUP-046,O:AMC260501P00001000,PUT,1.0,2026-05-01,30,0.0,HOLDOUT,CONTINUATION,2026-04-02T15:15:00+00:00,2026-04-02T15:00:00+00:00,35,0,94,False,False,129,WITHIN_TOLERANCE,NEAR_ATM,3.499999999999992,-3.499999999999992,29,UNSCORED_SIGNAL_BAR_ABSENT,,0,,,,,,,,,,,,,
AMC15SUP-047,O:AMC260424C00001500,CALL,1.5,2026-04-24,14,0.0,HOLDOUT,ENTRY_FORMING,2026-04-07T13:45:00+00:00,2026-04-07T13:30:00+00:00,93,1,362,False,True,457,NEAREST_REGULAR_STRIKE,MODERATE,18.10666666666667,-18.10666666666667,17,SCORED_RIGHT_CENSORED,True,363,0.04,0.04,0.0,1074.9999999999998,-25.0,225.0,218,2,-72.34042553191489,0.2093023255813954,1074.9999999999998,-25.0,False
AMC15SUP-047,O:AMC260508C00001500,CALL,1.5,2026-05-08,30,0.0,HOLDOUT,ENTRY_FORMING,2026-04-07T13:45:00+00:00,2026-04-07T13:30:00+00:00,70,1,529,False,True,600,NEAREST_REGULAR_STRIKE,MODERATE,18.10666666666667,-18.10666666666667,31,SCORED_RIGHT_CENSORED,True,529,0.06,0.08,33.33333333333335,562.5,-87.5,-87.5,165,519,-98.11320754716981,-0.15555555555555556,783.3333333333334,-83.33333333333333,True
AMC15SUP-047,O:AMC260424P00001500,PUT,1.5,2026-04-24,14,0.0,HOLDOUT,ENTRY_FORMING,2026-04-07T13:45:00+00:00,2026-04-07T13:30:00+00:00,21,1,222,False,True,244,NEAREST_REGULAR_STRIKE,MODERATE,18.10666666666667,18.10666666666667,17,SCORED_RIGHT_CENSORED,True,222,0.31,0.34,9.677419354838722,0.0,-97.05882352941177,-97.05882352941177,1,107,-97.05882352941177,,9.677419354838722,-96.7741935483871,True
AMC15SUP-047,O:AMC260508P00001500,PUT,1.5,2026-05-08,30,0.0,HOLDOUT,ENTRY_FORMING,2026-04-07T13:45:00+00:00,2026-04-07T13:30:00+00:00,1,0,399,False,False,400,NEAREST_REGULAR_STRIKE,MODERATE,18.10666666666667,18.10666666666667,31,UNSCORED_SIGNAL_BAR_ABSENT,,0,,,,,,,,,,,,,
AMC15X-068,O:AMC260424C00001500,CALL,1.5,2026-04-24,14,0.0,HOLDOUT,RISK_OR_EXHAUSTION,2026-04-08T14:00:00+00:00,2026-04-08T13:45:00+00:00,120,1,335,False,True,457,NEAREST_REGULAR_STRIKE,MODERATE,11.179999999999996,-11.179999999999996,16,SCORED_RIGHT_CENSORED,True,336,0.07,0.06,-14.285714285714302,683.3333333333333,-33.33333333333333,116.6666666666667,191,76,-72.34042553191489,0.17073170731707324,571.4285714285713,-42.85714285714286,False
AMC15X-068,O:AMC260508C00001500,CALL,1.5,2026-05-08,30,0.0,HOLDOUT,RISK_OR_EXHAUSTION,2026-04-08T14:00:00+00:00,2026-04-08T13:45:00+00:00,90,1,509,False,True,600,NEAREST_REGULAR_STRIKE,MODERATE,11.179999999999996,-11.179999999999996,30,SCORED_RIGHT_CENSORED,True,509,0.12,0.12,0.0,341.6666666666667,-91.66666666666666,-91.66666666666666,145,499,-98.11320754716981,-0.26829268292682923,341.6666666666667,-91.66666666666666,True
AMC15X-068,O:AMC260424P00001500,PUT,1.5,2026-04-24,14,0.0,HOLDOUT,RISK_OR_EXHAUSTION,2026-04-08T14:00:00+00:00,2026-04-08T13:45:00+00:00,25,0,219,False,False,244,NEAREST_REGULAR_STRIKE,MODERATE,11.179999999999996,11.179999999999996,16,UNSCORED_SIGNAL_BAR_ABSENT,,0,,,,,,,,,,,,,
AMC15X-068,O:AMC260508P00001500,PUT,1.5,2026-05-08,30,0.0,HOLDOUT,RISK_OR_EXHAUSTION,2026-04-08T14:00:00+00:00,2026-04-08T13:45:00+00:00,5,1,394,False,True,400,NEAREST_REGULAR_STRIKE,MODERATE,11.179999999999996,11.179999999999996,30,SCORED_RIGHT_CENSORED,True,394,0.28,0.26,-7.142857142857151,46.153846153846146,-96.15384615384616,-96.15384615384616,5,317,-97.36842105263158,-2.083333333333334,35.7142857142857,-96.42857142857143,True
AMC15SUP-048,O:AMC260424C00001500,CALL,1.5,2026-04-24,14,0.0,HOLDOUT,ENTRY_FORMING,2026-04-08T19:45:00+00:00,2026-04-08T19:30:00+00:00,143,1,312,False,True,457,NEAREST_REGULAR_STRIKE,MODERATE,11.66666666666667,-11.66666666666667,16,SCORED_RIGHT_CENSORED,True,313,0.05,0.05,0.0,839.9999999999999,-20.000000000000007,160.0,168,53,-72.34042553191489,0.1904761904761905,839.9999999999999,-20.000000000000007,False
AMC15SUP-048,O:AMC260508C00001500,CALL,1.5,2026-05-08,30,0.0,HOLDOUT,ENTRY_FORMING,2026-04-08T19:45:00+00:00,2026-04-08T19:30:00+00:00,108,1,491,False,True,600,NEAREST_REGULAR_STRIKE,MODERATE,11.66666666666667,-11.66666666666667,30,SCORED_RIGHT_CENSORED,True,491,0.1,0.09,-10.000000000000009,488.8888888888889,-88.88888888888889,-88.88888888888889,127,481,-98.11320754716981,-0.1818181818181818,430.0,-90.0,True
AMC15SUP-048,O:AMC260424P00001500,PUT,1.5,2026-04-24,14,0.0,HOLDOUT,ENTRY_FORMING,2026-04-08T19:45:00+00:00,2026-04-08T19:30:00+00:00,31,0,213,False,False,244,NEAREST_REGULAR_STRIKE,MODERATE,11.66666666666667,11.66666666666667,16,UNSCORED_SIGNAL_BAR_ABSENT,,0,,,,,,,,,,,,,
AMC15SUP-048,O:AMC260508P00001500,PUT,1.5,2026-05-08,30,0.0,HOLDOUT,ENTRY_FORMING,2026-04-08T19:45:00+00:00,2026-04-08T19:30:00+00:00,9,1,390,False,True,400,NEAREST_REGULAR_STRIKE,MODERATE,11.66666666666667,11.66666666666667,30,SCORED_RIGHT_CENSORED,True,390,0.27,0.38,40.74074074074075,0.0,-97.36842105263158,-97.36842105263158,1,313,-97.36842105263158,,40.74074074074075,-96.2962962962963,True
AMC15X-069,O:AMC260501C00001500,CALL,1.5,2026-05-01,14,0.0,HOLDOUT,ENTRY_FORMING,2026-04-14T20:00:00+00:00,2026-04-14T19:45:00+00:00,143,1,330,False,True,474,WITHIN_TOLERANCE,NEAR_ATM,2.42,2.42,17,SCORED_RIGHT_CENSORED,True,330,0.13,0.15,15.384615384615374,226.66666666666666,-93.33333333333333,-93.33333333333333,72,309,-97.95918367346938,-0.4117647058823529,276.9230769230769,-92.3076923076923,True
AMC15X-069,O:AMC260515C00001500,CALL,1.5,2026-05-15,30,0.0,HOLDOUT,ENTRY_FORMING,2026-04-14T20:00:00+00:00,2026-04-14T19:45:00+00:00,146,1,543,False,True,690,WITHIN_TOLERANCE,NEAR_ATM,2.42,2.42,31,SCORED_RIGHT_CENSORED,True,543,0.19,0.22,15.789473684210531,154.5454545454546,-95.45454545454545,-95.45454545454545,60,473,-98.21428571428571,-0.6176470588235292,194.73684210526318,-94.73684210526316,True
AMC15X-069,O:AMC260501P00001500,PUT,1.5,2026-05-01,14,0.0,HOLDOUT,ENTRY_FORMING,2026-04-14T20:00:00+00:00,2026-04-14T19:45:00+00:00,51,1,306,False,True,358,WITHIN_TOLERANCE,NEAR_ATM,2.42,-2.42,17,SCORED_RIGHT_CENSORED,True,306,0.11,0.1,-9.090909090909083,70.0,-90.0,-60.00000000000001,3,183,-76.47058823529412,-0.8571428571428572,54.54545454545456,-90.9090909090909,True
AMC15X-069,O:AMC260515P00001500,PUT,1.5,2026-05-15,30,0.0,HOLDOUT,ENTRY_FORMING,2026-04-14T20:00:00+00:00,2026-04-14T19:45:00+00:00,53,0,419,False,False,472,WITHIN_TOLERANCE,NEAR_ATM,2.42,-2.42,31,UNSCORED_SIGNAL_BAR_ABSENT,,0,,,,,,,,,,,,,
AMC15X-070,O:AMC260501C00001500,CALL,1.5,2026-05-01,14,0.0,HOLDOUT,CONTINUATION,2026-04-15T15:45:00+00:00,2026-04-15T15:30:00+00:00,152,1,321,False,True,474,WITHIN_TOLERANCE,NEAR_ATM,5.3333333333333375,5.3333333333333375,16,SCORED_RIGHT_CENSORED,True,321,0.15,0.16,6.666666666666665,206.25,-93.75,-93.75,63,300,-97.95918367346938,-0.45454545454545453,226.66666666666666,-93.33333333333333,True
AMC15X-070,O:AMC260515C00001500,CALL,1.5,2026-05-15,30,0.0,HOLDOUT,CONTINUATION,2026-04-15T15:45:00+00:00,2026-04-15T15:30:00+00:00,155,1,534,False,True,690,WITHIN_TOLERANCE,NEAR_ATM,5.3333333333333375,5.3333333333333375,30,SCORED_RIGHT_CENSORED,True,534,0.22,0.22,0.0,154.5454545454546,-95.45454545454545,-95.45454545454545,51,464,-98.21428571428571,-0.6176470588235292,154.5454545454546,-95.45454545454545,True
AMC15X-070,O:AMC260501P00001500,PUT,1.5,2026-05-01,14,0.0,HOLDOUT,CONTINUATION,2026-04-15T15:45:00+00:00,2026-04-15T15:30:00+00:00,60,1,297,False,True,358,WITHIN_TOLERANCE,NEAR_ATM,5.3333333333333375,-5.3333333333333375,16,SCORED_RIGHT_CENSORED,True,297,0.09,0.08,-11.111111111111105,25.0,-87.5,-50.0,28,174,-60.00000000000001,-2.0,11.111111111111116,-88.88888888888889,True
AMC15X-070,O:AMC260515P00001500,PUT,1.5,2026-05-15,30,0.0,HOLDOUT,CONTINUATION,2026-04-15T15:45:00+00:00,2026-04-15T15:30:00+00:00,56,1,415,False,True,472,WITHIN_TOLERANCE,NEAR_ATM,5.3333333333333375,-5.3333333333333375,30,SCORED_RIGHT_CENSORED,True,415,0.15,0.14,-6.666666666666654,71.4285714285714,-78.57142857142858,57.14285714285714,392,246,-8.333333333333325,0.8000000000000003,60.00000000000001,-80.0,False
AMC15SUP-049,O:AMC260501C00001500,CALL,1.5,2026-05-01,14,0.0,HOLDOUT,CONTINUATION,2026-04-15T19:30:00+00:00,2026-04-15T19:15:00+00:00,167,1,306,False,True,474,NEAREST_REGULAR_STRIKE,MODERATE,8.000000000000007,8.000000000000007,16,SCORED_RIGHT_CENSORED,True,306,0.17,0.19,11.764705882352944,157.89473684210526,-94.73684210526316,-94.73684210526316,48,285,-97.95918367346938,-0.6000000000000001,188.23529411764702,-94.11764705882352,True
AMC15SUP-049,O:AMC260515C00001500,CALL,1.5,2026-05-15,30,0.0,HOLDOUT,CONTINUATION,2026-04-15T19:30:00+00:00,2026-04-15T19:15:00+00:00,169,1,520,False,True,690,NEAREST_REGULAR_STRIKE,MODERATE,8.000000000000007,8.000000000000007,30,SCORED_RIGHT_CENSORED,True,520,0.25,0.23,-7.9999999999999964,143.47826086956525,-95.65217391304348,-95.65217391304348,37,450,-98.21428571428571,-0.6666666666666665,124.00000000000003,-96.0,True
AMC15SUP-049,O:AMC260501P00001500,PUT,1.5,2026-05-01,14,0.0,HOLDOUT,CONTINUATION,2026-04-15T19:30:00+00:00,2026-04-15T19:15:00+00:00,73,0,285,False,False,358,NEAREST_REGULAR_STRIKE,MODERATE,8.000000000000007,-8.000000000000007,16,UNSCORED_SIGNAL_BAR_ABSENT,,0,,,,,,,,,,,,,
AMC15SUP-049,O:AMC260515P00001500,PUT,1.5,2026-05-15,30,0.0,HOLDOUT,CONTINUATION,2026-04-15T19:30:00+00:00,2026-04-15T19:15:00+00:00,65,1,406,False,True,472,NEAREST_REGULAR_STRIKE,MODERATE,8.000000000000007,-8.000000000000007,30,SCORED_RIGHT_CENSORED,True,406,0.13,0.12,-7.692307692307699,100.0,-75.0,83.33333333333334,383,237,-8.333333333333325,0.8333333333333335,84.6153846153846,-76.92307692307693,False
AMC15SUP-050,O:AMC260501C00002000,CALL,2.0,2026-05-01,14,0.0,HOLDOUT,ENTRY_FORMING,2026-04-20T19:45:00+00:00,2026-04-20T19:30:00+00:00,150,1,207,False,True,358,NEAREST_REGULAR_STRIKE,MODERATE,7.9999999999999964,-7.9999999999999964,11,SCORED_RIGHT_CENSORED,True,207,0.14,0.14,0.0,7.14285714285714,-92.85714285714286,-92.85714285714286,1,127,-93.33333333333333,-13.000000000000007,7.14285714285714,-92.85714285714286,True
AMC15SUP-050,O:AMC260522C00002000,CALL,2.0,2026-05-22,30,0.0,HOLDOUT,ENTRY_FORMING,2026-04-20T19:45:00+00:00,2026-04-20T19:30:00+00:00,102,1,342,False,True,445,NEAREST_REGULAR_STRIKE,MODERATE,7.9999999999999964,-7.9999999999999964,32,SCORED_RIGHT_CENSORED,True,342,0.23,0.24,4.347826086956519,8.333333333333348,-95.83333333333334,-95.83333333333334,2,311,-96.15384615384616,-11.49999999999998,13.043478260869556,-95.65217391304348,True
AMC15SUP-050,O:AMC260501P00002000,PUT,2.0,2026-05-01,14,0.0,HOLDOUT,ENTRY_FORMING,2026-04-20T19:45:00+00:00,2026-04-20T19:30:00+00:00,30,0,106,False,False,136,NEAREST_REGULAR_STRIKE,MODERATE,7.9999999999999964,7.9999999999999964,11,UNSCORED_SIGNAL_BAR_ABSENT,,0,,,,,,,,,,,,,
AMC15SUP-050,O:AMC260522P00002000,PUT,2.0,2026-05-22,30,0.0,HOLDOUT,ENTRY_FORMING,2026-04-20T19:45:00+00:00,2026-04-20T19:30:00+00:00,15,0,50,False,False,65,NEAREST_REGULAR_STRIKE,MODERATE,7.9999999999999964,7.9999999999999964,32,UNSCORED_SIGNAL_BAR_ABSENT,,0,,,,,,,,,,,,,
AMC15X-071,O:AMC260508C00001500,CALL,1.5,2026-05-08,14,0.0,HOLDOUT,THESIS_PRESSURE,2026-04-21T15:30:00+00:00,2026-04-21T15:15:00+00:00,280,0,320,False,False,600,NEAREST_REGULAR_STRIKE,MODERATE,11.999999999999995,11.999999999999995,17,UNSCORED_SIGNAL_BAR_ABSENT,,0,,,,,,,,,,,,,
AMC15X-071,O:AMC260522C00001500,CALL,1.5,2026-05-22,30,0.0,HOLDOUT,THESIS_PRESSURE,2026-04-21T15:30:00+00:00,2026-04-21T15:15:00+00:00,98,1,501,False,True,600,NEAREST_REGULAR_STRIKE,MODERATE,11.999999999999995,11.999999999999995,31,SCORED_RIGHT_CENSORED,True,501,0.32,0.34,6.25,23.529411764705866,-97.05882352941177,-97.05882352941177,10,297,-97.61904761904762,-4.125000000000003,31.25,-96.875,True
AMC15X-071,O:AMC260508P00001500,PUT,1.5,2026-05-08,14,0.0,HOLDOUT,THESIS_PRESSURE,2026-04-21T15:30:00+00:00,2026-04-21T15:15:00+00:00,97,1,302,False,True,400,NEAREST_REGULAR_STRIKE,MODERATE,11.999999999999995,-11.999999999999995,17,SCORED_RIGHT_CENSORED,True,302,0.09,0.09,0.0,77.77777777777779,-88.88888888888889,-88.88888888888889,163,225,-93.75,-1.1428571428571428,77.77777777777779,-88.88888888888889,True
AMC15X-071,O:AMC260522P00001500,PUT,1.5,2026-05-22,30,0.0,HOLDOUT,THESIS_PRESSURE,2026-04-21T15:30:00+00:00,2026-04-21T15:15:00+00:00,42,1,321,False,True,364,NEAREST_REGULAR_STRIKE,MODERATE,11.999999999999995,-11.999999999999995,31,SCORED_RIGHT_CENSORED,True,321,0.11,0.14,27.272727272727295,78.57142857142856,-92.85714285714286,-92.85714285714286,210,177,-96.0,-1.181818181818182,127.2727272727273,-90.9090909090909,False
AMC15SUP-051,O:AMC260508C00002000,CALL,2.0,2026-05-08,14,0.0,HOLDOUT,CONTINUATION,2026-04-21T19:30:00+00:00,2026-04-21T19:15:00+00:00,136,1,324,False,True,462,NEAREST_REGULAR_STRIKE,MODERATE,14.249999999999996,-14.249999999999996,17,SCORED_RIGHT_CENSORED,True,325,0.11,0.12,9.090909090909083,58.33333333333335,-91.66666666666666,-91.66666666666666,4,233,-94.73684210526316,-1.5714285714285707,72.72727272727273,-90.9090909090909,True
AMC15SUP-051,O:AMC260522C00002000,CALL,2.0,2026-05-22,30,0.0,HOLDOUT,CONTINUATION,2026-04-21T19:30:00+00:00,2026-04-21T19:15:00+00:00,124,1,320,False,True,445,NEAREST_REGULAR_STRIKE,MODERATE,14.249999999999996,-14.249999999999996,31,SCORED_RIGHT_CENSORED,True,320,0.17,0.16,-5.882352941176472,56.25,-93.75,-93.75,4,289,-96.0,-1.6666666666666667,47.058823529411754,-94.11764705882352,True
AMC15SUP-051,O:AMC260508P00002000,PUT,2.0,2026-05-08,14,0.0,HOLDOUT,CONTINUATION,2026-04-21T19:30:00+00:00,2026-04-21T19:15:00+00:00,21,0,115,False,False,136,NEAREST_REGULAR_STRIKE,MODERATE,14.249999999999996,14.249999999999996,17,UNSCORED_SIGNAL_BAR_ABSENT,,0,,,,,,,,,,,,,
AMC15SUP-051,O:AMC260522P00002000,PUT,2.0,2026-05-22,30,0.0,HOLDOUT,CONTINUATION,2026-04-21T19:30:00+00:00,2026-04-21T19:15:00+00:00,20,0,45,False,False,65,NEAREST_REGULAR_STRIKE,MODERATE,14.249999999999996,14.249999999999996,31,UNSCORED_SIGNAL_BAR_ABSENT,,0,,,,,,,,,,,,,
AMC15SUP-052,O:AMC260508C00001500,CALL,1.5,2026-05-08,14,0.0,HOLDOUT,ENTRY_FORMING,2026-04-27T20:00:00+00:00,2026-04-27T19:45:00+00:00,378,1,221,False,True,600,NEAREST_REGULAR_STRIKE,MODERATE,9.999999999999993,9.999999999999993,11,SCORED_RIGHT_CENSORED,True,221,0.21,0.24,14.28571428571428,8.333333333333348,-95.83333333333334,-95.83333333333334,144,211,-96.15384615384616,-11.49999999999998,23.809523809523814,-95.23809523809523,True
AMC15SUP-052,O:AMC260529C00001500,CALL,1.5,2026-05-29,30,0.0,HOLDOUT,ENTRY_FORMING,2026-04-27T20:00:00+00:00,2026-04-27T19:45:00+00:00,87,1,531,False,True,620,NEAREST_REGULAR_STRIKE,MODERATE,9.999999999999993,9.999999999999993,32,SCORED_RIGHT_CENSORED,True,532,0.32,0.25,-21.875,19.999999999999996,-92.0,-12.0,118,298,-26.66666666666666,-0.6000000000000001,-6.25,-93.75,True
AMC15SUP-052,O:AMC260508P00001500,PUT,1.5,2026-05-08,14,0.0,HOLDOUT,ENTRY_FORMING,2026-04-27T20:00:00+00:00,2026-04-27T19:45:00+00:00,178,1,221,False,True,400,NEAREST_REGULAR_STRIKE,MODERATE,9.999999999999993,-9.999999999999993,11,SCORED_RIGHT_CENSORED,True,221,0.07,0.07,0.0,128.57142857142856,-85.71428571428572,-85.71428571428572,82,144,-93.75,-0.6666666666666669,128.57142857142856,-85.71428571428572,True
AMC15SUP-052,O:AMC260529P00001500,PUT,1.5,2026-05-29,30,0.0,HOLDOUT,ENTRY_FORMING,2026-04-27T20:00:00+00:00,2026-04-27T19:45:00+00:00,59,0,346,False,False,405,NEAREST_REGULAR_STRIKE,MODERATE,9.999999999999993,-9.999999999999993,32,UNSCORED_SIGNAL_BAR_ABSENT,,0,,,,,,,,,,,,,
AMC15X-072,O:AMC260515C00001500,CALL,1.5,2026-05-15,14,0.0,HOLDOUT,THESIS_PRESSURE,2026-04-29T16:00:00+00:00,2026-04-29T15:45:00+00:00,393,0,297,False,False,690,WITHIN_TOLERANCE,NEAR_ATM,2.0000000000000018,2.0000000000000018,16,UNSCORED_SIGNAL_BAR_ABSENT,,0,,,,,,,,,,,,,
AMC15X-072,O:AMC260529C00001500,CALL,1.5,2026-05-29,30,0.0,HOLDOUT,THESIS_PRESSURE,2026-04-29T16:00:00+00:00,2026-04-29T15:45:00+00:00,112,0,507,False,False,620,WITHIN_TOLERANCE,NEAR_ATM,2.0000000000000018,2.0000000000000018,30,UNSCORED_SIGNAL_BAR_ABSENT,,0,,,,,,,,,,,,,
AMC15X-072,O:AMC260515P00001500,PUT,1.5,2026-05-15,14,0.0,HOLDOUT,THESIS_PRESSURE,2026-04-29T16:00:00+00:00,2026-04-29T15:45:00+00:00,209,1,262,False,True,472,WITHIN_TOLERANCE,NEAR_ATM,2.0000000000000018,-2.0000000000000018,16,SCORED_RIGHT_CENSORED,True,262,0.11,0.12,9.090909090909083,100.0,-75.0,83.33333333333334,239,93,-8.333333333333325,0.8333333333333335,118.18181818181816,-72.72727272727273,False
AMC15X-072,O:AMC260529P00001500,PUT,1.5,2026-05-29,30,0.0,HOLDOUT,THESIS_PRESSURE,2026-04-29T16:00:00+00:00,2026-04-29T15:45:00+00:00,68,0,337,False,False,405,WITHIN_TOLERANCE,NEAR_ATM,2.0000000000000018,-2.0000000000000018,30,UNSCORED_SIGNAL_BAR_ABSENT,,0,,,,,,,,,,,,,
AMC15X-073,O:AMC260515C00001500,CALL,1.5,2026-05-15,14,0.0,HOLDOUT,CONTINUATION,2026-04-29T18:00:00+00:00,2026-04-29T17:45:00+00:00,399,1,290,False,True,690,WITHIN_TOLERANCE,NEAR_ATM,3.9933333333333376,3.9933333333333376,16,SCORED_RIGHT_CENSORED,True,290,0.17,0.17,0.0,70.58823529411762,-94.11764705882352,-94.11764705882352,103,220,-96.55172413793103,-1.3333333333333337,70.58823529411762,-94.11764705882352,True
AMC15X-073,O:AMC260529C00001500,CALL,1.5,2026-05-29,30,0.0,HOLDOUT,CONTINUATION,2026-04-29T18:00:00+00:00,2026-04-29T17:45:00+00:00,115,0,504,False,False,620,WITHIN_TOLERANCE,NEAR_ATM,3.9933333333333376,3.9933333333333376,30,UNSCORED_SIGNAL_BAR_ABSENT,,0,,,,,,,,,,,,,
AMC15X-073,O:AMC260515P00001500,PUT,1.5,2026-05-15,14,0.0,HOLDOUT,CONTINUATION,2026-04-29T18:00:00+00:00,2026-04-29T17:45:00+00:00,213,0,259,False,False,472,WITHIN_TOLERANCE,NEAR_ATM,3.9933333333333376,-3.9933333333333376,16,UNSCORED_SIGNAL_BAR_ABSENT,,0,,,,,,,,,,,,,
AMC15X-073,O:AMC260529P00001500,PUT,1.5,2026-05-29,30,0.0,HOLDOUT,CONTINUATION,2026-04-29T18:00:00+00:00,2026-04-29T17:45:00+00:00,70,1,334,False,True,405,WITHIN_TOLERANCE,NEAR_ATM,3.9933333333333376,-3.9933333333333376,30,SCORED_RIGHT_CENSORED,True,334,0.14,0.14,0.0,78.57142857142856,-92.85714285714286,-92.85714285714286,150,295,-96.0,-1.181818181818182,78.57142857142856,-92.85714285714286,True
AMC15X-074,O:AMC260522C00001500,CALL,1.5,2026-05-22,14,0.0,HOLDOUT,RISK_OR_EXHAUSTION,2026-05-05T19:00:00+00:00,2026-05-05T18:45:00+00:00,276,1,323,False,True,600,NEAREST_REGULAR_STRIKE,MODERATE,7.979999999999994,7.979999999999994,17,SCORED_RIGHT_CENSORED,True,323,0.21,0.2,-4.761904761904756,49.99999999999998,-95.0,-95.0,5,119,-96.66666666666667,-1.9000000000000008,42.85714285714286,-95.23809523809523,True
AMC15X-074,O:AMC260522P00001500,PUT,1.5,2026-05-22,14,0.0,HOLDOUT,RISK_OR_EXHAUSTION,2026-05-05T19:00:00+00:00,2026-05-05T18:45:00+00:00,129,0,235,False,False,364,NEAREST_REGULAR_STRIKE,MODERATE,7.979999999999994,-7.979999999999994,17,UNSCORED_SIGNAL_BAR_ABSENT,,0,,,,,,,,,,,,,
AMC15SUP-053,O:AMC260522C00001500,CALL,1.5,2026-05-22,14,0.0,HOLDOUT,ENTRY_FORMING,2026-05-06T19:30:00+00:00,2026-05-06T19:15:00+00:00,301,0,299,False,False,600,NEAREST_REGULAR_STRIKE,MODERATE,10.333333333333334,10.333333333333334,16,UNSCORED_SIGNAL_BAR_ABSENT,,0,,,,,,,,,,,,,
AMC15SUP-053,O:AMC260522P00001500,PUT,1.5,2026-05-22,14,0.0,HOLDOUT,ENTRY_FORMING,2026-05-06T19:30:00+00:00,2026-05-06T19:15:00+00:00,147,0,217,False,False,364,NEAREST_REGULAR_STRIKE,MODERATE,10.333333333333334,-10.333333333333334,16,UNSCORED_SIGNAL_BAR_ABSENT,,0,,,,,,,,,,,,,
AMC15X-075,O:AMC260529C00001500,CALL,1.5,2026-05-29,14,0.0,HOLDOUT,ENTRY_FORMING,2026-05-14T16:15:00+00:00,2026-05-14T16:00:00+00:00,349,1,269,False,True,620,NEAREST_REGULAR_STRIKE,MODERATE,8.333333333333332,-8.333333333333332,15,SCORED_RIGHT_CENSORED,True,270,0.07,0.06,-14.285714285714302,350.0000000000001,-66.66666666666666,266.6666666666667,261,36,-18.518518518518523,0.7619047619047618,285.7142857142857,-71.42857142857143,False
AMC15X-075,O:AMC260529P00001500,PUT,1.5,2026-05-29,14,0.0,HOLDOUT,ENTRY_FORMING,2026-05-14T16:15:00+00:00,2026-05-14T16:00:00+00:00,203,0,202,False,False,405,NEAREST_REGULAR_STRIKE,MODERATE,8.333333333333332,8.333333333333332,15,UNSCORED_SIGNAL_BAR_ABSENT,,0,,,,,,,,,,,,,
AMC15SUP-054,O:AMC260529C00001500,CALL,1.5,2026-05-29,14,0.0,HOLDOUT,ENTRY_FORMING,2026-05-18T19:15:00+00:00,2026-05-18T19:00:00+00:00,407,1,211,False,True,620,NEAREST_REGULAR_STRIKE,MODERATE,9.666666666666668,-9.666666666666668,11,SCORED_RIGHT_CENSORED,True,212,0.04,0.04,0.0,575.0,-25.0,450.0,203,1,-18.518518518518523,0.782608695652174,575.0,-25.0,False
AMC15SUP-054,O:AMC260618C00001500,CALL,1.5,2026-06-18,30,0.0,HOLDOUT,ENTRY_FORMING,2026-05-18T19:15:00+00:00,2026-05-18T19:00:00+00:00,150,1,442,False,True,594,NEAREST_REGULAR_STRIKE,MODERATE,9.666666666666668,-9.666666666666668,31,SCORED_RIGHT_CENSORED,True,442,0.09,0.09,0.0,788.8888888888889,-11.111111111111105,766.6666666666667,433,1,-2.500000000000002,0.971830985915493,788.8888888888889,-11.111111111111105,False
AMC15SUP-054,O:AMC260529P00001500,PUT,1.5,2026-05-29,14,0.0,HOLDOUT,ENTRY_FORMING,2026-05-18T19:15:00+00:00,2026-05-18T19:00:00+00:00,229,1,175,False,True,405,NEAREST_REGULAR_STRIKE,MODERATE,9.666666666666668,9.666666666666668,11,SCORED_RIGHT_CENSORED,True,175,0.18,0.18,0.0,5.555555555555558,-94.44444444444444,-94.44444444444444,18,136,-94.73684210526316,-16.999999999999993,5.555555555555558,-94.44444444444444,True
AMC15SUP-054,O:AMC260618P00001500,PUT,1.5,2026-06-18,30,0.0,HOLDOUT,ENTRY_FORMING,2026-05-18T19:15:00+00:00,2026-05-18T19:00:00+00:00,90,1,378,False,True,469,NEAREST_REGULAR_STRIKE,MODERATE,9.666666666666668,9.666666666666668,31,SCORED_RIGHT_CENSORED,True,378,0.23,0.21,-8.695652173913048,28.57142857142858,-95.23809523809523,-95.23809523809523,3,254,-96.2962962962963,-3.3333333333333317,17.391304347826097,-95.65217391304348,True
AMC15SUP-055,O:AMC260618C00001500,CALL,1.5,2026-06-18,30,0.0,HOLDOUT,CONTINUATION,2026-05-19T15:00:00+00:00,2026-05-19T14:45:00+00:00,159,1,433,False,True,594,WITHIN_TOLERANCE,NEAR_ATM,6.006666666666671,-6.006666666666671,30,SCORED_RIGHT_CENSORED,True,433,0.11,0.12,9.090909090909083,566.6666666666667,-25.0,550.0000000000001,424,10,-2.500000000000002,0.9705882352941178,627.2727272727274,-18.181818181818187,False
AMC15SUP-055,O:AMC260618P00001500,PUT,1.5,2026-06-18,30,0.0,HOLDOUT,CONTINUATION,2026-05-19T15:00:00+00:00,2026-05-19T14:45:00+00:00,97,1,371,False,True,469,WITHIN_TOLERANCE,NEAR_ATM,6.006666666666671,6.006666666666671,30,SCORED_RIGHT_CENSORED,True,371,0.19,0.19,0.0,21.052631578947366,-94.73684210526316,-94.73684210526316,4,247,-95.65217391304348,-4.500000000000001,21.052631578947366,-94.73684210526316,True
AMC15SUP-056,O:AMC260618C00001500,CALL,1.5,2026-06-18,30,0.0,HOLDOUT,ENTRY_FORMING,2026-05-20T19:45:00+00:00,2026-05-20T19:30:00+00:00,204,1,388,False,True,594,WITHIN_TOLERANCE,NEAR_ATM,2.9999999999999956,2.9999999999999956,29,SCORED_RIGHT_CENSORED,True,388,0.18,0.18,0.0,344.44444444444446,-27.777777777777768,333.33333333333337,379,2,-2.500000000000002,0.967741935483871,344.44444444444446,-27.777777777777768,False
AMC15SUP-056,O:AMC260618P00001500,PUT,1.5,2026-06-18,30,0.0,HOLDOUT,ENTRY_FORMING,2026-05-20T19:45:00+00:00,2026-05-20T19:30:00+00:00,125,1,343,False,True,469,WITHIN_TOLERANCE,NEAR_ATM,2.9999999999999956,-2.9999999999999956,29,SCORED_RIGHT_CENSORED,True,343,0.14,0.13,-7.142857142857151,38.46153846153846,-92.3076923076923,-92.3076923076923,2,219,-94.44444444444444,-2.4,28.57142857142856,-92.85714285714286,True
AMC15X-076,O:AMC260618C00001500,CALL,1.5,2026-06-18,30,0.0,HOLDOUT,ENTRY_FORMING,2026-05-21T20:00:00+00:00,2026-05-21T19:45:00+00:00,231,1,361,False,True,594,WITHIN_TOLERANCE,NEAR_ATM,4.0000000000000036,4.0000000000000036,28,SCORED_RIGHT_CENSORED,True,361,0.18,0.2,11.111111111111116,300.0,-25.00000000000001,290.0,352,53,-2.500000000000002,0.9666666666666667,344.44444444444446,-16.666666666666664,False
AMC15X-076,O:AMC260618P00001500,PUT,1.5,2026-06-18,30,0.0,HOLDOUT,ENTRY_FORMING,2026-05-21T20:00:00+00:00,2026-05-21T19:45:00+00:00,143,0,326,False,False,469,WITHIN_TOLERANCE,NEAR_ATM,4.0000000000000036,-4.0000000000000036,28,UNSCORED_SIGNAL_BAR_ABSENT,,0,,,,,,,,,,,,,
AMC15X-079,O:AMC260618C00002000,CALL,2.0,2026-06-18,14,0.0,HOLDOUT,RISK_OR_EXHAUSTION,2026-06-01T18:15:00+00:00,2026-06-01T18:00:00+00:00,122,1,345,False,True,468,WITHIN_TOLERANCE,NEAR_ATM,1.2699999999999934,1.2699999999999934,17,SCORED_RIGHT_CENSORED,True,345,0.25,0.24,-4.0000000000000036,275.00000000000006,-62.5,237.50000000000006,336,34,-9.999999999999998,0.8636363636363636,260.0,-64.0,False
AMC15X-079,O:AMC260618P00002000,PUT,2.0,2026-06-18,14,0.0,HOLDOUT,RISK_OR_EXHAUSTION,2026-06-01T18:15:00+00:00,2026-06-01T18:00:00+00:00,61,1,310,False,True,372,WITHIN_TOLERANCE,NEAR_ATM,1.2699999999999934,-1.2699999999999934,17,SCORED_RIGHT_CENSORED,True,310,0.21,0.2,-4.761904761904756,79.99999999999999,-95.0,-95.0,98,233,-97.22222222222221,-1.1875000000000002,71.42857142857142,-95.23809523809523,True
AMC15SUP-059,O:AMC260618C00002000,CALL,2.0,2026-06-18,14,0.0,HOLDOUT,CONTINUATION,2026-06-02T19:15:00+00:00,2026-06-02T19:00:00+00:00,152,1,315,False,True,468,WITHIN_TOLERANCE,NEAR_ATM,1.1249999999999982,1.1249999999999982,16,SCORED_RIGHT_CENSORED,True,315,0.22,0.22,0.0,309.09090909090907,-59.09090909090909,268.1818181818182,306,4,-9.999999999999998,0.8676470588235295,309.09090909090907,-59.09090909090909,False
AMC15SUP-059,O:AMC260618P00002000,PUT,2.0,2026-06-18,14,0.0,HOLDOUT,CONTINUATION,2026-06-02T19:15:00+00:00,2026-06-02T19:00:00+00:00,91,1,280,False,True,372,WITHIN_TOLERANCE,NEAR_ATM,1.1249999999999982,-1.1249999999999982,16,SCORED_RIGHT_CENSORED,True,280,0.18,0.18,0.0,100.0,-94.44444444444444,-94.44444444444444,68,203,-97.22222222222221,-0.9444444444444444,100.0,-94.44444444444444,True
AMC15SUP-062,O:AMC260717C00002500,CALL,2.5,2026-07-17,30,0.0,HOLDOUT,CONTINUATION,2026-06-16T14:00:00+00:00,2026-06-16T13:45:00+00:00,131,1,362,False,True,494,WITHIN_TOLERANCE,NEAR_ATM,5.8919999999999995,-5.8919999999999995,31,SCORED_RIGHT_CENSORED,True,362,0.26,0.26,0.0,130.76923076923075,-92.3076923076923,-88.46153846153845,77,337,-95.0,-0.6764705882352942,130.76923076923075,-92.3076923076923,True
AMC15SUP-062,O:AMC260717P00002500,PUT,2.5,2026-07-17,30,0.0,HOLDOUT,CONTINUATION,2026-06-16T14:00:00+00:00,2026-06-16T13:45:00+00:00,65,1,267,False,True,333,WITHIN_TOLERANCE,NEAR_ATM,5.8919999999999995,5.8919999999999995,31,SCORED_RIGHT_CENSORED,True,267,0.4,0.4,0.0,117.49999999999999,-62.5,97.50000000000001,265,74,-9.195402298850574,0.8297872340425534,117.49999999999999,-62.5,False
AMC15X-081,O:AMC260717C00002500,CALL,2.5,2026-07-17,30,0.0,HOLDOUT,CONTINUATION,2026-06-16T18:15:00+00:00,2026-06-16T18:00:00+00:00,148,1,345,False,True,494,WITHIN_TOLERANCE,NEAR_ATM,1.4000000000000057,-1.4000000000000057,31,SCORED_RIGHT_CENSORED,True,345,0.3,0.3,0.0,100.0,-93.33333333333333,-90.0,60,320,-95.0,-0.9,100.0,-93.33333333333333,True
AMC15X-081,O:AMC260717P00002500,PUT,2.5,2026-07-17,30,0.0,HOLDOUT,CONTINUATION,2026-06-16T18:15:00+00:00,2026-06-16T18:00:00+00:00,79,1,253,False,True,333,WITHIN_TOLERANCE,NEAR_ATM,1.4000000000000057,1.4000000000000057,31,SCORED_RIGHT_CENSORED,True,253,0.34,0.33,-2.941176470588236,163.63636363636363,-54.54545454545454,139.3939393939394,251,60,-9.195402298850574,0.851851851851852,155.88235294117646,-55.88235294117647,False
AMC15X-082,O:AMC260717C00003000,CALL,3.0,2026-07-17,30,0.0,HOLDOUT,RISK_OR_EXHAUSTION,2026-06-18T15:15:00+00:00,2026-06-18T15:00:00+00:00,136,1,353,False,True,490,WITHIN_TOLERANCE,NEAR_ATM,5.833333333333327,-5.833333333333327,29,SCORED_RIGHT_CENSORED,True,353,0.32,0.32,0.0,18.75,-96.875,-93.75,20,280,-94.73684210526316,-5.0,18.75,-96.875,True
AMC15X-082,O:AMC260717P00003000,PUT,3.0,2026-07-17,30,0.0,HOLDOUT,RISK_OR_EXHAUSTION,2026-06-18T15:15:00+00:00,2026-06-18T15:00:00+00:00,46,1,130,False,True,177,WITHIN_TOLERANCE,NEAR_ATM,5.833333333333327,5.833333333333327,29,SCORED_RIGHT_CENSORED,True,130,0.47,0.49,4.255319148936176,175.51020408163268,-18.36734693877551,130.61224489795916,120,18,-16.29629629629631,0.7441860465116277,187.23404255319153,-14.893617021276583,False
AMC15X-084,O:AMC260717C00002000,CALL,2.0,2026-07-17,14,0.0,HOLDOUT,THESIS_PRESSURE,2026-06-30T16:30:00+00:00,2026-06-30T16:15:00+00:00,141,1,326,False,True,469,WITHIN_TOLERANCE,NEAR_ATM,1.749999999999996,-1.749999999999996,17,SCORED_RIGHT_CENSORED,True,327,0.18,0.19,5.555555555555558,0.0,-94.73684210526316,-94.73684210526316,1,306,-94.73684210526316,,5.555555555555558,-94.44444444444444,True
AMC15X-084,O:AMC260717P00002000,PUT,2.0,2026-07-17,14,0.0,HOLDOUT,THESIS_PRESSURE,2026-06-30T16:30:00+00:00,2026-06-30T16:15:00+00:00,139,1,305,False,True,446,WITHIN_TOLERANCE,NEAR_ATM,1.749999999999996,1.749999999999996,17,SCORED_RIGHT_CENSORED,True,305,0.2,0.2,0.0,109.99999999999997,-85.0,-60.00000000000001,109,255,-80.95238095238095,-0.5454545454545456,109.99999999999997,-85.0,True
AMC15SUP-066,O:AMC260821C00002500,CALL,2.5,2026-08-21,30,0.0,HOLDOUT,CONTINUATION,2026-07-20T13:45:00+00:00,2026-07-20T13:30:00+00:00,125,1,437,False,True,614,NEAREST_REGULAR_STRIKE,MODERATE,7.691999999999996,-7.691999999999996,32,SCORED_RIGHT_CENSORED,True,488,0.24,0.25,4.166666666666674,156.0,-60.0,-19.999999999999996,260,432,-68.75,-0.1282051282051282,166.66666666666669,-58.33333333333333,True
AMC15SUP-066,O:AMC260821P00002500,PUT,2.5,2026-08-21,30,0.0,HOLDOUT,CONTINUATION,2026-07-20T13:45:00+00:00,2026-07-20T13:30:00+00:00,61,1,424,False,True,536,NEAREST_REGULAR_STRIKE,MODERATE,7.691999999999996,7.691999999999996,32,SCORED_RIGHT_CENSORED,True,474,0.44,0.42,-4.545454545454552,28.57142857142858,-83.33333333333333,-83.33333333333333,3,451,-87.03703703703704,-2.9166666666666656,22.72727272727273,-84.09090909090908,True
AMC15SUP-067,O:AMC260821C00002500,CALL,2.5,2026-08-21,30,0.0,HOLDOUT,ENTRY_FORMING,2026-07-22T18:45:00+00:00,2026-07-22T18:30:00+00:00,197,1,365,False,True,614,NEAREST_REGULAR_STRIKE,MODERATE,8.003999999999998,-8.003999999999998,30,SCORED_RIGHT_CENSORED,True,416,0.22,0.22,0.0,190.9090909090909,-54.54545454545454,-9.090909090909083,188,360,-68.75,-0.047619047619047575,190.9090909090909,-54.54545454545454,True
AMC15SUP-067,O:AMC260821P00002500,PUT,2.5,2026-08-21,30,0.0,HOLDOUT,ENTRY_FORMING,2026-07-22T18:45:00+00:00,2026-07-22T18:30:00+00:00,133,1,352,False,True,536,NEAREST_REGULAR_STRIKE,MODERATE,8.003999999999998,8.003999999999998,30,SCORED_RIGHT_CENSORED,True,402,0.44,0.42,-4.545454545454552,23.809523809523814,-83.33333333333333,-83.33333333333333,12,379,-86.53846153846155,-3.499999999999999,18.181818181818187,-84.09090909090908,True
AMC15SUP-068,O:AMC260821C00002500,CALL,2.5,2026-08-21,30,0.0,HOLDOUT,CONTINUATION,2026-07-24T18:00:00+00:00,2026-07-24T17:45:00+00:00,246,1,316,False,True,614,WITHIN_TOLERANCE,NEAR_ATM,7.211999999999996,-7.211999999999996,28,SCORED_RIGHT_CENSORED,True,367,0.21,0.2,-4.761904761904756,219.99999999999997,-50.0,0.0,139,311,-68.75,0.0,204.7619047619048,-52.38095238095237,True
AMC15SUP-068,O:AMC260821P00002500,PUT,2.5,2026-08-21,30,0.0,HOLDOUT,CONTINUATION,2026-07-24T18:00:00+00:00,2026-07-24T17:45:00+00:00,177,1,308,False,True,536,WITHIN_TOLERANCE,NEAR_ATM,7.211999999999996,7.211999999999996,28,SCORED_RIGHT_CENSORED,True,358,0.39,0.39,0.0,5.12820512820511,-82.05128205128204,-82.05128205128204,7,335,-82.92682926829268,-16.000000000000057,5.12820512820511,-82.05128205128204,True
AMC15X-090,O:AMC260821C00002500,CALL,2.5,2026-08-21,14,0.0,HOLDOUT,ENTRY_FORMING,2026-08-07T20:00:00+00:00,2026-08-07T19:45:00+00:00,510,1,52,False,True,614,WITHIN_TOLERANCE,NEAR_ATM,3.200000000000003,3.200000000000003,14,SCORED_RIGHT_CENSORED,True,103,0.22,0.22,0.0,13.636363636363647,-54.54545454545454,-9.090909090909083,81,47,-19.999999999999996,-0.6666666666666655,13.636363636363647,-54.54545454545454,False
AMC15X-090,O:AMC260904C00002500,CALL,2.5,2026-09-04,30,0.0,HOLDOUT,ENTRY_FORMING,2026-08-07T20:00:00+00:00,2026-08-07T19:45:00+00:00,12,1,30,False,True,69,WITHIN_TOLERANCE,NEAR_ATM,3.200000000000003,3.200000000000003,28,SCORED_RIGHT_CENSORED,True,56,0.31,0.19,-38.70967741935484,110.52631578947367,-15.789473684210531,47.36842105263159,31,28,-29.999999999999993,0.4285714285714287,29.03225806451615,-48.38709677419355,False
AMC15X-090,O:AMC260821P00002500,PUT,2.5,2026-08-21,14,0.0,HOLDOUT,ENTRY_FORMING,2026-08-07T20:00:00+00:00,2026-08-07T19:45:00+00:00,436,1,49,False,True,536,WITHIN_TOLERANCE,NEAR_ATM,3.200000000000003,-3.200000000000003,14,SCORED_RIGHT_CENSORED,True,99,0.15,0.09,-40.0,144.44444444444446,-22.22222222222221,-22.22222222222221,7,76,-68.18181818181817,-0.15384615384615374,46.66666666666668,-53.33333333333332,True
AMC15X-090,O:AMC260904P00002500,PUT,2.5,2026-09-04,30,0.0,HOLDOUT,ENTRY_FORMING,2026-08-07T20:00:00+00:00,2026-08-07T19:45:00+00:00,5,0,21,False,False,41,WITHIN_TOLERANCE,NEAR_ATM,3.200000000000003,-3.200000000000003,28,UNSCORED_SIGNAL_BAR_ABSENT,,0,,,,,,,,,,,,,
AMC15X-091,O:AMC260828C00002500,CALL,2.5,2026-08-28,14,0.0,HOLDOUT,CONTINUATION,2026-08-11T14:00:00+00:00,2026-08-11T13:45:00+00:00,30,1,16,False,True,92,WITHIN_TOLERANCE,NEAR_ATM,1.3119999999999976,-1.3119999999999976,17,SCORED_RIGHT_CENSORED,True,61,0.2,0.2,0.0,44.99999999999997,-29.999999999999993,9.999999999999986,43,13,-24.13793103448275,0.22222222222222204,44.99999999999997,-29.999999999999993,False
AMC15X-091,O:AMC260911C00002500,CALL,2.5,2026-09-11,30,0.0,HOLDOUT,CONTINUATION,2026-08-11T14:00:00+00:00,2026-08-11T13:45:00+00:00,21,1,5,False,True,50,WITHIN_TOLERANCE,NEAR_ATM,1.3119999999999976,-1.3119999999999976,31,SCORED_RIGHT_CENSORED,True,28,0.25,0.29,15.999999999999993,20.68965517241379,-27.586206896551722,6.896551724137945,16,3,-11.428571428571422,0.33333333333333404,39.99999999999999,-16.000000000000004,False
AMC15X-091,O:AMC260828P00002500,PUT,2.5,2026-08-28,14,0.0,HOLDOUT,CONTINUATION,2026-08-11T14:00:00+00:00,2026-08-11T13:45:00+00:00,17,0,5,False,False,41,WITHIN_TOLERANCE,NEAR_ATM,1.3119999999999976,1.3119999999999976,17,UNSCORED_SIGNAL_BAR_ABSENT,,0,,,,,,,,,,,,,
AMC15X-091,O:AMC260911P00002500,PUT,2.5,2026-09-11,30,0.0,HOLDOUT,CONTINUATION,2026-08-11T14:00:00+00:00,2026-08-11T13:45:00+00:00,7,0,2,False,False,10,WITHIN_TOLERANCE,NEAR_ATM,1.3119999999999976,1.3119999999999976,31,UNSCORED_SIGNAL_BAR_ABSENT,,0,,,,,,,,,,,,,
AMC15X-092,O:AMC260828C00002500,CALL,2.5,2026-08-28,14,0.0,HOLDOUT,THESIS_PRESSURE,2026-08-11T17:15:00+00:00,2026-08-11T17:00:00+00:00,38,1,8,False,True,92,WITHIN_TOLERANCE,NEAR_ATM,3.200000000000003,-3.200000000000003,17,SCORED_RIGHT_CENSORED,True,53,0.16,0.16,0.0,81.24999999999997,-12.49999999999999,37.5,35,5,-24.13793103448275,0.4615384615384617,81.24999999999997,-12.49999999999999,False
AMC15X-092,O:AMC260911C00002500,CALL,2.5,2026-09-11,30,0.0,HOLDOUT,THESIS_PRESSURE,2026-08-11T17:15:00+00:00,2026-08-11T17:00:00+00:00,26,0,1,False,False,50,WITHIN_TOLERANCE,NEAR_ATM,3.200000000000003,-3.200000000000003,31,UNSCORED_SIGNAL_BAR_ABSENT,,0,,,,,,,,,,,,,
AMC15X-092,O:AMC260828P00002500,PUT,2.5,2026-08-28,14,0.0,HOLDOUT,THESIS_PRESSURE,2026-08-11T17:15:00+00:00,2026-08-11T17:00:00+00:00,18,1,3,False,True,41,WITHIN_TOLERANCE,NEAR_ATM,3.200000000000003,3.200000000000003,17,SCORED_RIGHT_CENSORED,True,22,0.23,0.24,4.347826086956519,8.333333333333348,-58.33333333333333,-54.166666666666664,5,17,-57.692307692307686,-6.4999999999999885,13.043478260869556,-56.52173913043479,True
AMC15X-092,O:AMC260911P00002500,PUT,2.5,2026-09-11,30,0.0,HOLDOUT,THESIS_PRESSURE,2026-08-11T17:15:00+00:00,2026-08-11T17:00:00+00:00,9,0,0,False,False,10,WITHIN_TOLERANCE,NEAR_ATM,3.200000000000003,3.200000000000003,31,UNSCORED_SIGNAL_BAR_ABSENT,,0,,,,,,,,,,,,,
