anchor_id,ticker,contract_type,strike,expiration,dte_target,moneyness_target,partition,event_family,decision_available_utc,signal_bar_open_utc,moneyness_pct,dte,H1__status,H1__censor_reason,H1__complete,H1__observed_bars,H1__cutoff_time_ms,H1__mfe_pct,H1__mae_pct,H1__terminal_return_pct,H1__bars_to_peak,H1__bars_to_trough,H1__peak_to_terminal_giveback_pct,H1__gain_retention,H1__decision_close_mfe_pct,H1__decision_close_mae_pct,D1__status,D1__censor_reason,D1__complete,D1__observed_bars,D1__cutoff_time_ms,D1__mfe_pct,D1__mae_pct,D1__terminal_return_pct,D1__bars_to_peak,D1__bars_to_trough,D1__peak_to_terminal_giveback_pct,D1__gain_retention,D1__decision_close_mfe_pct,D1__decision_close_mae_pct,D3__status,D3__censor_reason,D3__complete,D3__observed_bars,D3__cutoff_time_ms,D3__mfe_pct,D3__mae_pct,D3__terminal_return_pct,D3__bars_to_peak,D3__bars_to_trough,D3__peak_to_terminal_giveback_pct,D3__gain_retention,D3__decision_close_mfe_pct,D3__decision_close_mae_pct,D5__status,D5__censor_reason,D5__complete,D5__observed_bars,D5__cutoff_time_ms,D5__mfe_pct,D5__mae_pct,D5__terminal_return_pct,D5__bars_to_peak,D5__bars_to_trough,D5__peak_to_terminal_giveback_pct,D5__gain_retention,D5__decision_close_mfe_pct,D5__decision_close_mae_pct,D10__status,D10__censor_reason,D10__complete,D10__observed_bars,D10__cutoff_time_ms,D10__mfe_pct,D10__mae_pct,D10__terminal_return_pct,D10__bars_to_peak,D10__bars_to_trough,D10__peak_to_terminal_giveback_pct,D10__gain_retention,D10__decision_close_mfe_pct,D10__decision_close_mae_pct
AMC15SUP-001,O:AMC240920C00005000,CALL,5.0,2024-09-20,14,0.0,DISCOVERY,ENTRY_FORMING,2024-09-09T20:00:00+00:00,2024-09-09T19:45:00+00:00,0.19999999999999576,11,SCORED_WINDOW,,True,4,1725977700000,7.407407407407396,-14.814814814814813,-7.407407407407418,1.0,2.0,-13.793103448275856,-1.000000000000003,7.407407407407396,-14.814814814814813,SCORED_WINDOW,,True,26,1725997500000,7.407407407407396,-22.222222222222232,-7.407407407407418,1.0,12.0,-13.793103448275856,-1.000000000000003,7.407407407407396,-22.222222222222232,SCORED_WINDOW,,True,78,1726170300000,7.407407407407396,-48.14814814814815,-40.74074074074075,1.0,31.0,-44.82758620689654,-5.50000000000001,7.407407407407396,-48.14814814814815,SCORED_WINDOW,,True,130,1726515900000,7.407407407407396,-74.07407407407408,-74.07407407407408,1.0,129.0,-75.86206896551724,-10.000000000000016,7.407407407407396,-74.07407407407408,SCORED_RIGHT_CENSORED,CONTRACT_EXPIRY,False,234,1727120700000,,,,,,,,,
AMC15SUP-001,O:AMC240920P00005000,PUT,5.0,2024-09-20,14,0.0,DISCOVERY,ENTRY_FORMING,2024-09-09T20:00:00+00:00,2024-09-09T19:45:00+00:00,-0.19999999999999576,11,SCORED_WINDOW,,True,4,1725977700000,3.703703703703698,-14.814814814814813,0.0,2.0,1.0,-3.57142857142857,0.0,12.00000000000001,-7.9999999999999964,SCORED_WINDOW,,True,22,1725997500000,18.518518518518512,-14.814814814814813,14.814814814814813,12.0,1.0,-3.125,0.8000000000000002,28.000000000000004,-7.9999999999999964,SCORED_WINDOW,,True,70,1726170300000,55.555555555555536,-29.629629629629626,-14.814814814814813,23.0,63.0,-45.238095238095234,-0.2666666666666667,68.0,-24.0,SCORED_WINDOW,,True,122,1726515900000,55.555555555555536,-44.44444444444445,-22.222222222222232,23.0,97.0,-50.0,-0.4000000000000003,68.0,-40.0,SCORED_RIGHT_CENSORED,CONTRACT_EXPIRY,False,222,1727120700000,,,,,,,,,
AMC15SUP-001,O:AMC241011C00005000,CALL,5.0,2024-10-11,30,0.0,DISCOVERY,ENTRY_FORMING,2024-09-09T20:00:00+00:00,2024-09-09T19:45:00+00:00,0.19999999999999576,32,UNSCORED_SIGNAL_BAR_ABSENT,,False,,1725977700000,,,,,,,,,,UNSCORED_SIGNAL_BAR_ABSENT,,False,,1725997500000,,,,,,,,,,UNSCORED_SIGNAL_BAR_ABSENT,,False,,1726170300000,,,,,,,,,,UNSCORED_SIGNAL_BAR_ABSENT,,False,,1726515900000,,,,,,,,,,UNSCORED_SIGNAL_BAR_ABSENT,,False,,1727120700000,,,,,,,,,
AMC15SUP-001,O:AMC241011P00005000,PUT,5.0,2024-10-11,30,0.0,DISCOVERY,ENTRY_FORMING,2024-09-09T20:00:00+00:00,2024-09-09T19:45:00+00:00,-0.19999999999999576,32,UNSCORED_SIGNAL_BAR_ABSENT,,False,,1725977700000,,,,,,,,,,UNSCORED_SIGNAL_BAR_ABSENT,,False,,1725997500000,,,,,,,,,,UNSCORED_SIGNAL_BAR_ABSENT,,False,,1726170300000,,,,,,,,,,UNSCORED_SIGNAL_BAR_ABSENT,,False,,1726515900000,,,,,,,,,,UNSCORED_SIGNAL_BAR_ABSENT,,False,,1727120700000,,,,,,,,,
AMC15SUP-002,O:AMC240927C00005000,CALL,5.0,2024-09-27,14,0.0,DISCOVERY,CONTINUATION,2024-09-10T19:45:00+00:00,2024-09-10T19:30:00+00:00,-1.5719999999999956,17,SCORED_WINDOW,,True,4,1726063200000,14.28571428571428,-25.00000000000001,-14.285714285714302,1.0,2.0,-25.0,-1.0000000000000016,14.28571428571428,-25.00000000000001,SCORED_WINDOW,,True,22,1726083000000,14.28571428571428,-25.00000000000001,-3.57142857142857,1.0,2.0,-15.625,-0.25,14.28571428571428,-25.00000000000001,SCORED_WINDOW,,True,73,1726255800000,17.85714285714286,-25.00000000000001,-17.85714285714286,67.0,2.0,-30.303030303030297,-1.0,17.85714285714286,-25.00000000000001,SCORED_WINDOW,,True,125,1726601400000,17.85714285714286,-50.0,-46.42857142857143,67.0,116.0,-54.54545454545454,-2.5999999999999996,17.85714285714286,-50.0,SCORED_WINDOW,,True,255,1727206200000,17.85714285714286,-89.28571428571429,-85.71428571428572,67.0,238.0,-87.87878787878788,-4.799999999999999,17.85714285714286,-89.28571428571429
AMC15SUP-002,O:AMC240927P00005000,PUT,5.0,2024-09-27,14,0.0,DISCOVERY,CONTINUATION,2024-09-10T19:45:00+00:00,2024-09-10T19:30:00+00:00,1.5719999999999956,17,SCORED_WINDOW,,True,3,1726063200000,27.027027027027017,0.0,16.216216216216207,2.0,1.0,-8.510638297872342,0.5999999999999999,27.027027027027017,0.0,SCORED_WINDOW,,True,10,1726083000000,27.027027027027017,-8.108108108108103,-8.108108108108103,2.0,10.0,-27.6595744680851,-0.29999999999999993,27.027027027027017,-8.108108108108103,SCORED_WINDOW,,True,46,1726255800000,27.027027027027017,-32.432432432432435,-21.62162162162162,2.0,27.0,-38.297872340425535,-0.8000000000000003,27.027027027027017,-32.432432432432435,SCORED_WINDOW,,True,82,1726601400000,27.027027027027017,-37.83783783783784,-18.918918918918926,2.0,60.0,-36.170212765957444,-0.7000000000000005,27.027027027027017,-37.83783783783784,SCORED_WINDOW,,True,194,1727206200000,40.54054054054055,-37.83783783783784,40.54054054054055,194.0,60.0,0.0,1.0,40.54054054054055,-37.83783783783784
AMC15SUP-002,O:AMC241011C00005000,CALL,5.0,2024-10-11,30,0.0,DISCOVERY,CONTINUATION,2024-09-10T19:45:00+00:00,2024-09-10T19:30:00+00:00,-1.5719999999999956,31,UNSCORED_SIGNAL_BAR_ABSENT,,False,,1726063200000,,,,,,,,,,UNSCORED_SIGNAL_BAR_ABSENT,,False,,1726083000000,,,,,,,,,,UNSCORED_SIGNAL_BAR_ABSENT,,False,,1726255800000,,,,,,,,,,UNSCORED_SIGNAL_BAR_ABSENT,,False,,1726601400000,,,,,,,,,,UNSCORED_SIGNAL_BAR_ABSENT,,False,,1727206200000,,,,,,,,,
AMC15SUP-002,O:AMC241011P00005000,PUT,5.0,2024-10-11,30,0.0,DISCOVERY,CONTINUATION,2024-09-10T19:45:00+00:00,2024-09-10T19:30:00+00:00,1.5719999999999956,31,UNSCORED_SIGNAL_BAR_ABSENT,,False,,1726063200000,,,,,,,,,,UNSCORED_SIGNAL_BAR_ABSENT,,False,,1726083000000,,,,,,,,,,UNSCORED_SIGNAL_BAR_ABSENT,,False,,1726255800000,,,,,,,,,,UNSCORED_SIGNAL_BAR_ABSENT,,False,,1726601400000,,,,,,,,,,UNSCORED_SIGNAL_BAR_ABSENT,,False,,1727206200000,,,,,,,,,
AMC15SUP-003,O:AMC241018C00004500,CALL,4.5,2024-10-18,14,0.0,DISCOVERY,ENTRY_FORMING,2024-10-04T13:45:00+00:00,2024-10-04T13:30:00+00:00,-0.6600000000000013,14,SCORED_WINDOW,,True,4,1728052200000,0.0,-33.33333333333333,-25.0,1.0,3.0,-25.0,,0.0,-33.33333333333333,SCORED_WINDOW,,True,25,1728307800000,0.0,-45.83333333333333,-37.5,1.0,25.0,-37.5,,0.0,-45.83333333333333,SCORED_WINDOW,,True,76,1728480600000,0.0,-87.5,-70.83333333333333,1.0,76.0,-70.83333333333333,,0.0,-87.5,SCORED_WINDOW,,True,128,1728653400000,0.0,-87.5,-70.83333333333333,1.0,76.0,-70.83333333333333,,0.0,-87.5,SCORED_WINDOW,,True,258,1729258200000,0.0,-95.83333333333334,-91.66666666666666,1.0,237.0,-91.66666666666666,,0.0,-95.83333333333334
AMC15SUP-003,O:AMC241018P00004500,PUT,4.5,2024-10-18,14,0.0,DISCOVERY,ENTRY_FORMING,2024-10-04T13:45:00+00:00,2024-10-04T13:30:00+00:00,0.6600000000000013,14,SCORED_WINDOW,,True,3,1728052200000,30.43478260869563,0.0,30.43478260869563,3.0,1.0,0.0,1.0,25.0,-4.1666666666666625,SCORED_WINDOW,,True,15,1728307800000,56.52173913043477,-4.34782608695653,52.17391304347825,15.0,12.0,-2.777777777777779,0.9230769230769231,50.0,-8.333333333333325,SCORED_WINDOW,,True,54,1728480600000,117.39130434782608,-4.34782608695653,104.3478260869565,54.0,12.0,-6.000000000000005,0.8888888888888887,108.33333333333334,-8.333333333333325,SCORED_WINDOW,,True,84,1728653400000,169.56521739130434,-4.34782608695653,47.82608695652175,67.0,12.0,-45.16129032258064,0.2820512820512821,158.33333333333334,-8.333333333333325,SCORED_WINDOW,,True,186,1729258200000,169.56521739130434,-4.34782608695653,4.347826086956519,67.0,12.0,-61.29032258064516,0.025641025641025623,158.33333333333334,-8.333333333333325
AMC15SUP-003,O:AMC241101C00004500,CALL,4.5,2024-11-01,30,0.0,DISCOVERY,ENTRY_FORMING,2024-10-04T13:45:00+00:00,2024-10-04T13:30:00+00:00,-0.6600000000000013,28,SCORED_WINDOW,,True,4,1728052200000,0.0,-23.684210526315795,-18.42105263157895,1.0,2.0,-18.42105263157895,,22.580645161290324,-6.451612903225811,SCORED_WINDOW,,True,14,1728307800000,0.0,-34.210526315789465,-26.315789473684205,1.0,14.0,-26.315789473684205,,22.580645161290324,-19.354838709677413,SCORED_WINDOW,,True,61,1728480600000,0.0,-57.89473684210527,-55.263157894736835,1.0,61.0,-55.263157894736835,,22.580645161290324,-48.38709677419355,SCORED_WINDOW,,True,103,1728653400000,0.0,-57.89473684210527,-47.36842105263158,1.0,61.0,-47.36842105263158,,22.580645161290324,-48.38709677419355,SCORED_WINDOW,,True,212,1729258200000,0.0,-68.42105263157895,-63.1578947368421,1.0,123.0,-63.1578947368421,,22.580645161290324,-61.29032258064516
AMC15SUP-003,O:AMC241101P00004500,PUT,4.5,2024-11-01,30,0.0,DISCOVERY,ENTRY_FORMING,2024-10-04T13:45:00+00:00,2024-10-04T13:30:00+00:00,0.6600000000000013,28,UNSCORED_SIGNAL_BAR_ABSENT,,False,,1728052200000,,,,,,,,,,UNSCORED_SIGNAL_BAR_ABSENT,,False,,1728307800000,,,,,,,,,,UNSCORED_SIGNAL_BAR_ABSENT,,False,,1728480600000,,,,,,,,,,UNSCORED_SIGNAL_BAR_ABSENT,,False,,1728653400000,,,,,,,,,,UNSCORED_SIGNAL_BAR_ABSENT,,False,,1729258200000,,,,,,,,,
AMC15SUP-004,O:AMC241101C00004500,CALL,4.5,2024-11-01,14,0.0,DISCOVERY,CONTINUATION,2024-10-18T16:15:00+00:00,2024-10-18T16:00:00+00:00,-4.177777777777772,14,SCORED_WINDOW,,True,4,1729270800000,6.666666666666665,0.0,0.0,1.0,1.0,-6.25,0.0,0.0,-6.25,SCORED_WINDOW,,True,26,1729526400000,19.999999999999996,-26.66666666666666,-6.666666666666654,16.0,22.0,-22.22222222222221,-0.33333333333333276,12.5,-31.25,SCORED_WINDOW,,True,76,1729699200000,19.999999999999996,-53.33333333333332,-53.33333333333332,16.0,67.0,-61.11111111111111,-2.6666666666666665,12.5,-56.25,SCORED_WINDOW,,True,128,1729872000000,19.999999999999996,-60.0,-19.999999999999996,16.0,80.0,-33.333333333333336,-1.0,12.5,-62.5,SCORED_WINDOW,,True,258,1730476800000,39.99999999999999,-86.66666666666667,-80.0,205.0,254.0,-85.71428571428572,-2.0000000000000004,31.25,-87.5
AMC15SUP-004,O:AMC241101P00004500,PUT,4.5,2024-11-01,14,0.0,DISCOVERY,CONTINUATION,2024-10-18T16:15:00+00:00,2024-10-18T16:00:00+00:00,4.177777777777772,14,SCORED_WINDOW,,True,2,1729270800000,0.0,-2.857142857142847,-2.857142857142847,1.0,2.0,-2.857142857142847,,6.060606060606055,3.0303030303030276,SCORED_WINDOW,,True,14,1729526400000,2.857142857142869,-37.14285714285713,-11.428571428571422,4.0,9.0,-13.888888888888884,-3.999999999999981,9.090909090909083,-33.333333333333336,SCORED_WINDOW,,True,32,1729699200000,2.857142857142869,-37.14285714285713,-14.28571428571428,4.0,9.0,-16.666666666666664,-4.999999999999977,9.090909090909083,-33.333333333333336,SCORED_WINDOW,,True,61,1729872000000,2.857142857142869,-57.14285714285714,-37.14285714285713,4.0,57.0,-38.888888888888886,-12.999999999999941,9.090909090909083,-54.54545454545454,SCORED_WINDOW,,True,180,1730476800000,2.857142857142869,-94.28571428571428,-91.42857142857143,4.0,173.0,-91.66666666666666,-31.999999999999865,9.090909090909083,-93.93939393939394
AMC15SUP-004,O:AMC241115C00004500,CALL,4.5,2024-11-15,30,0.0,DISCOVERY,CONTINUATION,2024-10-18T16:15:00+00:00,2024-10-18T16:00:00+00:00,-4.177777777777772,28,SCORED_WINDOW,,True,4,1729270800000,0.0,-3.0303030303030276,-3.0303030303030276,1.0,1.0,-3.0303030303030276,,0.0,-3.0303030303030276,SCORED_WINDOW,,True,24,1729526400000,9.090909090909083,-12.121212121212132,-9.090909090909093,14.0,20.0,-16.666666666666664,-1.000000000000001,9.090909090909083,-12.121212121212132,SCORED_WINDOW,,True,71,1729699200000,9.090909090909083,-39.39393939393939,-27.27272727272728,14.0,62.0,-33.333333333333336,-3.0000000000000036,9.090909090909083,-39.39393939393939,SCORED_WINDOW,,True,121,1729872000000,9.090909090909083,-39.39393939393939,-12.121212121212132,14.0,62.0,-19.444444444444443,-1.3333333333333357,9.090909090909083,-39.39393939393939,SCORED_WINDOW,,True,242,1730476800000,24.24242424242422,-78.78787878787878,-9.090909090909093,191.0,160.0,-26.82926829268293,-0.37500000000000044,24.24242424242422,-78.78787878787878
AMC15SUP-004,O:AMC241115P00004500,PUT,4.5,2024-11-15,30,0.0,DISCOVERY,CONTINUATION,2024-10-18T16:15:00+00:00,2024-10-18T16:00:00+00:00,4.177777777777772,28,UNSCORED_SIGNAL_BAR_ABSENT,,False,,1729270800000,,,,,,,,,,UNSCORED_SIGNAL_BAR_ABSENT,,False,,1729526400000,,,,,,,,,,UNSCORED_SIGNAL_BAR_ABSENT,,False,,1729699200000,,,,,,,,,,UNSCORED_SIGNAL_BAR_ABSENT,,False,,1729872000000,,,,,,,,,,UNSCORED_SIGNAL_BAR_ABSENT,,False,,1730476800000,,,,,,,,,
AMC15SUP-005,O:AMC241108C00004500,CALL,4.5,2024-11-08,14,0.0,DISCOVERY,ENTRY_FORMING,2024-10-22T19:30:00+00:00,2024-10-22T19:15:00+00:00,-3.7777777777777763,17,SCORED_WINDOW,,True,4,1729691100000,16.666666666666675,0.0,0.0,2.0,1.0,-14.28571428571429,0.0,16.666666666666675,0.0,SCORED_WINDOW,,True,26,1729710900000,16.666666666666675,-16.666666666666664,-11.111111111111105,2.0,21.0,-23.809523809523803,-0.666666666666666,16.666666666666675,-16.666666666666664,SCORED_WINDOW,,True,74,1729883700000,77.77777777777779,-16.666666666666664,22.222222222222232,57.0,21.0,-31.25,0.2857142857142858,77.77777777777779,-16.666666666666664,SCORED_WINDOW,,True,125,1730229300000,77.77777777777779,-16.666666666666664,38.888888888888886,57.0,21.0,-21.875,0.4999999999999999,77.77777777777779,-16.666666666666664,SCORED_WINDOW,,True,254,1730837700000,105.55555555555559,-27.777777777777768,0.0,179.0,231.0,-51.35135135135136,0.0,105.55555555555559,-27.777777777777768
AMC15SUP-005,O:AMC241108P00004500,PUT,4.5,2024-11-08,14,0.0,DISCOVERY,ENTRY_FORMING,2024-10-22T19:30:00+00:00,2024-10-22T19:15:00+00:00,3.7777777777777763,17,UNSCORED_SIGNAL_BAR_ABSENT,,False,,1729691100000,,,,,,,,,,UNSCORED_SIGNAL_BAR_ABSENT,,False,,1729710900000,,,,,,,,,,UNSCORED_SIGNAL_BAR_ABSENT,,False,,1729883700000,,,,,,,,,,UNSCORED_SIGNAL_BAR_ABSENT,,False,,1730229300000,,,,,,,,,,UNSCORED_SIGNAL_BAR_ABSENT,,False,,1730837700000,,,,,,,,,
AMC15SUP-005,O:AMC241122C00004500,CALL,4.5,2024-11-22,30,0.0,DISCOVERY,ENTRY_FORMING,2024-10-22T19:30:00+00:00,2024-10-22T19:15:00+00:00,-3.7777777777777763,31,SCORED_WINDOW,,True,3,1729691100000,0.0,-3.44827586206895,0.0,1.0,2.0,0.0,,0.0,-3.44827586206895,SCORED_WINDOW,,True,14,1729710900000,0.0,-24.13793103448275,-17.24137931034483,1.0,13.0,-17.24137931034483,,0.0,-24.13793103448275,SCORED_WINDOW,,True,44,1729883700000,37.93103448275863,-31.034482758620683,0.0,35.0,38.0,-27.500000000000014,0.0,37.93103448275863,-31.034482758620683,SCORED_WINDOW,,True,73,1730229300000,37.93103448275863,-31.034482758620683,20.68965517241379,35.0,38.0,-12.50000000000001,0.5454545454545452,37.93103448275863,-31.034482758620683,SCORED_WINDOW,,True,145,1730837700000,58.62068965517244,-31.034482758620683,13.793103448275868,85.0,38.0,-28.260869565217394,0.23529411764705882,58.62068965517244,-31.034482758620683
AMC15SUP-005,O:AMC241122P00004500,PUT,4.5,2024-11-22,30,0.0,DISCOVERY,ENTRY_FORMING,2024-10-22T19:30:00+00:00,2024-10-22T19:15:00+00:00,3.7777777777777763,31,SCORED_WINDOW,,True,1,1729691100000,0.0,0.0,0.0,1.0,1.0,0.0,,0.0,0.0,SCORED_WINDOW,,True,5,1729710900000,13.33333333333333,0.0,13.33333333333333,3.0,1.0,0.0,1.0,13.33333333333333,0.0,SCORED_WINDOW,,True,10,1729883700000,13.33333333333333,-11.111111111111105,-6.666666666666677,3.0,8.0,-17.647058823529417,-0.5000000000000009,13.33333333333333,-11.111111111111105,SCORED_WINDOW,,True,12,1730229300000,13.33333333333333,-11.111111111111105,-6.666666666666677,3.0,8.0,-17.647058823529417,-0.5000000000000009,13.33333333333333,-11.111111111111105,SCORED_WINDOW,,True,43,1730837700000,13.33333333333333,-31.11111111111111,-11.111111111111105,3.0,15.0,-21.568627450980394,-0.833333333333333,13.33333333333333,-31.11111111111111
AMC15SUP-006,O:AMC241115C00004500,CALL,4.5,2024-11-15,14,0.0,DISCOVERY,CONTINUATION,2024-11-01T14:00:00+00:00,2024-11-01T13:45:00+00:00,0.0,14,SCORED_WINDOW,,True,4,1730472300000,6.25,-6.25,-3.125,2.0,1.0,-8.823529411764708,-0.5,13.333333333333353,0.0,SCORED_WINDOW,,True,26,1730731500000,6.25,-18.75,-15.625,2.0,25.0,-20.588235294117652,-2.5,13.333333333333353,-13.33333333333333,SCORED_WINDOW,,True,78,1730904300000,6.25,-37.5,-12.49999999999999,2.0,78.0,-17.647058823529406,-1.9999999999999982,13.333333333333353,-33.33333333333333,SCORED_WINDOW,,True,130,1731077100000,59.375,-96.875,-65.625,94.0,103.0,-78.43137254901961,-1.105263157894737,70.00000000000001,-96.66666666666667,SCORED_WINDOW,,True,260,1731681900000,59.375,-96.875,-71.875,94.0,103.0,-82.35294117647058,-1.2105263157894737,70.00000000000001,-96.66666666666667
AMC15SUP-006,O:AMC241115P00004500,PUT,4.5,2024-11-15,14,0.0,DISCOVERY,CONTINUATION,2024-11-01T14:00:00+00:00,2024-11-01T13:45:00+00:00,-0.0,14,SCORED_WINDOW,,True,2,1730472300000,0.0,-6.666666666666654,-6.666666666666654,1.0,2.0,-6.666666666666654,,-6.25,-12.49999999999999,SCORED_WINDOW,,True,13,1730731500000,10.000000000000009,-9.999999999999986,-6.666666666666654,7.0,12.0,-15.151515151515149,-0.6666666666666647,3.125,-15.625,SCORED_WINDOW,,True,51,1730904300000,26.666666666666682,-9.999999999999986,3.3333333333333437,30.0,12.0,-18.42105263157895,0.1250000000000003,18.75,-15.625,SCORED_WINDOW,,True,95,1731077100000,33.33333333333335,-33.33333333333333,16.666666666666675,73.0,73.0,-12.50000000000001,0.5,25.0,-37.5,SCORED_WINDOW,,True,223,1731681900000,39.99999999999999,-96.66666666666667,-90.0,102.0,222.0,-92.85714285714286,-2.2500000000000004,31.25,-96.875
AMC15SUP-006,O:AMC241129C00004500,CALL,4.5,2024-11-29,30,0.0,DISCOVERY,CONTINUATION,2024-11-01T14:00:00+00:00,2024-11-01T13:45:00+00:00,0.0,28,SCORED_WINDOW,,True,3,1730472300000,2.499999999999991,-2.500000000000002,2.499999999999991,3.0,1.0,0.0,1.0,7.8947368421052655,2.6315789473684292,SCORED_WINDOW,,True,15,1730731500000,2.499999999999991,-15.000000000000002,-10.000000000000009,3.0,8.0,-12.195121951219512,-4.000000000000018,7.8947368421052655,-10.526315789473683,SCORED_WINDOW,,True,37,1730904300000,2.499999999999991,-25.00000000000001,-10.000000000000009,3.0,34.0,-12.195121951219512,-4.000000000000018,7.8947368421052655,-21.052631578947366,SCORED_WINDOW,,True,80,1731077100000,49.99999999999998,-50.0,-45.00000000000001,50.0,79.0,-63.33333333333333,-0.9000000000000006,57.89473684210527,-47.36842105263158,SCORED_WINDOW,,True,200,1731681900000,52.49999999999999,-55.00000000000001,-15.000000000000002,158.0,96.0,-44.26229508196721,-0.2857142857142858,60.52631578947367,-52.63157894736843
AMC15SUP-006,O:AMC241129P00004500,PUT,4.5,2024-11-29,30,0.0,DISCOVERY,CONTINUATION,2024-11-01T14:00:00+00:00,2024-11-01T13:45:00+00:00,-0.0,28,UNSCORED_SIGNAL_BAR_ABSENT,,False,,1730472300000,,,,,,,,,,UNSCORED_SIGNAL_BAR_ABSENT,,False,,1730731500000,,,,,,,,,,UNSCORED_SIGNAL_BAR_ABSENT,,False,,1730904300000,,,,,,,,,,UNSCORED_SIGNAL_BAR_ABSENT,,False,,1731077100000,,,,,,,,,,UNSCORED_SIGNAL_BAR_ABSENT,,False,,1731681900000,,,,,,,,,
AMC15SUP-007,O:AMC241129C00004500,CALL,4.5,2024-11-29,14,0.0,DISCOVERY,CONTINUATION,2024-11-14T18:15:00+00:00,2024-11-14T18:00:00+00:00,3.2222222222222126,15,SCORED_WINDOW,,True,3,1731610800000,2.564102564102577,-2.564102564102566,-2.564102564102566,3.0,2.0,-5.000000000000004,-0.9999999999999957,-4.761904761904756,-9.523809523809524,SCORED_WINDOW,,True,23,1731693600000,25.64102564102564,-23.076923076923084,-17.948717948717952,6.0,15.0,-34.6938775510204,-0.7000000000000002,16.666666666666675,-28.57142857142857,SCORED_WINDOW,,True,74,1732039200000,25.64102564102564,-71.7948717948718,-64.1025641025641,6.0,60.0,-71.42857142857142,-2.5,16.666666666666675,-73.80952380952381,SCORED_WINDOW,,True,126,1732212000000,25.64102564102564,-71.7948717948718,-46.15384615384615,6.0,60.0,-57.14285714285714,-1.8,16.666666666666675,-73.80952380952381,SCORED_RIGHT_CENSORED,CONTRACT_EXPIRY,False,255,1733149800000,,,,,,,,,
AMC15SUP-007,O:AMC241129P00004500,PUT,4.5,2024-11-29,14,0.0,DISCOVERY,CONTINUATION,2024-11-14T18:15:00+00:00,2024-11-14T18:00:00+00:00,-3.2222222222222126,15,UNSCORED_SIGNAL_BAR_ABSENT,,False,,1731610800000,,,,,,,,,,UNSCORED_SIGNAL_BAR_ABSENT,,False,,1731693600000,,,,,,,,,,UNSCORED_SIGNAL_BAR_ABSENT,,False,,1732039200000,,,,,,,,,,UNSCORED_SIGNAL_BAR_ABSENT,,False,,1732212000000,,,,,,,,,,UNSCORED_SIGNAL_BAR_ABSENT,CONTRACT_EXPIRY,False,,1733149800000,,,,,,,,,
AMC15SUP-007,O:AMC241213C00004500,CALL,4.5,2024-12-13,30,0.0,DISCOVERY,CONTINUATION,2024-11-14T18:15:00+00:00,2024-11-14T18:00:00+00:00,3.2222222222222126,29,UNSCORED_NO_POST_SIGNAL_PRINT,,False,0,1731610800000,,,,,,,,,,SCORED_WINDOW,,True,12,1731693600000,17.307692307692292,-17.307692307692314,-7.692307692307699,3.0,8.0,-21.311475409836067,-0.4444444444444452,17.307692307692292,-17.307692307692314,SCORED_WINDOW,,True,43,1732039200000,17.307692307692292,-55.769230769230774,-46.153846153846146,3.0,34.0,-54.0983606557377,-2.6666666666666687,17.307692307692292,-55.769230769230774,SCORED_WINDOW,,True,71,1732212000000,17.307692307692292,-55.769230769230774,-26.923076923076927,3.0,34.0,-37.704918032786885,-1.5555555555555571,17.307692307692292,-55.769230769230774,SCORED_WINDOW,,True,162,1733149800000,38.46153846153846,-55.769230769230774,38.46153846153846,162.0,34.0,0.0,1.0,38.46153846153846,-55.769230769230774
AMC15SUP-007,O:AMC241213P00004500,PUT,4.5,2024-12-13,30,0.0,DISCOVERY,CONTINUATION,2024-11-14T18:15:00+00:00,2024-11-14T18:00:00+00:00,-3.2222222222222126,29,UNSCORED_SIGNAL_BAR_ABSENT,,False,,1731610800000,,,,,,,,,,UNSCORED_SIGNAL_BAR_ABSENT,,False,,1731693600000,,,,,,,,,,UNSCORED_SIGNAL_BAR_ABSENT,,False,,1732039200000,,,,,,,,,,UNSCORED_SIGNAL_BAR_ABSENT,,False,,1732212000000,,,,,,,,,,UNSCORED_SIGNAL_BAR_ABSENT,,False,,1733149800000,,,,,,,,,
AMC15SUP-008,O:AMC241206C00004500,CALL,4.5,2024-12-06,14,0.0,DISCOVERY,ENTRY_FORMING,2024-11-20T16:00:00+00:00,2024-11-20T15:45:00+00:00,-2.502222222222213,16,SCORED_WINDOW,,True,4,1732121100000,7.407407407407396,-3.703703703703709,3.703703703703698,1.0,1.0,-3.44827586206895,0.5,7.407407407407396,-3.703703703703709,SCORED_WINDOW,,True,25,1732203900000,48.14814814814814,-7.407407407407418,-3.703703703703709,9.0,22.0,-35.0,-0.07692307692307705,48.14814814814814,-7.407407407407418,SCORED_WINDOW,,True,76,1732549500000,103.70370370370372,-14.814814814814813,62.962962962962955,72.0,67.0,-20.000000000000007,0.607142857142857,103.70370370370372,-14.814814814814813,SCORED_WINDOW,,True,125,1732722300000,129.62962962962962,-14.814814814814813,85.18518518518516,100.0,67.0,-19.354838709677413,0.657142857142857,129.62962962962962,-14.814814814814813,SCORED_WINDOW,,True,253,1733424300000,211.1111111111111,-14.814814814814813,133.33333333333331,253.0,67.0,-25.0,0.631578947368421,211.1111111111111,-14.814814814814813
AMC15SUP-008,O:AMC241206P00004500,PUT,4.5,2024-12-06,14,0.0,DISCOVERY,ENTRY_FORMING,2024-11-20T16:00:00+00:00,2024-11-20T15:45:00+00:00,2.502222222222213,16,UNSCORED_SIGNAL_BAR_ABSENT,,False,,1732121100000,,,,,,,,,,UNSCORED_SIGNAL_BAR_ABSENT,,False,,1732203900000,,,,,,,,,,UNSCORED_SIGNAL_BAR_ABSENT,,False,,1732549500000,,,,,,,,,,UNSCORED_SIGNAL_BAR_ABSENT,,False,,1732722300000,,,,,,,,,,UNSCORED_SIGNAL_BAR_ABSENT,,False,,1733424300000,,,,,,,,,
AMC15SUP-008,O:AMC241220C00004500,CALL,4.5,2024-12-20,30,0.0,DISCOVERY,ENTRY_FORMING,2024-11-20T16:00:00+00:00,2024-11-20T15:45:00+00:00,-2.502222222222213,30,SCORED_WINDOW,,True,4,1732121100000,5.263157894736836,-2.631578947368418,2.6315789473684292,3.0,2.0,-2.500000000000002,0.5000000000000021,0.0,-7.500000000000007,SCORED_WINDOW,,True,25,1732203900000,28.947368421052634,-18.42105263157895,2.6315789473684292,9.0,22.0,-20.408163265306122,0.09090909090909119,22.499999999999986,-22.500000000000007,SCORED_WINDOW,,True,75,1732549500000,71.05263157894737,-18.42105263157895,52.63157894736841,71.0,22.0,-10.769230769230775,0.7407407407407406,62.5,-22.500000000000007,SCORED_WINDOW,,True,122,1732722300000,89.4736842105263,-18.42105263157895,73.6842105263158,118.0,22.0,-8.333333333333325,0.8235294117647061,79.99999999999999,-22.500000000000007,SCORED_WINDOW,,True,228,1733424300000,152.6315789473684,-18.42105263157895,100.0,228.0,22.0,-20.833333333333325,0.6551724137931035,140.0,-22.500000000000007
AMC15SUP-008,O:AMC241220P00004500,PUT,4.5,2024-12-20,30,0.0,DISCOVERY,ENTRY_FORMING,2024-11-20T16:00:00+00:00,2024-11-20T15:45:00+00:00,2.502222222222213,30,SCORED_WINDOW,,True,1,1732121100000,2.2222222222222143,0.0,2.2222222222222143,1.0,1.0,0.0,1.0,0.0,-2.1739130434782594,SCORED_WINDOW,,True,17,1732203900000,13.33333333333333,-11.111111111111105,0.0,9.0,4.0,-11.764705882352944,0.0,10.869565217391308,-13.043478260869568,SCORED_WINDOW,,True,46,1732549500000,13.33333333333333,-60.00000000000001,-53.33333333333334,9.0,42.0,-58.82352941176471,-4.000000000000002,10.869565217391308,-60.86956521739131,SCORED_WINDOW,,True,93,1732722300000,13.33333333333333,-60.00000000000001,-51.11111111111111,9.0,42.0,-56.86274509803921,-3.833333333333334,10.869565217391308,-60.86956521739131,SCORED_WINDOW,,True,189,1733424300000,13.33333333333333,-86.66666666666667,-75.55555555555556,9.0,171.0,-78.43137254901961,-5.666666666666668,10.869565217391308,-86.95652173913044
AMC15SUP-009,O:AMC241213C00005000,CALL,5.0,2024-12-13,14,0.0,DISCOVERY,CONTINUATION,2024-11-27T19:45:00+00:00,2024-11-27T19:30:00+00:00,-2.002000000000006,16,SCORED_WINDOW,,True,4,1732739400000,22.580645161290324,0.0,22.580645161290324,4.0,1.0,0.0,1.0,22.580645161290324,0.0,SCORED_WINDOW,,True,26,1733155200000,41.93548387096775,-16.129032258064512,-16.129032258064512,6.0,26.0,-40.90909090909091,-0.38461538461538447,41.93548387096775,-16.129032258064512,SCORED_WINDOW,,True,77,1733328000000,41.93548387096775,-54.83870967741935,-51.61290322580645,6.0,71.0,-65.90909090909092,-1.2307692307692304,41.93548387096775,-54.83870967741935,SCORED_WINDOW,,True,129,1733500800000,132.258064516129,-64.51612903225806,-54.83870967741935,117.0,101.0,-80.55555555555556,-0.4146341463414635,132.258064516129,-64.51612903225806,SCORED_WINDOW,,True,259,1734105600000,132.258064516129,-96.7741935483871,-96.7741935483871,117.0,236.0,-98.61111111111111,-0.7317073170731709,132.258064516129,-96.7741935483871
AMC15SUP-009,O:AMC241213P00005000,PUT,5.0,2024-12-13,14,0.0,DISCOVERY,CONTINUATION,2024-11-27T19:45:00+00:00,2024-11-27T19:30:00+00:00,2.002000000000006,16,UNSCORED_SIGNAL_BAR_ABSENT,,False,,1732739400000,,,,,,,,,,UNSCORED_SIGNAL_BAR_ABSENT,,False,,1733155200000,,,,,,,,,,UNSCORED_SIGNAL_BAR_ABSENT,,False,,1733328000000,,,,,,,,,,UNSCORED_SIGNAL_BAR_ABSENT,,False,,1733500800000,,,,,,,,,,UNSCORED_SIGNAL_BAR_ABSENT,,False,,1734105600000,,,,,,,,,
AMC15SUP-009,O:AMC241227C00005000,CALL,5.0,2024-12-27,30,0.0,DISCOVERY,CONTINUATION,2024-11-27T19:45:00+00:00,2024-11-27T19:30:00+00:00,-2.002000000000006,30,SCORED_WINDOW,,True,4,1732739400000,13.953488372093027,-6.976744186046502,13.953488372093027,4.0,3.0,0.0,1.0,11.363636363636353,-9.090909090909083,SCORED_WINDOW,,True,24,1733155200000,30.232558139534895,-6.976744186046502,2.3255813953488413,6.0,3.0,-21.42857142857143,0.07692307692307704,27.272727272727295,-9.090909090909083,SCORED_WINDOW,,True,68,1733328000000,30.232558139534895,-39.534883720930225,-39.534883720930225,6.0,41.0,-53.571428571428584,-1.307692307692307,27.272727272727295,-40.90909090909091,SCORED_WINDOW,,True,115,1733500800000,88.37209302325584,-48.837209302325576,-37.2093023255814,103.0,109.0,-66.66666666666667,-0.42105263157894723,84.09090909090911,-50.0,SCORED_WINDOW,,True,240,1734105600000,88.37209302325584,-83.72093023255813,-83.72093023255813,103.0,238.0,-91.35802469135803,-0.9473684210526312,84.09090909090911,-84.09090909090908
AMC15SUP-009,O:AMC241227P00005000,PUT,5.0,2024-12-27,30,0.0,DISCOVERY,CONTINUATION,2024-11-27T19:45:00+00:00,2024-11-27T19:30:00+00:00,2.002000000000006,30,SCORED_WINDOW,,True,1,1732739400000,0.0,0.0,0.0,1.0,1.0,0.0,,-9.090909090909093,-9.090909090909093,SCORED_WINDOW,,True,13,1733155200000,2.0000000000000018,-36.0,-24.0,2.0,12.0,-25.49019607843137,-11.99999999999999,-7.272727272727275,-41.81818181818182,SCORED_WINDOW,,True,27,1733328000000,2.0000000000000018,-36.0,-18.000000000000004,2.0,12.0,-19.60784313725491,-8.999999999999995,-7.272727272727275,-41.81818181818182,SCORED_WINDOW,,True,52,1733500800000,6.000000000000005,-50.0,-2.0000000000000018,47.0,43.0,-7.547169811320764,-0.3333333333333333,-3.6363636363636376,-54.54545454545454,SCORED_WINDOW,,True,99,1734105600000,80.0,-50.0,80.0,99.0,43.0,0.0,1.0,63.636363636363626,-54.54545454545454
AMC15SUP-010,O:AMC241220C00005000,CALL,5.0,2024-12-20,14,0.0,DISCOVERY,CONTINUATION,2024-12-05T17:30:00+00:00,2024-12-05T17:15:00+00:00,0.9999999999999963,15,SCORED_WINDOW,,True,4,1733422500000,0.0,-18.181818181818176,-15.151515151515149,1.0,4.0,-15.151515151515149,,6.451612903225823,-12.903225806451601,SCORED_WINDOW,,True,26,1733505300000,130.30303030303028,-45.45454545454546,-39.39393939393939,9.0,26.0,-73.6842105263158,-0.3023255813953489,145.16129032258064,-41.93548387096775,SCORED_WINDOW,,True,78,1733850900000,130.30303030303028,-72.72727272727273,-66.66666666666667,9.0,74.0,-85.52631578947368,-0.5116279069767443,145.16129032258064,-70.96774193548387,SCORED_WINDOW,,True,130,1734023700000,130.30303030303028,-78.78787878787878,-72.72727272727273,9.0,119.0,-88.1578947368421,-0.558139534883721,145.16129032258064,-77.41935483870968,SCORED_WINDOW,,True,260,1734628500000,130.30303030303028,-96.96969696969697,-96.96969696969697,9.0,226.0,-98.68421052631578,-0.744186046511628,145.16129032258064,-96.7741935483871
AMC15SUP-010,O:AMC241220P00005000,PUT,5.0,2024-12-20,14,0.0,DISCOVERY,CONTINUATION,2024-12-05T17:30:00+00:00,2024-12-05T17:15:00+00:00,-0.9999999999999963,15,SCORED_WINDOW,,True,4,1733422500000,7.692307692307709,0.0,7.692307692307709,4.0,1.0,0.0,1.0,3.703703703703698,-3.703703703703709,SCORED_WINDOW,,True,26,1733505300000,92.30769230769229,-23.076923076923073,84.6153846153846,22.0,9.0,-4.0000000000000036,0.9166666666666666,85.18518518518516,-25.92592592592593,SCORED_WINDOW,,True,64,1733850900000,180.76923076923075,-23.076923076923073,169.2307692307692,63.0,9.0,-4.109589041095896,0.9361702127659574,170.37037037037032,-25.92592592592593,SCORED_WINDOW,,True,97,1734023700000,188.46153846153845,-23.076923076923073,180.76923076923075,85.0,9.0,-2.6666666666666727,0.9591836734693877,177.77777777777777,-25.92592592592593,SCORED_WINDOW,,True,201,1734628500000,315.3846153846154,-23.076923076923073,284.6153846153846,135.0,9.0,-7.407407407407418,0.9024390243902437,300.0,-25.92592592592593
AMC15SUP-010,O:AMC250103C00005000,CALL,5.0,2025-01-03,30,0.0,DISCOVERY,CONTINUATION,2024-12-05T17:30:00+00:00,2024-12-05T17:15:00+00:00,0.9999999999999963,29,SCORED_WINDOW,,True,3,1733422500000,7.499999999999996,-5.000000000000004,-5.000000000000004,1.0,3.0,-11.627906976744185,-0.6666666666666676,0.0,-11.627906976744185,SCORED_WINDOW,,True,25,1733505300000,114.99999999999999,-27.500000000000014,-25.00000000000001,8.0,25.0,-65.11627906976744,-0.21739130434782622,100.0,-32.55813953488372,SCORED_WINDOW,,True,73,1733850900000,114.99999999999999,-50.0,-47.50000000000001,8.0,71.0,-75.5813953488372,-0.4130434782608697,100.0,-53.48837209302325,SCORED_WINDOW,,True,114,1734023700000,114.99999999999999,-60.00000000000001,-52.5,8.0,104.0,-77.90697674418605,-0.4565217391304348,100.0,-62.7906976744186,SCORED_WINDOW,,True,234,1734628500000,114.99999999999999,-77.5,-70.0,8.0,126.0,-86.04651162790698,-0.6086956521739131,100.0,-79.06976744186048
AMC15SUP-010,O:AMC250103P00005000,PUT,5.0,2025-01-03,30,0.0,DISCOVERY,CONTINUATION,2024-12-05T17:30:00+00:00,2024-12-05T17:15:00+00:00,-0.9999999999999963,29,UNSCORED_SIGNAL_BAR_ABSENT,,False,,1733422500000,,,,,,,,,,UNSCORED_SIGNAL_BAR_ABSENT,,False,,1733505300000,,,,,,,,,,UNSCORED_SIGNAL_BAR_ABSENT,,False,,1733850900000,,,,,,,,,,UNSCORED_SIGNAL_BAR_ABSENT,,False,,1734023700000,,,,,,,,,,UNSCORED_SIGNAL_BAR_ABSENT,,False,,1734628500000,,,,,,,,,
AMC15SUP-011,O:AMC250103C00004000,CALL,4.0,2025-01-03,14,0.0,DISCOVERY,ENTRY_FORMING,2024-12-20T20:45:00+00:00,2024-12-20T20:30:00+00:00,4.62499999999999,14,UNSCORED_SIGNAL_BAR_ABSENT,,False,,1734966000000,,,,,,,,,,UNSCORED_SIGNAL_BAR_ABSENT,,False,,1734985800000,,,,,,,,,,UNSCORED_SIGNAL_BAR_ABSENT,,False,,1735318800000,,,,,,,,,,UNSCORED_SIGNAL_BAR_ABSENT,,False,,1735664400000,,,,,,,,,,UNSCORED_SIGNAL_BAR_ABSENT,CONTRACT_EXPIRY,False,,1736355600000,,,,,,,,,
AMC15SUP-011,O:AMC250103P00004000,PUT,4.0,2025-01-03,14,0.0,DISCOVERY,ENTRY_FORMING,2024-12-20T20:45:00+00:00,2024-12-20T20:30:00+00:00,-4.62499999999999,14,UNSCORED_SIGNAL_BAR_ABSENT,,False,,1734966000000,,,,,,,,,,UNSCORED_SIGNAL_BAR_ABSENT,,False,,1734985800000,,,,,,,,,,UNSCORED_SIGNAL_BAR_ABSENT,,False,,1735318800000,,,,,,,,,,UNSCORED_SIGNAL_BAR_ABSENT,,False,,1735664400000,,,,,,,,,,UNSCORED_SIGNAL_BAR_ABSENT,CONTRACT_EXPIRY,False,,1736355600000,,,,,,,,,
AMC15SUP-011,O:AMC250117C00004000,CALL,4.0,2025-01-17,30,0.0,DISCOVERY,ENTRY_FORMING,2024-12-20T20:45:00+00:00,2024-12-20T20:30:00+00:00,4.62499999999999,28,SCORED_WINDOW,,True,4,1734966000000,6.521739130434767,-10.869565217391308,-8.695652173913048,1.0,3.0,-14.28571428571429,-1.3333333333333373,4.255319148936176,-12.765957446808507,SCORED_WINDOW,,True,20,1734985800000,6.521739130434767,-21.739130434782616,-10.869565217391308,1.0,19.0,-16.326530612244905,-1.6666666666666712,4.255319148936176,-23.404255319148938,SCORED_WINDOW,,True,65,1735318800000,6.521739130434767,-34.782608695652186,-32.608695652173914,1.0,57.0,-36.73469387755102,-5.0000000000000115,4.255319148936176,-36.170212765957444,SCORED_WINDOW,,True,115,1735664400000,6.521739130434767,-65.21739130434783,-50.0,1.0,97.0,-53.06122448979591,-7.666666666666685,4.255319148936176,-65.95744680851064,SCORED_WINDOW,,True,243,1736355600000,6.521739130434767,-71.73913043478262,-60.86956521739131,1.0,234.0,-63.26530612244898,-9.333333333333357,4.255319148936176,-72.34042553191489
AMC15SUP-011,O:AMC250117P00004000,PUT,4.0,2025-01-17,30,0.0,DISCOVERY,ENTRY_FORMING,2024-12-20T20:45:00+00:00,2024-12-20T20:30:00+00:00,-4.62499999999999,28,SCORED_WINDOW,,True,4,1734966000000,7.407407407407396,0.0,7.407407407407396,1.0,1.0,0.0,1.0,7.407407407407396,0.0,SCORED_WINDOW,,True,22,1734985800000,14.814814814814813,-3.703703703703709,-3.703703703703709,5.0,11.0,-16.129032258064512,-0.2500000000000004,14.814814814814813,-3.703703703703709,SCORED_WINDOW,,True,62,1735318800000,14.814814814814813,-33.333333333333336,3.703703703703698,5.0,52.0,-9.677419354838701,0.24999999999999964,14.814814814814813,-33.333333333333336,SCORED_WINDOW,,True,96,1735664400000,40.74074074074075,-59.25925925925925,18.518518518518512,75.0,90.0,-15.789473684210531,0.4545454545454543,40.74074074074075,-59.25925925925925,SCORED_WINDOW,,True,205,1736355600000,40.74074074074075,-62.96296296296296,-33.333333333333336,75.0,182.0,-52.63157894736843,-0.8181818181818181,40.74074074074075,-62.96296296296296
AMC15SUP-012,O:AMC250117C00004000,CALL,4.0,2025-01-17,14,0.0,DISCOVERY,CONTINUATION,2025-01-06T19:30:00+00:00,2025-01-06T19:15:00+00:00,2.0675,11,SCORED_WINDOW,,True,3,1736194500000,12.00000000000001,-7.9999999999999964,-7.9999999999999964,1.0,3.0,-17.85714285714286,-0.6666666666666657,3.703703703703698,-14.814814814814813,SCORED_WINDOW,,True,25,1736277300000,12.00000000000001,-28.000000000000004,-16.000000000000004,1.0,11.0,-25.00000000000001,-1.3333333333333324,3.703703703703698,-33.333333333333336,SCORED_WINDOW,,True,77,1736536500000,12.00000000000001,-68.0,-60.0,1.0,64.0,-64.28571428571428,-4.999999999999996,3.703703703703698,-70.37037037037037,SCORED_WINDOW,,True,129,1736882100000,12.00000000000001,-92.0,-88.0,1.0,116.0,-89.28571428571429,-7.333333333333327,3.703703703703698,-92.5925925925926,SCORED_RIGHT_CENSORED,CONTRACT_EXPIRY,False,213,1737573300000,,,,,,,,,
AMC15SUP-012,O:AMC250117P00004000,PUT,4.0,2025-01-17,14,0.0,DISCOVERY,CONTINUATION,2025-01-06T19:30:00+00:00,2025-01-06T19:15:00+00:00,-2.0675,11,SCORED_WINDOW,,True,4,1736194500000,0.0,-17.647058823529406,0.0,1.0,4.0,0.0,,13.333333333333353,-6.666666666666654,SCORED_WINDOW,,True,25,1736277300000,0.0,-41.17647058823529,-35.29411764705883,1.0,18.0,-35.29411764705883,,13.333333333333353,-33.33333333333333,SCORED_WINDOW,,True,75,1736536500000,111.7647058823529,-41.17647058823529,64.70588235294119,58.0,18.0,-22.22222222222221,0.578947368421053,140.0,-33.33333333333333,SCORED_WINDOW,,True,125,1736882100000,311.7647058823529,-41.17647058823529,311.7647058823529,125.0,18.0,0.0,1.0,366.6666666666667,-33.33333333333333,SCORED_RIGHT_CENSORED,CONTRACT_EXPIRY,False,207,1737573300000,,,,,,,,,
AMC15SUP-012,O:AMC250207C00004000,CALL,4.0,2025-02-07,30,0.0,DISCOVERY,CONTINUATION,2025-01-06T19:30:00+00:00,2025-01-06T19:15:00+00:00,2.0675,32,SCORED_WINDOW,,True,3,1736194500000,0.0,-10.869565217391308,-8.695652173913048,1.0,2.0,-8.695652173913048,,6.976744186046524,-4.651162790697683,SCORED_WINDOW,,True,11,1736277300000,2.1739130434782483,-19.56521739130436,-13.043478260869568,6.0,9.0,-14.893617021276583,-6.0000000000000355,9.302325581395344,-13.953488372093027,SCORED_WINDOW,,True,35,1736536500000,2.1739130434782483,-39.13043478260869,-36.956521739130444,6.0,12.0,-38.297872340425535,-17.000000000000103,9.302325581395344,-34.883720930232556,SCORED_WINDOW,,True,73,1736882100000,2.1739130434782483,-65.21739130434783,-60.86956521739131,6.0,63.0,-61.702127659574465,-28.000000000000163,9.302325581395344,-62.7906976744186,SCORED_WINDOW,,True,183,1737573300000,2.1739130434782483,-76.08695652173914,-73.91304347826086,6.0,179.0,-74.46808510638299,-34.00000000000019,9.302325581395344,-74.4186046511628
AMC15SUP-012,O:AMC250207P00004000,PUT,4.0,2025-02-07,30,0.0,DISCOVERY,CONTINUATION,2025-01-06T19:30:00+00:00,2025-01-06T19:15:00+00:00,-2.0675,32,UNSCORED_SIGNAL_BAR_ABSENT,,False,,1736194500000,,,,,,,,,,UNSCORED_SIGNAL_BAR_ABSENT,,False,,1736277300000,,,,,,,,,,UNSCORED_SIGNAL_BAR_ABSENT,,False,,1736536500000,,,,,,,,,,UNSCORED_SIGNAL_BAR_ABSENT,,False,,1736882100000,,,,,,,,,,UNSCORED_SIGNAL_BAR_ABSENT,,False,,1737573300000,,,,,,,,,
AMC15SUP-013,O:AMC250131C00003500,CALL,3.5,2025-01-31,14,0.0,DISCOVERY,ENTRY_FORMING,2025-01-16T20:00:00+00:00,2025-01-16T19:45:00+00:00,3.9599999999999955,15,SCORED_WINDOW,,True,4,1737060300000,0.0,-2.7027027027027084,-2.7027027027027084,1.0,2.0,-2.7027027027027084,,2.77777777777779,0.0,SCORED_WINDOW,,True,23,1737143100000,21.62162162162162,-18.918918918918926,-13.513513513513509,9.0,22.0,-28.888888888888886,-0.6249999999999998,25.0,-16.666666666666664,SCORED_WINDOW,,True,72,1737575100000,21.62162162162162,-81.08108108108108,-51.35135135135136,9.0,28.0,-60.00000000000001,-2.3750000000000004,25.0,-80.55555555555556,SCORED_WINDOW,,True,124,1737747900000,21.62162162162162,-81.08108108108108,-70.27027027027026,9.0,28.0,-75.55555555555556,-3.2499999999999996,25.0,-80.55555555555556,SCORED_WINDOW,,True,253,1738352700000,21.62162162162162,-97.2972972972973,-97.2972972972973,9.0,200.0,-97.77777777777777,-4.500000000000001,25.0,-97.22222222222221
AMC15SUP-013,O:AMC250131P00003500,PUT,3.5,2025-01-31,14,0.0,DISCOVERY,ENTRY_FORMING,2025-01-16T20:00:00+00:00,2025-01-16T19:45:00+00:00,-3.9599999999999955,15,UNSCORED_SIGNAL_BAR_ABSENT,,False,,1737060300000,,,,,,,,,,UNSCORED_SIGNAL_BAR_ABSENT,,False,,1737143100000,,,,,,,,,,UNSCORED_SIGNAL_BAR_ABSENT,,False,,1737575100000,,,,,,,,,,UNSCORED_SIGNAL_BAR_ABSENT,,False,,1737747900000,,,,,,,,,,UNSCORED_SIGNAL_BAR_ABSENT,,False,,1738352700000,,,,,,,,,
AMC15SUP-013,O:AMC250214C00003500,CALL,3.5,2025-02-14,30,0.0,DISCOVERY,ENTRY_FORMING,2025-01-16T20:00:00+00:00,2025-01-16T19:45:00+00:00,3.9599999999999955,29,UNSCORED_SIGNAL_BAR_ABSENT,,False,,1737060300000,,,,,,,,,,UNSCORED_SIGNAL_BAR_ABSENT,,False,,1737143100000,,,,,,,,,,UNSCORED_SIGNAL_BAR_ABSENT,,False,,1737575100000,,,,,,,,,,UNSCORED_SIGNAL_BAR_ABSENT,,False,,1737747900000,,,,,,,,,,UNSCORED_SIGNAL_BAR_ABSENT,,False,,1738352700000,,,,,,,,,
AMC15SUP-013,O:AMC250214P00003500,PUT,3.5,2025-02-14,30,0.0,DISCOVERY,ENTRY_FORMING,2025-01-16T20:00:00+00:00,2025-01-16T19:45:00+00:00,-3.9599999999999955,29,SCORED_WINDOW,,True,2,1737060300000,8.823529411764696,0.0,8.823529411764696,2.0,1.0,0.0,1.0,5.714285714285716,-2.857142857142847,SCORED_WINDOW,,True,12,1737143100000,20.58823529411764,-11.764705882352954,20.58823529411764,12.0,5.0,0.0,1.0,17.14285714285715,-14.28571428571428,SCORED_WINDOW,,True,33,1737575100000,23.529411764705866,-14.705882352941192,-5.882352941176472,13.0,31.0,-23.809523809523803,-0.2500000000000002,19.999999999999996,-17.14285714285715,SCORED_WINDOW,,True,46,1737747900000,23.529411764705866,-14.705882352941192,-11.764705882352954,13.0,31.0,-28.57142857142857,-0.5000000000000009,19.999999999999996,-17.14285714285715,SCORED_WINDOW,,True,100,1738352700000,41.17647058823528,-17.647058823529406,41.17647058823528,100.0,50.0,0.0,1.0,37.142857142857146,-19.999999999999986
AMC15SUP-014,O:AMC250221C00003000,CALL,3.0,2025-02-21,14,0.0,DISCOVERY,ENTRY_FORMING,2025-02-10T20:30:00+00:00,2025-02-10T20:15:00+00:00,5.3333333333333375,11,SCORED_WINDOW,,True,4,1739285100000,52.0,-7.9999999999999964,43.99999999999999,4.0,2.0,-5.263157894736848,0.846153846153846,52.0,-7.9999999999999964,SCORED_WINDOW,,True,24,1739304900000,100.0,-7.9999999999999964,60.00000000000001,8.0,2.0,-19.999999999999996,0.6000000000000001,100.0,-7.9999999999999964,SCORED_WINDOW,,True,74,1739477700000,131.99999999999997,-7.9999999999999964,76.0,34.0,2.0,-24.13793103448275,0.5757575757575759,131.99999999999997,-7.9999999999999964,SCORED_WINDOW,,True,124,1739909700000,216.0,-7.9999999999999964,175.99999999999997,106.0,2.0,-12.658227848101278,0.8148148148148147,216.0,-7.9999999999999964,SCORED_RIGHT_CENSORED,CONTRACT_EXPIRY,False,183,1740514500000,,,,,,,,,
AMC15SUP-014,O:AMC250221P00003000,PUT,3.0,2025-02-21,14,0.0,DISCOVERY,ENTRY_FORMING,2025-02-10T20:30:00+00:00,2025-02-10T20:15:00+00:00,-5.3333333333333375,11,SCORED_WINDOW,,True,3,1739285100000,14.28571428571428,-28.57142857142857,-14.285714285714302,2.0,3.0,-25.0,-1.0000000000000016,0.0,-37.5,SCORED_WINDOW,,True,22,1739304900000,14.28571428571428,-42.85714285714286,-14.285714285714302,2.0,6.0,-25.0,-1.0000000000000016,0.0,-50.0,SCORED_WINDOW,,True,67,1739477700000,14.28571428571428,-71.42857142857143,-71.42857142857143,2.0,61.0,-75.0,-5.000000000000003,0.0,-75.0,SCORED_WINDOW,,True,107,1739909700000,14.28571428571428,-85.71428571428572,-85.71428571428572,2.0,71.0,-87.5,-6.0000000000000036,0.0,-87.5,SCORED_RIGHT_CENSORED,CONTRACT_EXPIRY,False,133,1740514500000,,,,,,,,,
AMC15SUP-014,O:AMC250314C00003000,CALL,3.0,2025-03-14,30,0.0,DISCOVERY,ENTRY_FORMING,2025-02-10T20:30:00+00:00,2025-02-10T20:15:00+00:00,5.3333333333333375,32,SCORED_WINDOW,,True,4,1739285100000,14.634146341463406,-2.4390243902438935,9.756097560975618,3.0,2.0,-4.255319148936165,0.6666666666666676,17.499999999999982,0.0,SCORED_WINDOW,,True,11,1739304900000,63.41463414634148,-2.4390243902438935,36.585365853658544,6.0,2.0,-16.417910447761187,0.5769230769230769,67.5,0.0,SCORED_WINDOW,,True,29,1739477700000,70.73170731707317,-2.4390243902438935,48.78048780487805,17.0,2.0,-12.857142857142856,0.689655172413793,74.99999999999997,0.0,SCORED_WINDOW,,True,41,1739909700000,100.0,-2.4390243902438935,97.56097560975611,39.0,2.0,-1.2195121951219412,0.9756097560975612,104.99999999999999,0.0,SCORED_WINDOW,,True,71,1740514500000,100.0,-17.07317073170731,7.317073170731714,39.0,57.0,-46.34146341463414,0.07317073170731714,104.99999999999999,-15.000000000000002
AMC15SUP-014,O:AMC250314P00003000,PUT,3.0,2025-03-14,30,0.0,DISCOVERY,ENTRY_FORMING,2025-02-10T20:30:00+00:00,2025-02-10T20:15:00+00:00,-5.3333333333333375,32,UNSCORED_SIGNAL_BAR_ABSENT,,False,,1739285100000,,,,,,,,,,UNSCORED_SIGNAL_BAR_ABSENT,,False,,1739304900000,,,,,,,,,,UNSCORED_SIGNAL_BAR_ABSENT,,False,,1739477700000,,,,,,,,,,UNSCORED_SIGNAL_BAR_ABSENT,,False,,1739909700000,,,,,,,,,,UNSCORED_SIGNAL_BAR_ABSENT,,False,,1740514500000,,,,,,,,,
AMC15SUP-015,O:AMC250228C00003500,CALL,3.5,2025-02-28,14,0.0,DISCOVERY,CONTINUATION,2025-02-12T17:00:00+00:00,2025-02-12T16:45:00+00:00,-1.571428571428576,16,SCORED_WINDOW,,True,4,1739382300000,0.0,-6.666666666666654,0.0,1.0,1.0,0.0,,7.14285714285714,0.0,SCORED_WINDOW,,True,26,1739465100000,16.666666666666675,-23.33333333333333,-16.666666666666664,7.0,22.0,-28.57142857142857,-0.9999999999999993,24.99999999999998,-17.85714285714286,SCORED_WINDOW,,True,77,1739897100000,39.99999999999999,-23.33333333333333,26.666666666666682,70.0,22.0,-9.523809523809524,0.6666666666666672,49.99999999999998,-17.85714285714286,SCORED_WINDOW,,True,127,1740069900000,39.99999999999999,-36.66666666666666,-36.66666666666666,70.0,124.0,-54.761904761904766,-0.9166666666666666,49.99999999999998,-32.14285714285715,SCORED_WINDOW,,True,257,1740674700000,39.99999999999999,-93.33333333333333,-93.33333333333333,70.0,248.0,-95.23809523809523,-2.3333333333333335,49.99999999999998,-92.85714285714286
AMC15SUP-015,O:AMC250228P00003500,PUT,3.5,2025-02-28,14,0.0,DISCOVERY,CONTINUATION,2025-02-12T17:00:00+00:00,2025-02-12T16:45:00+00:00,1.571428571428576,16,UNSCORED_SIGNAL_BAR_ABSENT,,False,,1739382300000,,,,,,,,,,UNSCORED_SIGNAL_BAR_ABSENT,,False,,1739465100000,,,,,,,,,,UNSCORED_SIGNAL_BAR_ABSENT,,False,,1739897100000,,,,,,,,,,UNSCORED_SIGNAL_BAR_ABSENT,,False,,1740069900000,,,,,,,,,,UNSCORED_SIGNAL_BAR_ABSENT,,False,,1740674700000,,,,,,,,,
AMC15SUP-015,O:AMC250314C00003500,CALL,3.5,2025-03-14,30,0.0,DISCOVERY,CONTINUATION,2025-02-12T17:00:00+00:00,2025-02-12T16:45:00+00:00,-1.571428571428576,30,SCORED_WINDOW,,True,2,1739382300000,0.0,-7.500000000000007,-2.500000000000002,1.0,1.0,-2.500000000000002,,8.108108108108114,0.0,SCORED_WINDOW,,True,18,1739465100000,7.499999999999996,-20.000000000000007,-15.000000000000002,3.0,16.0,-20.93023255813953,-2.0000000000000013,16.216216216216207,-13.513513513513509,SCORED_WINDOW,,True,47,1739897100000,25.0,-20.000000000000007,14.999999999999991,43.0,16.0,-7.9999999999999964,0.5999999999999996,35.13513513513513,-13.513513513513509,SCORED_WINDOW,,True,75,1740069900000,25.0,-52.5,-25.00000000000001,43.0,58.0,-40.0,-1.0000000000000004,35.13513513513513,-48.64864864864865,SCORED_WINDOW,,True,167,1740674700000,25.0,-70.0,-62.5,43.0,158.0,-70.0,-2.5,35.13513513513513,-67.56756756756756
AMC15SUP-015,O:AMC250314P00003500,PUT,3.5,2025-03-14,30,0.0,DISCOVERY,CONTINUATION,2025-02-12T17:00:00+00:00,2025-02-12T16:45:00+00:00,1.571428571428576,30,UNSCORED_SIGNAL_BAR_ABSENT,,False,,1739382300000,,,,,,,,,,UNSCORED_SIGNAL_BAR_ABSENT,,False,,1739465100000,,,,,,,,,,UNSCORED_SIGNAL_BAR_ABSENT,,False,,1739897100000,,,,,,,,,,UNSCORED_SIGNAL_BAR_ABSENT,,False,,1740069900000,,,,,,,,,,UNSCORED_SIGNAL_BAR_ABSENT,,False,,1740674700000,,,,,,,,,
AMC15SUP-016,O:AMC250314C00003500,CALL,3.5,2025-03-14,14,0.0,DISCOVERY,CONTINUATION,2025-02-27T15:15:00+00:00,2025-02-27T15:00:00+00:00,-4.571428571428576,15,SCORED_WINDOW,,True,4,1740672000000,0.0,-21.052631578947366,-21.052631578947366,1.0,2.0,-21.052631578947366,,18.75,-6.25,SCORED_WINDOW,,True,25,1740754800000,0.0,-42.10526315789473,-31.57894736842105,1.0,23.0,-31.57894736842105,,18.75,-31.25,SCORED_WINDOW,,True,76,1741100400000,0.0,-73.6842105263158,-63.1578947368421,1.0,74.0,-63.1578947368421,,18.75,-68.75,SCORED_WINDOW,,True,128,1741273200000,0.0,-84.21052631578947,-73.6842105263158,1.0,126.0,-73.6842105263158,,18.75,-81.25,SCORED_WINDOW,,True,256,1741874400000,0.0,-94.73684210526316,-94.73684210526316,1.0,178.0,-94.73684210526316,,18.75,-93.75
AMC15SUP-016,O:AMC250314P00003500,PUT,3.5,2025-03-14,14,0.0,DISCOVERY,CONTINUATION,2025-02-27T15:15:00+00:00,2025-02-27T15:00:00+00:00,4.571428571428576,15,UNSCORED_SIGNAL_BAR_ABSENT,,False,,1740672000000,,,,,,,,,,UNSCORED_SIGNAL_BAR_ABSENT,,False,,1740754800000,,,,,,,,,,UNSCORED_SIGNAL_BAR_ABSENT,,False,,1741100400000,,,,,,,,,,UNSCORED_SIGNAL_BAR_ABSENT,,False,,1741273200000,,,,,,,,,,UNSCORED_SIGNAL_BAR_ABSENT,,False,,1741874400000,,,,,,,,,
AMC15SUP-016,O:AMC250328C00003500,CALL,3.5,2025-03-28,30,0.0,DISCOVERY,CONTINUATION,2025-02-27T15:15:00+00:00,2025-02-27T15:00:00+00:00,-4.571428571428576,29,SCORED_WINDOW,,True,3,1740672000000,12.00000000000001,-12.0,-4.0000000000000036,1.0,2.0,-14.285714285714302,-0.3333333333333333,33.33333333333335,4.761904761904767,SCORED_WINDOW,,True,16,1740754800000,12.00000000000001,-31.999999999999996,-16.000000000000004,1.0,14.0,-25.00000000000001,-1.3333333333333324,33.33333333333335,-19.047619047619037,SCORED_WINDOW,,True,60,1741100400000,12.00000000000001,-52.0,-43.99999999999999,1.0,58.0,-50.0,-3.666666666666663,33.33333333333335,-42.85714285714286,SCORED_WINDOW,,True,100,1741273200000,12.00000000000001,-60.0,-48.0,1.0,98.0,-53.571428571428584,-3.9999999999999964,33.33333333333335,-52.38095238095237,SCORED_WINDOW,,True,215,1741874400000,12.00000000000001,-80.0,-76.0,1.0,190.0,-78.57142857142858,-6.333333333333328,33.33333333333335,-76.19047619047619
AMC15SUP-016,O:AMC250328P00003500,PUT,3.5,2025-03-28,30,0.0,DISCOVERY,CONTINUATION,2025-02-27T15:15:00+00:00,2025-02-27T15:00:00+00:00,4.571428571428576,29,UNSCORED_NO_POST_SIGNAL_PRINT,,False,0,1740672000000,,,,,,,,,,SCORED_WINDOW,,True,7,1740754800000,21.052631578947366,0.0,18.421052631578938,6.0,1.0,-2.1739130434782594,0.8749999999999997,14.999999999999991,-5.000000000000004,SCORED_WINDOW,,True,25,1741100400000,63.1578947368421,-7.8947368421052655,63.1578947368421,25.0,16.0,0.0,1.0,54.999999999999986,-12.50000000000001,SCORED_WINDOW,,True,32,1741273200000,63.1578947368421,-7.8947368421052655,49.99999999999998,25.0,16.0,-8.064516129032262,0.7916666666666664,54.999999999999986,-12.50000000000001,SCORED_WINDOW,,True,55,1741874400000,63.1578947368421,-7.8947368421052655,57.89473684210527,25.0,16.0,-3.2258064516129115,0.9166666666666667,54.999999999999986,-12.50000000000001
AMC15SUP-017,O:AMC250321C00003000,CALL,3.0,2025-03-21,14,0.0,DISCOVERY,ENTRY_FORMING,2025-03-07T15:00:00+00:00,2025-03-07T14:45:00+00:00,1.3333333333333344,14,SCORED_WINDOW,,True,4,1741362300000,11.111111111111116,0.0,11.111111111111116,1.0,1.0,0.0,1.0,0.0,-10.000000000000009,SCORED_WINDOW,,True,24,1741614300000,11.111111111111116,-11.111111111111105,11.111111111111116,1.0,10.0,0.0,1.0,0.0,-20.000000000000007,SCORED_WINDOW,,True,70,1741787100000,11.111111111111116,-44.44444444444444,-27.777777777777768,1.0,69.0,-35.0,-2.4999999999999982,0.0,-50.0,SCORED_WINDOW,,True,122,1741959900000,11.111111111111116,-72.22222222222221,-50.0,1.0,121.0,-55.00000000000001,-4.499999999999998,0.0,-75.0,SCORED_WINDOW,,True,252,1742564700000,11.111111111111116,-88.88888888888889,-77.77777777777779,1.0,251.0,-80.0,-6.999999999999997,0.0,-90.0
AMC15SUP-017,O:AMC250321P00003000,PUT,3.0,2025-03-21,14,0.0,DISCOVERY,ENTRY_FORMING,2025-03-07T15:00:00+00:00,2025-03-07T14:45:00+00:00,-1.3333333333333344,14,SCORED_WINDOW,,True,3,1741362300000,6.666666666666665,0.0,0.0,1.0,1.0,-6.25,0.0,14.28571428571428,7.14285714285714,SCORED_WINDOW,,True,17,1741614300000,13.333333333333353,-26.66666666666666,-26.66666666666666,16.0,17.0,-35.29411764705883,-1.9999999999999964,21.42857142857142,-21.42857142857143,SCORED_WINDOW,,True,65,1741787100000,39.99999999999999,-33.33333333333333,0.0,55.0,26.0,-28.57142857142857,0.0,49.99999999999998,-28.57142857142857,SCORED_WINDOW,,True,110,1741959900000,60.00000000000001,-33.33333333333333,13.333333333333353,108.0,26.0,-29.166666666666664,0.22222222222222254,71.4285714285714,-28.57142857142857,SCORED_WINDOW,,True,235,1742564700000,86.66666666666669,-86.66666666666667,-80.0,134.0,209.0,-89.28571428571429,-0.9230769230769229,100.0,-85.71428571428572
AMC15SUP-017,O:AMC250404C00003000,CALL,3.0,2025-04-04,30,0.0,DISCOVERY,ENTRY_FORMING,2025-03-07T15:00:00+00:00,2025-03-07T14:45:00+00:00,1.3333333333333344,28,UNSCORED_SIGNAL_BAR_ABSENT,,False,,1741362300000,,,,,,,,,,UNSCORED_SIGNAL_BAR_ABSENT,,False,,1741614300000,,,,,,,,,,UNSCORED_SIGNAL_BAR_ABSENT,,False,,1741787100000,,,,,,,,,,UNSCORED_SIGNAL_BAR_ABSENT,,False,,1741959900000,,,,,,,,,,UNSCORED_SIGNAL_BAR_ABSENT,,False,,1742564700000,,,,,,,,,
AMC15SUP-017,O:AMC250404P00003000,PUT,3.0,2025-04-04,30,0.0,DISCOVERY,ENTRY_FORMING,2025-03-07T15:00:00+00:00,2025-03-07T14:45:00+00:00,-1.3333333333333344,28,SCORED_WINDOW,,True,1,1741362300000,0.0,0.0,0.0,1.0,1.0,0.0,,0.0,0.0,SCORED_WINDOW,,True,5,1741614300000,4.545454545454541,-4.545454545454552,4.545454545454541,2.0,5.0,0.0,1.0,4.545454545454541,-4.545454545454552,SCORED_WINDOW,,True,18,1741787100000,9.090909090909083,-18.181818181818187,-4.545454545454552,14.0,10.0,-12.5,-0.5000000000000012,9.090909090909083,-18.181818181818187,SCORED_WINDOW,,True,27,1741959900000,36.36363636363635,-18.181818181818187,9.090909090909083,26.0,10.0,-19.999999999999996,0.24999999999999986,36.36363636363635,-18.181818181818187,SCORED_WINDOW,,True,88,1742564700000,36.36363636363635,-40.90909090909091,-18.181818181818187,26.0,70.0,-40.0,-0.5000000000000003,36.36363636363635,-40.90909090909091
AMC15SUP-018,O:AMC250404C00003000,CALL,3.0,2025-04-04,14,0.0,DISCOVERY,CONTINUATION,2025-03-19T19:45:00+00:00,2025-03-19T19:30:00+00:00,2.166666666666665,16,SCORED_WINDOW,,True,4,1742479200000,0.0,-14.28571428571429,-9.523809523809524,1.0,2.0,-9.523809523809524,,4.999999999999982,-10.000000000000009,SCORED_WINDOW,,True,22,1742499000000,0.0,-23.809523809523803,-23.809523809523803,1.0,20.0,-23.809523809523803,,4.999999999999982,-20.000000000000007,SCORED_WINDOW,,True,67,1742844600000,0.0,-42.85714285714286,-33.33333333333333,1.0,50.0,-33.33333333333333,,4.999999999999982,-40.0,SCORED_WINDOW,,True,112,1743017400000,4.761904761904767,-52.38095238095237,-47.61904761904761,90.0,109.0,-50.0,-9.999999999999988,9.999999999999986,-50.0,SCORED_WINDOW,,True,242,1743622200000,4.761904761904767,-95.23809523809523,-90.47619047619048,90.0,218.0,-90.9090909090909,-18.99999999999998,9.999999999999986,-95.0
AMC15SUP-018,O:AMC250404P00003000,PUT,3.0,2025-04-04,14,0.0,DISCOVERY,CONTINUATION,2025-03-19T19:45:00+00:00,2025-03-19T19:30:00+00:00,-2.166666666666665,16,UNSCORED_SIGNAL_BAR_ABSENT,,False,,1742479200000,,,,,,,,,,UNSCORED_SIGNAL_BAR_ABSENT,,False,,1742499000000,,,,,,,,,,UNSCORED_SIGNAL_BAR_ABSENT,,False,,1742844600000,,,,,,,,,,UNSCORED_SIGNAL_BAR_ABSENT,,False,,1743017400000,,,,,,,,,,UNSCORED_SIGNAL_BAR_ABSENT,,False,,1743622200000,,,,,,,,,
AMC15SUP-018,O:AMC250417C00003000,CALL,3.0,2025-04-17,30,0.0,DISCOVERY,CONTINUATION,2025-03-19T19:45:00+00:00,2025-03-19T19:30:00+00:00,2.166666666666665,29,SCORED_WINDOW,,True,4,1742479200000,3.8461538461538547,-11.538461538461542,0.0,1.0,2.0,-3.703703703703709,0.0,3.8461538461538547,-11.538461538461542,SCORED_WINDOW,,True,19,1742499000000,3.8461538461538547,-23.076923076923073,-19.23076923076924,1.0,15.0,-22.222222222222232,-4.999999999999991,3.8461538461538547,-23.076923076923073,SCORED_WINDOW,,True,59,1742844600000,3.8461538461538547,-23.076923076923073,-19.23076923076924,1.0,15.0,-22.222222222222232,-4.999999999999991,3.8461538461538547,-23.076923076923073,SCORED_WINDOW,,True,97,1743017400000,3.8461538461538547,-34.61538461538461,-26.923076923076927,1.0,95.0,-29.629629629629626,-6.999999999999986,3.8461538461538547,-34.61538461538461,SCORED_WINDOW,,True,213,1743622200000,3.8461538461538547,-73.07692307692307,-73.07692307692307,1.0,166.0,-74.07407407407408,-18.999999999999954,3.8461538461538547,-73.07692307692307
AMC15SUP-018,O:AMC250417P00003000,PUT,3.0,2025-04-17,30,0.0,DISCOVERY,CONTINUATION,2025-03-19T19:45:00+00:00,2025-03-19T19:30:00+00:00,-2.166666666666665,29,UNSCORED_SIGNAL_BAR_ABSENT,,False,,1742479200000,,,,,,,,,,UNSCORED_SIGNAL_BAR_ABSENT,,False,,1742499000000,,,,,,,,,,UNSCORED_SIGNAL_BAR_ABSENT,,False,,1742844600000,,,,,,,,,,UNSCORED_SIGNAL_BAR_ABSENT,,False,,1743017400000,,,,,,,,,,UNSCORED_SIGNAL_BAR_ABSENT,,False,,1743622200000,,,,,,,,,
AMC15SUP-019,O:AMC250417C00002500,CALL,2.5,2025-04-17,14,0.0,DISCOVERY,ENTRY_FORMING,2025-04-04T19:45:00+00:00,2025-04-04T19:30:00+00:00,4.548000000000005,13,SCORED_WINDOW,,True,4,1744034400000,108.33333333333334,-20.833333333333325,95.83333333333333,3.0,2.0,-6.000000000000005,0.8846153846153845,117.39130434782608,-17.391304347826086,SCORED_WINDOW,,True,20,1744054200000,108.33333333333334,-20.833333333333325,37.50000000000002,3.0,2.0,-34.0,0.3461538461538463,117.39130434782608,-17.391304347826086,SCORED_WINDOW,,True,63,1744227000000,108.33333333333334,-20.833333333333325,75.0,3.0,2.0,-16.000000000000004,0.6923076923076923,117.39130434782608,-17.391304347826086,SCORED_WINDOW,,True,102,1744399800000,108.33333333333334,-20.833333333333325,87.50000000000003,3.0,2.0,-9.999999999999998,0.8076923076923079,117.39130434782608,-17.391304347826086,SCORED_RIGHT_CENSORED,CONTRACT_EXPIRY,False,188,1745263800000,,,,,,,,,
AMC15SUP-019,O:AMC250417P00002500,PUT,2.5,2025-04-17,14,0.0,DISCOVERY,ENTRY_FORMING,2025-04-04T19:45:00+00:00,2025-04-04T19:30:00+00:00,-4.548000000000005,13,SCORED_WINDOW,,True,4,1744034400000,30.76923076923077,-46.153846153846146,-46.153846153846146,2.0,4.0,-58.823529411764696,-1.4999999999999998,54.54545454545456,-36.36363636363635,SCORED_WINDOW,,True,20,1744054200000,30.76923076923077,-46.153846153846146,-15.384615384615385,2.0,4.0,-35.29411764705883,-0.5,54.54545454545456,-36.36363636363635,SCORED_WINDOW,,True,65,1744227000000,30.76923076923077,-76.92307692307693,-69.23076923076923,2.0,59.0,-76.47058823529412,-2.25,54.54545454545456,-72.72727272727273,SCORED_WINDOW,,True,109,1744399800000,30.76923076923077,-92.3076923076923,-92.3076923076923,2.0,88.0,-94.11764705882352,-3.0,54.54545454545456,-90.9090909090909,SCORED_RIGHT_CENSORED,CONTRACT_EXPIRY,False,174,1745263800000,,,,,,,,,
AMC15SUP-019,O:AMC250502C00002500,CALL,2.5,2025-05-02,30,0.0,DISCOVERY,ENTRY_FORMING,2025-04-04T19:45:00+00:00,2025-04-04T19:30:00+00:00,4.548000000000005,28,SCORED_WINDOW,,True,3,1744034400000,100.0,0.0,83.33333333333334,3.0,1.0,-8.333333333333325,0.8333333333333335,106.89655172413795,3.4482758620689724,SCORED_WINDOW,,True,15,1744054200000,100.0,0.0,39.99999999999999,3.0,1.0,-30.000000000000004,0.3999999999999999,106.89655172413795,3.4482758620689724,SCORED_WINDOW,,True,40,1744227000000,100.0,-30.000000000000004,63.33333333333333,3.0,26.0,-18.333333333333336,0.6333333333333333,106.89655172413795,-27.586206896551722,SCORED_WINDOW,,True,64,1744399800000,100.0,-30.000000000000004,63.33333333333333,3.0,26.0,-18.333333333333336,0.6333333333333333,106.89655172413795,-27.586206896551722,SCORED_WINDOW,,True,132,1745263800000,100.0,-30.000000000000004,-16.666666666666664,3.0,26.0,-58.33333333333333,-0.16666666666666663,106.89655172413795,-27.586206896551722
AMC15SUP-019,O:AMC250502P00002500,PUT,2.5,2025-05-02,30,0.0,DISCOVERY,ENTRY_FORMING,2025-04-04T19:45:00+00:00,2025-04-04T19:30:00+00:00,-4.548000000000005,28,UNSCORED_SIGNAL_BAR_ABSENT,,False,,1744034400000,,,,,,,,,,UNSCORED_SIGNAL_BAR_ABSENT,,False,,1744054200000,,,,,,,,,,UNSCORED_SIGNAL_BAR_ABSENT,,False,,1744227000000,,,,,,,,,,UNSCORED_SIGNAL_BAR_ABSENT,,False,,1744399800000,,,,,,,,,,UNSCORED_SIGNAL_BAR_ABSENT,,False,,1745263800000,,,,,,,,,
AMC15SUP-020,O:AMC250425C00003000,CALL,3.0,2025-04-25,14,0.0,DISCOVERY,CONTINUATION,2025-04-09T18:45:00+00:00,2025-04-09T18:30:00+00:00,-5.833333333333327,16,SCORED_WINDOW,,True,2,1744227000000,6.25,-12.49999999999999,-12.49999999999999,2.0,2.0,-17.647058823529406,-1.9999999999999982,13.333333333333353,-6.666666666666654,SCORED_WINDOW,,True,21,1744309800000,25.0,-18.75,12.5,8.0,4.0,-10.000000000000009,0.5,33.33333333333335,-13.33333333333333,SCORED_WINDOW,,True,71,1744655400000,25.0,-43.75,-43.75,8.0,60.0,-55.00000000000001,-1.75,33.33333333333335,-40.0,SCORED_WINDOW,,True,123,1744828200000,25.0,-62.5,-62.5,8.0,94.0,-70.0,-2.5,33.33333333333335,-60.0,SCORED_WINDOW,,True,252,1745519400000,25.0,-93.75,-93.75,8.0,164.0,-95.0,-3.75,33.33333333333335,-93.33333333333333
AMC15SUP-020,O:AMC250425P00003000,PUT,3.0,2025-04-25,14,0.0,DISCOVERY,CONTINUATION,2025-04-09T18:45:00+00:00,2025-04-09T18:30:00+00:00,5.833333333333327,16,UNSCORED_SIGNAL_BAR_ABSENT,,False,,1744227000000,,,,,,,,,,UNSCORED_SIGNAL_BAR_ABSENT,,False,,1744309800000,,,,,,,,,,UNSCORED_SIGNAL_BAR_ABSENT,,False,,1744655400000,,,,,,,,,,UNSCORED_SIGNAL_BAR_ABSENT,,False,,1744828200000,,,,,,,,,,UNSCORED_SIGNAL_BAR_ABSENT,,False,,1745519400000,,,,,,,,,
AMC15SUP-020,O:AMC250509C00003000,CALL,3.0,2025-05-09,30,0.0,DISCOVERY,CONTINUATION,2025-04-09T18:45:00+00:00,2025-04-09T18:30:00+00:00,-5.833333333333327,30,SCORED_WINDOW,,True,4,1744227000000,15.999999999999993,-24.0,8.000000000000007,3.0,3.0,-6.896551724137923,0.5000000000000007,11.538461538461519,-26.923076923076927,SCORED_WINDOW,,True,17,1744309800000,28.000000000000004,-24.0,19.999999999999996,12.0,3.0,-6.25,0.7142857142857141,23.076923076923084,-26.923076923076927,SCORED_WINDOW,,True,49,1744655400000,28.000000000000004,-24.0,-7.9999999999999964,12.0,3.0,-28.125,-0.28571428571428553,23.076923076923084,-26.923076923076927,SCORED_WINDOW,,True,84,1744828200000,28.000000000000004,-31.999999999999996,-19.999999999999996,12.0,82.0,-37.5,-0.7142857142857141,23.076923076923084,-34.61538461538461,SCORED_WINDOW,,True,198,1745519400000,28.000000000000004,-64.0,-56.00000000000001,12.0,171.0,-65.625,-2.0,23.076923076923084,-65.38461538461539
AMC15SUP-020,O:AMC250509P00003000,PUT,3.0,2025-05-09,30,0.0,DISCOVERY,CONTINUATION,2025-04-09T18:45:00+00:00,2025-04-09T18:30:00+00:00,5.833333333333327,30,UNSCORED_NO_POST_SIGNAL_PRINT,,False,0,1744227000000,,,,,,,,,,SCORED_WINDOW,,True,6,1744309800000,13.513513513513509,-5.405405405405405,-5.405405405405405,4.0,2.0,-16.666666666666675,-0.40000000000000013,-2.3255813953488413,-18.6046511627907,SCORED_WINDOW,,True,14,1744655400000,13.513513513513509,-29.729729729729726,-10.8108108108108,4.0,10.0,-21.42857142857142,-0.7999999999999995,-2.3255813953488413,-39.534883720930225,SCORED_WINDOW,,True,23,1744828200000,21.62162162162162,-29.729729729729726,5.405405405405417,16.0,10.0,-13.33333333333333,0.25000000000000056,4.651162790697683,-39.534883720930225,SCORED_WINDOW,,True,56,1745519400000,37.83783783783785,-29.729729729729726,-2.7027027027027084,40.0,10.0,-29.41176470588236,-0.07142857142857155,18.60465116279071,-39.534883720930225
AMC15SUP-021,O:AMC250516C00003000,CALL,3.0,2025-05-16,14,0.0,DISCOVERY,CONTINUATION,2025-04-29T13:45:00+00:00,2025-04-29T13:30:00+00:00,-9.063333333333334,17,SCORED_WINDOW,,True,4,1745937000000,0.0,-8.333333333333325,0.0,1.0,1.0,0.0,,9.090909090909083,0.0,SCORED_WINDOW,,True,25,1746019800000,0.0,-33.33333333333333,-25.0,1.0,25.0,-25.0,,9.090909090909083,-27.27272727272727,SCORED_WINDOW,,True,77,1746192600000,0.0,-33.33333333333333,-16.666666666666664,1.0,25.0,-16.666666666666664,,9.090909090909083,-27.27272727272727,SCORED_WINDOW,,True,129,1746538200000,0.0,-50.0,-25.0,1.0,104.0,-25.0,,9.090909090909083,-45.45454545454546,SCORED_WINDOW,,True,259,1747143000000,0.0,-83.33333333333333,-83.33333333333333,1.0,237.0,-83.33333333333333,,9.090909090909083,-81.81818181818181
AMC15SUP-021,O:AMC250516P00003000,PUT,3.0,2025-05-16,14,0.0,DISCOVERY,CONTINUATION,2025-04-29T13:45:00+00:00,2025-04-29T13:30:00+00:00,9.063333333333334,17,SCORED_WINDOW,,True,1,1745937000000,0.0,0.0,0.0,1.0,1.0,0.0,,-5.000000000000004,-5.000000000000004,SCORED_WINDOW,,True,7,1746019800000,31.578947368421062,0.0,28.947368421052634,7.0,1.0,-2.0000000000000018,0.9166666666666664,25.0,-5.000000000000004,SCORED_WINDOW,,True,18,1746192600000,36.8421052631579,0.0,13.157894736842103,10.0,1.0,-17.307692307692314,0.35714285714285704,30.000000000000004,-5.000000000000004,SCORED_WINDOW,,True,34,1746538200000,36.8421052631579,0.0,0.0,10.0,1.0,-26.923076923076927,0.0,30.000000000000004,-5.000000000000004,SCORED_WINDOW,,True,111,1747143000000,36.8421052631579,-42.10526315789473,-28.947368421052634,10.0,91.0,-48.07692307692307,-0.7857142857142857,30.000000000000004,-45.00000000000001
AMC15SUP-021,O:AMC250530C00003000,CALL,3.0,2025-05-30,30,0.0,DISCOVERY,CONTINUATION,2025-04-29T13:45:00+00:00,2025-04-29T13:30:00+00:00,-9.063333333333334,31,SCORED_WINDOW,,True,4,1745937000000,18.75,-6.25,6.25,1.0,1.0,-10.526315789473683,0.3333333333333333,0.0,-21.052631578947366,SCORED_WINDOW,,True,18,1746019800000,18.75,-18.75,0.0,1.0,18.0,-15.789473684210531,0.0,0.0,-31.57894736842105,SCORED_WINDOW,,True,53,1746192600000,18.75,-25.0,-6.25,1.0,21.0,-21.052631578947366,-0.3333333333333333,0.0,-36.8421052631579,SCORED_WINDOW,,True,91,1746538200000,18.75,-31.25,-18.75,1.0,73.0,-31.57894736842105,-1.0,0.0,-42.10526315789473,SCORED_WINDOW,,True,203,1747143000000,18.75,-56.25,-50.0,1.0,202.0,-57.89473684210527,-2.6666666666666665,0.0,-63.1578947368421
AMC15SUP-021,O:AMC250530P00003000,PUT,3.0,2025-05-30,30,0.0,DISCOVERY,CONTINUATION,2025-04-29T13:45:00+00:00,2025-04-29T13:30:00+00:00,9.063333333333334,31,SCORED_WINDOW,,True,1,1745937000000,2.3809523809523725,0.0,2.3809523809523725,1.0,1.0,0.0,1.0,10.256410256410241,7.692307692307687,SCORED_WINDOW,,True,5,1746019800000,30.952380952380977,0.0,30.952380952380977,5.0,1.0,0.0,1.0,41.025641025641036,7.692307692307687,SCORED_WINDOW,,True,13,1746192600000,33.33333333333335,-9.523809523809524,-9.523809523809524,6.0,13.0,-32.14285714285715,-0.2857142857142856,43.58974358974359,-2.564102564102566,SCORED_WINDOW,,True,19,1746538200000,33.33333333333335,-9.523809523809524,9.523809523809534,6.0,13.0,-17.85714285714286,0.28571428571428586,43.58974358974359,-2.564102564102566,SCORED_WINDOW,,True,41,1747143000000,33.33333333333335,-28.57142857142857,-19.047619047619037,6.0,38.0,-39.28571428571429,-0.5714285714285708,43.58974358974359,-23.076923076923084
AMC15SUP-022,O:AMC250523C00002500,CALL,2.5,2025-05-23,14,0.0,DISCOVERY,ENTRY_FORMING,2025-05-06T20:00:00+00:00,2025-05-06T19:45:00+00:00,7.400000000000002,17,UNSCORED_SIGNAL_BAR_ABSENT,,False,,1746627300000,,,,,,,,,,UNSCORED_SIGNAL_BAR_ABSENT,,False,,1746647100000,,,,,,,,,,UNSCORED_SIGNAL_BAR_ABSENT,,False,,1746819900000,,,,,,,,,,UNSCORED_SIGNAL_BAR_ABSENT,,False,,1747165500000,,,,,,,,,,UNSCORED_SIGNAL_BAR_ABSENT,,False,,1747770300000,,,,,,,,,
AMC15SUP-022,O:AMC250523P00002500,PUT,2.5,2025-05-23,14,0.0,DISCOVERY,ENTRY_FORMING,2025-05-06T20:00:00+00:00,2025-05-06T19:45:00+00:00,-7.400000000000002,17,UNSCORED_SIGNAL_BAR_ABSENT,,False,,1746627300000,,,,,,,,,,UNSCORED_SIGNAL_BAR_ABSENT,,False,,1746647100000,,,,,,,,,,UNSCORED_SIGNAL_BAR_ABSENT,,False,,1746819900000,,,,,,,,,,UNSCORED_SIGNAL_BAR_ABSENT,,False,,1747165500000,,,,,,,,,,UNSCORED_SIGNAL_BAR_ABSENT,,False,,1747770300000,,,,,,,,,
AMC15SUP-022,O:AMC250606C00002500,CALL,2.5,2025-06-06,30,0.0,DISCOVERY,ENTRY_FORMING,2025-05-06T20:00:00+00:00,2025-05-06T19:45:00+00:00,7.400000000000002,31,UNSCORED_SIGNAL_BAR_ABSENT,,False,,1746627300000,,,,,,,,,,UNSCORED_SIGNAL_BAR_ABSENT,,False,,1746647100000,,,,,,,,,,UNSCORED_SIGNAL_BAR_ABSENT,,False,,1746819900000,,,,,,,,,,UNSCORED_SIGNAL_BAR_ABSENT,,False,,1747165500000,,,,,,,,,,UNSCORED_SIGNAL_BAR_ABSENT,,False,,1747770300000,,,,,,,,,
AMC15SUP-022,O:AMC250606P00002500,PUT,2.5,2025-06-06,30,0.0,DISCOVERY,ENTRY_FORMING,2025-05-06T20:00:00+00:00,2025-05-06T19:45:00+00:00,-7.400000000000002,31,SCORED_WINDOW,,True,1,1746627300000,0.0,0.0,0.0,1.0,1.0,0.0,,-6.25,-6.25,SCORED_WINDOW,,True,5,1746647100000,19.999999999999996,0.0,19.999999999999996,5.0,1.0,0.0,1.0,12.5,-6.25,SCORED_WINDOW,,True,18,1746819900000,19.999999999999996,-53.33333333333332,-33.33333333333333,5.0,12.0,-44.44444444444444,-1.6666666666666667,12.5,-56.25,SCORED_WINDOW,,True,33,1747165500000,19.999999999999996,-60.0,-53.33333333333332,5.0,22.0,-61.11111111111111,-2.6666666666666665,12.5,-62.5,SCORED_WINDOW,,True,74,1747770300000,19.999999999999996,-80.0,-80.0,5.0,66.0,-83.33333333333334,-4.000000000000001,12.5,-81.25
AMC15SUP-023,O:AMC250606C00003000,CALL,3.0,2025-06-06,14,0.0,DISCOVERY,CONTINUATION,2025-05-20T16:00:00+00:00,2025-05-20T15:45:00+00:00,-1.8333333333333386,17,SCORED_WINDOW,,True,3,1747759500000,0.0,-10.526315789473683,0.0,1.0,1.0,0.0,,5.555555555555558,-5.5555555555555465,SCORED_WINDOW,,True,25,1747842300000,15.789473684210531,-10.526315789473683,10.526315789473673,7.0,1.0,-4.545454545454552,0.6666666666666657,22.222222222222232,-5.5555555555555465,SCORED_WINDOW,,True,75,1748015100000,152.6315789473684,-47.36842105263158,57.89473684210527,67.0,41.0,-37.5,0.37931034482758624,166.66666666666666,-44.44444444444444,SCORED_WINDOW,,True,126,1748447100000,494.7368421052631,-47.36842105263158,226.3157894736842,116.0,41.0,-45.13274336283185,0.4574468085106383,527.7777777777777,-44.44444444444444,SCORED_WINDOW,,True,245,1749051900000,494.7368421052631,-47.36842105263158,94.73684210526316,116.0,41.0,-67.25663716814158,0.1914893617021277,527.7777777777777,-44.44444444444444
AMC15SUP-023,O:AMC250606P00003000,PUT,3.0,2025-06-06,14,0.0,DISCOVERY,CONTINUATION,2025-05-20T16:00:00+00:00,2025-05-20T15:45:00+00:00,1.8333333333333386,17,SCORED_WINDOW,,True,1,1747759500000,0.0,0.0,0.0,1.0,1.0,0.0,,4.347826086956519,4.347826086956519,SCORED_WINDOW,,True,12,1747842300000,0.0,-33.33333333333333,-25.0,1.0,11.0,-25.0,,4.347826086956519,-30.434782608695656,SCORED_WINDOW,,True,53,1748015100000,0.0,-54.166666666666664,-45.83333333333333,1.0,45.0,-45.83333333333333,,4.347826086956519,-52.17391304347827,SCORED_WINDOW,,True,102,1748447100000,0.0,-79.16666666666666,-70.83333333333333,1.0,69.0,-70.83333333333333,,4.347826086956519,-78.26086956521739,SCORED_WINDOW,,True,218,1749051900000,0.0,-95.83333333333334,-95.83333333333334,1.0,118.0,-95.83333333333334,,4.347826086956519,-95.65217391304348
AMC15SUP-023,O:AMC250620C00003000,CALL,3.0,2025-06-20,30,0.0,DISCOVERY,CONTINUATION,2025-05-20T16:00:00+00:00,2025-05-20T15:45:00+00:00,-1.8333333333333386,31,SCORED_WINDOW,,True,4,1747759500000,3.8461538461538547,-3.8461538461538547,-3.8461538461538547,1.0,1.0,-7.407407407407418,-1.0,8.000000000000007,0.0,SCORED_WINDOW,,True,26,1747842300000,15.384615384615374,-3.8461538461538547,15.384615384615374,8.0,1.0,0.0,1.0,19.999999999999996,0.0,SCORED_WINDOW,,True,78,1748015100000,107.69230769230771,-96.15384615384616,57.692307692307686,70.0,69.0,-24.07407407407408,0.5357142857142856,116.00000000000001,-96.0,SCORED_WINDOW,,True,130,1748447100000,357.6923076923077,-96.15384615384616,153.84615384615384,120.0,69.0,-44.53781512605042,0.43010752688172044,376.0,-96.0,SCORED_WINDOW,,True,248,1749051900000,357.6923076923077,-96.15384615384616,65.38461538461537,120.0,69.0,-63.86554621848739,0.18279569892473116,376.0,-96.0
AMC15SUP-023,O:AMC250620P00003000,PUT,3.0,2025-06-20,30,0.0,DISCOVERY,CONTINUATION,2025-05-20T16:00:00+00:00,2025-05-20T15:45:00+00:00,1.8333333333333386,31,UNSCORED_SIGNAL_BAR_ABSENT,,False,,1747759500000,,,,,,,,,,UNSCORED_SIGNAL_BAR_ABSENT,,False,,1747842300000,,,,,,,,,,UNSCORED_SIGNAL_BAR_ABSENT,,False,,1748015100000,,,,,,,,,,UNSCORED_SIGNAL_BAR_ABSENT,,False,,1748447100000,,,,,,,,,,UNSCORED_SIGNAL_BAR_ABSENT,,False,,1749051900000,,,,,,,,,
AMC15SUP-024,O:AMC250606C00003500,CALL,3.5,2025-06-06,14,0.0,DISCOVERY,ENTRY_FORMING,2025-05-23T19:45:00+00:00,2025-05-23T19:30:00+00:00,-7.571428571428575,14,SCORED_WINDOW,,True,4,1748354400000,95.0,-10.000000000000009,64.99999999999999,2.0,1.0,-15.384615384615385,0.6842105263157893,95.0,-10.000000000000009,SCORED_WINDOW,,True,26,1748374200000,259.99999999999994,-10.000000000000009,240.0,10.0,1.0,-5.5555555555555465,0.9230769230769232,259.99999999999994,-10.000000000000009,SCORED_WINDOW,,True,78,1748547000000,275.0,-25.00000000000001,-15.000000000000002,27.0,63.0,-77.33333333333333,-0.05454545454545455,275.0,-25.00000000000001,SCORED_WINDOW,,True,130,1748892600000,275.0,-45.00000000000001,-35.0,27.0,93.0,-82.66666666666667,-0.12727272727272726,275.0,-45.00000000000001,SCORED_RIGHT_CENSORED,CONTRACT_EXPIRY,False,236,1749497400000,,,,,,,,,
AMC15SUP-024,O:AMC250606P00003500,PUT,3.5,2025-06-06,14,0.0,DISCOVERY,ENTRY_FORMING,2025-05-23T19:45:00+00:00,2025-05-23T19:30:00+00:00,7.571428571428575,14,SCORED_WINDOW,,True,3,1748354400000,0.0,-30.555555555555557,-22.22222222222221,1.0,3.0,-22.22222222222221,,-20.000000000000007,-44.44444444444444,SCORED_WINDOW,,True,25,1748374200000,0.0,-52.77777777777777,-44.44444444444444,1.0,9.0,-44.44444444444444,,-20.000000000000007,-62.22222222222222,SCORED_WINDOW,,True,76,1748547000000,0.0,-52.77777777777777,-27.777777777777768,1.0,9.0,-27.777777777777768,,-20.000000000000007,-62.22222222222222,SCORED_WINDOW,,True,127,1748892600000,0.0,-72.22222222222221,-61.11111111111111,1.0,122.0,-61.11111111111111,,-20.000000000000007,-77.77777777777779,SCORED_RIGHT_CENSORED,CONTRACT_EXPIRY,False,228,1749497400000,,,,,,,,,
AMC15SUP-024,O:AMC250620C00003500,CALL,3.5,2025-06-20,30,0.0,DISCOVERY,ENTRY_FORMING,2025-05-23T19:45:00+00:00,2025-05-23T19:30:00+00:00,-7.571428571428575,28,SCORED_WINDOW,,True,4,1748354400000,65.51724137931035,-6.896551724137923,58.62068965517244,2.0,1.0,-4.1666666666666625,0.8947368421052635,71.4285714285714,-3.57142857142857,SCORED_WINDOW,,True,26,1748374200000,189.6551724137931,-6.896551724137923,175.86206896551727,10.0,1.0,-4.761904761904756,0.9272727272727274,199.99999999999994,-3.57142857142857,SCORED_WINDOW,,True,78,1748547000000,200.0,-6.896551724137923,10.344827586206918,27.0,1.0,-63.2183908045977,0.05172413793103459,210.71428571428567,-3.57142857142857,SCORED_WINDOW,,True,130,1748892600000,200.0,-13.793103448275856,0.0,27.0,94.0,-66.66666666666667,0.0,210.71428571428567,-10.71428571428572,SCORED_WINDOW,,True,260,1749497400000,200.0,-65.51724137931035,-55.172413793103445,27.0,245.0,-85.0574712643678,-0.27586206896551724,210.71428571428567,-64.28571428571428
AMC15SUP-024,O:AMC250620P00003500,PUT,3.5,2025-06-20,30,0.0,DISCOVERY,ENTRY_FORMING,2025-05-23T19:45:00+00:00,2025-05-23T19:30:00+00:00,7.571428571428575,28,UNSCORED_SIGNAL_BAR_ABSENT,,False,,1748354400000,,,,,,,,,,UNSCORED_SIGNAL_BAR_ABSENT,,False,,1748374200000,,,,,,,,,,UNSCORED_SIGNAL_BAR_ABSENT,,False,,1748547000000,,,,,,,,,,UNSCORED_SIGNAL_BAR_ABSENT,,False,,1748892600000,,,,,,,,,,UNSCORED_SIGNAL_BAR_ABSENT,,False,,1749497400000,,,,,,,,,
AMC15SUP-025,O:AMC250627C00003000,CALL,3.0,2025-06-27,14,0.0,DISCOVERY,ENTRY_FORMING,2025-06-13T17:30:00+00:00,2025-06-13T17:15:00+00:00,6.669999999999998,14,UNSCORED_SIGNAL_BAR_ABSENT,,False,,1749838500000,,,,,,,,,,UNSCORED_SIGNAL_BAR_ABSENT,,False,,1750094100000,,,,,,,,,,UNSCORED_SIGNAL_BAR_ABSENT,,False,,1750266900000,,,,,,,,,,UNSCORED_SIGNAL_BAR_ABSENT,,False,,1750698900000,,,,,,,,,,UNSCORED_SIGNAL_BAR_ABSENT,CONTRACT_EXPIRY,False,,1751303700000,,,,,,,,,
AMC15SUP-025,O:AMC250627P00003000,PUT,3.0,2025-06-27,14,0.0,DISCOVERY,ENTRY_FORMING,2025-06-13T17:30:00+00:00,2025-06-13T17:15:00+00:00,-6.669999999999998,14,UNSCORED_SIGNAL_BAR_ABSENT,,False,,1749838500000,,,,,,,,,,UNSCORED_SIGNAL_BAR_ABSENT,,False,,1750094100000,,,,,,,,,,UNSCORED_SIGNAL_BAR_ABSENT,,False,,1750266900000,,,,,,,,,,UNSCORED_SIGNAL_BAR_ABSENT,,False,,1750698900000,,,,,,,,,,UNSCORED_SIGNAL_BAR_ABSENT,CONTRACT_EXPIRY,False,,1751303700000,,,,,,,,,
AMC15SUP-025,O:AMC250711C00003000,CALL,3.0,2025-07-11,30,0.0,DISCOVERY,ENTRY_FORMING,2025-06-13T17:30:00+00:00,2025-06-13T17:15:00+00:00,6.669999999999998,28,UNSCORED_SIGNAL_BAR_ABSENT,,False,,1749838500000,,,,,,,,,,UNSCORED_SIGNAL_BAR_ABSENT,,False,,1750094100000,,,,,,,,,,UNSCORED_SIGNAL_BAR_ABSENT,,False,,1750266900000,,,,,,,,,,UNSCORED_SIGNAL_BAR_ABSENT,,False,,1750698900000,,,,,,,,,,UNSCORED_SIGNAL_BAR_ABSENT,,False,,1751303700000,,,,,,,,,
AMC15SUP-025,O:AMC250711P00003000,PUT,3.0,2025-07-11,30,0.0,DISCOVERY,ENTRY_FORMING,2025-06-13T17:30:00+00:00,2025-06-13T17:15:00+00:00,-6.669999999999998,28,SCORED_WINDOW,,True,1,1749838500000,0.0,0.0,0.0,1.0,1.0,0.0,,0.0,0.0,SCORED_WINDOW,,True,9,1750094100000,7.692307692307709,-15.384615384615385,-7.692307692307699,2.0,3.0,-14.285714285714302,-0.9999999999999987,7.692307692307709,-15.384615384615385,SCORED_WINDOW,,True,27,1750266900000,46.153846153846146,-15.384615384615385,15.384615384615374,23.0,3.0,-21.052631578947366,0.33333333333333315,46.153846153846146,-15.384615384615385,SCORED_WINDOW,,True,51,1750698900000,46.153846153846146,-15.384615384615385,30.76923076923077,23.0,3.0,-10.526315789473683,0.6666666666666667,46.153846153846146,-15.384615384615385,SCORED_WINDOW,,True,118,1751303700000,46.153846153846146,-46.153846153846146,-38.46153846153846,23.0,104.0,-57.89473684210527,-0.8333333333333335,46.153846153846146,-46.153846153846146
AMC15SUP-026,O:AMC250711C00003000,CALL,3.0,2025-07-11,14,0.0,DISCOVERY,CONTINUATION,2025-06-25T19:15:00+00:00,2025-06-25T19:00:00+00:00,-0.13333333333333347,16,SCORED_WINDOW,,True,4,1750944600000,14.28571428571428,-14.285714285714302,-7.142857142857151,4.0,3.0,-18.75,-0.5000000000000008,23.076923076923084,-7.692307692307699,SCORED_WINDOW,,True,21,1750964400000,14.28571428571428,-14.285714285714302,0.0,4.0,3.0,-12.49999999999999,0.0,23.076923076923084,-7.692307692307699,SCORED_WINDOW,,True,66,1751310000000,49.99999999999998,-14.285714285714302,0.0,48.0,3.0,-33.33333333333333,0.0,61.53846153846152,-7.692307692307699,SCORED_WINDOW,,True,117,1751482800000,49.99999999999998,-71.42857142857143,-50.0,48.0,70.0,-66.66666666666666,-1.0000000000000004,61.53846153846152,-69.23076923076923,SCORED_WINDOW,,True,247,1752247800000,164.28571428571428,-92.85714285714286,107.14285714285711,242.0,239.0,-21.62162162162162,0.652173913043478,184.61538461538458,-92.3076923076923
AMC15SUP-026,O:AMC250711P00003000,PUT,3.0,2025-07-11,14,0.0,DISCOVERY,CONTINUATION,2025-06-25T19:15:00+00:00,2025-06-25T19:00:00+00:00,0.13333333333333347,16,UNSCORED_SIGNAL_BAR_ABSENT,,False,,1750944600000,,,,,,,,,,UNSCORED_SIGNAL_BAR_ABSENT,,False,,1750964400000,,,,,,,,,,UNSCORED_SIGNAL_BAR_ABSENT,,False,,1751310000000,,,,,,,,,,UNSCORED_SIGNAL_BAR_ABSENT,,False,,1751482800000,,,,,,,,,,UNSCORED_SIGNAL_BAR_ABSENT,,False,,1752247800000,,,,,,,,,
AMC15SUP-026,O:AMC250725C00003000,CALL,3.0,2025-07-25,30,0.0,DISCOVERY,CONTINUATION,2025-06-25T19:15:00+00:00,2025-06-25T19:00:00+00:00,-0.13333333333333347,30,SCORED_WINDOW,,True,3,1750944600000,0.0,-9.523809523809524,-4.761904761904756,1.0,3.0,-4.761904761904756,,4.999999999999982,-5.000000000000004,SCORED_WINDOW,,True,7,1750964400000,9.523809523809534,-9.523809523809524,-4.761904761904756,4.0,3.0,-13.043478260869568,-0.4999999999999988,14.999999999999991,-5.000000000000004,SCORED_WINDOW,,True,38,1751310000000,33.33333333333335,-9.523809523809524,0.0,25.0,3.0,-25.00000000000001,0.0,40.000000000000014,-5.000000000000004,SCORED_WINDOW,,True,77,1751482800000,33.33333333333335,-57.14285714285714,-33.33333333333333,25.0,41.0,-50.0,-0.9999999999999993,40.000000000000014,-55.00000000000001,SCORED_WINDOW,,True,184,1752247800000,252.38095238095238,-71.42857142857143,66.66666666666666,90.0,111.0,-52.702702702702695,0.26415094339622636,270.0,-70.0
AMC15SUP-026,O:AMC250725P00003000,PUT,3.0,2025-07-25,30,0.0,DISCOVERY,CONTINUATION,2025-06-25T19:15:00+00:00,2025-06-25T19:00:00+00:00,0.13333333333333347,30,UNSCORED_SIGNAL_BAR_ABSENT,,False,,1750944600000,,,,,,,,,,UNSCORED_SIGNAL_BAR_ABSENT,,False,,1750964400000,,,,,,,,,,UNSCORED_SIGNAL_BAR_ABSENT,,False,,1751310000000,,,,,,,,,,UNSCORED_SIGNAL_BAR_ABSENT,,False,,1751482800000,,,,,,,,,,UNSCORED_SIGNAL_BAR_ABSENT,,False,,1752247800000,,,,,,,,,
AMC15SUP-027,O:AMC250711C00003000,CALL,3.0,2025-07-11,14,0.0,DISCOVERY,ENTRY_FORMING,2025-06-30T19:45:00+00:00,2025-06-30T19:30:00+00:00,1.8333333333333386,11,SCORED_WINDOW,,True,4,1751378400000,21.42857142857142,-71.42857142857143,-42.85714285714286,1.0,2.0,-52.94117647058824,-2.000000000000001,30.76923076923077,-69.23076923076923,SCORED_WINDOW,,True,26,1751398200000,21.42857142857142,-71.42857142857143,-57.14285714285715,1.0,2.0,-64.70588235294117,-2.6666666666666683,30.76923076923077,-69.23076923076923,SCORED_WINDOW,,True,77,1751904000000,21.42857142857142,-78.57142857142858,-78.57142857142858,1.0,70.0,-82.35294117647058,-3.6666666666666687,30.76923076923077,-76.92307692307693,SCORED_WINDOW,,True,129,1752076800000,21.42857142857142,-85.71428571428572,-78.57142857142858,1.0,93.0,-82.35294117647058,-3.6666666666666687,30.76923076923077,-84.61538461538461,SCORED_RIGHT_CENSORED,CONTRACT_EXPIRY,False,196,1752681600000,,,,,,,,,
AMC15SUP-027,O:AMC250711P00003000,PUT,3.0,2025-07-11,14,0.0,DISCOVERY,ENTRY_FORMING,2025-06-30T19:45:00+00:00,2025-06-30T19:30:00+00:00,-1.8333333333333386,11,SCORED_WINDOW,,True,4,1751378400000,228.57142857142856,0.0,185.71428571428572,2.0,1.0,-13.043478260869568,0.8125000000000001,187.5,-12.49999999999999,SCORED_WINDOW,,True,21,1751398200000,271.4285714285714,0.0,257.1428571428571,19.0,1.0,-3.8461538461538547,0.9473684210526316,225.0,-12.49999999999999,SCORED_WINDOW,,True,64,1751904000000,271.4285714285714,0.0,142.85714285714283,19.0,1.0,-34.61538461538461,0.5263157894736842,225.0,-12.49999999999999,SCORED_WINDOW,,True,99,1752076800000,271.4285714285714,0.0,71.4285714285714,19.0,1.0,-53.846153846153854,0.26315789473684204,225.0,-12.49999999999999,SCORED_RIGHT_CENSORED,CONTRACT_EXPIRY,False,157,1752681600000,,,,,,,,,
AMC15SUP-027,O:AMC250801C00003000,CALL,3.0,2025-08-01,30,0.0,DISCOVERY,ENTRY_FORMING,2025-06-30T19:45:00+00:00,2025-06-30T19:30:00+00:00,1.8333333333333386,32,SCORED_WINDOW,,True,4,1751378400000,15.999999999999993,-40.0,-28.000000000000004,2.0,2.0,-37.93103448275862,-1.750000000000001,11.538461538461519,-42.307692307692314,SCORED_WINDOW,,True,25,1751398200000,15.999999999999993,-64.0,-36.0,2.0,16.0,-44.82758620689654,-2.250000000000001,11.538461538461519,-65.38461538461539,SCORED_WINDOW,,True,67,1751904000000,15.999999999999993,-64.0,-52.0,2.0,16.0,-58.62068965517242,-3.2500000000000013,11.538461538461519,-65.38461538461539,SCORED_WINDOW,,True,107,1752076800000,15.999999999999993,-64.0,-43.99999999999999,2.0,16.0,-51.72413793103448,-2.750000000000001,11.538461538461519,-65.38461538461539,SCORED_WINDOW,,True,216,1752681600000,96.0,-64.0,8.000000000000007,166.0,16.0,-44.897959183673464,0.08333333333333341,88.46153846153845,-65.38461538461539
AMC15SUP-027,O:AMC250801P00003000,PUT,3.0,2025-08-01,30,0.0,DISCOVERY,ENTRY_FORMING,2025-06-30T19:45:00+00:00,2025-06-30T19:30:00+00:00,-1.8333333333333386,32,UNSCORED_SIGNAL_BAR_ABSENT,,False,,1751378400000,,,,,,,,,,UNSCORED_SIGNAL_BAR_ABSENT,,False,,1751398200000,,,,,,,,,,UNSCORED_SIGNAL_BAR_ABSENT,,False,,1751904000000,,,,,,,,,,UNSCORED_SIGNAL_BAR_ABSENT,,False,,1752076800000,,,,,,,,,,UNSCORED_SIGNAL_BAR_ABSENT,,False,,1752681600000,,,,,,,,,
AMC15SUP-028,O:AMC250725C00003500,CALL,3.5,2025-07-25,14,0.0,DISCOVERY,CONTINUATION,2025-07-11T19:45:00+00:00,2025-07-11T19:30:00+00:00,-4.428571428571423,14,SCORED_WINDOW,,True,4,1752501600000,13.333333333333353,-33.33333333333333,-26.66666666666666,1.0,2.0,-35.29411764705883,-1.9999999999999964,6.25,-37.5,SCORED_WINDOW,,True,23,1752521400000,13.333333333333353,-46.666666666666664,-40.0,1.0,22.0,-47.058823529411775,-2.9999999999999956,6.25,-50.0,SCORED_WINDOW,,True,74,1752694200000,13.333333333333353,-73.33333333333334,-60.0,1.0,32.0,-64.70588235294117,-4.499999999999993,6.25,-75.0,SCORED_WINDOW,,True,126,1752867000000,66.66666666666667,-73.33333333333334,13.333333333333353,98.0,32.0,-31.999999999999996,0.2000000000000003,56.25,-75.0,SCORED_WINDOW,,True,256,1753471800000,66.66666666666667,-93.33333333333333,-93.33333333333333,98.0,232.0,-96.0,-1.4,56.25,-93.75
AMC15SUP-028,O:AMC250725P00003500,PUT,3.5,2025-07-25,14,0.0,DISCOVERY,CONTINUATION,2025-07-11T19:45:00+00:00,2025-07-11T19:30:00+00:00,4.428571428571423,14,SCORED_WINDOW,,True,3,1752501600000,13.333333333333353,-3.3333333333333326,13.333333333333353,2.0,1.0,0.0,1.0,13.333333333333353,-3.3333333333333326,SCORED_WINDOW,,True,15,1752521400000,13.333333333333353,-9.999999999999986,0.0,2.0,14.0,-11.764705882352954,0.0,13.333333333333353,-9.999999999999986,SCORED_WINDOW,,True,37,1752694200000,43.333333333333336,-9.999999999999986,30.000000000000004,35.0,14.0,-9.302325581395344,0.6923076923076924,43.333333333333336,-9.999999999999986,SCORED_WINDOW,,True,86,1752867000000,43.333333333333336,-56.666666666666664,-46.666666666666664,35.0,63.0,-62.7906976744186,-1.0769230769230769,43.333333333333336,-56.666666666666664,SCORED_WINDOW,,True,208,1753471800000,43.333333333333336,-70.0,-19.999999999999996,35.0,131.0,-44.18604651162791,-0.46153846153846145,43.333333333333336,-70.0
AMC15SUP-028,O:AMC250808C00003500,CALL,3.5,2025-08-08,30,0.0,DISCOVERY,CONTINUATION,2025-07-11T19:45:00+00:00,2025-07-11T19:30:00+00:00,-4.428571428571423,28,SCORED_WINDOW,,True,4,1752501600000,0.0,-58.33333333333333,-25.0,1.0,2.0,-25.0,,0.0,-58.33333333333333,SCORED_WINDOW,,True,20,1752521400000,0.0,-58.33333333333333,-20.833333333333325,1.0,2.0,-20.833333333333325,,0.0,-58.33333333333333,SCORED_WINDOW,,True,56,1752694200000,0.0,-58.33333333333333,-45.83333333333333,1.0,2.0,-45.83333333333333,,0.0,-58.33333333333333,SCORED_WINDOW,,True,107,1752867000000,79.16666666666667,-95.83333333333334,29.166666666666675,78.0,58.0,-27.90697674418604,0.36842105263157904,79.16666666666667,-95.83333333333334,SCORED_WINDOW,,True,226,1753471800000,79.16666666666667,-95.83333333333334,-33.33333333333333,78.0,58.0,-62.7906976744186,-0.4210526315789473,79.16666666666667,-95.83333333333334
AMC15SUP-028,O:AMC250808P00003500,PUT,3.5,2025-08-08,30,0.0,DISCOVERY,CONTINUATION,2025-07-11T19:45:00+00:00,2025-07-11T19:30:00+00:00,4.428571428571423,28,UNSCORED_SIGNAL_BAR_ABSENT,,False,,1752501600000,,,,,,,,,,UNSCORED_SIGNAL_BAR_ABSENT,,False,,1752521400000,,,,,,,,,,UNSCORED_SIGNAL_BAR_ABSENT,,False,,1752694200000,,,,,,,,,,UNSCORED_SIGNAL_BAR_ABSENT,,False,,1752867000000,,,,,,,,,,UNSCORED_SIGNAL_BAR_ABSENT,,False,,1753471800000,,,,,,,,,
AMC15SUP-029,O:AMC250801C00003500,CALL,3.5,2025-08-01,14,0.0,DISCOVERY,CONTINUATION,2025-07-18T19:15:00+00:00,2025-07-18T19:00:00+00:00,1.142857142857144,14,SCORED_WINDOW,,True,4,1753104600000,15.384615384615374,-19.23076923076924,3.8461538461538547,4.0,2.0,-9.999999999999986,0.2500000000000007,7.14285714285714,-25.00000000000001,SCORED_WINDOW,,True,26,1753124400000,15.384615384615374,-34.61538461538461,-19.23076923076924,4.0,14.0,-30.000000000000004,-1.2500000000000016,7.14285714285714,-39.28571428571429,SCORED_WINDOW,,True,74,1753297200000,15.384615384615374,-42.307692307692314,-30.76923076923077,4.0,67.0,-40.0,-2.0000000000000013,7.14285714285714,-46.42857142857143,SCORED_WINDOW,,True,126,1753470000000,15.384615384615374,-80.76923076923077,-69.23076923076923,4.0,122.0,-73.33333333333334,-4.500000000000003,7.14285714285714,-82.14285714285714,SCORED_WINDOW,,True,246,1754074800000,15.384615384615374,-96.15384615384616,-96.15384615384616,4.0,155.0,-96.66666666666667,-6.250000000000004,7.14285714285714,-96.42857142857143
AMC15SUP-029,O:AMC250801P00003500,PUT,3.5,2025-08-01,14,0.0,DISCOVERY,CONTINUATION,2025-07-18T19:15:00+00:00,2025-07-18T19:00:00+00:00,-1.142857142857144,14,SCORED_WINDOW,,True,3,1753104600000,0.0,-17.391304347826086,-17.391304347826086,1.0,3.0,-17.391304347826086,,4.545454545454541,-13.636363636363635,SCORED_WINDOW,,True,17,1753124400000,0.0,-26.086956521739125,-13.043478260869568,1.0,6.0,-13.043478260869568,,4.545454545454541,-22.72727272727272,SCORED_WINDOW,,True,50,1753297200000,8.695652173913038,-26.086956521739125,-8.695652173913048,23.0,6.0,-16.000000000000004,-1.0000000000000013,13.636363636363647,-22.72727272727272,SCORED_WINDOW,,True,91,1753470000000,34.78260869565217,-26.086956521739125,26.08695652173911,91.0,6.0,-6.451612903225811,0.7499999999999994,40.90909090909092,-22.72727272727272,SCORED_WINDOW,,True,174,1754074800000,178.26086956521738,-26.086956521739125,173.91304347826085,161.0,6.0,-1.5625,0.975609756097561,190.9090909090909,-22.72727272727272
AMC15SUP-029,O:AMC250815C00003500,CALL,3.5,2025-08-15,30,0.0,DISCOVERY,CONTINUATION,2025-07-18T19:15:00+00:00,2025-07-18T19:00:00+00:00,1.142857142857144,28,SCORED_WINDOW,,True,4,1753104600000,8.333333333333348,-8.333333333333325,-5.5555555555555465,4.0,2.0,-12.82051282051282,-0.6666666666666644,2.6315789473684292,-13.157894736842103,SCORED_WINDOW,,True,26,1753124400000,8.333333333333348,-27.777777777777768,-16.666666666666664,4.0,15.0,-23.076923076923084,-1.9999999999999962,2.6315789473684292,-31.57894736842105,SCORED_WINDOW,,True,67,1753297200000,8.333333333333348,-27.777777777777768,-16.666666666666664,4.0,15.0,-23.076923076923084,-1.9999999999999962,2.6315789473684292,-31.57894736842105,SCORED_WINDOW,,True,108,1753470000000,8.333333333333348,-50.0,-47.22222222222222,4.0,105.0,-51.28205128205128,-5.666666666666656,2.6315789473684292,-52.63157894736843,SCORED_WINDOW,,True,236,1754074800000,8.333333333333348,-80.55555555555556,-69.44444444444444,4.0,214.0,-71.7948717948718,-8.333333333333318,2.6315789473684292,-81.57894736842105
AMC15SUP-029,O:AMC250815P00003500,PUT,3.5,2025-08-15,30,0.0,DISCOVERY,CONTINUATION,2025-07-18T19:15:00+00:00,2025-07-18T19:00:00+00:00,-1.142857142857144,28,UNSCORED_SIGNAL_BAR_ABSENT,,False,,1753104600000,,,,,,,,,,UNSCORED_SIGNAL_BAR_ABSENT,,False,,1753124400000,,,,,,,,,,UNSCORED_SIGNAL_BAR_ABSENT,,False,,1753297200000,,,,,,,,,,UNSCORED_SIGNAL_BAR_ABSENT,,False,,1753470000000,,,,,,,,,,UNSCORED_SIGNAL_BAR_ABSENT,,False,,1754074800000,,,,,,,,,
AMC15SUP-030,O:AMC250822C00003000,CALL,3.0,2025-08-22,14,0.0,DISCOVERY,ENTRY_FORMING,2025-08-05T13:45:00+00:00,2025-08-05T13:30:00+00:00,-3.366666666666666,17,SCORED_WINDOW,,True,4,1754404200000,0.0,-5.000000000000004,-5.000000000000004,1.0,3.0,-5.000000000000004,,-4.761904761904756,-9.523809523809524,SCORED_WINDOW,,True,15,1754487000000,0.0,-20.000000000000007,-15.000000000000002,1.0,15.0,-15.000000000000002,,-4.761904761904756,-23.809523809523803,SCORED_WINDOW,,True,60,1754659800000,0.0,-29.999999999999993,-10.000000000000009,1.0,31.0,-10.000000000000009,,-4.761904761904756,-33.33333333333333,SCORED_WINDOW,,True,111,1755005400000,84.99999999999999,-29.999999999999993,-20.000000000000007,85.0,31.0,-56.75675675675676,-0.23529411764705896,76.19047619047619,-33.33333333333333,SCORED_WINDOW,,True,241,1755610200000,84.99999999999999,-85.0,-80.0,85.0,241.0,-89.1891891891892,-0.9411764705882355,76.19047619047619,-85.71428571428572
AMC15SUP-030,O:AMC250822P00003000,PUT,3.0,2025-08-22,14,0.0,DISCOVERY,ENTRY_FORMING,2025-08-05T13:45:00+00:00,2025-08-05T13:30:00+00:00,3.366666666666666,17,SCORED_WINDOW,,True,1,1754404200000,0.0,0.0,0.0,1.0,1.0,0.0,,0.0,0.0,SCORED_WINDOW,,True,4,1754487000000,13.333333333333353,0.0,13.333333333333353,4.0,1.0,0.0,1.0,13.333333333333353,0.0,SCORED_WINDOW,,True,13,1754659800000,19.999999999999996,0.0,16.666666666666675,7.0,1.0,-2.777777777777779,0.8333333333333339,19.999999999999996,0.0,SCORED_WINDOW,,True,45,1755005400000,19.999999999999996,-73.33333333333334,-63.33333333333333,7.0,21.0,-69.44444444444444,-3.166666666666667,19.999999999999996,-73.33333333333334,SCORED_WINDOW,,True,156,1755610200000,19.999999999999996,-83.33333333333333,-70.0,7.0,137.0,-75.0,-3.5000000000000004,19.999999999999996,-83.33333333333333
AMC15SUP-030,O:AMC250905C00003000,CALL,3.0,2025-09-05,30,0.0,DISCOVERY,ENTRY_FORMING,2025-08-05T13:45:00+00:00,2025-08-05T13:30:00+00:00,-3.366666666666666,31,SCORED_WINDOW,,True,3,1754404200000,3.8461538461538547,-7.692307692307699,-7.692307692307699,2.0,3.0,-11.111111111111116,-1.9999999999999973,8.000000000000007,-4.0000000000000036,SCORED_WINDOW,,True,14,1754487000000,3.8461538461538547,-19.23076923076924,-7.692307692307699,2.0,10.0,-11.111111111111116,-1.9999999999999973,8.000000000000007,-16.000000000000004,SCORED_WINDOW,,True,50,1754659800000,3.8461538461538547,-34.61538461538461,-15.384615384615385,2.0,38.0,-18.518518518518523,-3.999999999999991,8.000000000000007,-31.999999999999996,SCORED_WINDOW,,True,92,1755005400000,57.692307692307686,-38.46153846153846,-7.692307692307699,70.0,92.0,-41.463414634146346,-0.13333333333333347,63.99999999999999,-36.0,SCORED_WINDOW,,True,183,1755610200000,57.692307692307686,-69.23076923076923,-69.23076923076923,70.0,183.0,-80.48780487804879,-1.2,63.99999999999999,-68.0
AMC15SUP-030,O:AMC250905P00003000,PUT,3.0,2025-09-05,30,0.0,DISCOVERY,ENTRY_FORMING,2025-08-05T13:45:00+00:00,2025-08-05T13:30:00+00:00,3.366666666666666,31,SCORED_WINDOW,,True,1,1754404200000,0.0,0.0,0.0,1.0,1.0,0.0,,3.0303030303030276,3.0303030303030276,SCORED_WINDOW,,True,4,1754487000000,5.88235294117645,0.0,0.0,3.0,1.0,-5.5555555555555465,0.0,9.090909090909083,3.0303030303030276,SCORED_WINDOW,,True,12,1754659800000,17.647058823529417,0.0,2.941176470588225,9.0,1.0,-12.50000000000001,0.16666666666666602,21.212121212121215,3.0303030303030276,SCORED_WINDOW,,True,30,1755005400000,17.647058823529417,-52.94117647058824,-26.470588235294123,9.0,17.0,-37.5,-1.5,21.212121212121215,-51.515151515151516,SCORED_WINDOW,,True,81,1755610200000,17.647058823529417,-61.76470588235294,-50.0,9.0,67.0,-57.49999999999999,-2.8333333333333326,21.212121212121215,-60.60606060606061
AMC15SUP-031,O:AMC250905C00003000,CALL,3.0,2025-09-05,14,0.0,DISCOVERY,ENTRY_FORMING,2025-08-22T13:45:00+00:00,2025-08-22T13:30:00+00:00,-4.196666666666671,14,SCORED_WINDOW,,True,4,1755873000000,22.222222222222232,-11.111111111111105,11.111111111111116,2.0,1.0,-9.090909090909083,0.5,37.5,0.0,SCORED_WINDOW,,True,26,1756128600000,22.222222222222232,-22.22222222222221,11.111111111111116,2.0,20.0,-9.090909090909083,0.5,37.5,-12.49999999999999,SCORED_WINDOW,,True,78,1756301400000,22.222222222222232,-44.44444444444444,-33.333333333333336,2.0,50.0,-45.45454545454546,-1.4999999999999993,37.5,-37.5,SCORED_WINDOW,,True,129,1756474200000,22.222222222222232,-66.66666666666667,-55.55555555555556,2.0,108.0,-63.63636363636363,-2.499999999999999,37.5,-62.5,SCORED_RIGHT_CENSORED,CONTRACT_EXPIRY,False,249,1757338200000,,,,,,,,,
AMC15SUP-031,O:AMC250905P00003000,PUT,3.0,2025-09-05,14,0.0,DISCOVERY,ENTRY_FORMING,2025-08-22T13:45:00+00:00,2025-08-22T13:30:00+00:00,4.196666666666671,14,SCORED_WINDOW,,True,3,1755873000000,0.0,-20.000000000000007,-15.000000000000002,1.0,2.0,-15.000000000000002,,5.263157894736836,-15.789473684210531,SCORED_WINDOW,,True,17,1756128600000,0.0,-35.0,-35.0,1.0,17.0,-35.0,,5.263157894736836,-31.57894736842105,SCORED_WINDOW,,True,43,1756301400000,0.0,-40.0,0.0,1.0,18.0,0.0,,5.263157894736836,-36.8421052631579,SCORED_WINDOW,,True,64,1756474200000,9.999999999999986,-40.0,-5.000000000000004,53.0,18.0,-13.636363636363635,-0.5000000000000011,15.789473684210531,-36.8421052631579,SCORED_RIGHT_CENSORED,CONTRACT_EXPIRY,False,172,1757338200000,,,,,,,,,
AMC15SUP-031,O:AMC250919C00003000,CALL,3.0,2025-09-19,30,0.0,DISCOVERY,ENTRY_FORMING,2025-08-22T13:45:00+00:00,2025-08-22T13:30:00+00:00,-4.196666666666671,28,SCORED_WINDOW,,True,4,1755873000000,12.5,-6.25,6.25,2.0,1.0,-5.5555555555555465,0.5,28.57142857142856,7.14285714285714,SCORED_WINDOW,,True,25,1756128600000,12.5,-6.25,6.25,2.0,1.0,-5.5555555555555465,0.5,28.57142857142856,7.14285714285714,SCORED_WINDOW,,True,72,1756301400000,12.5,-31.25,-12.49999999999999,2.0,58.0,-22.22222222222221,-0.9999999999999991,28.57142857142856,-21.42857142857143,SCORED_WINDOW,,True,114,1756474200000,12.5,-37.5,-31.25,2.0,110.0,-38.888888888888886,-2.5,28.57142857142856,-28.57142857142857,SCORED_WINDOW,,True,241,1757338200000,12.5,-75.0,-68.75,2.0,241.0,-72.22222222222221,-5.5,28.57142857142856,-71.42857142857143
AMC15SUP-031,O:AMC250919P00003000,PUT,3.0,2025-09-19,30,0.0,DISCOVERY,ENTRY_FORMING,2025-08-22T13:45:00+00:00,2025-08-22T13:30:00+00:00,4.196666666666671,28,UNSCORED_SIGNAL_BAR_ABSENT,,False,,1755873000000,,,,,,,,,,UNSCORED_SIGNAL_BAR_ABSENT,,False,,1756128600000,,,,,,,,,,UNSCORED_SIGNAL_BAR_ABSENT,,False,,1756301400000,,,,,,,,,,UNSCORED_SIGNAL_BAR_ABSENT,,False,,1756474200000,,,,,,,,,,UNSCORED_SIGNAL_BAR_ABSENT,,False,,1757338200000,,,,,,,,,
AMC15SUP-032,O:AMC250926C00003000,CALL,3.0,2025-09-26,14,0.0,DISCOVERY,CONTINUATION,2025-09-10T13:45:00+00:00,2025-09-10T13:30:00+00:00,-5.676666666666671,16,SCORED_WINDOW,,True,4,1757514600000,12.5,0.0,0.0,2.0,1.0,-11.111111111111105,0.0,0.0,-11.111111111111105,SCORED_WINDOW,,True,21,1757597400000,12.5,-25.0,-12.49999999999999,2.0,14.0,-22.22222222222221,-0.9999999999999991,0.0,-33.333333333333336,SCORED_WINDOW,,True,65,1757943000000,12.5,-25.0,-12.49999999999999,2.0,14.0,-22.22222222222221,-0.9999999999999991,0.0,-33.333333333333336,SCORED_WINDOW,,True,117,1758115800000,25.0,-37.5,-12.49999999999999,82.0,66.0,-29.999999999999993,-0.49999999999999956,11.111111111111116,-44.44444444444444,SCORED_WINDOW,,True,246,1758720600000,200.0,-62.5,-37.5,169.0,142.0,-79.16666666666666,-0.1875,166.66666666666666,-66.66666666666667
AMC15SUP-032,O:AMC250926P00003000,PUT,3.0,2025-09-26,14,0.0,DISCOVERY,CONTINUATION,2025-09-10T13:45:00+00:00,2025-09-10T13:30:00+00:00,5.676666666666671,16,SCORED_WINDOW,,True,3,1757514600000,0.0,-12.5,-4.1666666666666625,1.0,2.0,-4.1666666666666625,,9.090909090909083,-4.545454545454552,SCORED_WINDOW,,True,8,1757597400000,20.833333333333325,-12.5,20.833333333333325,8.0,2.0,0.0,1.0,31.818181818181813,-4.545454545454552,SCORED_WINDOW,,True,23,1757943000000,20.833333333333325,-12.5,4.166666666666674,8.0,2.0,-13.793103448275856,0.20000000000000043,31.818181818181813,-4.545454545454552,SCORED_WINDOW,,True,42,1758115800000,20.833333333333325,-33.33333333333333,-25.0,8.0,28.0,-37.93103448275862,-1.2000000000000004,31.818181818181813,-27.27272727272727,SCORED_WINDOW,,True,141,1758720600000,20.833333333333325,-75.0,-58.33333333333333,8.0,131.0,-65.51724137931035,-2.8000000000000007,31.818181818181813,-72.72727272727273
AMC15SUP-032,O:AMC251010C00003000,CALL,3.0,2025-10-10,30,0.0,DISCOVERY,CONTINUATION,2025-09-10T13:45:00+00:00,2025-09-10T13:30:00+00:00,-5.676666666666671,30,SCORED_WINDOW,,True,3,1757514600000,7.14285714285714,0.0,0.0,1.0,1.0,-6.666666666666654,0.0,25.0,16.666666666666675,SCORED_WINDOW,,True,13,1757597400000,7.14285714285714,-57.14285714285715,-50.0,1.0,12.0,-53.33333333333332,-7.0000000000000036,25.0,-50.0,SCORED_WINDOW,,True,52,1757943000000,7.14285714285714,-57.14285714285715,-7.142857142857151,1.0,12.0,-13.33333333333333,-1.0000000000000016,25.0,-50.0,SCORED_WINDOW,,True,91,1758115800000,21.42857142857142,-57.14285714285715,0.0,64.0,12.0,-17.647058823529406,0.0,41.66666666666667,-50.0,SCORED_WINDOW,,True,212,1758720600000,142.85714285714283,-57.14285714285715,21.42857142857142,137.0,12.0,-50.0,0.14999999999999997,183.33333333333334,-50.0
AMC15SUP-032,O:AMC251010P00003000,PUT,3.0,2025-10-10,30,0.0,DISCOVERY,CONTINUATION,2025-09-10T13:45:00+00:00,2025-09-10T13:30:00+00:00,5.676666666666671,30,UNSCORED_NO_POST_SIGNAL_PRINT,,False,0,1757514600000,,,,,,,,,,SCORED_WINDOW,,True,1,1757597400000,6.25,0.0,6.25,1.0,1.0,0.0,1.0,9.677419354838722,3.2258064516129004,SCORED_WINDOW,,True,9,1757943000000,6.25,-12.49999999999999,-6.25,1.0,3.0,-11.764705882352954,-1.0,9.677419354838722,-9.677419354838701,SCORED_WINDOW,,True,17,1758115800000,6.25,-25.0,-25.0,1.0,13.0,-29.41176470588236,-4.0,9.677419354838722,-22.580645161290324,SCORED_WINDOW,,True,55,1758720600000,6.25,-43.75,-37.5,1.0,51.0,-41.17647058823529,-6.0,9.677419354838722,-41.93548387096775
AMC15SUP-033,O:AMC250926C00003000,CALL,3.0,2025-09-26,14,0.0,DISCOVERY,CONTINUATION,2025-09-15T19:30:00+00:00,2025-09-15T19:15:00+00:00,-3.166666666666673,11,SCORED_WINDOW,,True,4,1758030300000,12.5,-25.0,-12.49999999999999,1.0,3.0,-22.22222222222221,-0.9999999999999991,0.0,-33.333333333333336,SCORED_WINDOW,,True,26,1758050100000,12.5,-25.0,-12.49999999999999,1.0,3.0,-22.22222222222221,-0.9999999999999991,0.0,-33.333333333333336,SCORED_WINDOW,,True,77,1758222900000,12.5,-62.5,-62.5,1.0,54.0,-66.66666666666667,-5.0,0.0,-66.66666666666667,SCORED_WINDOW,,True,129,1758568500000,200.0,-62.5,-12.49999999999999,81.0,54.0,-70.83333333333333,-0.062499999999999944,166.66666666666666,-66.66666666666667,SCORED_RIGHT_CENSORED,CONTRACT_EXPIRY,False,234,1759173300000,,,,,,,,,
AMC15SUP-033,O:AMC250926P00003000,PUT,3.0,2025-09-26,14,0.0,DISCOVERY,CONTINUATION,2025-09-15T19:30:00+00:00,2025-09-15T19:15:00+00:00,3.166666666666673,11,SCORED_WINDOW,,True,1,1758030300000,11.764705882352944,0.0,5.88235294117645,1.0,1.0,-5.263157894736848,0.4999999999999981,11.764705882352944,0.0,SCORED_WINDOW,,True,9,1758050100000,23.529411764705866,0.0,11.764705882352944,7.0,1.0,-9.523809523809524,0.5000000000000004,23.529411764705866,0.0,SCORED_WINDOW,,True,34,1758222900000,41.17647058823528,0.0,11.764705882352944,23.0,1.0,-20.833333333333325,0.28571428571428586,41.17647058823528,0.0,SCORED_WINDOW,,True,83,1758568500000,41.17647058823528,-47.058823529411775,-41.17647058823529,23.0,71.0,-58.33333333333333,-1.0000000000000002,41.17647058823528,-47.058823529411775,SCORED_RIGHT_CENSORED,CONTRACT_EXPIRY,False,179,1759173300000,,,,,,,,,
AMC15SUP-033,O:AMC251017C00003000,CALL,3.0,2025-10-17,30,0.0,DISCOVERY,CONTINUATION,2025-09-15T19:30:00+00:00,2025-09-15T19:15:00+00:00,-3.166666666666673,32,SCORED_WINDOW,,True,4,1758030300000,11.111111111111116,-5.5555555555555465,0.0,3.0,3.0,-10.000000000000009,0.0,11.111111111111116,-5.5555555555555465,SCORED_WINDOW,,True,24,1758050100000,11.111111111111116,-11.111111111111105,0.0,3.0,5.0,-10.000000000000009,0.0,11.111111111111116,-11.111111111111105,SCORED_WINDOW,,True,70,1758222900000,11.111111111111116,-27.777777777777768,-22.22222222222221,3.0,49.0,-29.999999999999993,-1.999999999999998,11.111111111111116,-27.777777777777768,SCORED_WINDOW,,True,122,1758568500000,111.11111111111111,-27.777777777777768,22.222222222222232,74.0,49.0,-42.10526315789473,0.2000000000000001,111.11111111111111,-27.777777777777768,SCORED_WINDOW,,True,245,1759173300000,111.11111111111111,-33.333333333333336,0.0,74.0,197.0,-52.63157894736843,0.0,111.11111111111111,-33.333333333333336
AMC15SUP-033,O:AMC251017P00003000,PUT,3.0,2025-10-17,30,0.0,DISCOVERY,CONTINUATION,2025-09-15T19:30:00+00:00,2025-09-15T19:15:00+00:00,3.166666666666673,32,UNSCORED_SIGNAL_BAR_ABSENT,,False,,1758030300000,,,,,,,,,,UNSCORED_SIGNAL_BAR_ABSENT,,False,,1758050100000,,,,,,,,,,UNSCORED_SIGNAL_BAR_ABSENT,,False,,1758222900000,,,,,,,,,,UNSCORED_SIGNAL_BAR_ABSENT,,False,,1758568500000,,,,,,,,,,UNSCORED_SIGNAL_BAR_ABSENT,,False,,1759173300000,,,,,,,,,
AMC15SUP-034,O:AMC251003C00003000,CALL,3.0,2025-10-03,14,0.0,DISCOVERY,ENTRY_FORMING,2025-09-22T20:00:00+00:00,2025-09-22T19:45:00+00:00,0.0,11,SCORED_WINDOW,,True,4,1758636900000,6.666666666666665,-13.33333333333333,-6.666666666666654,1.0,1.0,-12.49999999999999,-0.9999999999999982,0.0,-18.75,SCORED_WINDOW,,True,26,1758656700000,6.666666666666665,-40.0,-26.66666666666666,1.0,26.0,-31.25,-4.0,0.0,-43.75,SCORED_WINDOW,,True,78,1758829500000,6.666666666666665,-73.33333333333334,-60.0,1.0,68.0,-62.5,-9.000000000000002,0.0,-75.0,SCORED_WINDOW,,True,130,1759175100000,6.666666666666665,-73.33333333333334,-46.666666666666664,1.0,68.0,-50.0,-7.000000000000001,0.0,-75.0,SCORED_RIGHT_CENSORED,CONTRACT_EXPIRY,False,234,1759779900000,,,,,,,,,
AMC15SUP-034,O:AMC251003P00003000,PUT,3.0,2025-10-03,14,0.0,DISCOVERY,ENTRY_FORMING,2025-09-22T20:00:00+00:00,2025-09-22T19:45:00+00:00,-0.0,11,SCORED_WINDOW,,True,4,1758636900000,26.666666666666682,0.0,6.666666666666665,1.0,1.0,-15.789473684210531,0.2499999999999998,11.764705882352944,-11.764705882352954,SCORED_WINDOW,,True,20,1758656700000,26.666666666666682,-6.666666666666654,6.666666666666665,1.0,14.0,-15.789473684210531,0.2499999999999998,11.764705882352944,-17.647058823529406,SCORED_WINDOW,,True,56,1758829500000,60.00000000000001,-6.666666666666654,46.66666666666668,50.0,14.0,-8.333333333333325,0.7777777777777779,41.17647058823528,-17.647058823529406,SCORED_WINDOW,,True,105,1759175100000,60.00000000000001,-53.33333333333332,-46.666666666666664,50.0,82.0,-66.66666666666666,-0.7777777777777777,41.17647058823528,-58.823529411764696,SCORED_RIGHT_CENSORED,CONTRACT_EXPIRY,False,200,1759779900000,,,,,,,,,
AMC15SUP-034,O:AMC251024C00003000,CALL,3.0,2025-10-24,30,0.0,DISCOVERY,ENTRY_FORMING,2025-09-22T20:00:00+00:00,2025-09-22T19:45:00+00:00,0.0,32,SCORED_WINDOW,,True,4,1758636900000,0.0,-14.814814814814813,-3.703703703703709,1.0,1.0,-3.703703703703709,,3.8461538461538547,-11.538461538461542,SCORED_WINDOW,,True,17,1758656700000,0.0,-22.222222222222232,-22.222222222222232,1.0,5.0,-22.222222222222232,,3.8461538461538547,-19.23076923076924,SCORED_WINDOW,,True,40,1758829500000,0.0,-40.74074074074075,-40.74074074074075,1.0,29.0,-40.74074074074075,,3.8461538461538547,-38.46153846153846,SCORED_WINDOW,,True,77,1759175100000,0.0,-48.14814814814815,-14.814814814814813,1.0,47.0,-14.814814814814813,,3.8461538461538547,-46.153846153846146,SCORED_WINDOW,,True,172,1759779900000,18.518518518518512,-48.14814814814815,-44.44444444444445,125.0,47.0,-53.125,-2.4000000000000012,23.076923076923084,-46.153846153846146
AMC15SUP-034,O:AMC251024P00003000,PUT,3.0,2025-10-24,30,0.0,DISCOVERY,ENTRY_FORMING,2025-09-22T20:00:00+00:00,2025-09-22T19:45:00+00:00,-0.0,32,UNSCORED_SIGNAL_BAR_ABSENT,,False,,1758636900000,,,,,,,,,,UNSCORED_SIGNAL_BAR_ABSENT,,False,,1758656700000,,,,,,,,,,UNSCORED_SIGNAL_BAR_ABSENT,,False,,1758829500000,,,,,,,,,,UNSCORED_SIGNAL_BAR_ABSENT,,False,,1759175100000,,,,,,,,,,UNSCORED_SIGNAL_BAR_ABSENT,,False,,1759779900000,,,,,,,,,
AMC15SUP-035,O:AMC251107C00002500,CALL,2.5,2025-11-07,14,0.0,DISCOVERY,CONTINUATION,2025-10-24T18:30:00+00:00,2025-10-24T18:15:00+00:00,8.599999999999994,14,UNSCORED_SIGNAL_BAR_ABSENT,,False,,1761333300000,,,,,,,,,,UNSCORED_SIGNAL_BAR_ABSENT,,False,,1761588900000,,,,,,,,,,UNSCORED_SIGNAL_BAR_ABSENT,,False,,1761761700000,,,,,,,,,,UNSCORED_SIGNAL_BAR_ABSENT,,False,,1761934500000,,,,,,,,,,UNSCORED_SIGNAL_BAR_ABSENT,,False,,1762542900000,,,,,,,,,
AMC15SUP-035,O:AMC251107P00002500,PUT,2.5,2025-11-07,14,0.0,DISCOVERY,CONTINUATION,2025-10-24T18:30:00+00:00,2025-10-24T18:15:00+00:00,-8.599999999999994,14,SCORED_WINDOW,,True,1,1761333300000,12.5,0.0,12.5,1.0,1.0,0.0,1.0,12.5,0.0,SCORED_WINDOW,,True,16,1761588900000,12.5,-37.5,-25.0,1.0,10.0,-33.333333333333336,-2.0,12.5,-37.5,SCORED_WINDOW,,True,46,1761761700000,12.5,-37.5,-12.49999999999999,1.0,10.0,-22.22222222222221,-0.9999999999999991,12.5,-37.5,SCORED_WINDOW,,True,89,1761934500000,87.5,-37.5,12.5,52.0,10.0,-40.0,0.14285714285714285,87.5,-37.5,SCORED_WINDOW,,True,216,1762542900000,87.5,-75.0,-12.49999999999999,52.0,191.0,-53.33333333333332,-0.14285714285714274,87.5,-75.0
AMC15SUP-035,O:AMC251121C00002500,CALL,2.5,2025-11-21,30,0.0,DISCOVERY,CONTINUATION,2025-10-24T18:30:00+00:00,2025-10-24T18:15:00+00:00,8.599999999999994,28,SCORED_WINDOW,,True,2,1761333300000,0.0,0.0,0.0,1.0,1.0,0.0,,2.857142857142869,2.857142857142869,SCORED_WINDOW,,True,13,1761588900000,2.77777777777779,-11.111111111111105,2.77777777777779,13.0,4.0,0.0,1.0,5.714285714285716,-8.571428571428562,SCORED_WINDOW,,True,41,1761761700000,2.77777777777779,-16.666666666666664,-11.111111111111105,13.0,31.0,-13.513513513513509,-3.99999999999998,5.714285714285716,-14.28571428571428,SCORED_WINDOW,,True,79,1761934500000,2.77777777777779,-44.44444444444444,-27.777777777777768,13.0,62.0,-29.729729729729726,-9.999999999999952,5.714285714285716,-42.85714285714285,SCORED_WINDOW,,True,168,1762542900000,2.77777777777779,-72.22222222222221,-63.888888888888886,13.0,153.0,-64.86486486486487,-22.999999999999897,5.714285714285716,-71.42857142857142
AMC15SUP-035,O:AMC251121P00002500,PUT,2.5,2025-11-21,30,0.0,DISCOVERY,CONTINUATION,2025-10-24T18:30:00+00:00,2025-10-24T18:15:00+00:00,-8.599999999999994,28,UNSCORED_SIGNAL_BAR_ABSENT,,False,,1761333300000,,,,,,,,,,UNSCORED_SIGNAL_BAR_ABSENT,,False,,1761588900000,,,,,,,,,,UNSCORED_SIGNAL_BAR_ABSENT,,False,,1761761700000,,,,,,,,,,UNSCORED_SIGNAL_BAR_ABSENT,,False,,1761934500000,,,,,,,,,,UNSCORED_SIGNAL_BAR_ABSENT,,False,,1762542900000,,,,,,,,,
AMC15SUP-036,O:AMC251107C00003000,CALL,3.0,2025-11-07,14,0.0,DISCOVERY,ENTRY_FORMING,2025-10-27T18:45:00+00:00,2025-10-27T18:30:00+00:00,-8.806666666666674,11,SCORED_WINDOW,,True,4,1761593400000,9.999999999999986,-10.000000000000009,-10.000000000000009,1.0,2.0,-18.181818181818187,-1.0000000000000022,0.0,-18.181818181818187,SCORED_WINDOW,,True,26,1761676200000,9.999999999999986,-20.000000000000007,0.0,1.0,7.0,-9.090909090909083,0.0,0.0,-27.27272727272727,SCORED_WINDOW,,True,76,1761849000000,9.999999999999986,-50.0,-50.0,1.0,57.0,-54.54545454545454,-5.000000000000007,0.0,-54.54545454545454,SCORED_WINDOW,,True,128,1762198200000,9.999999999999986,-80.0,-60.00000000000001,1.0,84.0,-63.63636363636363,-6.000000000000009,0.0,-81.81818181818181,SCORED_RIGHT_CENSORED,CONTRACT_EXPIRY,False,236,1762803000000,,,,,,,,,
AMC15SUP-036,O:AMC251107P00003000,PUT,3.0,2025-11-07,14,0.0,DISCOVERY,ENTRY_FORMING,2025-10-27T18:45:00+00:00,2025-10-27T18:30:00+00:00,8.806666666666674,11,UNSCORED_SIGNAL_BAR_ABSENT,,False,,1761593400000,,,,,,,,,,UNSCORED_SIGNAL_BAR_ABSENT,,False,,1761676200000,,,,,,,,,,UNSCORED_SIGNAL_BAR_ABSENT,,False,,1761849000000,,,,,,,,,,UNSCORED_SIGNAL_BAR_ABSENT,,False,,1762198200000,,,,,,,,,,UNSCORED_SIGNAL_BAR_ABSENT,CONTRACT_EXPIRY,False,,1762803000000,,,,,,,,,
AMC15SUP-036,O:AMC251128C00003000,CALL,3.0,2025-11-28,30,0.0,DISCOVERY,ENTRY_FORMING,2025-10-27T18:45:00+00:00,2025-10-27T18:30:00+00:00,-8.806666666666674,32,UNSCORED_SIGNAL_BAR_ABSENT,,False,,1761593400000,,,,,,,,,,UNSCORED_SIGNAL_BAR_ABSENT,,False,,1761676200000,,,,,,,,,,UNSCORED_SIGNAL_BAR_ABSENT,,False,,1761849000000,,,,,,,,,,UNSCORED_SIGNAL_BAR_ABSENT,,False,,1762198200000,,,,,,,,,,UNSCORED_SIGNAL_BAR_ABSENT,,False,,1762803000000,,,,,,,,,
AMC15SUP-036,O:AMC251128P00003000,PUT,3.0,2025-11-28,30,0.0,DISCOVERY,ENTRY_FORMING,2025-10-27T18:45:00+00:00,2025-10-27T18:30:00+00:00,8.806666666666674,32,UNSCORED_SIGNAL_BAR_ABSENT,,False,,1761593400000,,,,,,,,,,UNSCORED_SIGNAL_BAR_ABSENT,,False,,1761676200000,,,,,,,,,,UNSCORED_SIGNAL_BAR_ABSENT,,False,,1761849000000,,,,,,,,,,UNSCORED_SIGNAL_BAR_ABSENT,,False,,1762198200000,,,,,,,,,,UNSCORED_SIGNAL_BAR_ABSENT,,False,,1762803000000,,,,,,,,,
AMC15SUP-037,O:AMC251128C00002500,CALL,2.5,2025-11-28,14,0.0,DISCOVERY,ENTRY_FORMING,2025-11-12T21:00:00+00:00,2025-11-12T20:45:00+00:00,-1.4000000000000057,16,SCORED_WINDOW,,True,4,1763046900000,0.0,-25.0,-16.666666666666664,1.0,3.0,-16.666666666666664,,-14.285714285714302,-35.71428571428572,SCORED_WINDOW,,True,25,1763066700000,0.0,-33.33333333333333,-25.0,1.0,9.0,-25.0,,-14.285714285714302,-42.85714285714286,SCORED_WINDOW,,True,76,1763412300000,0.0,-75.0,-66.66666666666666,1.0,51.0,-66.66666666666666,,-14.285714285714302,-78.57142857142858,SCORED_WINDOW,,True,125,1763585100000,0.0,-91.66666666666666,-83.33333333333333,1.0,121.0,-83.33333333333333,,-14.285714285714302,-92.85714285714286,SCORED_WINDOW,,True,255,1764189900000,0.0,-91.66666666666666,-91.66666666666666,1.0,121.0,-91.66666666666666,,-14.285714285714302,-92.85714285714286
AMC15SUP-037,O:AMC251128P00002500,PUT,2.5,2025-11-28,14,0.0,DISCOVERY,ENTRY_FORMING,2025-11-12T21:00:00+00:00,2025-11-12T20:45:00+00:00,1.4000000000000057,16,SCORED_WINDOW,,True,2,1763046900000,0.0,-38.46153846153846,-23.076923076923073,1.0,1.0,-23.076923076923073,,62.5,0.0,SCORED_WINDOW,,True,9,1763066700000,0.0,-38.46153846153846,-11.538461538461542,1.0,1.0,-11.538461538461542,,62.5,0.0,SCORED_WINDOW,,True,31,1763412300000,57.692307692307686,-38.46153846153846,46.153846153846146,30.0,1.0,-7.317073170731703,0.7999999999999999,156.25,0.0,SCORED_WINDOW,,True,47,1763585100000,57.692307692307686,-38.46153846153846,42.30769230769229,30.0,1.0,-9.756097560975608,0.7333333333333332,156.25,0.0,SCORED_WINDOW,,True,122,1764189900000,69.23076923076923,-38.46153846153846,-23.076923076923073,59.0,1.0,-54.54545454545454,-0.3333333333333333,175.0,0.0
AMC15SUP-037,O:AMC251212C00002500,CALL,2.5,2025-12-12,30,0.0,DISCOVERY,ENTRY_FORMING,2025-11-12T21:00:00+00:00,2025-11-12T20:45:00+00:00,-1.4000000000000057,30,UNSCORED_SIGNAL_BAR_ABSENT,,False,,1763046900000,,,,,,,,,,UNSCORED_SIGNAL_BAR_ABSENT,,False,,1763066700000,,,,,,,,,,UNSCORED_SIGNAL_BAR_ABSENT,,False,,1763412300000,,,,,,,,,,UNSCORED_SIGNAL_BAR_ABSENT,,False,,1763585100000,,,,,,,,,,UNSCORED_SIGNAL_BAR_ABSENT,,False,,1764189900000,,,,,,,,,
AMC15SUP-037,O:AMC251212P00002500,PUT,2.5,2025-12-12,30,0.0,DISCOVERY,ENTRY_FORMING,2025-11-12T21:00:00+00:00,2025-11-12T20:45:00+00:00,1.4000000000000057,30,UNSCORED_SIGNAL_BAR_ABSENT,,False,,1763046900000,,,,,,,,,,UNSCORED_SIGNAL_BAR_ABSENT,,False,,1763066700000,,,,,,,,,,UNSCORED_SIGNAL_BAR_ABSENT,,False,,1763412300000,,,,,,,,,,UNSCORED_SIGNAL_BAR_ABSENT,,False,,1763585100000,,,,,,,,,,UNSCORED_SIGNAL_BAR_ABSENT,,False,,1764189900000,,,,,,,,,
AMC15SUP-038,O:AMC251226C00002500,CALL,2.5,2025-12-26,14,0.0,DISCOVERY,ENTRY_FORMING,2025-12-10T17:15:00+00:00,2025-12-10T17:00:00+00:00,-8.252000000000006,16,SCORED_WINDOW,,True,4,1765389600000,16.666666666666675,0.0,16.666666666666675,2.0,1.0,0.0,1.0,0.0,-14.285714285714302,SCORED_WINDOW,,True,20,1765472400000,16.666666666666675,-33.33333333333333,-33.33333333333333,2.0,12.0,-42.85714285714286,-1.9999999999999987,0.0,-42.85714285714286,SCORED_WINDOW,,True,65,1765818000000,16.666666666666675,-66.66666666666666,-50.0,2.0,51.0,-57.14285714285715,-2.9999999999999987,0.0,-71.42857142857143,SCORED_WINDOW,,True,116,1765990800000,16.666666666666675,-83.33333333333333,-66.66666666666666,2.0,106.0,-71.42857142857143,-3.9999999999999973,0.0,-85.71428571428572,SCORED_WINDOW,,True,189,1766595600000,16.666666666666675,-83.33333333333333,-83.33333333333333,2.0,106.0,-85.71428571428572,-4.999999999999997,0.0,-85.71428571428572
AMC15SUP-038,O:AMC251226P00002500,PUT,2.5,2025-12-26,14,0.0,DISCOVERY,ENTRY_FORMING,2025-12-10T17:15:00+00:00,2025-12-10T17:00:00+00:00,8.252000000000006,16,UNSCORED_SIGNAL_BAR_ABSENT,,False,,1765389600000,,,,,,,,,,UNSCORED_SIGNAL_BAR_ABSENT,,False,,1765472400000,,,,,,,,,,UNSCORED_SIGNAL_BAR_ABSENT,,False,,1765818000000,,,,,,,,,,UNSCORED_SIGNAL_BAR_ABSENT,,False,,1765990800000,,,,,,,,,,UNSCORED_SIGNAL_BAR_ABSENT,,False,,1766595600000,,,,,,,,,
AMC15SUP-038,O:AMC260109C00002500,CALL,2.5,2026-01-09,30,0.0,DISCOVERY,ENTRY_FORMING,2025-12-10T17:15:00+00:00,2025-12-10T17:00:00+00:00,-8.252000000000006,30,SCORED_WINDOW,,True,1,1765389600000,0.0,0.0,0.0,1.0,1.0,0.0,,0.0,0.0,SCORED_WINDOW,,True,10,1765472400000,0.0,-27.27272727272727,-18.181818181818187,1.0,7.0,-18.181818181818187,,0.0,-27.27272727272727,SCORED_WINDOW,,True,44,1765818000000,0.0,-54.54545454545454,-54.54545454545454,1.0,35.0,-54.54545454545454,,0.0,-54.54545454545454,SCORED_WINDOW,,True,83,1765990800000,0.0,-63.63636363636363,-63.63636363636363,1.0,66.0,-63.63636363636363,,0.0,-63.63636363636363,SCORED_WINDOW,,True,160,1766595600000,54.54545454545456,-81.81818181818181,-72.72727272727273,91.0,130.0,-82.35294117647058,-1.333333333333333,54.54545454545456,-81.81818181818181
AMC15SUP-038,O:AMC260109P00002500,PUT,2.5,2026-01-09,30,0.0,DISCOVERY,ENTRY_FORMING,2025-12-10T17:15:00+00:00,2025-12-10T17:00:00+00:00,8.252000000000006,30,UNSCORED_SIGNAL_BAR_ABSENT,,False,,1765389600000,,,,,,,,,,UNSCORED_SIGNAL_BAR_ABSENT,,False,,1765472400000,,,,,,,,,,UNSCORED_SIGNAL_BAR_ABSENT,,False,,1765818000000,,,,,,,,,,UNSCORED_SIGNAL_BAR_ABSENT,,False,,1765990800000,,,,,,,,,,UNSCORED_SIGNAL_BAR_ABSENT,,False,,1766595600000,,,,,,,,,
AMC15SUP-039,O:AMC260123C00001500,CALL,1.5,2026-01-23,14,0.0,DISCOVERY,CONTINUATION,2026-01-07T14:45:00+00:00,2026-01-07T14:30:00+00:00,4.666666666666671,16,SCORED_WINDOW,,True,2,1767799800000,8.333333333333348,0.0,8.333333333333348,2.0,1.0,0.0,1.0,0.0,-7.692307692307699,SCORED_WINDOW,,True,15,1767882600000,16.666666666666675,-25.0,-25.0,11.0,15.0,-35.71428571428572,-1.4999999999999993,7.692307692307709,-30.76923076923077,SCORED_WINDOW,,True,62,1768228200000,108.33333333333334,-50.0,75.0,49.0,44.0,-16.000000000000004,0.6923076923076923,92.30769230769229,-53.846153846153854,SCORED_WINDOW,,True,109,1768401000000,175.00000000000006,-50.0,25.0,84.0,44.0,-54.54545454545454,0.14285714285714282,153.84615384615384,-53.846153846153854,SCORED_WINDOW,,True,231,1769092200000,175.00000000000006,-50.0,8.333333333333348,84.0,44.0,-60.60606060606061,0.047619047619047686,153.84615384615384,-53.846153846153854
AMC15SUP-039,O:AMC260123P00001500,PUT,1.5,2026-01-23,14,0.0,DISCOVERY,CONTINUATION,2026-01-07T14:45:00+00:00,2026-01-07T14:30:00+00:00,-4.666666666666671,16,SCORED_WINDOW,,True,2,1767799800000,0.0,-50.0,-50.0,1.0,2.0,-50.0,,25.0,-37.5,SCORED_WINDOW,,True,11,1767882600000,0.0,-50.0,-10.000000000000009,1.0,2.0,-10.000000000000009,,25.0,-37.5,SCORED_WINDOW,,True,42,1768228200000,19.999999999999996,-50.0,-40.0,18.0,2.0,-50.0,-2.0000000000000004,50.0,-37.5,SCORED_WINDOW,,True,85,1768401000000,19.999999999999996,-70.0,-50.0,18.0,59.0,-58.33333333333333,-2.5000000000000004,50.0,-62.5,SCORED_WINDOW,,True,187,1769092200000,19.999999999999996,-90.0,-90.0,18.0,128.0,-91.66666666666666,-4.500000000000001,50.0,-87.5
AMC15SUP-039,O:AMC260206C00001500,CALL,1.5,2026-02-06,30,0.0,DISCOVERY,CONTINUATION,2026-01-07T14:45:00+00:00,2026-01-07T14:30:00+00:00,4.666666666666671,30,UNSCORED_SIGNAL_BAR_ABSENT,,False,,1767799800000,,,,,,,,,,UNSCORED_SIGNAL_BAR_ABSENT,,False,,1767882600000,,,,,,,,,,UNSCORED_SIGNAL_BAR_ABSENT,,False,,1768228200000,,,,,,,,,,UNSCORED_SIGNAL_BAR_ABSENT,,False,,1768401000000,,,,,,,,,,UNSCORED_SIGNAL_BAR_ABSENT,,False,,1769092200000,,,,,,,,,
AMC15SUP-039,O:AMC260206P00001500,PUT,1.5,2026-02-06,30,0.0,DISCOVERY,CONTINUATION,2026-01-07T14:45:00+00:00,2026-01-07T14:30:00+00:00,-4.666666666666671,30,UNSCORED_SIGNAL_BAR_ABSENT,,False,,1767799800000,,,,,,,,,,UNSCORED_SIGNAL_BAR_ABSENT,,False,,1767882600000,,,,,,,,,,UNSCORED_SIGNAL_BAR_ABSENT,,False,,1768228200000,,,,,,,,,,UNSCORED_SIGNAL_BAR_ABSENT,,False,,1768401000000,,,,,,,,,,UNSCORED_SIGNAL_BAR_ABSENT,,False,,1769092200000,,,,,,,,,
AMC15SUP-040,O:AMC260130C00001500,CALL,1.5,2026-01-30,14,0.0,DISCOVERY,ENTRY_FORMING,2026-01-16T16:30:00+00:00,2026-01-16T16:15:00+00:00,9.000000000000002,14,UNSCORED_SIGNAL_BAR_ABSENT,,False,,1768583700000,,,,,,,,,,UNSCORED_SIGNAL_BAR_ABSENT,,False,,1768925700000,,,,,,,,,,UNSCORED_SIGNAL_BAR_ABSENT,,False,,1769098500000,,,,,,,,,,UNSCORED_SIGNAL_BAR_ABSENT,,False,,1769444100000,,,,,,,,,,UNSCORED_SIGNAL_BAR_ABSENT,CONTRACT_EXPIRY,False,,1770048900000,,,,,,,,,
AMC15SUP-040,O:AMC260130P00001500,PUT,1.5,2026-01-30,14,0.0,DISCOVERY,ENTRY_FORMING,2026-01-16T16:30:00+00:00,2026-01-16T16:15:00+00:00,-9.000000000000002,14,UNSCORED_SIGNAL_BAR_ABSENT,,False,,1768583700000,,,,,,,,,,UNSCORED_SIGNAL_BAR_ABSENT,,False,,1768925700000,,,,,,,,,,UNSCORED_SIGNAL_BAR_ABSENT,,False,,1769098500000,,,,,,,,,,UNSCORED_SIGNAL_BAR_ABSENT,,False,,1769444100000,,,,,,,,,,UNSCORED_SIGNAL_BAR_ABSENT,CONTRACT_EXPIRY,False,,1770048900000,,,,,,,,,
AMC15SUP-040,O:AMC260213C00001500,CALL,1.5,2026-02-13,30,0.0,DISCOVERY,ENTRY_FORMING,2026-01-16T16:30:00+00:00,2026-01-16T16:15:00+00:00,9.000000000000002,28,UNSCORED_NO_POST_SIGNAL_PRINT,,False,0,1768583700000,,,,,,,,,,SCORED_WINDOW,,True,2,1768925700000,4.761904761904767,-4.761904761904756,-4.761904761904756,1.0,2.0,-9.090909090909083,-0.9999999999999976,-12.0,-19.999999999999996,SCORED_WINDOW,,True,14,1769098500000,23.809523809523814,-38.095238095238095,4.761904761904767,6.0,5.0,-15.384615384615385,0.20000000000000018,4.0000000000000036,-48.0,SCORED_WINDOW,,True,43,1769444100000,23.809523809523814,-38.095238095238095,-33.33333333333333,6.0,5.0,-46.153846153846146,-1.3999999999999995,4.0000000000000036,-48.0,SCORED_WINDOW,,True,142,1770048900000,23.809523809523814,-95.23809523809523,-57.14285714285714,6.0,89.0,-65.38461538461539,-2.3999999999999995,4.0000000000000036,-96.0
AMC15SUP-040,O:AMC260213P00001500,PUT,1.5,2026-02-13,30,0.0,DISCOVERY,ENTRY_FORMING,2026-01-16T16:30:00+00:00,2026-01-16T16:15:00+00:00,-9.000000000000002,28,UNSCORED_SIGNAL_BAR_ABSENT,,False,,1768583700000,,,,,,,,,,UNSCORED_SIGNAL_BAR_ABSENT,,False,,1768925700000,,,,,,,,,,UNSCORED_SIGNAL_BAR_ABSENT,,False,,1769098500000,,,,,,,,,,UNSCORED_SIGNAL_BAR_ABSENT,,False,,1769444100000,,,,,,,,,,UNSCORED_SIGNAL_BAR_ABSENT,,False,,1770048900000,,,,,,,,,
AMC15SUP-041,O:AMC260227C00001500,CALL,1.5,2026-02-27,14,0.0,HOLDOUT,ENTRY_FORMING,2026-02-10T16:45:00+00:00,2026-02-10T16:30:00+00:00,-7.666666666666666,17,SCORED_WINDOW,,True,3,1770744600000,1000.0,0.0,900.0,1.0,1.0,-9.090909090909083,0.9,9.999999999999986,-90.0,SCORED_WINDOW,,True,23,1770827400000,1000.0,0.0,800.0,1.0,1.0,-18.181818181818187,0.8,9.999999999999986,-90.0,SCORED_WINDOW,,True,73,1771000200000,1000.0,0.0,600.0000000000001,1.0,1.0,-36.36363636363635,0.6000000000000001,9.999999999999986,-90.0,SCORED_WINDOW,,True,125,1771432200000,1000.0,0.0,500.0,1.0,1.0,-45.45454545454546,0.5,9.999999999999986,-90.0,SCORED_WINDOW,,True,254,1772037000000,1000.0,0.0,0.0,1.0,1.0,-90.9090909090909,0.0,9.999999999999986,-90.0
AMC15SUP-041,O:AMC260227P00001500,PUT,1.5,2026-02-27,14,0.0,HOLDOUT,ENTRY_FORMING,2026-02-10T16:45:00+00:00,2026-02-10T16:30:00+00:00,7.666666666666666,17,UNSCORED_SIGNAL_BAR_ABSENT,,False,,1770744600000,,,,,,,,,,UNSCORED_SIGNAL_BAR_ABSENT,,False,,1770827400000,,,,,,,,,,UNSCORED_SIGNAL_BAR_ABSENT,,False,,1771000200000,,,,,,,,,,UNSCORED_SIGNAL_BAR_ABSENT,,False,,1771432200000,,,,,,,,,,UNSCORED_SIGNAL_BAR_ABSENT,,False,,1772037000000,,,,,,,,,
AMC15SUP-041,O:AMC260313C00001500,CALL,1.5,2026-03-13,30,0.0,HOLDOUT,ENTRY_FORMING,2026-02-10T16:45:00+00:00,2026-02-10T16:30:00+00:00,-7.666666666666666,31,SCORED_WINDOW,,True,2,1770744600000,0.0,-16.666666666666664,-16.666666666666664,1.0,2.0,-16.666666666666664,,19.999999999999996,0.0,SCORED_WINDOW,,True,13,1770827400000,0.0,-38.888888888888886,-33.333333333333336,1.0,8.0,-33.333333333333336,,19.999999999999996,-26.66666666666666,SCORED_WINDOW,,True,41,1771000200000,0.0,-55.55555555555556,-44.44444444444444,1.0,23.0,-44.44444444444444,,19.999999999999996,-46.666666666666664,SCORED_WINDOW,,True,75,1771432200000,0.0,-61.11111111111111,-55.55555555555556,1.0,70.0,-55.55555555555556,,19.999999999999996,-53.33333333333332,SCORED_WINDOW,,True,159,1772037000000,0.0,-88.88888888888889,-83.33333333333334,1.0,158.0,-83.33333333333334,,19.999999999999996,-86.66666666666667
AMC15SUP-041,O:AMC260313P00001500,PUT,1.5,2026-03-13,30,0.0,HOLDOUT,ENTRY_FORMING,2026-02-10T16:45:00+00:00,2026-02-10T16:30:00+00:00,7.666666666666666,31,UNSCORED_SIGNAL_BAR_ABSENT,,False,,1770744600000,,,,,,,,,,UNSCORED_SIGNAL_BAR_ABSENT,,False,,1770827400000,,,,,,,,,,UNSCORED_SIGNAL_BAR_ABSENT,,False,,1771000200000,,,,,,,,,,UNSCORED_SIGNAL_BAR_ABSENT,,False,,1771432200000,,,,,,,,,,UNSCORED_SIGNAL_BAR_ABSENT,,False,,1772037000000,,,,,,,,,
AMC15SUP-042,O:AMC260306C00001500,CALL,1.5,2026-03-06,14,0.0,HOLDOUT,ENTRY_FORMING,2026-02-18T15:15:00+00:00,2026-02-18T15:00:00+00:00,-16.006666666666668,16,SCORED_WINDOW,,True,4,1771430400000,14.28571428571428,0.0,0.0,1.0,1.0,-12.49999999999999,0.0,14.28571428571428,0.0,SCORED_WINDOW,,True,18,1771513200000,14.28571428571428,-28.57142857142857,-28.57142857142857,1.0,16.0,-37.5,-2.000000000000001,14.28571428571428,-28.57142857142857,SCORED_WINDOW,,True,64,1771858800000,14.28571428571428,-57.14285714285715,-57.14285714285715,1.0,44.0,-62.5,-4.000000000000003,14.28571428571428,-57.14285714285715,SCORED_WINDOW,,True,114,1772031600000,14.28571428571428,-71.42857142857143,-71.42857142857143,1.0,100.0,-75.0,-5.000000000000003,14.28571428571428,-71.42857142857143,SCORED_WINDOW,,True,233,1772636400000,14.28571428571428,-85.71428571428572,-85.71428571428572,1.0,117.0,-87.5,-6.0000000000000036,14.28571428571428,-85.71428571428572
AMC15SUP-042,O:AMC260306P00001500,PUT,1.5,2026-03-06,14,0.0,HOLDOUT,ENTRY_FORMING,2026-02-18T15:15:00+00:00,2026-02-18T15:00:00+00:00,16.006666666666668,16,UNSCORED_SIGNAL_BAR_ABSENT,,False,,1771430400000,,,,,,,,,,UNSCORED_SIGNAL_BAR_ABSENT,,False,,1771513200000,,,,,,,,,,UNSCORED_SIGNAL_BAR_ABSENT,,False,,1771858800000,,,,,,,,,,UNSCORED_SIGNAL_BAR_ABSENT,,False,,1772031600000,,,,,,,,,,UNSCORED_SIGNAL_BAR_ABSENT,,False,,1772636400000,,,,,,,,,
AMC15SUP-042,O:AMC260320C00001500,CALL,1.5,2026-03-20,30,0.0,HOLDOUT,ENTRY_FORMING,2026-02-18T15:15:00+00:00,2026-02-18T15:00:00+00:00,-16.006666666666668,30,SCORED_WINDOW,,True,4,1771430400000,19.999999999999996,-10.000000000000009,0.0,2.0,3.0,-16.666666666666664,0.0,33.33333333333333,0.0,SCORED_WINDOW,,True,25,1771513200000,19.999999999999996,-29.999999999999993,-10.000000000000009,2.0,23.0,-25.0,-0.5000000000000006,33.33333333333333,-22.22222222222221,SCORED_WINDOW,,True,72,1771858800000,19.999999999999996,-50.0,-29.999999999999993,2.0,63.0,-41.666666666666664,-1.5,33.33333333333333,-44.44444444444444,SCORED_WINDOW,,True,123,1772031600000,19.999999999999996,-70.0,-60.00000000000001,2.0,121.0,-66.66666666666666,-3.000000000000001,33.33333333333333,-66.66666666666667,SCORED_WINDOW,,True,250,1772636400000,19.999999999999996,-90.0,-80.0,2.0,227.0,-83.33333333333333,-4.000000000000001,33.33333333333333,-88.88888888888889
AMC15SUP-042,O:AMC260320P00001500,PUT,1.5,2026-03-20,30,0.0,HOLDOUT,ENTRY_FORMING,2026-02-18T15:15:00+00:00,2026-02-18T15:00:00+00:00,16.006666666666668,30,SCORED_WINDOW,,True,2,1771430400000,0.0,-9.37500000000001,0.0,1.0,1.0,0.0,,-5.882352941176472,-14.705882352941192,SCORED_WINDOW,,True,9,1771513200000,325.0,-9.37500000000001,325.0,9.0,1.0,0.0,1.0,300.0,-14.705882352941192,SCORED_WINDOW,,True,29,1771858800000,325.0,-9.37500000000001,21.875,9.0,1.0,-71.32352941176471,0.0673076923076923,300.0,-14.705882352941192,SCORED_WINDOW,,True,41,1772031600000,325.0,-12.49999999999999,25.0,9.0,37.0,-70.58823529411764,0.07692307692307693,300.0,-17.647058823529406,SCORED_WINDOW,,True,79,1772636400000,325.0,-12.49999999999999,12.5,9.0,37.0,-73.52941176470588,0.038461538461538464,300.0,-17.647058823529406
AMC15SUP-043,O:AMC260306C00001500,CALL,1.5,2026-03-06,14,0.0,HOLDOUT,CONTINUATION,2026-02-19T15:00:00+00:00,2026-02-19T14:45:00+00:00,-16.333333333333343,15,SCORED_WINDOW,,True,3,1771515900000,0.0,-16.666666666666664,0.0,1.0,1.0,0.0,,0.0,-16.666666666666664,SCORED_WINDOW,,True,22,1771598700000,0.0,-33.33333333333333,-16.666666666666664,1.0,12.0,-16.666666666666664,,0.0,-33.33333333333333,SCORED_WINDOW,,True,70,1771944300000,0.0,-50.0,-50.0,1.0,27.0,-50.0,,0.0,-50.0,SCORED_WINDOW,,True,122,1772117100000,0.0,-83.33333333333333,-66.66666666666666,1.0,100.0,-66.66666666666666,,0.0,-83.33333333333333,SCORED_WINDOW,,True,237,1772721900000,0.0,-83.33333333333333,-83.33333333333333,1.0,100.0,-83.33333333333333,,0.0,-83.33333333333333
AMC15SUP-043,O:AMC260306P00001500,PUT,1.5,2026-03-06,14,0.0,HOLDOUT,CONTINUATION,2026-02-19T15:00:00+00:00,2026-02-19T14:45:00+00:00,16.333333333333343,15,UNSCORED_SIGNAL_BAR_ABSENT,,False,,1771515900000,,,,,,,,,,UNSCORED_SIGNAL_BAR_ABSENT,,False,,1771598700000,,,,,,,,,,UNSCORED_SIGNAL_BAR_ABSENT,,False,,1771944300000,,,,,,,,,,UNSCORED_SIGNAL_BAR_ABSENT,,False,,1772117100000,,,,,,,,,,UNSCORED_SIGNAL_BAR_ABSENT,,False,,1772721900000,,,,,,,,,
AMC15SUP-043,O:AMC260320C00001500,CALL,1.5,2026-03-20,30,0.0,HOLDOUT,CONTINUATION,2026-02-19T15:00:00+00:00,2026-02-19T14:45:00+00:00,-16.333333333333343,29,SCORED_WINDOW,,True,4,1771515900000,0.0,-11.111111111111105,-11.111111111111105,1.0,2.0,-11.111111111111105,,0.0,-11.111111111111105,SCORED_WINDOW,,True,22,1771598700000,0.0,-33.333333333333336,-11.111111111111105,1.0,7.0,-11.111111111111105,,0.0,-33.333333333333336,SCORED_WINDOW,,True,73,1771944300000,0.0,-44.44444444444444,-44.44444444444444,1.0,39.0,-44.44444444444444,,0.0,-44.44444444444444,SCORED_WINDOW,,True,123,1772117100000,0.0,-66.66666666666667,-55.55555555555556,1.0,97.0,-55.55555555555556,,0.0,-66.66666666666667,SCORED_WINDOW,,True,251,1772721900000,0.0,-88.88888888888889,-66.66666666666667,1.0,203.0,-66.66666666666667,,0.0,-88.88888888888889
AMC15SUP-043,O:AMC260320P00001500,PUT,1.5,2026-03-20,30,0.0,HOLDOUT,CONTINUATION,2026-02-19T15:00:00+00:00,2026-02-19T14:45:00+00:00,16.333333333333343,29,UNSCORED_SIGNAL_BAR_ABSENT,,False,,1771515900000,,,,,,,,,,UNSCORED_SIGNAL_BAR_ABSENT,,False,,1771598700000,,,,,,,,,,UNSCORED_SIGNAL_BAR_ABSENT,,False,,1771944300000,,,,,,,,,,UNSCORED_SIGNAL_BAR_ABSENT,,False,,1772117100000,,,,,,,,,,UNSCORED_SIGNAL_BAR_ABSENT,,False,,1772721900000,,,,,,,,,
AMC15SUP-044,O:AMC260327C00001000,CALL,1.0,2026-03-27,14,0.0,HOLDOUT,ENTRY_FORMING,2026-03-13T18:45:00+00:00,2026-03-13T18:30:00+00:00,10.499999999999998,14,SCORED_WINDOW,,True,2,1773430200000,8.333333333333348,0.0,8.333333333333348,2.0,1.0,0.0,1.0,0.0,-7.692307692307699,SCORED_WINDOW,,True,11,1773685800000,16.666666666666675,-33.33333333333333,16.666666666666675,11.0,4.0,0.0,1.0,7.692307692307709,-38.46153846153846,SCORED_WINDOW,,True,49,1773858600000,16.666666666666675,-41.666666666666664,-41.666666666666664,11.0,49.0,-50.0,-2.4999999999999987,7.692307692307709,-46.153846153846146,SCORED_WINDOW,,True,92,1774031400000,16.666666666666675,-75.0,-58.33333333333333,11.0,55.0,-64.28571428571428,-3.499999999999998,7.692307692307709,-76.92307692307693,SCORED_WINDOW,,True,212,1774636200000,16.666666666666675,-91.66666666666666,-91.66666666666666,11.0,175.0,-92.85714285714286,-5.4999999999999964,7.692307692307709,-92.3076923076923
AMC15SUP-044,O:AMC260327P00001000,PUT,1.0,2026-03-27,14,0.0,HOLDOUT,ENTRY_FORMING,2026-03-13T18:45:00+00:00,2026-03-13T18:30:00+00:00,-10.499999999999998,14,UNSCORED_SIGNAL_BAR_ABSENT,,False,,1773430200000,,,,,,,,,,UNSCORED_SIGNAL_BAR_ABSENT,,False,,1773685800000,,,,,,,,,,UNSCORED_SIGNAL_BAR_ABSENT,,False,,1773858600000,,,,,,,,,,UNSCORED_SIGNAL_BAR_ABSENT,,False,,1774031400000,,,,,,,,,,UNSCORED_SIGNAL_BAR_ABSENT,,False,,1774636200000,,,,,,,,,
AMC15SUP-044,O:AMC260410C00001000,CALL,1.0,2026-04-10,30,0.0,HOLDOUT,ENTRY_FORMING,2026-03-13T18:45:00+00:00,2026-03-13T18:30:00+00:00,10.499999999999998,28,UNSCORED_NO_POST_SIGNAL_PRINT,,False,0,1773430200000,,,,,,,,,,SCORED_WINDOW,,True,8,1773685800000,39.13043478260869,-47.82608695652174,-34.782608695652186,2.0,4.0,-53.125,-0.8888888888888894,88.23529411764706,-29.41176470588236,SCORED_WINDOW,,True,19,1773858600000,39.13043478260869,-56.52173913043479,-52.17391304347827,2.0,16.0,-65.625,-1.333333333333334,88.23529411764706,-41.17647058823529,SCORED_WINDOW,,True,34,1774031400000,56.52173913043477,-69.56521739130434,-69.56521739130434,29.0,31.0,-80.55555555555556,-1.230769230769231,111.7647058823529,-58.823529411764696,SCORED_WINDOW,,True,122,1774636200000,56.52173913043477,-95.65217391304348,-78.26086956521739,29.0,110.0,-86.11111111111111,-1.384615384615385,111.7647058823529,-94.11764705882352
AMC15SUP-044,O:AMC260410P00001000,PUT,1.0,2026-04-10,30,0.0,HOLDOUT,ENTRY_FORMING,2026-03-13T18:45:00+00:00,2026-03-13T18:30:00+00:00,-10.499999999999998,28,UNSCORED_SIGNAL_BAR_ABSENT,,False,,1773430200000,,,,,,,,,,UNSCORED_SIGNAL_BAR_ABSENT,,False,,1773685800000,,,,,,,,,,UNSCORED_SIGNAL_BAR_ABSENT,,False,,1773858600000,,,,,,,,,,UNSCORED_SIGNAL_BAR_ABSENT,,False,,1774031400000,,,,,,,,,,UNSCORED_SIGNAL_BAR_ABSENT,,False,,1774636200000,,,,,,,,,
AMC15SUP-045,O:AMC260402C00001000,CALL,1.0,2026-04-02,14,0.0,HOLDOUT,ENTRY_FORMING,2026-03-19T19:15:00+00:00,2026-03-19T19:00:00+00:00,4.0000000000000036,14,SCORED_WINDOW,,True,2,1774013400000,12.5,0.0,12.5,2.0,1.0,0.0,1.0,0.0,-11.111111111111105,SCORED_WINDOW,,True,15,1774033200000,12.5,-25.0,0.0,2.0,9.0,-11.111111111111105,0.0,0.0,-33.333333333333336,SCORED_WINDOW,,True,59,1774378800000,50.0,-50.0,-25.0,26.0,48.0,-50.0,-0.5,33.33333333333333,-55.55555555555556,SCORED_WINDOW,,True,106,1774551600000,50.0,-62.5,-50.0,26.0,87.0,-66.66666666666666,-1.0,33.33333333333333,-66.66666666666667,SCORED_WINDOW,,True,235,1775156400000,50.0,-87.5,0.0,26.0,135.0,-33.33333333333333,0.0,33.33333333333333,-88.88888888888889
AMC15SUP-045,O:AMC260402P00001000,PUT,1.0,2026-04-02,14,0.0,HOLDOUT,ENTRY_FORMING,2026-03-19T19:15:00+00:00,2026-03-19T19:00:00+00:00,-4.0000000000000036,14,SCORED_WINDOW,,True,1,1774013400000,0.0,0.0,0.0,1.0,1.0,0.0,,-40.0,-40.0,SCORED_WINDOW,,True,8,1774033200000,100.0,0.0,100.0,5.0,1.0,0.0,1.0,19.999999999999996,-40.0,SCORED_WINDOW,,True,35,1774378800000,166.66666666666669,-33.33333333333333,33.33333333333335,9.0,25.0,-50.0,0.20000000000000007,59.999999999999986,-60.00000000000001,SCORED_WINDOW,,True,57,1774551600000,166.66666666666669,-33.33333333333333,66.66666666666667,9.0,25.0,-37.5,0.39999999999999997,59.999999999999986,-60.00000000000001,SCORED_WINDOW,,True,162,1775156400000,166.66666666666669,-66.66666666666666,-66.66666666666666,9.0,127.0,-87.5,-0.3999999999999999,59.999999999999986,-80.0
AMC15SUP-045,O:AMC260417C00001000,CALL,1.0,2026-04-17,30,0.0,HOLDOUT,ENTRY_FORMING,2026-03-19T19:15:00+00:00,2026-03-19T19:00:00+00:00,4.0000000000000036,29,SCORED_WINDOW,,True,4,1774013400000,8.333333333333348,-16.666666666666664,-16.666666666666664,1.0,4.0,-23.076923076923073,-1.9999999999999962,18.181818181818187,-9.090909090909083,SCORED_WINDOW,,True,19,1774033200000,8.333333333333348,-16.666666666666664,-16.666666666666664,1.0,4.0,-23.076923076923073,-1.9999999999999962,18.181818181818187,-9.090909090909083,SCORED_WINDOW,,True,58,1774378800000,8.333333333333348,-41.666666666666664,-41.666666666666664,1.0,51.0,-46.153846153846146,-4.999999999999991,18.181818181818187,-36.36363636363635,SCORED_WINDOW,,True,99,1774551600000,8.333333333333348,-50.0,-41.666666666666664,1.0,63.0,-46.153846153846146,-4.999999999999991,18.181818181818187,-45.45454545454546,SCORED_WINDOW,,True,217,1775156400000,16.666666666666675,-66.66666666666666,-16.666666666666664,216.0,105.0,-28.57142857142857,-0.9999999999999993,27.272727272727295,-63.63636363636363
AMC15SUP-045,O:AMC260417P00001000,PUT,1.0,2026-04-17,30,0.0,HOLDOUT,ENTRY_FORMING,2026-03-19T19:15:00+00:00,2026-03-19T19:00:00+00:00,-4.0000000000000036,29,SCORED_WINDOW,,True,1,1774013400000,0.0,0.0,0.0,1.0,1.0,0.0,,14.28571428571428,14.28571428571428,SCORED_WINDOW,,True,7,1774033200000,12.5,-12.49999999999999,0.0,2.0,6.0,-11.111111111111105,0.0,28.57142857142856,0.0,SCORED_WINDOW,,True,29,1774378800000,12.5,-25.0,-12.49999999999999,2.0,16.0,-22.22222222222221,-0.9999999999999991,28.57142857142856,-14.285714285714302,SCORED_WINDOW,,True,44,1774551600000,12.5,-25.0,12.5,2.0,16.0,0.0,1.0,28.57142857142856,-14.285714285714302,SCORED_WINDOW,,True,109,1775156400000,37.5,-62.5,-62.5,55.0,103.0,-72.72727272727273,-1.6666666666666667,57.14285714285714,-57.14285714285715
AMC15SUP-046,O:AMC260417C00001000,CALL,1.0,2026-04-17,14,0.0,HOLDOUT,CONTINUATION,2026-04-02T15:15:00+00:00,2026-04-02T15:00:00+00:00,3.499999999999992,15,SCORED_WINDOW,,True,2,1775145600000,12.5,0.0,12.5,1.0,1.0,0.0,1.0,12.5,0.0,SCORED_WINDOW,,True,24,1775487600000,250.00000000000006,0.0,225.0,24.0,1.0,-7.142857142857151,0.8999999999999998,250.00000000000006,0.0,SCORED_WINDOW,,True,73,1775660400000,400.0,0.0,325.0,70.0,1.0,-15.000000000000002,0.8125,400.0,0.0,SCORED_WINDOW,,True,118,1775833200000,475.0,0.0,325.0,112.0,1.0,-26.086956521739125,0.6842105263157895,475.0,0.0,SCORED_WINDOW,,True,228,1776438000000,837.5,0.0,837.5,227.0,1.0,0.0,1.0,837.5,0.0
AMC15SUP-046,O:AMC260417P00001000,PUT,1.0,2026-04-17,14,0.0,HOLDOUT,CONTINUATION,2026-04-02T15:15:00+00:00,2026-04-02T15:00:00+00:00,-3.499999999999992,15,SCORED_WINDOW,,True,1,1775145600000,0.0,0.0,0.0,1.0,1.0,0.0,,19.999999999999996,19.999999999999996,SCORED_WINDOW,,True,21,1775487600000,0.0,-83.33333333333333,-66.66666666666666,1.0,15.0,-66.66666666666666,,19.999999999999996,-80.0,SCORED_WINDOW,,True,58,1775660400000,0.0,-83.33333333333333,-83.33333333333333,1.0,15.0,-83.33333333333333,,19.999999999999996,-80.0,SCORED_WINDOW,,True,74,1775833200000,0.0,-83.33333333333333,-83.33333333333333,1.0,15.0,-83.33333333333333,,19.999999999999996,-80.0,SCORED_WINDOW,,True,91,1776438000000,0.0,-83.33333333333333,-83.33333333333333,1.0,15.0,-83.33333333333333,,19.999999999999996,-80.0
AMC15SUP-046,O:AMC260501C00001000,CALL,1.0,2026-05-01,30,0.0,HOLDOUT,CONTINUATION,2026-04-02T15:15:00+00:00,2026-04-02T15:00:00+00:00,3.499999999999992,29,SCORED_WINDOW,,True,3,1775145600000,9.090909090909083,0.0,0.0,1.0,1.0,-8.333333333333325,0.0,9.090909090909083,0.0,SCORED_WINDOW,,True,22,1775487600000,163.63636363636363,0.0,163.63636363636363,22.0,1.0,0.0,1.0,163.63636363636363,0.0,SCORED_WINDOW,,True,60,1775660400000,263.6363636363637,0.0,245.45454545454547,57.0,1.0,-5.000000000000004,0.9310344827586206,263.6363636363637,0.0,SCORED_WINDOW,,True,91,1775833200000,309.09090909090907,0.0,209.09090909090912,86.0,1.0,-24.444444444444446,0.6764705882352943,309.09090909090907,0.0,SCORED_WINDOW,,True,160,1776438000000,581.8181818181819,0.0,581.8181818181819,157.0,1.0,0.0,1.0,581.8181818181819,0.0
AMC15SUP-046,O:AMC260501P00001000,PUT,1.0,2026-05-01,30,0.0,HOLDOUT,CONTINUATION,2026-04-02T15:15:00+00:00,2026-04-02T15:00:00+00:00,-3.499999999999992,29,UNSCORED_SIGNAL_BAR_ABSENT,,False,,1775145600000,,,,,,,,,,UNSCORED_SIGNAL_BAR_ABSENT,,False,,1775487600000,,,,,,,,,,UNSCORED_SIGNAL_BAR_ABSENT,,False,,1775660400000,,,,,,,,,,UNSCORED_SIGNAL_BAR_ABSENT,,False,,1775833200000,,,,,,,,,,UNSCORED_SIGNAL_BAR_ABSENT,,False,,1776438000000,,,,,,,,,
AMC15SUP-047,O:AMC260424C00001500,CALL,1.5,2026-04-24,14,0.0,HOLDOUT,ENTRY_FORMING,2026-04-07T13:45:00+00:00,2026-04-07T13:30:00+00:00,-18.10666666666667,17,SCORED_WINDOW,,True,4,1775572200000,25.0,-25.0,0.0,1.0,2.0,-20.000000000000007,0.0,25.0,-25.0,SCORED_WINDOW,,True,26,1775655000000,75.00000000000003,-25.0,25.0,26.0,2.0,-28.57142857142857,0.3333333333333332,75.00000000000003,-25.0,SCORED_WINDOW,,True,77,1775827800000,150.0,-25.0,75.00000000000003,29.0,2.0,-29.999999999999993,0.5000000000000002,150.0,-25.0,SCORED_WINDOW,,True,129,1776173400000,175.0,-25.0,150.0,129.0,2.0,-9.090909090909083,0.8571428571428571,175.0,-25.0,SCORED_WINDOW,,True,260,1776778200000,1074.9999999999998,-25.0,624.9999999999999,218.0,2.0,-38.297872340425535,0.5813953488372093,1074.9999999999998,-25.0
AMC15SUP-047,O:AMC260424P00001500,PUT,1.5,2026-04-24,14,0.0,HOLDOUT,ENTRY_FORMING,2026-04-07T13:45:00+00:00,2026-04-07T13:30:00+00:00,18.10666666666667,17,SCORED_WINDOW,,True,1,1775572200000,0.0,0.0,0.0,1.0,1.0,0.0,,9.677419354838722,9.677419354838722,SCORED_WINDOW,,True,3,1775655000000,0.0,-32.352941176470594,-32.352941176470594,1.0,3.0,-32.352941176470594,,9.677419354838722,-25.806451612903224,SCORED_WINDOW,,True,14,1775827800000,0.0,-44.11764705882353,-26.470588235294123,1.0,12.0,-26.470588235294123,,9.677419354838722,-38.70967741935484,SCORED_WINDOW,,True,38,1776173400000,0.0,-73.52941176470588,-73.52941176470588,1.0,38.0,-73.52941176470588,,9.677419354838722,-70.96774193548387,SCORED_WINDOW,,True,154,1776778200000,0.0,-97.05882352941177,-94.11764705882352,1.0,107.0,-94.11764705882352,,9.677419354838722,-96.7741935483871
AMC15SUP-047,O:AMC260508C00001500,CALL,1.5,2026-05-08,30,0.0,HOLDOUT,ENTRY_FORMING,2026-04-07T13:45:00+00:00,2026-04-07T13:30:00+00:00,-18.10666666666667,31,SCORED_WINDOW,,True,3,1775572200000,12.5,-25.0,-12.49999999999999,1.0,1.0,-22.22222222222221,-0.9999999999999991,50.0,0.0,SCORED_WINDOW,,True,19,1775655000000,50.0,-25.0,37.5,19.0,1.0,-8.333333333333325,0.75,100.0,0.0,SCORED_WINDOW,,True,52,1775827800000,125.0,-25.0,62.5,52.0,1.0,-27.777777777777768,0.5,200.0,0.0,SCORED_WINDOW,,True,96,1776173400000,200.0,-25.0,100.0,73.0,1.0,-33.33333333333333,0.5,300.0,0.0,SCORED_WINDOW,,True,203,1776778200000,562.5,-25.0,300.0,165.0,1.0,-39.62264150943396,0.5333333333333333,783.3333333333334,0.0
AMC15SUP-047,O:AMC260508P00001500,PUT,1.5,2026-05-08,30,0.0,HOLDOUT,ENTRY_FORMING,2026-04-07T13:45:00+00:00,2026-04-07T13:30:00+00:00,18.10666666666667,31,UNSCORED_SIGNAL_BAR_ABSENT,,False,,1775572200000,,,,,,,,,,UNSCORED_SIGNAL_BAR_ABSENT,,False,,1775655000000,,,,,,,,,,UNSCORED_SIGNAL_BAR_ABSENT,,False,,1775827800000,,,,,,,,,,UNSCORED_SIGNAL_BAR_ABSENT,,False,,1776173400000,,,,,,,,,,UNSCORED_SIGNAL_BAR_ABSENT,,False,,1776778200000,,,,,,,,,
AMC15SUP-048,O:AMC260424C00001500,CALL,1.5,2026-04-24,14,0.0,HOLDOUT,ENTRY_FORMING,2026-04-08T19:45:00+00:00,2026-04-08T19:30:00+00:00,-11.66666666666667,16,SCORED_WINDOW,,True,4,1775743200000,40.000000000000014,0.0,40.000000000000014,2.0,1.0,0.0,1.0,40.000000000000014,0.0,SCORED_WINDOW,,True,25,1775763000000,79.99999999999999,0.0,19.999999999999996,5.0,1.0,-33.333333333333336,0.25,79.99999999999999,0.0,SCORED_WINDOW,,True,77,1776108600000,100.0,-20.000000000000007,59.999999999999986,27.0,53.0,-20.000000000000007,0.5999999999999999,100.0,-20.000000000000007,SCORED_WINDOW,,True,129,1776281400000,300.0,-20.000000000000007,300.0,129.0,53.0,0.0,1.0,300.0,-20.000000000000007,SCORED_WINDOW,,True,260,1776886200000,839.9999999999999,-20.000000000000007,319.99999999999994,168.0,53.0,-55.3191489361702,0.38095238095238093,839.9999999999999,-20.000000000000007
AMC15SUP-048,O:AMC260424P00001500,PUT,1.5,2026-04-24,14,0.0,HOLDOUT,ENTRY_FORMING,2026-04-08T19:45:00+00:00,2026-04-08T19:30:00+00:00,11.66666666666667,16,UNSCORED_SIGNAL_BAR_ABSENT,,False,,1775743200000,,,,,,,,,,UNSCORED_SIGNAL_BAR_ABSENT,,False,,1775763000000,,,,,,,,,,UNSCORED_SIGNAL_BAR_ABSENT,,False,,1776108600000,,,,,,,,,,UNSCORED_SIGNAL_BAR_ABSENT,,False,,1776281400000,,,,,,,,,,UNSCORED_SIGNAL_BAR_ABSENT,,False,,1776886200000,,,,,,,,,
AMC15SUP-048,O:AMC260508C00001500,CALL,1.5,2026-05-08,30,0.0,HOLDOUT,ENTRY_FORMING,2026-04-08T19:45:00+00:00,2026-04-08T19:30:00+00:00,-11.66666666666667,30,SCORED_WINDOW,,True,2,1775743200000,22.222222222222232,0.0,22.222222222222232,2.0,1.0,0.0,1.0,9.999999999999986,-10.000000000000009,SCORED_WINDOW,,True,13,1775763000000,44.444444444444464,0.0,11.111111111111116,3.0,1.0,-23.076923076923073,0.25,30.000000000000004,-10.000000000000009,SCORED_WINDOW,,True,56,1776108600000,166.66666666666666,-33.333333333333336,44.444444444444464,35.0,35.0,-45.83333333333333,0.2666666666666668,140.0,-40.0,SCORED_WINDOW,,True,97,1776281400000,188.8888888888889,-33.333333333333336,188.8888888888889,97.0,35.0,0.0,1.0,160.0,-40.0,SCORED_WINDOW,,True,204,1776886200000,488.8888888888889,-33.333333333333336,288.88888888888886,127.0,35.0,-33.9622641509434,0.5909090909090908,430.0,-40.0
AMC15SUP-048,O:AMC260508P00001500,PUT,1.5,2026-05-08,30,0.0,HOLDOUT,ENTRY_FORMING,2026-04-08T19:45:00+00:00,2026-04-08T19:30:00+00:00,11.66666666666667,30,SCORED_WINDOW,,True,1,1775743200000,0.0,0.0,0.0,1.0,1.0,0.0,,40.74074074074075,40.74074074074075,SCORED_WINDOW,,True,2,1775763000000,0.0,-26.315789473684205,-26.315789473684205,1.0,2.0,-26.315789473684205,,40.74074074074075,3.703703703703698,SCORED_WINDOW,,True,11,1776108600000,0.0,-42.10526315789473,-42.10526315789473,1.0,3.0,-42.10526315789473,,40.74074074074075,-18.518518518518523,SCORED_WINDOW,,True,34,1776281400000,0.0,-78.94736842105263,-78.94736842105263,1.0,34.0,-78.94736842105263,,40.74074074074075,-70.37037037037037,SCORED_WINDOW,,True,118,1776886200000,0.0,-84.21052631578947,-78.94736842105263,1.0,48.0,-78.94736842105263,,40.74074074074075,-77.77777777777779
AMC15SUP-049,O:AMC260501C00001500,CALL,1.5,2026-05-01,14,0.0,HOLDOUT,CONTINUATION,2026-04-15T19:30:00+00:00,2026-04-15T19:15:00+00:00,8.000000000000007,16,SCORED_WINDOW,,True,4,1776347100000,63.1578947368421,-10.526315789473683,-10.526315789473683,3.0,4.0,-45.16129032258064,-0.16666666666666666,82.35294117647058,0.0,SCORED_WINDOW,,True,26,1776366900000,63.1578947368421,-31.57894736842105,-15.789473684210531,3.0,17.0,-48.38709677419355,-0.2500000000000001,82.35294117647058,-23.529411764705888,SCORED_WINDOW,,True,77,1776712500000,157.89473684210526,-31.57894736842105,100.0,48.0,17.0,-22.44897959183674,0.6333333333333333,188.23529411764702,-23.529411764705888,SCORED_WINDOW,,True,127,1776885300000,157.89473684210526,-31.57894736842105,26.315789473684205,48.0,17.0,-51.02040816326531,0.16666666666666663,188.23529411764702,-23.529411764705888,SCORED_WINDOW,,True,255,1777490100000,157.89473684210526,-73.6842105263158,-57.89473684210527,48.0,234.0,-83.6734693877551,-0.3666666666666667,188.23529411764702,-70.58823529411764
AMC15SUP-049,O:AMC260501P00001500,PUT,1.5,2026-05-01,14,0.0,HOLDOUT,CONTINUATION,2026-04-15T19:30:00+00:00,2026-04-15T19:15:00+00:00,-8.000000000000007,16,UNSCORED_SIGNAL_BAR_ABSENT,,False,,1776347100000,,,,,,,,,,UNSCORED_SIGNAL_BAR_ABSENT,,False,,1776366900000,,,,,,,,,,UNSCORED_SIGNAL_BAR_ABSENT,,False,,1776712500000,,,,,,,,,,UNSCORED_SIGNAL_BAR_ABSENT,,False,,1776885300000,,,,,,,,,,UNSCORED_SIGNAL_BAR_ABSENT,,False,,1777490100000,,,,,,,,,
AMC15SUP-049,O:AMC260515C00001500,CALL,1.5,2026-05-15,30,0.0,HOLDOUT,CONTINUATION,2026-04-15T19:30:00+00:00,2026-04-15T19:15:00+00:00,8.000000000000007,30,SCORED_WINDOW,,True,4,1776347100000,30.43478260869563,0.0,0.0,2.0,1.0,-23.33333333333333,0.0,19.999999999999996,-7.9999999999999964,SCORED_WINDOW,,True,23,1776366900000,30.43478260869563,-13.043478260869568,0.0,2.0,14.0,-23.33333333333333,0.0,19.999999999999996,-19.999999999999996,SCORED_WINDOW,,True,74,1776712500000,143.47826086956525,-13.043478260869568,95.65217391304348,37.0,14.0,-19.64285714285715,0.6666666666666665,124.00000000000003,-19.999999999999996,SCORED_WINDOW,,True,121,1776885300000,143.47826086956525,-13.043478260869568,39.13043478260869,37.0,14.0,-42.85714285714286,0.2727272727272726,124.00000000000003,-19.999999999999996,SCORED_WINDOW,,True,234,1777490100000,143.47826086956525,-43.47826086956522,-17.391304347826086,37.0,220.0,-66.07142857142858,-0.12121212121212117,124.00000000000003,-48.0
AMC15SUP-049,O:AMC260515P00001500,PUT,1.5,2026-05-15,30,0.0,HOLDOUT,CONTINUATION,2026-04-15T19:30:00+00:00,2026-04-15T19:15:00+00:00,-8.000000000000007,30,SCORED_WINDOW,,True,4,1776347100000,25.0,0.0,25.0,4.0,1.0,0.0,1.0,15.384615384615374,-7.692307692307699,SCORED_WINDOW,,True,11,1776366900000,33.33333333333335,0.0,33.33333333333335,11.0,1.0,0.0,1.0,23.076923076923084,-7.692307692307699,SCORED_WINDOW,,True,52,1776712500000,33.33333333333335,-33.33333333333333,-8.333333333333325,11.0,18.0,-31.25,-0.24999999999999964,23.076923076923084,-38.46153846153846,SCORED_WINDOW,,True,85,1776885300000,33.33333333333335,-33.33333333333333,0.0,11.0,18.0,-25.0,0.0,23.076923076923084,-38.46153846153846,SCORED_WINDOW,,True,147,1777490100000,33.33333333333335,-50.0,-8.333333333333325,11.0,135.0,-31.25,-0.24999999999999964,23.076923076923084,-53.846153846153854
AMC15SUP-050,O:AMC260501C00002000,CALL,2.0,2026-05-01,14,0.0,HOLDOUT,ENTRY_FORMING,2026-04-20T19:45:00+00:00,2026-04-20T19:30:00+00:00,-7.9999999999999964,11,SCORED_WINDOW,,True,4,1776780000000,7.14285714285714,-35.71428571428572,-21.42857142857143,1.0,2.0,-26.66666666666666,-3.0000000000000018,7.14285714285714,-35.71428571428572,SCORED_WINDOW,,True,26,1776799800000,7.14285714285714,-64.28571428571428,-50.0,1.0,22.0,-53.33333333333332,-7.0000000000000036,7.14285714285714,-64.28571428571428,SCORED_WINDOW,,True,78,1776972600000,7.14285714285714,-78.57142857142858,-71.42857142857143,1.0,63.0,-73.33333333333334,-10.000000000000005,7.14285714285714,-78.57142857142858,SCORED_WINDOW,,True,130,1777318200000,7.14285714285714,-92.85714285714286,-85.71428571428572,1.0,127.0,-86.66666666666667,-12.000000000000007,7.14285714285714,-92.85714285714286,SCORED_RIGHT_CENSORED,CONTRACT_EXPIRY,False,207,1777923000000,,,,,,,,,
AMC15SUP-050,O:AMC260501P00002000,PUT,2.0,2026-05-01,14,0.0,HOLDOUT,ENTRY_FORMING,2026-04-20T19:45:00+00:00,2026-04-20T19:30:00+00:00,7.9999999999999964,11,UNSCORED_SIGNAL_BAR_ABSENT,,False,,1776780000000,,,,,,,,,,UNSCORED_SIGNAL_BAR_ABSENT,,False,,1776799800000,,,,,,,,,,UNSCORED_SIGNAL_BAR_ABSENT,,False,,1776972600000,,,,,,,,,,UNSCORED_SIGNAL_BAR_ABSENT,,False,,1777318200000,,,,,,,,,,UNSCORED_SIGNAL_BAR_ABSENT,CONTRACT_EXPIRY,False,,1777923000000,,,,,,,,,
AMC15SUP-050,O:AMC260522C00002000,CALL,2.0,2026-05-22,30,0.0,HOLDOUT,ENTRY_FORMING,2026-04-20T19:45:00+00:00,2026-04-20T19:30:00+00:00,-7.9999999999999964,32,SCORED_WINDOW,,True,4,1776780000000,8.333333333333348,-33.33333333333333,-8.333333333333325,2.0,2.0,-15.384615384615385,-0.9999999999999972,13.043478260869556,-30.434782608695656,SCORED_WINDOW,,True,23,1776799800000,8.333333333333348,-50.0,-33.33333333333333,2.0,16.0,-38.46153846153846,-3.9999999999999925,13.043478260869556,-47.82608695652174,SCORED_WINDOW,,True,62,1776972600000,8.333333333333348,-54.166666666666664,-54.166666666666664,2.0,62.0,-57.692307692307686,-6.4999999999999885,13.043478260869556,-52.17391304347827,SCORED_WINDOW,,True,98,1777318200000,8.333333333333348,-62.5,-54.166666666666664,2.0,80.0,-57.692307692307686,-6.4999999999999885,13.043478260869556,-60.86956521739131,SCORED_WINDOW,,True,198,1777923000000,8.333333333333348,-87.5,-79.16666666666666,2.0,159.0,-80.76923076923077,-9.499999999999982,13.043478260869556,-86.95652173913044
AMC15SUP-050,O:AMC260522P00002000,PUT,2.0,2026-05-22,30,0.0,HOLDOUT,ENTRY_FORMING,2026-04-20T19:45:00+00:00,2026-04-20T19:30:00+00:00,7.9999999999999964,32,UNSCORED_SIGNAL_BAR_ABSENT,,False,,1776780000000,,,,,,,,,,UNSCORED_SIGNAL_BAR_ABSENT,,False,,1776799800000,,,,,,,,,,UNSCORED_SIGNAL_BAR_ABSENT,,False,,1776972600000,,,,,,,,,,UNSCORED_SIGNAL_BAR_ABSENT,,False,,1777318200000,,,,,,,,,,UNSCORED_SIGNAL_BAR_ABSENT,,False,,1777923000000,,,,,,,,,
AMC15SUP-051,O:AMC260508C00002000,CALL,2.0,2026-05-08,14,0.0,HOLDOUT,CONTINUATION,2026-04-21T19:30:00+00:00,2026-04-21T19:15:00+00:00,-14.249999999999996,17,SCORED_WINDOW,,True,4,1776865500000,58.33333333333335,-8.333333333333325,33.33333333333335,4.0,2.0,-15.789473684210531,0.5714285714285715,72.72727272727273,0.0,SCORED_WINDOW,,True,26,1776885300000,58.33333333333335,-8.333333333333325,0.0,4.0,2.0,-36.8421052631579,0.0,72.72727272727273,0.0,SCORED_WINDOW,,True,76,1777058100000,58.33333333333335,-50.0,-50.0,4.0,70.0,-68.42105263157895,-0.8571428571428569,72.72727272727273,-45.45454545454546,SCORED_WINDOW,,True,127,1777403700000,58.33333333333335,-58.33333333333333,-50.0,4.0,82.0,-68.42105263157895,-0.8571428571428569,72.72727272727273,-54.54545454545454,SCORED_WINDOW,,True,256,1778008500000,58.33333333333335,-91.66666666666666,-66.66666666666666,4.0,233.0,-78.94736842105263,-1.1428571428571423,72.72727272727273,-90.9090909090909
AMC15SUP-051,O:AMC260508P00002000,PUT,2.0,2026-05-08,14,0.0,HOLDOUT,CONTINUATION,2026-04-21T19:30:00+00:00,2026-04-21T19:15:00+00:00,14.249999999999996,17,UNSCORED_SIGNAL_BAR_ABSENT,,False,,1776865500000,,,,,,,,,,UNSCORED_SIGNAL_BAR_ABSENT,,False,,1776885300000,,,,,,,,,,UNSCORED_SIGNAL_BAR_ABSENT,,False,,1777058100000,,,,,,,,,,UNSCORED_SIGNAL_BAR_ABSENT,,False,,1777403700000,,,,,,,,,,UNSCORED_SIGNAL_BAR_ABSENT,,False,,1778008500000,,,,,,,,,
AMC15SUP-051,O:AMC260522C00002000,CALL,2.0,2026-05-22,30,0.0,HOLDOUT,CONTINUATION,2026-04-21T19:30:00+00:00,2026-04-21T19:15:00+00:00,-14.249999999999996,31,SCORED_WINDOW,,True,4,1776865500000,56.25,-6.25,56.25,4.0,2.0,0.0,1.0,47.058823529411754,-11.764705882352954,SCORED_WINDOW,,True,18,1776885300000,56.25,-6.25,18.75,4.0,2.0,-24.0,0.3333333333333333,47.058823529411754,-11.764705882352954,SCORED_WINDOW,,True,60,1777058100000,56.25,-43.75,-31.25,4.0,58.0,-56.00000000000001,-0.5555555555555556,47.058823529411754,-47.058823529411775,SCORED_WINDOW,,True,95,1777403700000,56.25,-50.0,-50.0,4.0,79.0,-68.0,-0.8888888888888888,47.058823529411754,-52.94117647058824,SCORED_WINDOW,,True,200,1778008500000,56.25,-81.25,-56.25,4.0,137.0,-72.0,-1.0,47.058823529411754,-82.35294117647058
AMC15SUP-051,O:AMC260522P00002000,PUT,2.0,2026-05-22,30,0.0,HOLDOUT,CONTINUATION,2026-04-21T19:30:00+00:00,2026-04-21T19:15:00+00:00,14.249999999999996,31,UNSCORED_SIGNAL_BAR_ABSENT,,False,,1776865500000,,,,,,,,,,UNSCORED_SIGNAL_BAR_ABSENT,,False,,1776885300000,,,,,,,,,,UNSCORED_SIGNAL_BAR_ABSENT,,False,,1777058100000,,,,,,,,,,UNSCORED_SIGNAL_BAR_ABSENT,,False,,1777403700000,,,,,,,,,,UNSCORED_SIGNAL_BAR_ABSENT,,False,,1778008500000,,,,,,,,,
AMC15SUP-052,O:AMC260508C00001500,CALL,1.5,2026-05-08,14,0.0,HOLDOUT,ENTRY_FORMING,2026-04-27T20:00:00+00:00,2026-04-27T19:45:00+00:00,9.999999999999993,11,SCORED_WINDOW,,True,4,1777385700000,0.0,-37.5,-12.5,1.0,1.0,-12.5,,14.28571428571428,-28.57142857142857,SCORED_WINDOW,,True,20,1777405500000,0.0,-37.5,-25.0,1.0,1.0,-25.0,,14.28571428571428,-28.57142857142857,SCORED_WINDOW,,True,65,1777578300000,0.0,-62.5,-50.0,1.0,23.0,-50.0,,14.28571428571428,-57.14285714285714,SCORED_WINDOW,,True,117,1777923900000,0.0,-70.83333333333333,-66.66666666666666,1.0,106.0,-66.66666666666666,,14.28571428571428,-66.66666666666666,SCORED_RIGHT_CENSORED,CONTRACT_EXPIRY,False,221,1778528700000,,,,,,,,,
AMC15SUP-052,O:AMC260508P00001500,PUT,1.5,2026-05-08,14,0.0,HOLDOUT,ENTRY_FORMING,2026-04-27T20:00:00+00:00,2026-04-27T19:45:00+00:00,-9.999999999999993,11,SCORED_WINDOW,,True,4,1777385700000,14.28571428571428,-14.285714285714302,0.0,1.0,1.0,-12.49999999999999,0.0,14.28571428571428,-14.285714285714302,SCORED_WINDOW,,True,20,1777405500000,28.57142857142856,-14.285714285714302,0.0,6.0,1.0,-22.22222222222221,0.0,28.57142857142856,-14.285714285714302,SCORED_WINDOW,,True,65,1777578300000,71.4285714285714,-14.285714285714302,57.14285714285714,62.0,1.0,-8.333333333333325,0.8000000000000003,71.4285714285714,-14.285714285714302,SCORED_WINDOW,,True,117,1777923900000,128.57142857142856,-14.285714285714302,100.0,82.0,1.0,-12.49999999999999,0.7777777777777779,128.57142857142856,-14.285714285714302,SCORED_RIGHT_CENSORED,CONTRACT_EXPIRY,False,221,1778528700000,,,,,,,,,
AMC15SUP-052,O:AMC260529C00001500,CALL,1.5,2026-05-29,30,0.0,HOLDOUT,ENTRY_FORMING,2026-04-27T20:00:00+00:00,2026-04-27T19:45:00+00:00,9.999999999999993,32,SCORED_WINDOW,,True,3,1777385700000,12.00000000000001,0.0,4.0000000000000036,2.0,1.0,-7.142857142857151,0.3333333333333333,-12.49999999999999,-21.875,SCORED_WINDOW,,True,16,1777405500000,12.00000000000001,-12.0,-7.9999999999999964,2.0,7.0,-17.85714285714286,-0.6666666666666657,-12.49999999999999,-31.25,SCORED_WINDOW,,True,52,1777578300000,12.00000000000001,-36.0,-24.0,2.0,45.0,-32.14285714285715,-1.9999999999999982,-12.49999999999999,-50.0,SCORED_WINDOW,,True,93,1777923900000,12.00000000000001,-52.0,-40.0,2.0,57.0,-46.42857142857143,-3.3333333333333304,-12.49999999999999,-62.5,SCORED_WINDOW,,True,204,1778528700000,19.999999999999996,-68.0,-68.0,118.0,203.0,-73.33333333333334,-3.400000000000001,-6.25,-75.0
AMC15SUP-052,O:AMC260529P00001500,PUT,1.5,2026-05-29,30,0.0,HOLDOUT,ENTRY_FORMING,2026-04-27T20:00:00+00:00,2026-04-27T19:45:00+00:00,-9.999999999999993,32,UNSCORED_SIGNAL_BAR_ABSENT,,False,,1777385700000,,,,,,,,,,UNSCORED_SIGNAL_BAR_ABSENT,,False,,1777405500000,,,,,,,,,,UNSCORED_SIGNAL_BAR_ABSENT,,False,,1777578300000,,,,,,,,,,UNSCORED_SIGNAL_BAR_ABSENT,,False,,1777923900000,,,,,,,,,,UNSCORED_SIGNAL_BAR_ABSENT,,False,,1778528700000,,,,,,,,,
AMC15SUP-053,O:AMC260522C00001500,CALL,1.5,2026-05-22,14,0.0,HOLDOUT,ENTRY_FORMING,2026-05-06T19:30:00+00:00,2026-05-06T19:15:00+00:00,10.333333333333334,16,UNSCORED_SIGNAL_BAR_ABSENT,,False,,1778161500000,,,,,,,,,,UNSCORED_SIGNAL_BAR_ABSENT,,False,,1778181300000,,,,,,,,,,UNSCORED_SIGNAL_BAR_ABSENT,,False,,1778526900000,,,,,,,,,,UNSCORED_SIGNAL_BAR_ABSENT,,False,,1778699700000,,,,,,,,,,UNSCORED_SIGNAL_BAR_ABSENT,,False,,1779304500000,,,,,,,,,
AMC15SUP-053,O:AMC260522P00001500,PUT,1.5,2026-05-22,14,0.0,HOLDOUT,ENTRY_FORMING,2026-05-06T19:30:00+00:00,2026-05-06T19:15:00+00:00,-10.333333333333334,16,UNSCORED_SIGNAL_BAR_ABSENT,,False,,1778161500000,,,,,,,,,,UNSCORED_SIGNAL_BAR_ABSENT,,False,,1778181300000,,,,,,,,,,UNSCORED_SIGNAL_BAR_ABSENT,,False,,1778526900000,,,,,,,,,,UNSCORED_SIGNAL_BAR_ABSENT,,False,,1778699700000,,,,,,,,,,UNSCORED_SIGNAL_BAR_ABSENT,,False,,1779304500000,,,,,,,,,
AMC15SUP-054,O:AMC260529C00001500,CALL,1.5,2026-05-29,14,0.0,HOLDOUT,ENTRY_FORMING,2026-05-18T19:15:00+00:00,2026-05-18T19:00:00+00:00,-9.666666666666668,11,SCORED_WINDOW,,True,4,1779197400000,50.0,-25.0,0.0,3.0,1.0,-33.33333333333333,0.0,50.0,-25.0,SCORED_WINDOW,,True,26,1779217200000,100.0,-25.0,0.0,8.0,1.0,-50.0,0.0,100.0,-25.0,SCORED_WINDOW,,True,79,1779390000000,275.0,-25.0,200.0,38.0,1.0,-19.999999999999996,0.7272727272727273,275.0,-25.0,SCORED_WINDOW,,True,131,1779822000000,325.0,-25.0,200.0,83.0,1.0,-29.41176470588236,0.6153846153846154,325.0,-25.0,SCORED_RIGHT_CENSORED,CONTRACT_EXPIRY,False,212,1780426800000,,,,,,,,,
AMC15SUP-054,O:AMC260529P00001500,PUT,1.5,2026-05-29,14,0.0,HOLDOUT,ENTRY_FORMING,2026-05-18T19:15:00+00:00,2026-05-18T19:00:00+00:00,9.666666666666668,11,SCORED_WINDOW,,True,3,1779197400000,0.0,-16.666666666666664,-16.666666666666664,1.0,3.0,-16.666666666666664,,0.0,-16.666666666666664,SCORED_WINDOW,,True,18,1779217200000,5.555555555555558,-38.888888888888886,5.555555555555558,18.0,6.0,0.0,1.0,5.555555555555558,-38.888888888888886,SCORED_WINDOW,,True,64,1779390000000,5.555555555555558,-72.22222222222221,-66.66666666666667,18.0,26.0,-68.42105263157895,-11.999999999999995,5.555555555555558,-72.22222222222221,SCORED_WINDOW,,True,113,1779822000000,5.555555555555558,-88.88888888888889,-77.77777777777779,18.0,94.0,-78.94736842105263,-13.999999999999995,5.555555555555558,-88.88888888888889,SCORED_RIGHT_CENSORED,CONTRACT_EXPIRY,False,175,1780426800000,,,,,,,,,
AMC15SUP-054,O:AMC260618C00001500,CALL,1.5,2026-06-18,30,0.0,HOLDOUT,ENTRY_FORMING,2026-05-18T19:15:00+00:00,2026-05-18T19:00:00+00:00,-9.666666666666668,31,SCORED_WINDOW,,True,4,1779197400000,22.222222222222232,-11.111111111111105,0.0,3.0,1.0,-18.181818181818187,0.0,22.222222222222232,-11.111111111111105,SCORED_WINDOW,,True,26,1779217200000,55.55555555555558,-11.111111111111105,0.0,7.0,1.0,-35.71428571428572,0.0,55.55555555555558,-11.111111111111105,SCORED_WINDOW,,True,78,1779390000000,133.33333333333334,-11.111111111111105,111.11111111111111,35.0,1.0,-9.523809523809524,0.8333333333333333,133.33333333333334,-11.111111111111105,SCORED_WINDOW,,True,130,1779822000000,188.8888888888889,-11.111111111111105,122.22222222222223,82.0,1.0,-23.076923076923073,0.6470588235294117,188.8888888888889,-11.111111111111105,SCORED_WINDOW,,True,259,1780426800000,711.1111111111111,-11.111111111111105,511.11111111111114,234.0,1.0,-24.65753424657533,0.7187500000000001,711.1111111111111,-11.111111111111105
AMC15SUP-054,O:AMC260618P00001500,PUT,1.5,2026-06-18,30,0.0,HOLDOUT,ENTRY_FORMING,2026-05-18T19:15:00+00:00,2026-05-18T19:00:00+00:00,9.666666666666668,31,SCORED_WINDOW,,True,3,1779197400000,28.57142857142858,-4.761904761904756,4.761904761904767,3.0,2.0,-18.518518518518523,0.1666666666666668,17.391304347826097,-13.043478260869568,SCORED_WINDOW,,True,14,1779217200000,28.57142857142858,-19.047619047619037,-4.761904761904756,3.0,5.0,-25.92592592592593,-0.1666666666666664,17.391304347826097,-26.086956521739125,SCORED_WINDOW,,True,51,1779390000000,28.57142857142858,-42.85714285714286,-42.85714285714286,3.0,21.0,-55.55555555555556,-1.4999999999999998,17.391304347826097,-47.82608695652174,SCORED_WINDOW,,True,92,1779822000000,28.57142857142858,-52.38095238095237,-47.61904761904761,3.0,53.0,-59.25925925925925,-1.6666666666666659,17.391304347826097,-56.52173913043479,SCORED_WINDOW,,True,208,1780426800000,28.57142857142858,-90.47619047619048,-90.47619047619048,3.0,164.0,-92.5925925925926,-3.166666666666666,17.391304347826097,-91.30434782608697
AMC15SUP-055,O:AMC260618C00001500,CALL,1.5,2026-06-18,30,0.0,HOLDOUT,CONTINUATION,2026-05-19T15:00:00+00:00,2026-05-19T14:45:00+00:00,-6.006666666666671,30,SCORED_WINDOW,,True,4,1779205500000,0.0,-16.666666666666664,-16.666666666666664,1.0,2.0,-16.666666666666664,,9.090909090909083,-9.090909090909083,SCORED_WINDOW,,True,26,1779288300000,75.0,-25.0,75.0,26.0,10.0,0.0,1.0,90.90909090909089,-18.181818181818187,SCORED_WINDOW,,True,78,1779461100000,116.6666666666667,-25.0,66.66666666666667,73.0,10.0,-23.076923076923073,0.5714285714285713,136.36363636363637,-18.181818181818187,SCORED_WINDOW,,True,130,1779893100000,116.6666666666667,-25.0,41.66666666666667,73.0,10.0,-34.61538461538461,0.3571428571428571,136.36363636363637,-18.181818181818187,SCORED_WINDOW,,True,259,1780497900000,508.3333333333333,-25.0,300.0,225.0,10.0,-34.24657534246576,0.5901639344262295,563.6363636363636,-18.181818181818187
AMC15SUP-055,O:AMC260618P00001500,PUT,1.5,2026-06-18,30,0.0,HOLDOUT,CONTINUATION,2026-05-19T15:00:00+00:00,2026-05-19T14:45:00+00:00,6.006666666666671,30,SCORED_WINDOW,,True,3,1779205500000,15.789473684210531,0.0,15.789473684210531,2.0,1.0,0.0,1.0,15.789473684210531,0.0,SCORED_WINDOW,,True,13,1779288300000,21.052631578947366,-31.57894736842105,-26.315789473684205,4.0,12.0,-39.13043478260869,-1.2499999999999998,21.052631578947366,-31.57894736842105,SCORED_WINDOW,,True,50,1779461100000,21.052631578947366,-47.36842105263158,-31.57894736842105,4.0,46.0,-43.47826086956522,-1.5,21.052631578947366,-47.36842105263158,SCORED_WINDOW,,True,94,1779893100000,21.052631578947366,-47.36842105263158,-42.10526315789473,4.0,46.0,-52.17391304347827,-2.0,21.052631578947366,-47.36842105263158,SCORED_WINDOW,,True,209,1780497900000,21.052631578947366,-89.47368421052632,-89.47368421052632,4.0,157.0,-91.30434782608697,-4.25,21.052631578947366,-89.47368421052632
AMC15SUP-056,O:AMC260618C00001500,CALL,1.5,2026-06-18,30,0.0,HOLDOUT,ENTRY_FORMING,2026-05-20T19:45:00+00:00,2026-05-20T19:30:00+00:00,2.9999999999999956,29,SCORED_WINDOW,,True,4,1779372000000,5.555555555555558,-27.777777777777768,-11.111111111111105,1.0,2.0,-15.789473684210531,-1.999999999999998,5.555555555555558,-27.777777777777768,SCORED_WINDOW,,True,26,1779391800000,11.111111111111116,-27.777777777777768,5.555555555555558,17.0,2.0,-5.000000000000004,0.5,11.111111111111116,-27.777777777777768,SCORED_WINDOW,,True,78,1779823800000,44.444444444444464,-27.777777777777768,5.555555555555558,28.0,2.0,-26.923076923076927,0.125,44.444444444444464,-27.777777777777768,SCORED_WINDOW,,True,130,1779996600000,44.444444444444464,-27.777777777777768,0.0,28.0,2.0,-30.76923076923077,0.0,44.444444444444464,-27.777777777777768,SCORED_WINDOW,,True,258,1780601400000,305.55555555555554,-27.777777777777768,172.22222222222223,180.0,2.0,-32.87671232876712,0.5636363636363637,305.55555555555554,-27.777777777777768
AMC15SUP-056,O:AMC260618P00001500,PUT,1.5,2026-06-18,30,0.0,HOLDOUT,ENTRY_FORMING,2026-05-20T19:45:00+00:00,2026-05-20T19:30:00+00:00,-2.9999999999999956,29,SCORED_WINDOW,,True,4,1779372000000,38.46153846153846,-7.692307692307699,15.384615384615374,2.0,2.0,-16.666666666666664,0.39999999999999974,28.57142857142856,-14.285714285714302,SCORED_WINDOW,,True,17,1779391800000,38.46153846153846,-7.692307692307699,-7.692307692307699,2.0,2.0,-33.333333333333336,-0.20000000000000018,28.57142857142856,-14.285714285714302,SCORED_WINDOW,,True,59,1779823800000,38.46153846153846,-23.076923076923073,-7.692307692307699,2.0,18.0,-33.333333333333336,-0.20000000000000018,28.57142857142856,-28.57142857142857,SCORED_WINDOW,,True,99,1779996600000,38.46153846153846,-23.076923076923073,-15.384615384615385,2.0,18.0,-38.888888888888886,-0.4,28.57142857142856,-28.57142857142857,SCORED_WINDOW,,True,224,1780601400000,38.46153846153846,-92.3076923076923,-84.61538461538461,2.0,219.0,-88.88888888888889,-2.2,28.57142857142856,-92.85714285714286
AMC15SUP-059,O:AMC260618C00002000,CALL,2.0,2026-06-18,14,0.0,HOLDOUT,CONTINUATION,2026-06-02T19:15:00+00:00,2026-06-02T19:00:00+00:00,1.1249999999999982,16,SCORED_WINDOW,,True,4,1780493400000,4.545454545454541,-59.09090909090909,-36.36363636363635,3.0,4.0,-39.13043478260869,-8.000000000000005,4.545454545454541,-59.09090909090909,SCORED_WINDOW,,True,26,1780513200000,4.545454545454541,-59.09090909090909,-50.0,3.0,4.0,-52.17391304347827,-11.00000000000001,4.545454545454541,-59.09090909090909,SCORED_WINDOW,,True,78,1780686000000,13.636363636363647,-59.09090909090909,-50.0,53.0,4.0,-56.00000000000001,-3.666666666666664,13.636363636363647,-59.09090909090909,SCORED_WINDOW,,True,130,1781031600000,13.636363636363647,-59.09090909090909,-40.90909090909091,53.0,4.0,-48.0,-2.9999999999999973,13.636363636363647,-59.09090909090909,SCORED_WINDOW,,True,260,1781636400000,122.7272727272727,-59.09090909090909,118.18181818181816,260.0,4.0,-2.0408163265306145,0.9629629629629629,122.7272727272727,-59.09090909090909
AMC15SUP-059,O:AMC260618P00002000,PUT,2.0,2026-06-18,14,0.0,HOLDOUT,CONTINUATION,2026-06-02T19:15:00+00:00,2026-06-02T19:00:00+00:00,-1.1249999999999982,16,SCORED_WINDOW,,True,4,1780493400000,38.888888888888886,-16.666666666666664,27.77777777777779,4.0,3.0,-7.9999999999999964,0.7142857142857146,38.888888888888886,-16.666666666666664,SCORED_WINDOW,,True,26,1780513200000,50.00000000000002,-16.666666666666664,38.888888888888886,16.0,3.0,-7.407407407407418,0.7777777777777773,50.00000000000002,-16.666666666666664,SCORED_WINDOW,,True,77,1780686000000,100.0,-16.666666666666664,88.8888888888889,68.0,3.0,-5.5555555555555465,0.888888888888889,100.0,-16.666666666666664,SCORED_WINDOW,,True,121,1781031600000,100.0,-16.666666666666664,11.111111111111116,68.0,3.0,-44.44444444444444,0.11111111111111116,100.0,-16.666666666666664,SCORED_WINDOW,,True,250,1781636400000,100.0,-94.44444444444444,-94.44444444444444,68.0,203.0,-97.22222222222221,-0.9444444444444444,100.0,-94.44444444444444
AMC15SUP-062,O:AMC260717C00002500,CALL,2.5,2026-07-17,30,0.0,HOLDOUT,CONTINUATION,2026-06-16T14:00:00+00:00,2026-06-16T13:45:00+00:00,-5.8919999999999995,31,SCORED_WINDOW,,True,4,1781621100000,11.538461538461519,-7.692307692307699,-7.692307692307699,1.0,3.0,-17.24137931034483,-0.6666666666666684,11.538461538461519,-7.692307692307699,SCORED_WINDOW,,True,26,1781703900000,53.846153846153854,-7.692307692307699,42.30769230769229,25.0,3.0,-7.500000000000007,0.7857142857142854,53.846153846153854,-7.692307692307699,SCORED_WINDOW,,True,78,1782135900000,130.76923076923075,-7.692307692307699,96.15384615384615,77.0,3.0,-14.999999999999991,0.7352941176470589,130.76923076923075,-7.692307692307699,SCORED_WINDOW,,True,130,1782308700000,130.76923076923075,-65.38461538461539,-57.692307692307686,77.0,103.0,-81.66666666666667,-0.44117647058823534,130.76923076923075,-65.38461538461539,SCORED_WINDOW,,True,260,1782913500000,130.76923076923075,-84.61538461538461,-76.92307692307693,77.0,233.0,-90.0,-0.5882352941176473,130.76923076923075,-84.61538461538461
AMC15SUP-062,O:AMC260717P00002500,PUT,2.5,2026-07-17,30,0.0,HOLDOUT,CONTINUATION,2026-06-16T14:00:00+00:00,2026-06-16T13:45:00+00:00,5.8919999999999995,31,SCORED_WINDOW,,True,4,1781621100000,0.0,-7.500000000000007,-2.500000000000002,1.0,2.0,-2.500000000000002,,0.0,-7.500000000000007,SCORED_WINDOW,,True,23,1781703900000,0.0,-32.49999999999999,-29.999999999999993,1.0,23.0,-29.999999999999993,,0.0,-32.49999999999999,SCORED_WINDOW,,True,75,1782135900000,0.0,-62.5,-57.49999999999999,1.0,74.0,-57.49999999999999,,0.0,-62.5,SCORED_WINDOW,,True,127,1782308700000,62.5,-62.5,37.5,100.0,74.0,-15.384615384615385,0.6,62.5,-62.5,SCORED_WINDOW,,True,216,1782913500000,104.99999999999999,-62.5,70.0,151.0,74.0,-17.07317073170731,0.6666666666666667,104.99999999999999,-62.5
AMC15SUP-066,O:AMC260821C00002500,CALL,2.5,2026-08-21,30,0.0,HOLDOUT,CONTINUATION,2026-07-20T13:45:00+00:00,2026-07-20T13:30:00+00:00,-7.691999999999996,32,SCORED_WINDOW,,True,4,1784557800000,19.999999999999996,-40.0,-28.000000000000004,1.0,3.0,-40.0,-1.4000000000000004,25.0,-37.5,SCORED_WINDOW,,True,26,1784640600000,68.0,-40.0,52.0,26.0,3.0,-9.523809523809524,0.7647058823529411,75.0,-37.5,SCORED_WINDOW,,True,78,1784813400000,68.0,-40.0,-36.0,26.0,3.0,-61.904761904761905,-0.5294117647058824,75.0,-37.5,SCORED_WINDOW,,True,130,1785159000000,68.0,-43.99999999999999,-16.000000000000004,26.0,81.0,-50.0,-0.23529411764705888,75.0,-41.666666666666664,SCORED_WINDOW,,True,260,1785763800000,156.0,-43.99999999999999,131.99999999999997,260.0,81.0,-9.37500000000001,0.8461538461538459,166.66666666666669,-41.666666666666664
AMC15SUP-066,O:AMC260821P00002500,PUT,2.5,2026-08-21,30,0.0,HOLDOUT,CONTINUATION,2026-07-20T13:45:00+00:00,2026-07-20T13:30:00+00:00,7.691999999999996,32,SCORED_WINDOW,,True,4,1784557800000,28.57142857142858,-7.14285714285714,16.666666666666675,3.0,1.0,-9.259259259259267,0.5833333333333335,22.72727272727273,-11.363636363636365,SCORED_WINDOW,,True,26,1784640600000,28.57142857142858,-23.809523809523803,-19.047619047619037,3.0,26.0,-37.03703703703704,-0.6666666666666661,22.72727272727273,-27.27272727272727,SCORED_WINDOW,,True,78,1784813400000,28.57142857142858,-23.809523809523803,9.523809523809534,3.0,26.0,-14.814814814814813,0.3333333333333336,22.72727272727273,-27.27272727272727,SCORED_WINDOW,,True,124,1785159000000,28.57142857142858,-23.809523809523803,-11.904761904761907,3.0,26.0,-31.481481481481488,-0.41666666666666663,22.72727272727273,-27.27272727272727,SCORED_WINDOW,,True,251,1785763800000,28.57142857142858,-76.19047619047619,-71.42857142857143,3.0,251.0,-77.77777777777779,-2.499999999999999,22.72727272727273,-77.27272727272727
AMC15SUP-067,O:AMC260821C00002500,CALL,2.5,2026-08-21,30,0.0,HOLDOUT,ENTRY_FORMING,2026-07-22T18:45:00+00:00,2026-07-22T18:30:00+00:00,-8.003999999999998,30,SCORED_WINDOW,,True,4,1784748600000,4.545454545454541,-9.090909090909083,-4.545454545454552,1.0,3.0,-8.695652173913048,-1.0000000000000024,4.545454545454541,-9.090909090909083,SCORED_WINDOW,,True,26,1784831400000,4.545454545454541,-36.36363636363635,-13.636363636363635,1.0,9.0,-17.391304347826086,-3.000000000000002,4.545454545454541,-36.36363636363635,SCORED_WINDOW,,True,78,1785177000000,22.72727272727273,-36.36363636363635,13.636363636363647,42.0,9.0,-7.407407407407418,0.6000000000000004,22.72727272727273,-36.36363636363635,SCORED_WINDOW,,True,130,1785349800000,104.54545454545455,-36.36363636363635,95.45454545454545,108.0,9.0,-4.444444444444451,0.9130434782608695,104.54545454545455,-36.36363636363635,SCORED_WINDOW,,True,260,1785954600000,190.9090909090909,-36.36363636363635,50.0,188.0,9.0,-48.4375,0.2619047619047619,190.9090909090909,-36.36363636363635
AMC15SUP-067,O:AMC260821P00002500,PUT,2.5,2026-08-21,30,0.0,HOLDOUT,ENTRY_FORMING,2026-07-22T18:45:00+00:00,2026-07-22T18:30:00+00:00,8.003999999999998,30,SCORED_WINDOW,,True,4,1784748600000,2.3809523809523725,-2.3809523809523836,-2.3809523809523836,2.0,1.0,-4.651162790697683,-1.0000000000000047,-2.2727272727272707,-6.818181818181824,SCORED_WINDOW,,True,22,1784831400000,23.809523809523814,-2.3809523809523836,9.523809523809534,12.0,1.0,-11.538461538461542,0.40000000000000036,18.181818181818187,-6.818181818181824,SCORED_WINDOW,,True,69,1785177000000,23.809523809523814,-23.809523809523803,-16.666666666666675,12.0,38.0,-32.6923076923077,-0.7000000000000002,18.181818181818187,-27.27272727272727,SCORED_WINDOW,,True,121,1785349800000,23.809523809523814,-57.14285714285714,-54.761904761904766,12.0,117.0,-63.46153846153846,-2.3,18.181818181818187,-59.09090909090909,SCORED_WINDOW,,True,251,1785954600000,23.809523809523814,-76.19047619047619,-66.66666666666666,12.0,179.0,-73.07692307692307,-2.799999999999999,18.181818181818187,-77.27272727272727
AMC15SUP-068,O:AMC260821C00002500,CALL,2.5,2026-08-21,30,0.0,HOLDOUT,CONTINUATION,2026-07-24T18:00:00+00:00,2026-07-24T17:45:00+00:00,-7.211999999999996,28,SCORED_WINDOW,,True,4,1784918700000,19.999999999999996,0.0,19.999999999999996,4.0,1.0,0.0,1.0,14.28571428571428,-4.761904761904756,SCORED_WINDOW,,True,26,1785174300000,30.000000000000004,-5.000000000000004,9.999999999999986,9.0,8.0,-15.384615384615385,0.3333333333333328,23.809523809523814,-9.523809523809524,SCORED_WINDOW,,True,78,1785347100000,125.0,-5.000000000000004,114.99999999999999,59.0,8.0,-4.444444444444451,0.9199999999999999,114.28571428571428,-9.523809523809524,SCORED_WINDOW,,True,130,1785519900000,129.99999999999997,-5.000000000000004,125.0,82.0,8.0,-2.1739130434782594,0.9615384615384618,119.04761904761907,-9.523809523809524,SCORED_WINDOW,,True,257,1786124700000,219.99999999999997,-15.000000000000002,0.0,139.0,243.0,-68.75,0.0,204.7619047619048,-19.047619047619037
AMC15SUP-068,O:AMC260821P00002500,PUT,2.5,2026-08-21,30,0.0,HOLDOUT,CONTINUATION,2026-07-24T18:00:00+00:00,2026-07-24T17:45:00+00:00,7.211999999999996,28,SCORED_WINDOW,,True,3,1784918700000,0.0,-5.128205128205132,-2.564102564102566,1.0,1.0,-2.564102564102566,,0.0,-5.128205128205132,SCORED_WINDOW,,True,23,1785174300000,5.12820512820511,-15.384615384615385,-7.692307692307699,7.0,14.0,-12.195121951219512,-1.5000000000000067,5.12820512820511,-15.384615384615385,SCORED_WINDOW,,True,74,1785347100000,5.12820512820511,-53.846153846153854,-51.28205128205128,7.0,73.0,-53.65853658536586,-10.000000000000036,5.12820512820511,-53.846153846153854,SCORED_WINDOW,,True,126,1785519900000,5.12820512820511,-61.53846153846154,-61.53846153846154,7.0,109.0,-63.41463414634146,-12.000000000000043,5.12820512820511,-61.53846153846154,SCORED_WINDOW,,True,252,1786124700000,5.12820512820511,-74.35897435897436,-58.97435897435898,7.0,135.0,-60.97560975609756,-11.50000000000004,5.12820512820511,-74.35897435897436
AMC15X-001,O:AMC240906C00005000,CALL,5.0,2024-09-06,14,0.0,DISCOVERY,CONTINUATION,2024-08-23T15:30:00+00:00,2024-08-23T15:15:00+00:00,0.4579999999999984,14,SCORED_WINDOW,,True,4,1724429700000,9.523809523809534,-9.523809523809524,0.0,4.0,1.0,-8.695652173913048,0.0,4.545454545454541,-13.636363636363635,SCORED_WINDOW,,True,26,1724685300000,76.19047619047619,-9.523809523809524,19.047619047619047,20.0,1.0,-32.432432432432435,0.25,68.18181818181819,-13.636363636363635,SCORED_WINDOW,,True,74,1724858100000,76.19047619047619,-42.85714285714286,-38.095238095238095,20.0,72.0,-64.86486486486487,-0.5,68.18181818181819,-45.45454545454546,SCORED_WINDOW,,True,126,1725030900000,76.19047619047619,-52.38095238095237,-47.61904761904761,20.0,122.0,-70.27027027027026,-0.6249999999999999,68.18181818181819,-54.54545454545454,SCORED_RIGHT_CENSORED,CONTRACT_EXPIRY,False,248,1725894900000,,,,,,,,,
AMC15X-001,O:AMC240906P00005000,PUT,5.0,2024-09-06,14,0.0,DISCOVERY,CONTINUATION,2024-08-23T15:30:00+00:00,2024-08-23T15:15:00+00:00,-0.4579999999999984,14,UNSCORED_SIGNAL_BAR_ABSENT,,False,,1724429700000,,,,,,,,,,UNSCORED_SIGNAL_BAR_ABSENT,,False,,1724685300000,,,,,,,,,,UNSCORED_SIGNAL_BAR_ABSENT,,False,,1724858100000,,,,,,,,,,UNSCORED_SIGNAL_BAR_ABSENT,,False,,1725030900000,,,,,,,,,,UNSCORED_SIGNAL_BAR_ABSENT,CONTRACT_EXPIRY,False,,1725894900000,,,,,,,,,
AMC15X-001,O:AMC240920C00005000,CALL,5.0,2024-09-20,30,0.0,DISCOVERY,CONTINUATION,2024-08-23T15:30:00+00:00,2024-08-23T15:15:00+00:00,0.4579999999999984,28,SCORED_WINDOW,,True,4,1724429700000,6.25,-6.25,0.0,4.0,3.0,-5.882352941176472,0.0,9.677419354838722,-3.2258064516129115,SCORED_WINDOW,,True,25,1724685300000,53.125,-6.25,15.625,19.0,3.0,-24.489795918367353,0.29411764705882354,58.06451612903225,-3.2258064516129115,SCORED_WINDOW,,True,73,1724858100000,53.125,-50.0,-15.625,19.0,66.0,-44.897959183673464,-0.29411764705882354,58.06451612903225,-48.38709677419355,SCORED_WINDOW,,True,123,1725030900000,53.125,-50.0,-21.875,19.0,66.0,-48.97959183673469,-0.4117647058823529,58.06451612903225,-48.38709677419355,SCORED_WINDOW,,True,252,1725894900000,53.125,-53.125,-6.25,19.0,225.0,-38.775510204081634,-0.11764705882352941,58.06451612903225,-51.61290322580645
AMC15X-001,O:AMC240920P00005000,PUT,5.0,2024-09-20,30,0.0,DISCOVERY,CONTINUATION,2024-08-23T15:30:00+00:00,2024-08-23T15:15:00+00:00,-0.4579999999999984,28,UNSCORED_SIGNAL_BAR_ABSENT,,False,,1724429700000,,,,,,,,,,UNSCORED_SIGNAL_BAR_ABSENT,,False,,1724685300000,,,,,,,,,,UNSCORED_SIGNAL_BAR_ABSENT,,False,,1724858100000,,,,,,,,,,UNSCORED_SIGNAL_BAR_ABSENT,,False,,1725030900000,,,,,,,,,,UNSCORED_SIGNAL_BAR_ABSENT,,False,,1725894900000,,,,,,,,,
AMC15X-002,O:AMC240906C00005000,CALL,5.0,2024-09-06,14,0.0,DISCOVERY,RISK_OR_EXHAUSTION,2024-08-26T14:00:00+00:00,2024-08-26T13:45:00+00:00,3.401999999999994,11,SCORED_WINDOW,,True,4,1724683500000,12.5,-25.0,-6.25,1.0,2.0,-16.666666666666664,-0.5,9.090909090909083,-27.27272727272728,SCORED_WINDOW,,True,26,1724766300000,12.5,-31.25,-31.25,1.0,25.0,-38.888888888888886,-2.5,9.090909090909083,-33.333333333333336,SCORED_WINDOW,,True,74,1724939100000,12.5,-65.625,-62.5,1.0,69.0,-66.66666666666667,-5.0,9.090909090909083,-66.66666666666667,SCORED_WINDOW,,True,126,1725371100000,12.5,-78.125,-75.0,1.0,125.0,-77.77777777777779,-6.0,9.090909090909083,-78.78787878787878,SCORED_RIGHT_CENSORED,CONTRACT_EXPIRY,False,228,1725975900000,,,,,,,,,
AMC15X-002,O:AMC240906P00005000,PUT,5.0,2024-09-06,14,0.0,DISCOVERY,RISK_OR_EXHAUSTION,2024-08-26T14:00:00+00:00,2024-08-26T13:45:00+00:00,-3.401999999999994,11,SCORED_WINDOW,,True,4,1724683500000,28.57142857142856,-21.42857142857143,7.14285714285714,3.0,1.0,-16.666666666666664,0.25,50.0,-8.333333333333325,SCORED_WINDOW,,True,26,1724766300000,28.57142857142856,-21.42857142857143,21.42857142857142,3.0,1.0,-5.5555555555555465,0.75,50.0,-8.333333333333325,SCORED_WINDOW,,True,72,1724939100000,171.4285714285714,-42.85714285714286,128.57142857142856,70.0,71.0,-15.789473684210531,0.7500000000000001,216.66666666666669,-33.33333333333333,SCORED_WINDOW,,True,120,1725371100000,171.4285714285714,-42.85714285714286,92.85714285714286,70.0,71.0,-28.947368421052634,0.5416666666666669,216.66666666666669,-33.33333333333333,SCORED_RIGHT_CENSORED,CONTRACT_EXPIRY,False,215,1725975900000,,,,,,,,,
AMC15X-002,O:AMC240927C00005000,CALL,5.0,2024-09-27,30,0.0,DISCOVERY,RISK_OR_EXHAUSTION,2024-08-26T14:00:00+00:00,2024-08-26T13:45:00+00:00,3.401999999999994,32,SCORED_WINDOW,,True,4,1724683500000,0.0,-17.647058823529417,-5.882352941176472,1.0,3.0,-5.882352941176472,,6.25,-12.5,SCORED_WINDOW,,True,13,1724766300000,0.0,-27.450980392156865,-21.568627450980394,1.0,9.0,-21.568627450980394,,6.25,-22.916666666666664,SCORED_WINDOW,,True,47,1724939100000,0.0,-49.01960784313726,-43.13725490196079,1.0,29.0,-43.13725490196079,,6.25,-45.83333333333333,SCORED_WINDOW,,True,89,1725371100000,0.0,-50.98039215686274,-43.13725490196079,1.0,88.0,-43.13725490196079,,6.25,-47.916666666666664,SCORED_WINDOW,,True,203,1725975900000,0.0,-60.7843137254902,-35.29411764705882,1.0,153.0,-35.29411764705882,,6.25,-58.33333333333333
AMC15X-002,O:AMC240927P00005000,PUT,5.0,2024-09-27,30,0.0,DISCOVERY,RISK_OR_EXHAUSTION,2024-08-26T14:00:00+00:00,2024-08-26T13:45:00+00:00,-3.401999999999994,32,SCORED_WINDOW,,True,3,1724683500000,10.714285714285698,-7.142857142857151,10.714285714285698,3.0,1.0,0.0,1.0,6.896551724137945,-10.344827586206884,SCORED_WINDOW,,True,13,1724766300000,24.99999999999998,-7.142857142857151,10.714285714285698,10.0,1.0,-11.428571428571422,0.42857142857142827,20.68965517241379,-10.344827586206884,SCORED_WINDOW,,True,40,1724939100000,82.14285714285714,-7.142857142857151,78.57142857142856,37.0,1.0,-1.9607843137254943,0.9565217391304346,75.86206896551727,-10.344827586206884,SCORED_WINDOW,,True,59,1725371100000,82.14285714285714,-7.142857142857151,71.4285714285714,37.0,1.0,-5.882352941176472,0.8695652173913041,75.86206896551727,-10.344827586206884,SCORED_WINDOW,,True,114,1725975900000,114.28571428571428,-7.142857142857151,21.42857142857142,72.0,1.0,-43.33333333333332,0.18749999999999994,106.89655172413795,-10.344827586206884
AMC15X-003,O:AMC240913C00005000,CALL,5.0,2024-09-13,14,0.0,DISCOVERY,ENTRY_FORMING,2024-08-30T18:15:00+00:00,2024-08-30T18:00:00+00:00,-2.2000000000000064,14,SCORED_WINDOW,,True,4,1725044400000,4.761904761904767,-23.809523809523803,-9.523809523809524,1.0,3.0,-13.636363636363635,-1.9999999999999978,0.0,-27.27272727272727,SCORED_WINDOW,,True,26,1725386400000,4.761904761904767,-42.85714285714286,-28.57142857142857,1.0,21.0,-31.818181818181824,-5.999999999999993,0.0,-45.45454545454546,SCORED_WINDOW,,True,78,1725559200000,4.761904761904767,-52.38095238095237,-47.61904761904761,1.0,55.0,-50.0,-9.999999999999988,0.0,-54.54545454545454,SCORED_WINDOW,,True,130,1725904800000,28.57142857142858,-61.904761904761905,-23.809523809523803,101.0,90.0,-40.74074074074075,-0.8333333333333328,22.72727272727273,-63.63636363636363,SCORED_RIGHT_CENSORED,CONTRACT_EXPIRY,False,241,1726509600000,,,,,,,,,
AMC15X-003,O:AMC240913P00005000,PUT,5.0,2024-09-13,14,0.0,DISCOVERY,ENTRY_FORMING,2024-08-30T18:15:00+00:00,2024-08-30T18:00:00+00:00,2.2000000000000064,14,UNSCORED_SIGNAL_BAR_ABSENT,,False,,1725044400000,,,,,,,,,,UNSCORED_SIGNAL_BAR_ABSENT,,False,,1725386400000,,,,,,,,,,UNSCORED_SIGNAL_BAR_ABSENT,,False,,1725559200000,,,,,,,,,,UNSCORED_SIGNAL_BAR_ABSENT,,False,,1725904800000,,,,,,,,,,UNSCORED_SIGNAL_BAR_ABSENT,CONTRACT_EXPIRY,False,,1726509600000,,,,,,,,,
AMC15X-003,O:AMC240927C00005000,CALL,5.0,2024-09-27,30,0.0,DISCOVERY,ENTRY_FORMING,2024-08-30T18:15:00+00:00,2024-08-30T18:00:00+00:00,-2.2000000000000064,28,SCORED_WINDOW,,True,3,1725044400000,6.25,-6.25,-6.25,1.0,3.0,-11.764705882352954,-1.0,3.0303030303030276,-9.090909090909093,SCORED_WINDOW,,True,24,1725386400000,6.25,-28.125,-15.625,1.0,19.0,-20.588235294117652,-2.5,3.0303030303030276,-30.303030303030297,SCORED_WINDOW,,True,68,1725559200000,6.25,-34.375,-18.75,1.0,64.0,-23.529411764705888,-3.0,3.0303030303030276,-36.36363636363637,SCORED_WINDOW,,True,114,1725904800000,31.25,-37.5,6.25,101.0,72.0,-19.047619047619037,0.2,27.27272727272727,-39.39393939393939,SCORED_WINDOW,,True,234,1726509600000,31.25,-50.0,-43.75,101.0,227.0,-57.14285714285714,-1.4,27.27272727272727,-51.515151515151516
AMC15X-003,O:AMC240927P00005000,PUT,5.0,2024-09-27,30,0.0,DISCOVERY,ENTRY_FORMING,2024-08-30T18:15:00+00:00,2024-08-30T18:00:00+00:00,2.2000000000000064,28,UNSCORED_SIGNAL_BAR_ABSENT,,False,,1725044400000,,,,,,,,,,UNSCORED_SIGNAL_BAR_ABSENT,,False,,1725386400000,,,,,,,,,,UNSCORED_SIGNAL_BAR_ABSENT,,False,,1725559200000,,,,,,,,,,UNSCORED_SIGNAL_BAR_ABSENT,,False,,1725904800000,,,,,,,,,,UNSCORED_SIGNAL_BAR_ABSENT,,False,,1726509600000,,,,,,,,,
AMC15X-004,O:AMC240920C00005000,CALL,5.0,2024-09-20,14,0.0,DISCOVERY,THESIS_PRESSURE,2024-09-03T14:00:00+00:00,2024-09-03T13:45:00+00:00,-3.9639999999999986,17,SCORED_WINDOW,,True,4,1725374700000,4.347826086956519,-8.695652173913048,0.0,1.0,1.0,-4.1666666666666625,0.0,4.347826086956519,-8.695652173913048,SCORED_WINDOW,,True,26,1725457500000,8.695652173913038,-26.086956521739125,-8.695652173913048,5.0,25.0,-16.000000000000004,-1.0000000000000013,8.695652173913038,-26.086956521739125,SCORED_WINDOW,,True,77,1725630300000,8.695652173913038,-30.434782608695656,-17.391304347826086,5.0,73.0,-24.0,-2.0000000000000013,8.695652173913038,-30.434782608695656,SCORED_WINDOW,,True,129,1725975900000,52.17391304347825,-34.782608695652186,0.0,86.0,82.0,-34.28571428571428,0.0,52.17391304347825,-34.782608695652186,SCORED_WINDOW,,True,259,1726580700000,52.17391304347825,-69.56521739130434,-65.21739130434783,86.0,256.0,-77.14285714285714,-1.2500000000000002,52.17391304347825,-69.56521739130434
AMC15X-004,O:AMC240920P00005000,PUT,5.0,2024-09-20,14,0.0,DISCOVERY,THESIS_PRESSURE,2024-09-03T14:00:00+00:00,2024-09-03T13:45:00+00:00,3.9639999999999986,17,SCORED_WINDOW,,True,4,1725374700000,4.761904761904767,-2.3809523809523836,0.0,1.0,4.0,-4.545454545454552,0.0,7.317073170731714,0.0,SCORED_WINDOW,,True,19,1725457500000,30.952380952380977,-4.761904761904756,16.666666666666675,18.0,5.0,-10.909090909090914,0.5384615384615383,34.14634146341464,-2.4390243902438935,SCORED_WINDOW,,True,47,1725630300000,30.952380952380977,-16.666666666666675,2.3809523809523725,18.0,46.0,-21.818181818181827,0.0769230769230766,34.14634146341464,-14.634146341463417,SCORED_WINDOW,,True,94,1725975900000,30.952380952380977,-47.61904761904761,-33.33333333333333,18.0,75.0,-49.090909090909086,-1.076923076923076,34.14634146341464,-46.34146341463414,SCORED_WINDOW,,True,216,1726580700000,30.952380952380977,-64.28571428571428,-59.52380952380951,18.0,189.0,-69.0909090909091,-1.9230769230769211,34.14634146341464,-63.41463414634146
AMC15X-004,O:AMC241004C00005000,CALL,5.0,2024-10-04,30,0.0,DISCOVERY,THESIS_PRESSURE,2024-09-03T14:00:00+00:00,2024-09-03T13:45:00+00:00,-3.9639999999999986,31,SCORED_WINDOW,,True,4,1725374700000,9.677419354838722,-19.354838709677413,9.677419354838722,4.0,2.0,0.0,1.0,3.0303030303030276,-24.242424242424242,SCORED_WINDOW,,True,21,1725457500000,12.903225806451601,-19.354838709677413,-12.903225806451601,5.0,2.0,-22.857142857142843,-1.0,6.060606060606055,-24.242424242424242,SCORED_WINDOW,,True,58,1725630300000,16.129032258064502,-19.354838709677413,-3.2258064516129115,40.0,2.0,-16.666666666666664,-0.20000000000000068,9.090909090909083,-24.242424242424242,SCORED_WINDOW,,True,98,1725975900000,58.06451612903225,-19.354838709677413,19.354838709677423,83.0,2.0,-24.489795918367353,0.3333333333333335,48.484848484848484,-24.242424242424242,SCORED_WINDOW,,True,186,1726580700000,58.06451612903225,-29.032258064516125,-16.129032258064512,83.0,186.0,-46.93877551020408,-0.27777777777777773,48.484848484848484,-33.333333333333336
AMC15X-004,O:AMC241004P00005000,PUT,5.0,2024-10-04,30,0.0,DISCOVERY,THESIS_PRESSURE,2024-09-03T14:00:00+00:00,2024-09-03T13:45:00+00:00,3.9639999999999986,31,SCORED_WINDOW,,True,2,1725374700000,3.8461538461538547,0.0,1.9230769230769162,1.0,1.0,-1.851851851851849,0.4999999999999971,10.204081632653072,6.1224489795918435,SCORED_WINDOW,,True,6,1725457500000,15.384615384615374,-1.9230769230769273,15.384615384615374,6.0,3.0,0.0,1.0,22.44897959183674,4.081632653061229,SCORED_WINDOW,,True,15,1725630300000,15.384615384615374,-11.538461538461542,0.0,6.0,15.0,-13.33333333333333,0.0,22.44897959183674,-6.122448979591832,SCORED_WINDOW,,True,26,1725975900000,15.384615384615374,-25.0,-25.0,6.0,23.0,-35.0,-1.625000000000001,22.44897959183674,-20.408163265306122,SCORED_WINDOW,,True,67,1726580700000,15.384615384615374,-40.38461538461539,-30.76923076923077,6.0,60.0,-40.0,-2.0000000000000013,22.44897959183674,-36.73469387755102
AMC15X-005,O:AMC241025C00004000,CALL,4.0,2024-10-25,14,0.0,DISCOVERY,ENTRY_FORMING,2024-10-10T19:30:00+00:00,2024-10-10T19:15:00+00:00,4.275000000000007,15,UNSCORED_SIGNAL_BAR_ABSENT,,False,,1728654300000,,,,,,,,,,UNSCORED_SIGNAL_BAR_ABSENT,,False,,1728674100000,,,,,,,,,,UNSCORED_SIGNAL_BAR_ABSENT,,False,,1729019700000,,,,,,,,,,UNSCORED_SIGNAL_BAR_ABSENT,,False,,1729192500000,,,,,,,,,,UNSCORED_SIGNAL_BAR_ABSENT,,False,,1729797300000,,,,,,,,,
AMC15X-005,O:AMC241025P00004000,PUT,4.0,2024-10-25,14,0.0,DISCOVERY,ENTRY_FORMING,2024-10-10T19:30:00+00:00,2024-10-10T19:15:00+00:00,-4.275000000000007,15,SCORED_WINDOW,,True,2,1728654300000,7.692307692307709,-15.384615384615385,-15.384615384615385,2.0,2.0,-21.42857142857143,-1.9999999999999956,7.692307692307709,-15.384615384615385,SCORED_WINDOW,,True,16,1728674100000,7.692307692307709,-23.076923076923073,-23.076923076923073,2.0,5.0,-28.57142857142857,-2.999999999999993,7.692307692307709,-23.076923076923073,SCORED_WINDOW,,True,50,1729019700000,7.692307692307709,-46.153846153846146,-38.46153846153846,2.0,43.0,-42.85714285714286,-4.9999999999999885,7.692307692307709,-46.153846153846146,SCORED_WINDOW,,True,86,1729192500000,7.692307692307709,-69.23076923076923,-46.153846153846146,2.0,72.0,-50.0,-5.999999999999986,7.692307692307709,-69.23076923076923,SCORED_WINDOW,,True,185,1729797300000,7.692307692307709,-92.3076923076923,-92.3076923076923,2.0,108.0,-92.85714285714286,-11.999999999999973,7.692307692307709,-92.3076923076923
AMC15X-005,O:AMC241108C00004000,CALL,4.0,2024-11-08,30,0.0,DISCOVERY,ENTRY_FORMING,2024-10-10T19:30:00+00:00,2024-10-10T19:15:00+00:00,4.275000000000007,29,UNSCORED_SIGNAL_BAR_ABSENT,,False,,1728654300000,,,,,,,,,,UNSCORED_SIGNAL_BAR_ABSENT,,False,,1728674100000,,,,,,,,,,UNSCORED_SIGNAL_BAR_ABSENT,,False,,1729019700000,,,,,,,,,,UNSCORED_SIGNAL_BAR_ABSENT,,False,,1729192500000,,,,,,,,,,UNSCORED_SIGNAL_BAR_ABSENT,,False,,1729797300000,,,,,,,,,
AMC15X-005,O:AMC241108P00004000,PUT,4.0,2024-11-08,30,0.0,DISCOVERY,ENTRY_FORMING,2024-10-10T19:30:00+00:00,2024-10-10T19:15:00+00:00,-4.275000000000007,29,UNSCORED_SIGNAL_BAR_ABSENT,,False,,1728654300000,,,,,,,,,,UNSCORED_SIGNAL_BAR_ABSENT,,False,,1728674100000,,,,,,,,,,UNSCORED_SIGNAL_BAR_ABSENT,,False,,1729019700000,,,,,,,,,,UNSCORED_SIGNAL_BAR_ABSENT,,False,,1729192500000,,,,,,,,,,UNSCORED_SIGNAL_BAR_ABSENT,,False,,1729797300000,,,,,,,,,
AMC15X-006,O:AMC241108C00004500,CALL,4.5,2024-11-08,14,0.0,DISCOVERY,RISK_OR_EXHAUSTION,2024-10-22T19:45:00+00:00,2024-10-22T19:30:00+00:00,-3.888888888888885,17,SCORED_WINDOW,,True,4,1729692000000,4.999999999999982,-10.000000000000009,-5.000000000000004,1.0,2.0,-9.523809523809524,-1.0000000000000044,16.666666666666675,0.0,SCORED_WINDOW,,True,25,1729711800000,4.999999999999982,-25.00000000000001,-20.000000000000007,1.0,20.0,-23.809523809523803,-4.000000000000016,16.666666666666675,-16.666666666666664,SCORED_WINDOW,,True,74,1729884600000,59.999999999999986,-25.00000000000001,4.999999999999982,56.0,20.0,-34.375,0.08333333333333305,77.77777777777779,-16.666666666666664,SCORED_WINDOW,,True,125,1730230200000,59.999999999999986,-25.00000000000001,30.000000000000004,56.0,20.0,-18.75,0.5000000000000002,77.77777777777779,-16.666666666666664,SCORED_WINDOW,,True,254,1730838600000,84.99999999999999,-35.0,-15.000000000000002,178.0,230.0,-54.054054054054056,-0.17647058823529416,105.55555555555559,-27.777777777777768
AMC15X-006,O:AMC241108P00004500,PUT,4.5,2024-11-08,14,0.0,DISCOVERY,RISK_OR_EXHAUSTION,2024-10-22T19:45:00+00:00,2024-10-22T19:30:00+00:00,3.888888888888885,17,UNSCORED_SIGNAL_BAR_ABSENT,,False,,1729692000000,,,,,,,,,,UNSCORED_SIGNAL_BAR_ABSENT,,False,,1729711800000,,,,,,,,,,UNSCORED_SIGNAL_BAR_ABSENT,,False,,1729884600000,,,,,,,,,,UNSCORED_SIGNAL_BAR_ABSENT,,False,,1730230200000,,,,,,,,,,UNSCORED_SIGNAL_BAR_ABSENT,,False,,1730838600000,,,,,,,,,
AMC15X-006,O:AMC241122C00004500,CALL,4.5,2024-11-22,30,0.0,DISCOVERY,RISK_OR_EXHAUSTION,2024-10-22T19:45:00+00:00,2024-10-22T19:30:00+00:00,-3.888888888888885,31,SCORED_WINDOW,,True,3,1729692000000,3.5714285714285587,0.0,0.0,2.0,1.0,-3.44827586206895,0.0,0.0,-3.44827586206895,SCORED_WINDOW,,True,14,1729711800000,3.5714285714285587,-21.42857142857143,-10.71428571428572,2.0,12.0,-13.793103448275856,-3.0000000000000124,0.0,-24.13793103448275,SCORED_WINDOW,,True,43,1729884600000,42.85714285714286,-28.57142857142857,3.5714285714285587,34.0,37.0,-27.500000000000014,0.08333333333333302,37.93103448275863,-31.034482758620683,SCORED_WINDOW,,True,73,1730230200000,42.85714285714286,-28.57142857142857,24.99999999999998,34.0,37.0,-12.50000000000001,0.5833333333333328,37.93103448275863,-31.034482758620683,SCORED_WINDOW,,True,145,1730838600000,64.28571428571428,-28.57142857142857,14.28571428571428,84.0,37.0,-30.434782608695656,0.22222222222222215,58.62068965517244,-31.034482758620683
AMC15X-006,O:AMC241122P00004500,PUT,4.5,2024-11-22,30,0.0,DISCOVERY,RISK_OR_EXHAUSTION,2024-10-22T19:45:00+00:00,2024-10-22T19:30:00+00:00,3.888888888888885,31,UNSCORED_SIGNAL_BAR_ABSENT,,False,,1729692000000,,,,,,,,,,UNSCORED_SIGNAL_BAR_ABSENT,,False,,1729711800000,,,,,,,,,,UNSCORED_SIGNAL_BAR_ABSENT,,False,,1729884600000,,,,,,,,,,UNSCORED_SIGNAL_BAR_ABSENT,,False,,1730230200000,,,,,,,,,,UNSCORED_SIGNAL_BAR_ABSENT,,False,,1730838600000,,,,,,,,,
AMC15X-007,O:AMC241108C00004500,CALL,4.5,2024-11-08,14,0.0,DISCOVERY,THESIS_PRESSURE,2024-10-23T15:30:00+00:00,2024-10-23T15:15:00+00:00,-5.3333333333333375,16,SCORED_WINDOW,,True,4,1729700100000,5.555555555555558,-5.5555555555555465,5.555555555555558,4.0,1.0,0.0,1.0,5.555555555555558,-5.5555555555555465,SCORED_WINDOW,,True,25,1729782900000,33.33333333333333,-16.666666666666664,22.222222222222232,25.0,11.0,-8.333333333333325,0.6666666666666671,33.33333333333333,-16.666666666666664,SCORED_WINDOW,,True,74,1730128500000,77.77777777777779,-16.666666666666664,44.444444444444464,47.0,11.0,-18.75,0.5714285714285716,77.77777777777779,-16.666666666666664,SCORED_WINDOW,,True,125,1730301300000,94.44444444444444,-16.666666666666664,83.33333333333334,123.0,11.0,-5.714285714285705,0.8823529411764707,94.44444444444444,-16.666666666666664,SCORED_WINDOW,,True,254,1730909700000,105.55555555555559,-27.777777777777768,22.222222222222232,169.0,221.0,-40.54054054054054,0.21052631578947373,105.55555555555559,-27.777777777777768
AMC15X-007,O:AMC241108P00004500,PUT,4.5,2024-11-08,14,0.0,DISCOVERY,THESIS_PRESSURE,2024-10-23T15:30:00+00:00,2024-10-23T15:15:00+00:00,5.3333333333333375,16,UNSCORED_SIGNAL_BAR_ABSENT,,False,,1729700100000,,,,,,,,,,UNSCORED_SIGNAL_BAR_ABSENT,,False,,1729782900000,,,,,,,,,,UNSCORED_SIGNAL_BAR_ABSENT,,False,,1730128500000,,,,,,,,,,UNSCORED_SIGNAL_BAR_ABSENT,,False,,1730301300000,,,,,,,,,,UNSCORED_SIGNAL_BAR_ABSENT,,False,,1730909700000,,,,,,,,,
AMC15X-007,O:AMC241122C00004500,CALL,4.5,2024-11-22,30,0.0,DISCOVERY,THESIS_PRESSURE,2024-10-23T15:30:00+00:00,2024-10-23T15:15:00+00:00,-5.3333333333333375,30,SCORED_WINDOW,,True,2,1729700100000,4.0000000000000036,0.0,4.0000000000000036,2.0,1.0,0.0,1.0,4.0000000000000036,0.0,SCORED_WINDOW,,True,16,1729782900000,19.999999999999996,-16.000000000000004,19.999999999999996,16.0,10.0,0.0,1.0,19.999999999999996,-16.000000000000004,SCORED_WINDOW,,True,46,1730128500000,60.00000000000001,-19.999999999999996,52.0,29.0,32.0,-5.000000000000004,0.8666666666666666,60.00000000000001,-19.999999999999996,SCORED_WINDOW,,True,77,1730301300000,80.0,-19.999999999999996,76.0,73.0,32.0,-2.2222222222222254,0.95,80.0,-19.999999999999996,SCORED_WINDOW,,True,149,1730909700000,84.00000000000001,-19.999999999999996,39.99999999999999,79.0,32.0,-23.913043478260875,0.47619047619047605,84.00000000000001,-19.999999999999996
AMC15X-007,O:AMC241122P00004500,PUT,4.5,2024-11-22,30,0.0,DISCOVERY,THESIS_PRESSURE,2024-10-23T15:30:00+00:00,2024-10-23T15:15:00+00:00,5.3333333333333375,30,UNSCORED_SIGNAL_BAR_ABSENT,,False,,1729700100000,,,,,,,,,,UNSCORED_SIGNAL_BAR_ABSENT,,False,,1729782900000,,,,,,,,,,UNSCORED_SIGNAL_BAR_ABSENT,,False,,1730128500000,,,,,,,,,,UNSCORED_SIGNAL_BAR_ABSENT,,False,,1730301300000,,,,,,,,,,UNSCORED_SIGNAL_BAR_ABSENT,,False,,1730909700000,,,,,,,,,
AMC15X-008,O:AMC241108C00004500,CALL,4.5,2024-11-08,14,0.0,DISCOVERY,CONTINUATION,2024-10-24T14:00:00+00:00,2024-10-24T13:45:00+00:00,-5.113333333333338,15,SCORED_WINDOW,,True,4,1729781100000,0.0,-10.526315789473683,-5.263157894736848,1.0,2.0,-5.263157894736848,,0.0,-10.526315789473683,SCORED_WINDOW,,True,23,1729863900000,42.10526315789473,-10.526315789473683,26.315789473684205,7.0,2.0,-11.111111111111116,0.6249999999999999,42.10526315789473,-10.526315789473683,SCORED_WINDOW,,True,74,1730209500000,68.42105263157893,-10.526315789473683,15.789473684210531,28.0,2.0,-31.25,0.2307692307692309,68.42105263157893,-10.526315789473683,SCORED_WINDOW,,True,126,1730382300000,89.4736842105263,-10.526315789473683,36.8421052631579,108.0,2.0,-27.777777777777768,0.41176470588235303,89.4736842105263,-10.526315789473683,SCORED_WINDOW,,True,255,1730990700000,136.84210526315786,-78.94736842105263,-73.6842105263158,244.0,255.0,-88.88888888888889,-0.5384615384615387,136.84210526315786,-78.94736842105263
AMC15X-008,O:AMC241108P00004500,PUT,4.5,2024-11-08,14,0.0,DISCOVERY,CONTINUATION,2024-10-24T14:00:00+00:00,2024-10-24T13:45:00+00:00,5.113333333333338,15,SCORED_WINDOW,,True,2,1729781100000,44.827586206896555,0.0,44.827586206896555,2.0,1.0,0.0,1.0,7.692307692307687,-25.64102564102565,SCORED_WINDOW,,True,11,1729863900000,44.827586206896555,0.0,13.793103448275868,2.0,1.0,-21.42857142857142,0.3076923076923078,7.692307692307687,-25.64102564102565,SCORED_WINDOW,,True,47,1730209500000,44.827586206896555,-6.896551724137923,10.344827586206918,2.0,16.0,-23.809523809523803,0.23076923076923123,7.692307692307687,-30.76923076923077,SCORED_WINDOW,,True,80,1730382300000,44.827586206896555,-27.586206896551722,-6.896551724137923,2.0,68.0,-35.71428571428571,-0.15384615384615363,7.692307692307687,-46.15384615384615,SCORED_WINDOW,,True,206,1730990700000,44.827586206896555,-58.62068965517242,-17.24137931034483,2.0,205.0,-42.85714285714286,-0.38461538461538464,7.692307692307687,-69.23076923076923
AMC15X-008,O:AMC241122C00004500,CALL,4.5,2024-11-22,30,0.0,DISCOVERY,CONTINUATION,2024-10-24T14:00:00+00:00,2024-10-24T13:45:00+00:00,-5.113333333333338,29,SCORED_WINDOW,,True,3,1729781100000,3.8461538461538547,-11.538461538461542,3.8461538461538547,3.0,2.0,0.0,1.0,3.8461538461538547,-11.538461538461542,SCORED_WINDOW,,True,14,1729863900000,34.615384615384606,-11.538461538461542,30.76923076923077,13.0,2.0,-2.857142857142847,0.8888888888888892,34.615384615384606,-11.538461538461542,SCORED_WINDOW,,True,49,1730209500000,53.846153846153854,-23.076923076923073,23.076923076923084,18.0,21.0,-20.000000000000007,0.42857142857142866,53.846153846153854,-23.076923076923073,SCORED_WINDOW,,True,77,1730382300000,76.92307692307692,-23.076923076923073,50.0,68.0,21.0,-15.217391304347828,0.65,76.92307692307692,-23.076923076923073,SCORED_WINDOW,,True,154,1730990700000,111.53846153846155,-23.076923076923073,-7.692307692307699,145.0,21.0,-56.363636363636374,-0.06896551724137936,111.53846153846155,-23.076923076923073
AMC15X-008,O:AMC241122P00004500,PUT,4.5,2024-11-22,30,0.0,DISCOVERY,CONTINUATION,2024-10-24T14:00:00+00:00,2024-10-24T13:45:00+00:00,5.113333333333338,29,UNSCORED_SIGNAL_BAR_ABSENT,,False,,1729781100000,,,,,,,,,,UNSCORED_SIGNAL_BAR_ABSENT,,False,,1729863900000,,,,,,,,,,UNSCORED_SIGNAL_BAR_ABSENT,,False,,1730209500000,,,,,,,,,,UNSCORED_SIGNAL_BAR_ABSENT,,False,,1730382300000,,,,,,,,,,UNSCORED_SIGNAL_BAR_ABSENT,,False,,1730990700000,,,,,,,,,
AMC15X-009,O:AMC241115C00004500,CALL,4.5,2024-11-15,14,0.0,DISCOVERY,RISK_OR_EXHAUSTION,2024-10-30T14:30:00+00:00,2024-10-30T14:15:00+00:00,1.9355555555555644,16,SCORED_WINDOW,,True,4,1730301300000,5.12820512820511,-2.564102564102566,2.564102564102577,4.0,1.0,-2.4390243902438935,0.5000000000000043,7.8947368421052655,0.0,SCORED_WINDOW,,True,26,1730384100000,5.12820512820511,-23.076923076923084,-20.512820512820518,4.0,25.0,-24.390243902439025,-4.000000000000015,7.8947368421052655,-21.052631578947366,SCORED_WINDOW,,True,74,1730733300000,5.12820512820511,-33.333333333333336,-25.64102564102565,4.0,71.0,-29.268292682926834,-5.0000000000000195,7.8947368421052655,-31.57894736842105,SCORED_WINDOW,,True,126,1730906100000,5.12820512820511,-48.71794871794871,-25.64102564102565,4.0,124.0,-29.268292682926834,-5.0000000000000195,7.8947368421052655,-47.36842105263158,SCORED_WINDOW,,True,256,1731510900000,30.76923076923077,-97.43589743589743,-33.333333333333336,140.0,149.0,-49.01960784313726,-1.0833333333333335,34.210526315789465,-97.36842105263158
AMC15X-009,O:AMC241115P00004500,PUT,4.5,2024-11-15,14,0.0,DISCOVERY,RISK_OR_EXHAUSTION,2024-10-30T14:30:00+00:00,2024-10-30T14:15:00+00:00,-1.9355555555555644,16,SCORED_WINDOW,,True,4,1730301300000,6.896551724137945,-6.896551724137923,0.0,1.0,4.0,-6.451612903225811,0.0,0.0,-12.903225806451601,SCORED_WINDOW,,True,19,1730384100000,20.68965517241379,-10.344827586206884,13.793103448275868,18.0,6.0,-5.714285714285705,0.6666666666666671,12.903225806451601,-16.129032258064512,SCORED_WINDOW,,True,43,1730733300000,24.13793103448276,-10.344827586206884,-6.896551724137923,20.0,6.0,-24.99999999999999,-0.2857142857142853,16.129032258064502,-16.129032258064512,SCORED_WINDOW,,True,82,1730906100000,31.034482758620708,-10.344827586206884,-3.44827586206895,59.0,6.0,-26.315789473684205,-0.11111111111111055,22.580645161290324,-16.129032258064512,SCORED_WINDOW,,True,202,1731510900000,44.827586206896555,-72.41379310344827,-68.96551724137932,131.0,200.0,-78.57142857142857,-1.5384615384615385,35.48387096774193,-74.19354838709677
AMC15X-009,O:AMC241129C00004500,CALL,4.5,2024-11-29,30,0.0,DISCOVERY,RISK_OR_EXHAUSTION,2024-10-30T14:30:00+00:00,2024-10-30T14:15:00+00:00,1.9355555555555644,30,SCORED_WINDOW,,True,2,1730301300000,4.347826086956519,-4.34782608695653,4.347826086956519,1.0,2.0,0.0,1.0,2.127659574468077,-6.382978723404253,SCORED_WINDOW,,True,12,1730384100000,6.521739130434767,-15.217391304347828,-15.217391304347828,3.0,10.0,-20.408163265306122,-2.3333333333333393,4.255319148936176,-17.021276595744673,SCORED_WINDOW,,True,39,1730733300000,6.521739130434767,-26.086956521739125,-17.391304347826086,3.0,19.0,-22.44897959183674,-2.6666666666666727,4.255319148936176,-27.6595744680851,SCORED_WINDOW,,True,61,1730906100000,6.521739130434767,-34.782608695652186,-10.869565217391308,3.0,56.0,-16.326530612244905,-1.6666666666666712,4.255319148936176,-36.170212765957444,SCORED_WINDOW,,True,175,1731510900000,30.43478260869563,-60.86956521739131,-8.695652173913048,72.0,118.0,-30.000000000000004,-0.2857142857142861,27.65957446808511,-61.702127659574465
AMC15X-009,O:AMC241129P00004500,PUT,4.5,2024-11-29,30,0.0,DISCOVERY,RISK_OR_EXHAUSTION,2024-10-30T14:30:00+00:00,2024-10-30T14:15:00+00:00,-1.9355555555555644,30,SCORED_WINDOW,,True,3,1730301300000,0.0,-5.5555555555555465,-5.5555555555555465,1.0,2.0,-5.5555555555555465,,2.857142857142869,-2.857142857142847,SCORED_WINDOW,,True,7,1730384100000,2.77777777777779,-5.5555555555555465,0.0,5.0,2.0,-2.7027027027027084,0.0,5.714285714285716,-2.857142857142847,SCORED_WINDOW,,True,16,1730733300000,13.888888888888884,-5.5555555555555465,8.333333333333348,8.0,2.0,-4.8780487804877986,0.6000000000000013,17.14285714285715,-2.857142857142847,SCORED_WINDOW,,True,30,1730906100000,30.555555555555557,-5.5555555555555465,5.555555555555558,28.0,2.0,-19.14893617021276,0.18181818181818188,34.2857142857143,-2.857142857142847,SCORED_WINDOW,,True,72,1731510900000,38.888888888888886,-33.333333333333336,-27.777777777777768,52.0,71.0,-48.0,-0.7142857142857141,42.85714285714286,-31.428571428571427
AMC15X-010,O:AMC241122C00004500,CALL,4.5,2024-11-22,14,0.0,DISCOVERY,ENTRY_FORMING,2024-11-08T21:00:00+00:00,2024-11-08T20:45:00+00:00,-4.999999999999992,14,SCORED_WINDOW,,True,4,1731338100000,0.0,-20.000000000000007,-20.000000000000007,1.0,1.0,-20.000000000000007,,5.263157894736836,-15.789473684210531,SCORED_WINDOW,,True,25,1731357900000,140.0,-20.000000000000007,79.99999999999999,22.0,1.0,-25.0,0.5714285714285713,152.6315789473684,-15.789473684210531,SCORED_WINDOW,,True,77,1731530700000,180.00000000000003,-20.000000000000007,64.99999999999999,60.0,1.0,-41.07142857142857,0.361111111111111,194.73684210526318,-15.789473684210531,SCORED_WINDOW,,True,129,1731703500000,180.00000000000003,-20.000000000000007,-5.000000000000004,60.0,1.0,-66.07142857142858,-0.027777777777777797,194.73684210526318,-15.789473684210531,SCORED_WINDOW,,True,259,1732308300000,180.00000000000003,-95.0,-75.0,60.0,255.0,-91.07142857142857,-0.4166666666666666,194.73684210526318,-94.73684210526316
AMC15X-010,O:AMC241122P00004500,PUT,4.5,2024-11-22,14,0.0,DISCOVERY,ENTRY_FORMING,2024-11-08T21:00:00+00:00,2024-11-08T20:45:00+00:00,4.999999999999992,14,SCORED_WINDOW,,True,2,1731338100000,14.285714285714302,0.0,8.571428571428585,1.0,1.0,-5.000000000000004,0.6000000000000003,0.0,-12.50000000000001,SCORED_WINDOW,,True,16,1731357900000,14.285714285714302,-22.857142857142843,5.714285714285716,1.0,16.0,-7.500000000000007,0.3999999999999997,0.0,-32.49999999999999,SCORED_WINDOW,,True,60,1731530700000,14.285714285714302,-57.14285714285714,-34.28571428571428,1.0,51.0,-42.50000000000001,-2.399999999999997,0.0,-62.5,SCORED_WINDOW,,True,111,1731703500000,14.285714285714302,-65.71428571428571,-42.85714285714285,1.0,84.0,-50.0,-2.9999999999999956,0.0,-70.0,SCORED_WINDOW,,True,236,1732308300000,14.285714285714302,-97.14285714285714,-97.14285714285714,1.0,211.0,-97.5,-6.799999999999992,0.0,-97.5
AMC15X-010,O:AMC241206C00004500,CALL,4.5,2024-12-06,30,0.0,DISCOVERY,ENTRY_FORMING,2024-11-08T21:00:00+00:00,2024-11-08T20:45:00+00:00,-4.999999999999992,28,SCORED_WINDOW,,True,4,1731338100000,0.0,-22.580645161290324,-16.129032258064512,1.0,2.0,-16.129032258064512,,19.23076923076923,-7.692307692307699,SCORED_WINDOW,,True,22,1731357900000,93.54838709677418,-22.580645161290324,51.61290322580645,21.0,2.0,-21.666666666666668,0.5517241379310346,130.76923076923075,-7.692307692307699,SCORED_WINDOW,,True,65,1731530700000,119.35483870967745,-22.580645161290324,54.83870967741935,52.0,2.0,-29.41176470588236,0.4594594594594593,161.53846153846155,-7.692307692307699,SCORED_WINDOW,,True,106,1731703500000,119.35483870967745,-22.580645161290324,22.580645161290324,52.0,2.0,-44.11764705882353,0.18918918918918914,161.53846153846155,-7.692307692307699,SCORED_WINDOW,,True,229,1732308300000,119.35483870967745,-38.70967741935484,-16.129032258064512,52.0,130.0,-61.76470588235294,-0.13513513513513506,161.53846153846155,-26.923076923076927
AMC15X-010,O:AMC241206P00004500,PUT,4.5,2024-12-06,30,0.0,DISCOVERY,ENTRY_FORMING,2024-11-08T21:00:00+00:00,2024-11-08T20:45:00+00:00,4.999999999999992,28,UNSCORED_SIGNAL_BAR_ABSENT,,False,,1731338100000,,,,,,,,,,UNSCORED_SIGNAL_BAR_ABSENT,,False,,1731357900000,,,,,,,,,,UNSCORED_SIGNAL_BAR_ABSENT,,False,,1731530700000,,,,,,,,,,UNSCORED_SIGNAL_BAR_ABSENT,,False,,1731703500000,,,,,,,,,,UNSCORED_SIGNAL_BAR_ABSENT,,False,,1732308300000,,,,,,,,,
AMC15X-011,O:AMC241129C00004500,CALL,4.5,2024-11-29,14,0.0,DISCOVERY,CONTINUATION,2024-11-12T14:45:00+00:00,2024-11-12T14:30:00+00:00,-0.2222222222222175,17,SCORED_WINDOW,,True,4,1731425400000,17.391304347826097,-13.043478260869568,-2.1739130434782594,2.0,4.0,-16.666666666666675,-0.12499999999999985,31.70731707317074,-2.4390243902438935,SCORED_WINDOW,,True,24,1731508200000,19.565217391304344,-26.086956521739125,-2.1739130434782594,7.0,9.0,-18.181818181818187,-0.11111111111111106,34.14634146341464,-17.07317073170731,SCORED_WINDOW,,True,73,1731681000000,32.6086956521739,-26.086956521739125,-19.56521739130436,32.0,9.0,-39.34426229508197,-0.6000000000000005,48.78048780487805,-17.07317073170731,SCORED_WINDOW,,True,122,1732026600000,32.6086956521739,-76.08695652173914,-69.56521739130434,32.0,122.0,-77.04918032786885,-2.133333333333334,48.78048780487805,-73.17073170731707,SCORED_WINDOW,,True,252,1732631400000,32.6086956521739,-76.08695652173914,-34.782608695652186,32.0,122.0,-50.81967213114754,-1.0666666666666675,48.78048780487805,-73.17073170731707
AMC15X-011,O:AMC241129P00004500,PUT,4.5,2024-11-29,14,0.0,DISCOVERY,CONTINUATION,2024-11-12T14:45:00+00:00,2024-11-12T14:30:00+00:00,0.2222222222222175,17,SCORED_WINDOW,,True,3,1731425400000,10.526315789473673,0.0,10.526315789473673,2.0,1.0,0.0,1.0,7.692307692307687,-2.564102564102566,SCORED_WINDOW,,True,7,1731508200000,10.526315789473673,-34.210526315789465,-26.315789473684205,2.0,7.0,-33.33333333333333,-2.500000000000002,7.692307692307687,-35.897435897435905,SCORED_WINDOW,,True,33,1731681000000,10.526315789473673,-47.36842105263158,-21.052631578947366,2.0,15.0,-28.57142857142857,-2.000000000000002,7.692307692307687,-48.71794871794871,SCORED_WINDOW,,True,66,1732026600000,10.526315789473673,-47.36842105263158,-15.789473684210531,2.0,15.0,-23.809523809523803,-1.5000000000000022,7.692307692307687,-48.71794871794871,SCORED_WINDOW,,True,173,1732631400000,10.526315789473673,-94.73684210526316,-92.10526315789474,2.0,173.0,-92.85714285714286,-8.75000000000001,7.692307692307687,-94.87179487179486
AMC15X-011,O:AMC241213C00004500,CALL,4.5,2024-12-13,30,0.0,DISCOVERY,CONTINUATION,2024-11-12T14:45:00+00:00,2024-11-12T14:30:00+00:00,-0.2222222222222175,31,SCORED_WINDOW,,True,2,1731425400000,25.0,0.0,23.076923076923084,2.0,1.0,-1.538461538461544,0.9230769230769234,25.0,0.0,SCORED_WINDOW,,True,14,1731508200000,25.0,-5.769230769230771,15.384615384615374,2.0,11.0,-7.692307692307699,0.615384615384615,25.0,-5.769230769230771,SCORED_WINDOW,,True,48,1731681000000,40.38461538461537,-19.23076923076924,0.0,31.0,35.0,-28.767123287671225,0.0,40.38461538461537,-19.23076923076924,SCORED_WINDOW,,True,76,1732026600000,40.38461538461537,-48.07692307692307,-46.153846153846146,31.0,76.0,-61.64383561643836,-1.142857142857143,40.38461538461537,-48.07692307692307,SCORED_WINDOW,,True,156,1732631400000,40.38461538461537,-55.769230769230774,-13.461538461538458,31.0,77.0,-38.35616438356164,-0.33333333333333337,40.38461538461537,-55.769230769230774
AMC15X-011,O:AMC241213P00004500,PUT,4.5,2024-12-13,30,0.0,DISCOVERY,CONTINUATION,2024-11-12T14:45:00+00:00,2024-11-12T14:30:00+00:00,0.2222222222222175,31,SCORED_WINDOW,,True,1,1731425400000,0.0,0.0,0.0,1.0,1.0,0.0,,8.000000000000007,8.000000000000007,SCORED_WINDOW,,True,8,1731508200000,0.0,-27.77777777777778,-27.77777777777778,1.0,8.0,-27.77777777777778,,8.000000000000007,-21.999999999999996,SCORED_WINDOW,,True,23,1731681000000,0.0,-48.14814814814815,-20.370370370370374,1.0,16.0,-20.370370370370374,,8.000000000000007,-43.99999999999999,SCORED_WINDOW,,True,38,1732026600000,0.0,-48.14814814814815,-20.370370370370374,1.0,16.0,-20.370370370370374,,8.000000000000007,-43.99999999999999,SCORED_WINDOW,,True,90,1732631400000,0.0,-72.22222222222223,-68.5185185185185,1.0,77.0,-68.5185185185185,,8.000000000000007,-70.0
AMC15X-012,O:AMC241129C00004500,CALL,4.5,2024-11-29,14,0.0,DISCOVERY,THESIS_PRESSURE,2024-11-15T15:30:00+00:00,2024-11-15T15:15:00+00:00,0.7733333333333271,14,SCORED_WINDOW,,True,3,1731687300000,3.125,-6.25,0.0,2.0,1.0,-3.0303030303030276,0.0,0.0,-9.090909090909093,SCORED_WINDOW,,True,23,1731942900000,12.5,-56.25,-34.375,8.0,20.0,-41.666666666666664,-2.75,9.090909090909083,-57.57575757575757,SCORED_WINDOW,,True,75,1732115700000,12.5,-65.625,-50.0,8.0,46.0,-55.55555555555556,-4.0,9.090909090909083,-66.66666666666667,SCORED_WINDOW,,True,127,1732288500000,12.5,-65.625,-46.875,8.0,46.0,-52.77777777777777,-3.75,9.090909090909083,-66.66666666666667,SCORED_RIGHT_CENSORED,CONTRACT_EXPIRY,False,241,1733163300000,,,,,,,,,
AMC15X-012,O:AMC241129P00004500,PUT,4.5,2024-11-29,14,0.0,DISCOVERY,THESIS_PRESSURE,2024-11-15T15:30:00+00:00,2024-11-15T15:15:00+00:00,-0.7733333333333271,14,SCORED_WINDOW,,True,1,1731687300000,0.0,0.0,0.0,1.0,1.0,0.0,,14.28571428571428,14.28571428571428,SCORED_WINDOW,,True,15,1731942900000,9.375,-21.875,-6.25,12.0,4.0,-14.28571428571428,-0.6666666666666666,24.99999999999998,-10.71428571428572,SCORED_WINDOW,,True,47,1732115700000,12.5,-21.875,3.125,30.0,4.0,-8.333333333333325,0.25,28.57142857142856,-10.71428571428572,SCORED_WINDOW,,True,88,1732288500000,12.5,-62.5,-59.375,30.0,87.0,-63.888888888888886,-4.75,28.57142857142856,-57.14285714285715,SCORED_RIGHT_CENSORED,CONTRACT_EXPIRY,False,199,1733163300000,,,,,,,,,
AMC15X-012,O:AMC241213C00004500,CALL,4.5,2024-12-13,30,0.0,DISCOVERY,THESIS_PRESSURE,2024-11-15T15:30:00+00:00,2024-11-15T15:15:00+00:00,0.7733333333333271,28,UNSCORED_SIGNAL_BAR_ABSENT,,False,,1731687300000,,,,,,,,,,UNSCORED_SIGNAL_BAR_ABSENT,,False,,1731942900000,,,,,,,,,,UNSCORED_SIGNAL_BAR_ABSENT,,False,,1732115700000,,,,,,,,,,UNSCORED_SIGNAL_BAR_ABSENT,,False,,1732288500000,,,,,,,,,,UNSCORED_SIGNAL_BAR_ABSENT,,False,,1733163300000,,,,,,,,,
AMC15X-012,O:AMC241213P00004500,PUT,4.5,2024-12-13,30,0.0,DISCOVERY,THESIS_PRESSURE,2024-11-15T15:30:00+00:00,2024-11-15T15:15:00+00:00,-0.7733333333333271,28,UNSCORED_NO_POST_SIGNAL_PRINT,,False,0,1731687300000,,,,,,,,,,SCORED_WINDOW,,True,4,1731942900000,7.692307692307687,0.0,2.564102564102577,2.0,1.0,-4.761904761904756,0.33333333333333526,2.4390243902439046,-4.8780487804877986,SCORED_WINDOW,,True,18,1732115700000,17.948717948717952,0.0,12.82051282051282,14.0,1.0,-4.34782608695653,0.7142857142857141,12.195121951219523,-4.8780487804877986,SCORED_WINDOW,,True,32,1732288500000,17.948717948717952,-23.076923076923084,-23.076923076923084,14.0,32.0,-34.782608695652186,-1.2857142857142858,12.195121951219523,-26.82926829268293,SCORED_WINDOW,,True,128,1733163300000,17.948717948717952,-89.74358974358975,-89.74358974358975,14.0,116.0,-91.30434782608697,-4.999999999999999,12.195121951219523,-90.2439024390244
AMC15X-013,O:AMC241206C00004500,CALL,4.5,2024-12-06,14,0.0,DISCOVERY,RISK_OR_EXHAUSTION,2024-11-22T15:30:00+00:00,2024-11-22T15:15:00+00:00,0.9999999999999984,14,SCORED_WINDOW,,True,4,1732292100000,22.22222222222221,-3.703703703703709,7.407407407407396,2.0,2.0,-12.121212121212132,0.333333333333333,22.22222222222221,-3.703703703703709,SCORED_WINDOW,,True,25,1732547700000,103.70370370370372,-14.814814814814813,40.74074074074075,23.0,18.0,-30.90909090909092,0.39285714285714285,103.70370370370372,-14.814814814814813,SCORED_WINDOW,,True,74,1732720500000,129.62962962962962,-14.814814814814813,85.18518518518516,51.0,18.0,-19.354838709677413,0.657142857142857,129.62962962962962,-14.814814814814813,SCORED_WINDOW,,True,126,1733163300000,162.96296296296293,-14.814814814814813,107.40740740740739,111.0,18.0,-21.126760563380277,0.6590909090909091,162.96296296296293,-14.814814814814813,SCORED_RIGHT_CENSORED,CONTRACT_EXPIRY,False,238,1733768100000,,,,,,,,,
AMC15X-013,O:AMC241206P00004500,PUT,4.5,2024-12-06,14,0.0,DISCOVERY,RISK_OR_EXHAUSTION,2024-11-22T15:30:00+00:00,2024-11-22T15:15:00+00:00,-0.9999999999999984,14,SCORED_WINDOW,,True,4,1732292100000,9.523809523809534,-4.761904761904756,-4.761904761904756,1.0,2.0,-13.043478260869568,-0.4999999999999988,4.545454545454541,-9.090909090909083,SCORED_WINDOW,,True,25,1732547700000,9.523809523809534,-61.904761904761905,-52.38095238095237,1.0,23.0,-56.52173913043479,-5.499999999999993,4.545454545454541,-63.63636363636363,SCORED_WINDOW,,True,76,1732720500000,9.523809523809534,-66.66666666666666,-57.14285714285714,1.0,73.0,-60.86956521739131,-5.999999999999993,4.545454545454541,-68.18181818181817,SCORED_WINDOW,,True,125,1733163300000,9.523809523809534,-95.23809523809523,-95.23809523809523,1.0,110.0,-95.65217391304348,-9.999999999999988,4.545454545454541,-95.45454545454545,SCORED_RIGHT_CENSORED,CONTRACT_EXPIRY,False,222,1733768100000,,,,,,,,,
AMC15X-013,O:AMC241220C00004500,CALL,4.5,2024-12-20,30,0.0,DISCOVERY,RISK_OR_EXHAUSTION,2024-11-22T15:30:00+00:00,2024-11-22T15:15:00+00:00,0.9999999999999984,28,SCORED_WINDOW,,True,4,1732292100000,7.499999999999996,0.0,7.499999999999996,3.0,1.0,0.0,1.0,2.3809523809523725,-4.761904761904756,SCORED_WINDOW,,True,26,1732547700000,62.5,-10.000000000000009,37.5,24.0,19.0,-15.384615384615385,0.6,54.761904761904766,-14.28571428571429,SCORED_WINDOW,,True,73,1732720500000,79.99999999999999,-10.000000000000009,52.49999999999999,71.0,19.0,-15.277777777777779,0.65625,71.42857142857142,-14.28571428571429,SCORED_WINDOW,,True,117,1733163300000,89.99999999999999,-10.000000000000009,62.5,103.0,19.0,-14.473684210526317,0.6944444444444445,80.95238095238095,-14.28571428571429,SCORED_WINDOW,,True,231,1733768100000,180.00000000000003,-35.0,-27.500000000000014,185.0,222.0,-74.10714285714286,-0.15277777777777785,166.66666666666669,-38.095238095238095
AMC15X-013,O:AMC241220P00004500,PUT,4.5,2024-12-20,30,0.0,DISCOVERY,RISK_OR_EXHAUSTION,2024-11-22T15:30:00+00:00,2024-11-22T15:15:00+00:00,-0.9999999999999984,28,SCORED_WINDOW,,True,1,1732292100000,0.0,0.0,0.0,1.0,1.0,0.0,,2.941176470588225,2.941176470588225,SCORED_WINDOW,,True,13,1732547700000,5.714285714285716,-48.57142857142856,-28.57142857142857,9.0,11.0,-32.432432432432435,-4.999999999999998,8.823529411764696,-47.058823529411775,SCORED_WINDOW,,True,60,1732720500000,5.714285714285716,-48.57142857142856,-37.14285714285713,9.0,11.0,-40.54054054054054,-6.499999999999996,8.823529411764696,-47.058823529411775,SCORED_WINDOW,,True,101,1733163300000,5.714285714285716,-77.14285714285714,-71.42857142857142,9.0,89.0,-72.97297297297297,-12.499999999999993,8.823529411764696,-76.47058823529412,SCORED_WINDOW,,True,205,1733768100000,5.714285714285716,-82.85714285714285,-62.857142857142854,9.0,140.0,-64.86486486486487,-10.999999999999996,8.823529411764696,-82.35294117647058
AMC15X-014,O:AMC241213C00005000,CALL,5.0,2024-12-13,14,0.0,DISCOVERY,CONTINUATION,2024-11-27T15:00:00+00:00,2024-11-27T14:45:00+00:00,-0.39999999999999153,16,SCORED_WINDOW,,True,4,1732722300000,0.0,-23.809523809523803,-11.904761904761907,1.0,3.0,-11.904761904761907,,2.4390243902439046,-21.95121951219512,SCORED_WINDOW,,True,25,1732891500000,4.761904761904767,-28.57142857142857,-11.904761904761907,24.0,17.0,-15.909090909090907,-2.499999999999998,7.317073170731714,-26.82926829268293,SCORED_WINDOW,,True,77,1733247900000,4.761904761904767,-64.28571428571428,-54.761904761904766,24.0,64.0,-56.81818181818181,-11.499999999999988,7.317073170731714,-63.41463414634146,SCORED_WINDOW,,True,128,1733420700000,4.761904761904767,-73.80952380952381,-50.0,24.0,119.0,-52.27272727272727,-10.499999999999988,7.317073170731714,-73.17073170731707,SCORED_WINDOW,,True,258,1734025500000,71.42857142857142,-97.61904761904762,-95.23809523809523,135.0,254.0,-97.22222222222221,-1.3333333333333335,75.60975609756098,-97.5609756097561
AMC15X-014,O:AMC241213P00005000,PUT,5.0,2024-12-13,14,0.0,DISCOVERY,CONTINUATION,2024-11-27T15:00:00+00:00,2024-11-27T14:45:00+00:00,0.39999999999999153,16,SCORED_WINDOW,,True,4,1732722300000,7.317073170731714,0.0,4.878048780487809,3.0,1.0,-2.2727272727272707,0.6666666666666666,0.0,-6.818181818181824,SCORED_WINDOW,,True,16,1732891500000,9.756097560975618,-14.634146341463417,-14.634146341463417,7.0,16.0,-22.222222222222232,-1.499999999999999,2.2727272727272707,-20.45454545454546,SCORED_WINDOW,,True,58,1733247900000,9.756097560975618,-53.65853658536586,-31.707317073170728,7.0,30.0,-37.77777777777778,-3.249999999999997,2.2727272727272707,-56.81818181818181,SCORED_WINDOW,,True,94,1733420700000,9.756097560975618,-63.41463414634146,-56.09756097560976,7.0,91.0,-60.00000000000001,-5.749999999999996,2.2727272727272707,-65.90909090909092,SCORED_WINDOW,,True,208,1734025500000,100.0,-68.29268292682926,65.85365853658539,198.0,102.0,-17.07317073170731,0.6585365853658538,86.36363636363636,-70.45454545454545
AMC15X-014,O:AMC241227C00005000,CALL,5.0,2024-12-27,30,0.0,DISCOVERY,CONTINUATION,2024-11-27T15:00:00+00:00,2024-11-27T14:45:00+00:00,-0.39999999999999153,30,SCORED_WINDOW,,True,4,1732722300000,1.9230769230769162,-11.538461538461542,-7.692307692307699,1.0,2.0,-9.433962264150953,-4.000000000000018,1.9230769230769162,-11.538461538461542,SCORED_WINDOW,,True,24,1732891500000,7.692307692307709,-23.076923076923073,-3.8461538461538547,23.0,20.0,-10.71428571428572,-0.5,7.692307692307709,-23.076923076923073,SCORED_WINDOW,,True,68,1733247900000,7.692307692307709,-50.0,-40.38461538461539,23.0,58.0,-44.64285714285715,-5.2499999999999885,7.692307692307709,-50.0,SCORED_WINDOW,,True,114,1733420700000,7.692307692307709,-51.92307692307693,-30.76923076923077,23.0,102.0,-35.71428571428572,-3.999999999999991,7.692307692307709,-51.92307692307693,SCORED_WINDOW,,True,239,1734025500000,55.769230769230774,-84.61538461538461,-75.0,120.0,187.0,-83.9506172839506,-1.3448275862068964,55.769230769230774,-84.61538461538461
AMC15X-014,O:AMC241227P00005000,PUT,5.0,2024-12-27,30,0.0,DISCOVERY,CONTINUATION,2024-11-27T15:00:00+00:00,2024-11-27T14:45:00+00:00,0.39999999999999153,30,UNSCORED_NO_POST_SIGNAL_PRINT,,False,0,1732722300000,,,,,,,,,,SCORED_WINDOW,,True,6,1732891500000,5.555555555555536,-16.666666666666675,-16.666666666666675,1.0,6.0,-21.052631578947356,-3.000000000000012,5.555555555555536,-16.666666666666675,SCORED_WINDOW,,True,27,1733247900000,5.555555555555536,-40.74074074074075,-25.92592592592593,1.0,15.0,-29.824561403508763,-4.666666666666684,5.555555555555536,-40.74074074074075,SCORED_WINDOW,,True,39,1733420700000,5.555555555555536,-46.296296296296305,-42.592592592592595,1.0,38.0,-45.614035087719294,-7.6666666666666945,5.555555555555536,-46.296296296296305,SCORED_WINDOW,,True,97,1734025500000,46.296296296296305,-53.70370370370371,42.59259259259258,96.0,46.0,-2.5316455696202556,0.9199999999999996,46.296296296296305,-53.70370370370371
AMC15X-015,O:AMC241220C00005500,CALL,5.5,2024-12-20,14,0.0,DISCOVERY,RISK_OR_EXHAUSTION,2024-12-05T20:00:00+00:00,2024-12-05T19:45:00+00:00,0.25818181818181396,15,SCORED_WINDOW,,True,4,1733431500000,4.0000000000000036,-36.0,-31.999999999999996,1.0,2.0,-34.61538461538461,-7.999999999999992,0.0,-38.46153846153846,SCORED_WINDOW,,True,26,1733514300000,4.0000000000000036,-86.0,-72.0,1.0,17.0,-73.07692307692307,-17.999999999999986,0.0,-86.53846153846155,SCORED_WINDOW,,True,77,1733859900000,4.0000000000000036,-90.0,-86.0,1.0,31.0,-86.53846153846155,-21.499999999999982,0.0,-90.38461538461539,SCORED_WINDOW,,True,127,1734032700000,4.0000000000000036,-90.0,-90.0,1.0,31.0,-90.38461538461539,-22.49999999999998,0.0,-90.38461538461539,SCORED_WINDOW,,True,248,1734637500000,4.0000000000000036,-98.0,-98.0,1.0,161.0,-98.07692307692307,-24.49999999999998,0.0,-98.07692307692307
AMC15X-015,O:AMC241220P00005500,PUT,5.5,2024-12-20,14,0.0,DISCOVERY,RISK_OR_EXHAUSTION,2024-12-05T20:00:00+00:00,2024-12-05T19:45:00+00:00,-0.25818181818181396,15,SCORED_WINDOW,,True,2,1733431500000,14.814814814814813,-1.851851851851849,14.814814814814813,2.0,1.0,0.0,1.0,24.0,6.000000000000005,SCORED_WINDOW,,True,13,1733514300000,75.92592592592591,-1.851851851851849,75.92592592592591,10.0,1.0,0.0,1.0,89.99999999999999,6.000000000000005,SCORED_WINDOW,,True,28,1733859900000,116.66666666666666,-1.851851851851849,112.96296296296293,27.0,1.0,-1.7094017094017144,0.968253968253968,134.0,6.000000000000005,SCORED_WINDOW,,True,36,1734032700000,124.07407407407405,-1.851851851851849,122.22222222222219,29.0,1.0,-0.8264462809917328,0.9850746268656716,142.0,6.000000000000005,SCORED_WINDOW,,True,69,1734637500000,190.74074074074073,-1.851851851851849,181.4814814814815,49.0,1.0,-3.1847133757961776,0.9514563106796118,214.0,6.000000000000005
AMC15X-015,O:AMC250103C00005500,CALL,5.5,2025-01-03,30,0.0,DISCOVERY,RISK_OR_EXHAUSTION,2024-12-05T20:00:00+00:00,2024-12-05T19:45:00+00:00,0.25818181818181396,29,SCORED_WINDOW,,True,4,1733431500000,10.000000000000009,-30.000000000000004,-23.33333333333333,1.0,2.0,-30.303030303030297,-2.333333333333331,4.761904761904767,-33.333333333333336,SCORED_WINDOW,,True,21,1733514300000,10.000000000000009,-71.66666666666666,-60.0,1.0,8.0,-63.63636363636365,-5.999999999999995,4.761904761904767,-73.01587301587301,SCORED_WINDOW,,True,55,1733859900000,10.000000000000009,-80.0,-73.33333333333334,1.0,48.0,-75.75757575757575,-7.333333333333328,4.761904761904767,-80.95238095238095,SCORED_WINDOW,,True,82,1734032700000,10.000000000000009,-80.0,-80.0,1.0,48.0,-81.81818181818183,-7.999999999999993,4.761904761904767,-80.95238095238095,SCORED_WINDOW,,True,138,1734637500000,10.000000000000009,-88.33333333333333,-85.0,1.0,94.0,-86.36363636363636,-8.499999999999993,4.761904761904767,-88.88888888888889
AMC15X-015,O:AMC250103P00005500,PUT,5.5,2025-01-03,30,0.0,DISCOVERY,RISK_OR_EXHAUSTION,2024-12-05T20:00:00+00:00,2024-12-05T19:45:00+00:00,-0.25818181818181396,29,UNSCORED_SIGNAL_BAR_ABSENT,,False,,1733431500000,,,,,,,,,,UNSCORED_SIGNAL_BAR_ABSENT,,False,,1733514300000,,,,,,,,,,UNSCORED_SIGNAL_BAR_ABSENT,,False,,1733859900000,,,,,,,,,,UNSCORED_SIGNAL_BAR_ABSENT,,False,,1734032700000,,,,,,,,,,UNSCORED_SIGNAL_BAR_ABSENT,,False,,1734637500000,,,,,,,,,
AMC15X-016,O:AMC250103C00004000,CALL,4.0,2025-01-03,14,0.0,DISCOVERY,ENTRY_FORMING,2024-12-17T14:45:00+00:00,2024-12-17T14:30:00+00:00,2.750000000000008,17,SCORED_WINDOW,,True,4,1734449400000,2.6315789473684292,-7.8947368421052655,-2.631578947368418,1.0,3.0,-5.128205128205132,-0.9999999999999958,5.405405405405417,-5.405405405405405,SCORED_WINDOW,,True,21,1734532200000,31.578947368421062,-7.8947368421052655,10.526315789473673,5.0,3.0,-16.000000000000004,0.33333333333333287,35.13513513513513,-5.405405405405405,SCORED_WINDOW,,True,61,1734705000000,31.578947368421062,-28.947368421052634,-21.052631578947366,5.0,43.0,-40.0,-0.6666666666666664,35.13513513513513,-27.027027027027017,SCORED_WINDOW,,True,105,1735050600000,31.578947368421062,-42.10526315789473,-36.8421052631579,5.0,97.0,-52.0,-1.1666666666666663,35.13513513513513,-40.54054054054054,SCORED_WINDOW,,True,234,1735839000000,31.578947368421062,-86.8421052631579,-86.8421052631579,5.0,207.0,-90.0,-2.7499999999999996,35.13513513513513,-86.48648648648648
AMC15X-016,O:AMC250103P00004000,PUT,4.0,2025-01-03,14,0.0,DISCOVERY,ENTRY_FORMING,2024-12-17T14:45:00+00:00,2024-12-17T14:30:00+00:00,-2.750000000000008,17,SCORED_WINDOW,,True,3,1734449400000,13.636363636363647,0.0,0.0,1.0,1.0,-12.0,0.0,13.636363636363647,0.0,SCORED_WINDOW,,True,14,1734532200000,13.636363636363647,-27.27272727272727,-22.72727272727272,1.0,14.0,-31.999999999999996,-1.6666666666666647,13.636363636363647,-27.27272727272727,SCORED_WINDOW,,True,42,1734705000000,31.818181818181813,-45.45454545454546,-4.545454545454552,28.0,24.0,-27.586206896551722,-0.1428571428571431,31.818181818181813,-45.45454545454546,SCORED_WINDOW,,True,87,1735050600000,31.818181818181813,-59.09090909090909,-40.90909090909091,28.0,86.0,-55.172413793103445,-1.2857142857142858,31.818181818181813,-59.09090909090909,SCORED_WINDOW,,True,212,1735839000000,31.818181818181813,-77.27272727272727,-59.09090909090909,28.0,201.0,-68.96551724137932,-1.8571428571428574,31.818181818181813,-77.27272727272727
AMC15X-016,O:AMC250117C00004000,CALL,4.0,2025-01-17,30,0.0,DISCOVERY,ENTRY_FORMING,2024-12-17T14:45:00+00:00,2024-12-17T14:30:00+00:00,2.750000000000008,31,SCORED_WINDOW,,True,4,1734449400000,8.333333333333348,-18.74999999999999,2.083333333333326,1.0,2.0,-5.769230769230771,0.24999999999999867,10.63829787234043,-17.021276595744673,SCORED_WINDOW,,True,24,1734532200000,33.33333333333335,-18.74999999999999,12.500000000000021,6.0,2.0,-15.625,0.37500000000000044,36.170212765957466,-17.021276595744673,SCORED_WINDOW,,True,70,1734705000000,33.33333333333335,-18.74999999999999,-16.666666666666664,6.0,2.0,-37.5,-0.49999999999999967,36.170212765957466,-17.021276595744673,SCORED_WINDOW,,True,114,1735050600000,33.33333333333335,-25.0,-16.666666666666664,6.0,111.0,-37.5,-0.49999999999999967,36.170212765957466,-23.404255319148938,SCORED_WINDOW,,True,234,1735839000000,33.33333333333335,-66.66666666666666,-47.916666666666664,6.0,189.0,-60.9375,-1.4374999999999991,36.170212765957466,-65.95744680851064
AMC15X-016,O:AMC250117P00004000,PUT,4.0,2025-01-17,30,0.0,DISCOVERY,ENTRY_FORMING,2024-12-17T14:45:00+00:00,2024-12-17T14:30:00+00:00,-2.750000000000008,31,SCORED_WINDOW,,True,4,1734449400000,6.25,-3.125,3.125,3.0,2.0,-2.941176470588236,0.5,6.25,-3.125,SCORED_WINDOW,,True,19,1734532200000,6.25,-12.49999999999999,-12.49999999999999,3.0,19.0,-17.647058823529406,-1.9999999999999982,6.25,-12.49999999999999,SCORED_WINDOW,,True,53,1734705000000,25.0,-31.25,6.25,45.0,25.0,-15.000000000000002,0.25,25.0,-31.25,SCORED_WINDOW,,True,91,1735050600000,25.0,-31.25,-15.625,45.0,25.0,-32.49999999999999,-0.625,25.0,-31.25,SCORED_WINDOW,,True,181,1735839000000,25.0,-65.625,-21.875,45.0,158.0,-37.5,-0.875,25.0,-65.625
AMC15X-017,O:AMC250110C00004000,CALL,4.0,2025-01-10,14,0.0,DISCOVERY,THESIS_PRESSURE,2024-12-24T17:45:00+00:00,2024-12-24T17:30:00+00:00,1.6250000000000098,17,SCORED_WINDOW,,True,3,1735225200000,24.13793103448276,-3.44827586206895,0.0,1.0,2.0,-19.444444444444443,0.0,19.999999999999996,-6.666666666666654,SCORED_WINDOW,,True,21,1735245000000,24.13793103448276,-6.896551724137923,-3.44827586206895,1.0,15.0,-22.22222222222221,-0.1428571428571422,19.999999999999996,-9.999999999999986,SCORED_WINDOW,,True,66,1735590600000,24.13793103448276,-48.275862068965516,-34.482758620689644,1.0,44.0,-47.22222222222222,-1.428571428571428,19.999999999999996,-50.0,SCORED_WINDOW,,True,118,1735849800000,24.13793103448276,-55.172413793103445,-37.93103448275862,1.0,76.0,-50.0,-1.5714285714285712,19.999999999999996,-56.666666666666664,SCORED_WINDOW,,True,247,1736541000000,24.13793103448276,-96.55172413793103,-96.55172413793103,1.0,223.0,-97.22222222222221,-3.9999999999999996,19.999999999999996,-96.66666666666667
AMC15X-017,O:AMC250110P00004000,PUT,4.0,2025-01-10,14,0.0,DISCOVERY,THESIS_PRESSURE,2024-12-24T17:45:00+00:00,2024-12-24T17:30:00+00:00,-1.6250000000000098,17,SCORED_WINDOW,,True,3,1735225200000,21.052631578947366,-5.263157894736848,10.526315789473673,1.0,1.0,-8.695652173913048,0.4999999999999995,35.29411764705881,5.88235294117645,SCORED_WINDOW,,True,15,1735245000000,21.052631578947366,-5.263157894736848,10.526315789473673,1.0,1.0,-8.695652173913048,0.4999999999999995,35.29411764705881,5.88235294117645,SCORED_WINDOW,,True,59,1735590600000,47.36842105263159,-5.263157894736848,5.263157894736836,40.0,1.0,-28.57142857142857,0.11111111111111097,64.70588235294119,5.88235294117645,SCORED_WINDOW,,True,100,1735849800000,47.36842105263159,-26.315789473684205,-26.315789473684205,40.0,81.0,-50.0,-0.5555555555555554,64.70588235294119,-17.647058823529406,SCORED_WINDOW,,True,229,1736541000000,52.63157894736841,-84.21052631578947,5.263157894736836,205.0,170.0,-31.034482758620683,0.09999999999999991,70.58823529411762,-82.35294117647058
AMC15X-017,O:AMC250124C00004000,CALL,4.0,2025-01-24,30,0.0,DISCOVERY,THESIS_PRESSURE,2024-12-24T17:45:00+00:00,2024-12-24T17:30:00+00:00,1.6250000000000098,31,UNSCORED_SIGNAL_BAR_ABSENT,,False,,1735225200000,,,,,,,,,,UNSCORED_SIGNAL_BAR_ABSENT,,False,,1735245000000,,,,,,,,,,UNSCORED_SIGNAL_BAR_ABSENT,,False,,1735590600000,,,,,,,,,,UNSCORED_SIGNAL_BAR_ABSENT,,False,,1735849800000,,,,,,,,,,UNSCORED_SIGNAL_BAR_ABSENT,,False,,1736541000000,,,,,,,,,
AMC15X-017,O:AMC250124P00004000,PUT,4.0,2025-01-24,30,0.0,DISCOVERY,THESIS_PRESSURE,2024-12-24T17:45:00+00:00,2024-12-24T17:30:00+00:00,-1.6250000000000098,31,SCORED_WINDOW,,True,2,1735225200000,0.0,-26.82926829268293,-21.95121951219512,1.0,2.0,-21.95121951219512,,41.37931034482758,3.4482758620689724,SCORED_WINDOW,,True,10,1735245000000,0.0,-29.268292682926834,-24.390243902439025,1.0,4.0,-24.390243902439025,,41.37931034482758,0.0,SCORED_WINDOW,,True,23,1735590600000,0.0,-29.268292682926834,-17.07317073170731,1.0,4.0,-17.07317073170731,,41.37931034482758,0.0,SCORED_WINDOW,,True,36,1735849800000,0.0,-29.268292682926834,-21.95121951219512,1.0,4.0,-21.95121951219512,,41.37931034482758,0.0,SCORED_WINDOW,,True,118,1736541000000,2.4390243902439046,-58.536585365853654,-14.634146341463417,102.0,67.0,-16.666666666666675,-5.999999999999996,44.827586206896555,-41.37931034482758
AMC15X-018,O:AMC250110C00004000,CALL,4.0,2025-01-10,14,0.0,DISCOVERY,CONTINUATION,2024-12-26T14:45:00+00:00,2024-12-26T14:30:00+00:00,2.6250000000000107,15,SCORED_WINDOW,,True,4,1735227000000,0.0,-15.151515151515149,-12.121212121212132,1.0,1.0,-12.121212121212132,,-2.941176470588236,-17.647058823529406,SCORED_WINDOW,,True,22,1735309800000,0.0,-39.39393939393939,-30.303030303030297,1.0,22.0,-30.303030303030297,,-2.941176470588236,-41.17647058823529,SCORED_WINDOW,,True,67,1735655400000,0.0,-54.54545454545454,-48.484848484848484,1.0,43.0,-48.484848484848484,,-2.941176470588236,-55.88235294117647,SCORED_WINDOW,,True,119,1735914600000,0.0,-60.60606060606061,-48.484848484848484,1.0,75.0,-48.484848484848484,,-2.941176470588236,-61.76470588235294,SCORED_RIGHT_CENSORED,CONTRACT_EXPIRY,False,247,1736778600000,,,,,,,,,
AMC15X-018,O:AMC250110P00004000,PUT,4.0,2025-01-10,14,0.0,DISCOVERY,CONTINUATION,2024-12-26T14:45:00+00:00,2024-12-26T14:30:00+00:00,-2.6250000000000107,15,SCORED_WINDOW,,True,3,1735227000000,0.0,-4.761904761904756,-4.761904761904756,1.0,3.0,-4.761904761904756,,0.0,-4.761904761904756,SCORED_WINDOW,,True,16,1735309800000,19.047619047619047,-14.28571428571429,9.523809523809534,16.0,5.0,-7.9999999999999964,0.5000000000000006,19.047619047619047,-14.28571428571429,SCORED_WINDOW,,True,60,1735655400000,33.33333333333335,-14.28571428571429,-4.761904761904756,39.0,5.0,-28.57142857142857,-0.1428571428571426,33.33333333333335,-14.28571428571429,SCORED_WINDOW,,True,101,1735914600000,33.33333333333335,-52.38095238095237,-38.095238095238095,39.0,101.0,-53.571428571428584,-1.1428571428571423,33.33333333333335,-52.38095238095237,SCORED_RIGHT_CENSORED,CONTRACT_EXPIRY,False,229,1736778600000,,,,,,,,,
AMC15X-018,O:AMC250124C00004000,CALL,4.0,2025-01-24,30,0.0,DISCOVERY,CONTINUATION,2024-12-26T14:45:00+00:00,2024-12-26T14:30:00+00:00,2.6250000000000107,29,SCORED_WINDOW,,True,2,1735227000000,0.0,-6.976744186046502,-4.651162790697683,1.0,1.0,-4.651162790697683,,-10.416666666666663,-16.666666666666664,SCORED_WINDOW,,True,13,1735309800000,0.0,-20.93023255813953,-20.93023255813953,1.0,13.0,-20.93023255813953,,-10.416666666666663,-29.166666666666664,SCORED_WINDOW,,True,50,1735655400000,0.0,-30.23255813953488,-27.90697674418604,1.0,29.0,-27.90697674418604,,-10.416666666666663,-37.5,SCORED_WINDOW,,True,81,1735914600000,0.0,-34.883720930232556,-20.93023255813953,1.0,55.0,-20.93023255813953,,-10.416666666666663,-41.666666666666664,SCORED_WINDOW,,True,185,1736778600000,0.0,-76.74418604651163,-65.11627906976744,1.0,185.0,-65.11627906976744,,-10.416666666666663,-79.16666666666666
AMC15X-018,O:AMC250124P00004000,PUT,4.0,2025-01-24,30,0.0,DISCOVERY,CONTINUATION,2024-12-26T14:45:00+00:00,2024-12-26T14:30:00+00:00,-2.6250000000000107,29,SCORED_WINDOW,,True,3,1735227000000,6.666666666666665,-3.3333333333333326,-3.3333333333333326,1.0,3.0,-9.37500000000001,-0.5,-21.95121951219512,-29.268292682926834,SCORED_WINDOW,,True,11,1735309800000,13.333333333333353,-3.3333333333333326,13.333333333333353,11.0,3.0,0.0,1.0,-17.07317073170731,-29.268292682926834,SCORED_WINDOW,,True,22,1735655400000,33.33333333333335,-3.3333333333333326,13.333333333333353,18.0,3.0,-15.000000000000002,0.4000000000000004,-2.4390243902438935,-29.268292682926834,SCORED_WINDOW,,True,36,1735914600000,33.33333333333335,-6.666666666666654,-6.666666666666654,18.0,36.0,-29.999999999999993,-0.1999999999999995,-2.4390243902438935,-31.707317073170728,SCORED_WINDOW,,True,119,1736778600000,56.666666666666664,-43.33333333333332,53.33333333333334,119.0,66.0,-2.127659574468077,0.9411764705882355,14.634146341463406,-58.536585365853654
AMC15X-019,O:AMC250131C00004000,CALL,4.0,2025-01-31,14,0.0,DISCOVERY,CONTINUATION,2025-01-17T15:45:00+00:00,2025-01-17T15:30:00+00:00,-6.374999999999997,14,SCORED_WINDOW,,True,4,1737131400000,0.0,-22.72727272727272,-13.636363636363635,1.0,3.0,-13.636363636363635,,0.0,-22.72727272727272,SCORED_WINDOW,,True,26,1737473400000,0.0,-63.63636363636363,-50.0,1.0,25.0,-50.0,,0.0,-63.63636363636363,SCORED_WINDOW,,True,78,1737646200000,0.0,-77.27272727272727,-68.18181818181817,1.0,74.0,-68.18181818181817,,0.0,-77.27272727272727,SCORED_WINDOW,,True,130,1737991800000,0.0,-95.45454545454545,-90.9090909090909,1.0,129.0,-90.9090909090909,,0.0,-95.45454545454545,SCORED_RIGHT_CENSORED,CONTRACT_EXPIRY,False,243,1738596600000,,,,,,,,,
AMC15X-019,O:AMC250131P00004000,PUT,4.0,2025-01-31,14,0.0,DISCOVERY,CONTINUATION,2025-01-17T15:45:00+00:00,2025-01-17T15:30:00+00:00,6.374999999999997,14,SCORED_WINDOW,,True,3,1737131400000,18.75,-2.083333333333337,18.75,3.0,1.0,0.0,1.0,21.276595744680836,0.0,SCORED_WINDOW,,True,17,1737473400000,39.58333333333335,-2.083333333333337,12.500000000000021,13.0,1.0,-19.402985074626866,0.31578947368421095,42.55319148936172,0.0,SCORED_WINDOW,,True,44,1737646200000,41.66666666666667,-2.083333333333337,29.166666666666675,40.0,1.0,-8.823529411764708,0.7000000000000001,44.6808510638298,0.0,SCORED_WINDOW,,True,83,1737991800000,41.66666666666667,-2.083333333333337,31.25,40.0,1.0,-7.352941176470596,0.7499999999999999,44.6808510638298,0.0,SCORED_RIGHT_CENSORED,CONTRACT_EXPIRY,False,175,1738596600000,,,,,,,,,
AMC15X-019,O:AMC250214C00004000,CALL,4.0,2025-02-14,30,0.0,DISCOVERY,CONTINUATION,2025-01-17T15:45:00+00:00,2025-01-17T15:30:00+00:00,-6.374999999999997,28,SCORED_WINDOW,,True,2,1737131400000,0.0,-11.428571428571422,-11.428571428571422,1.0,2.0,-11.428571428571422,,0.0,-11.428571428571422,SCORED_WINDOW,,True,19,1737473400000,0.0,-48.57142857142856,-31.428571428571427,1.0,15.0,-31.428571428571427,,0.0,-48.57142857142856,SCORED_WINDOW,,True,53,1737646200000,0.0,-62.857142857142854,-57.14285714285714,1.0,52.0,-57.14285714285714,,0.0,-62.857142857142854,SCORED_WINDOW,,True,77,1737991800000,0.0,-80.0,-74.28571428571429,1.0,75.0,-74.28571428571429,,0.0,-80.0,SCORED_WINDOW,,True,182,1738596600000,0.0,-91.42857142857143,-91.42857142857143,1.0,178.0,-91.42857142857143,,0.0,-91.42857142857143
AMC15X-019,O:AMC250214P00004000,PUT,4.0,2025-02-14,30,0.0,DISCOVERY,CONTINUATION,2025-01-17T15:45:00+00:00,2025-01-17T15:30:00+00:00,6.374999999999997,28,UNSCORED_SIGNAL_BAR_ABSENT,,False,,1737131400000,,,,,,,,,,UNSCORED_SIGNAL_BAR_ABSENT,,False,,1737473400000,,,,,,,,,,UNSCORED_SIGNAL_BAR_ABSENT,,False,,1737646200000,,,,,,,,,,UNSCORED_SIGNAL_BAR_ABSENT,,False,,1737991800000,,,,,,,,,,UNSCORED_SIGNAL_BAR_ABSENT,,False,,1738596600000,,,,,,,,,
AMC15X-020,O:AMC250207C00003500,CALL,3.5,2025-02-07,14,0.0,DISCOVERY,THESIS_PRESSURE,2025-01-27T18:00:00+00:00,2025-01-27T17:45:00+00:00,-3.8571428571428514,11,SCORED_WINDOW,,True,4,1738003500000,0.0,-7.692307692307699,-7.692307692307699,1.0,1.0,-7.692307692307699,,8.333333333333348,0.0,SCORED_WINDOW,,True,26,1738086300000,7.692307692307709,-23.076923076923073,-15.384615384615385,16.0,13.0,-21.42857142857143,-1.9999999999999956,16.666666666666675,-16.666666666666664,SCORED_WINDOW,,True,78,1738259100000,7.692307692307709,-53.846153846153854,-46.153846153846146,16.0,67.0,-50.0,-5.999999999999986,16.666666666666675,-50.0,SCORED_WINDOW,,True,130,1738604700000,7.692307692307709,-92.3076923076923,-84.61538461538461,16.0,117.0,-85.71428571428572,-10.999999999999975,16.666666666666675,-91.66666666666666,SCORED_RIGHT_CENSORED,CONTRACT_EXPIRY,False,240,1739209500000,,,,,,,,,
AMC15X-020,O:AMC250207P00003500,PUT,3.5,2025-02-07,14,0.0,DISCOVERY,THESIS_PRESSURE,2025-01-27T18:00:00+00:00,2025-01-27T17:45:00+00:00,3.8571428571428514,11,SCORED_WINDOW,,True,3,1738003500000,32.00000000000001,0.0,32.00000000000001,2.0,1.0,0.0,1.0,26.923076923076916,-3.8461538461538547,SCORED_WINDOW,,True,19,1738086300000,52.0,0.0,28.000000000000004,10.0,1.0,-15.789473684210531,0.5384615384615385,46.153846153846146,-3.8461538461538547,SCORED_WINDOW,,True,56,1738259100000,68.0,0.0,48.0,41.0,1.0,-11.904761904761907,0.7058823529411765,61.53846153846152,-3.8461538461538547,SCORED_WINDOW,,True,105,1738604700000,131.99999999999997,0.0,76.0,94.0,1.0,-24.13793103448275,0.5757575757575759,123.07692307692304,-3.8461538461538547,SCORED_RIGHT_CENSORED,CONTRACT_EXPIRY,False,196,1739209500000,,,,,,,,,
AMC15X-020,O:AMC250228C00003500,CALL,3.5,2025-02-28,30,0.0,DISCOVERY,THESIS_PRESSURE,2025-01-27T18:00:00+00:00,2025-01-27T17:45:00+00:00,-3.8571428571428514,32,UNSCORED_SIGNAL_BAR_ABSENT,,False,,1738003500000,,,,,,,,,,UNSCORED_SIGNAL_BAR_ABSENT,,False,,1738086300000,,,,,,,,,,UNSCORED_SIGNAL_BAR_ABSENT,,False,,1738259100000,,,,,,,,,,UNSCORED_SIGNAL_BAR_ABSENT,,False,,1738604700000,,,,,,,,,,UNSCORED_SIGNAL_BAR_ABSENT,,False,,1739209500000,,,,,,,,,
AMC15X-020,O:AMC250228P00003500,PUT,3.5,2025-02-28,30,0.0,DISCOVERY,THESIS_PRESSURE,2025-01-27T18:00:00+00:00,2025-01-27T17:45:00+00:00,3.8571428571428514,32,UNSCORED_SIGNAL_BAR_ABSENT,,False,,1738003500000,,,,,,,,,,UNSCORED_SIGNAL_BAR_ABSENT,,False,,1738086300000,,,,,,,,,,UNSCORED_SIGNAL_BAR_ABSENT,,False,,1738259100000,,,,,,,,,,UNSCORED_SIGNAL_BAR_ABSENT,,False,,1738604700000,,,,,,,,,,UNSCORED_SIGNAL_BAR_ABSENT,,False,,1739209500000,,,,,,,,,
AMC15X-021,O:AMC250214C00003500,CALL,3.5,2025-02-14,14,0.0,DISCOVERY,ENTRY_FORMING,2025-01-28T19:45:00+00:00,2025-01-28T19:30:00+00:00,-4.714285714285715,17,SCORED_WINDOW,,True,3,1738096200000,0.0,-5.5555555555555465,-5.5555555555555465,1.0,1.0,-5.5555555555555465,,5.88235294117645,0.0,SCORED_WINDOW,,True,24,1738179000000,0.0,-33.333333333333336,-22.22222222222221,1.0,24.0,-22.22222222222221,,5.88235294117645,-29.41176470588236,SCORED_WINDOW,,True,72,1738351800000,0.0,-55.55555555555556,-33.333333333333336,1.0,55.0,-33.333333333333336,,5.88235294117645,-52.94117647058824,SCORED_WINDOW,,True,124,1738697400000,0.0,-72.22222222222221,-50.0,1.0,78.0,-50.0,,5.88235294117645,-70.58823529411764,SCORED_WINDOW,,True,252,1739302200000,0.0,-88.88888888888889,-61.11111111111111,1.0,207.0,-61.11111111111111,,5.88235294117645,-88.23529411764706
AMC15X-021,O:AMC250214P00003500,PUT,3.5,2025-02-14,14,0.0,DISCOVERY,ENTRY_FORMING,2025-01-28T19:45:00+00:00,2025-01-28T19:30:00+00:00,4.714285714285715,17,UNSCORED_SIGNAL_BAR_ABSENT,,False,,1738096200000,,,,,,,,,,UNSCORED_SIGNAL_BAR_ABSENT,,False,,1738179000000,,,,,,,,,,UNSCORED_SIGNAL_BAR_ABSENT,,False,,1738351800000,,,,,,,,,,UNSCORED_SIGNAL_BAR_ABSENT,,False,,1738697400000,,,,,,,,,,UNSCORED_SIGNAL_BAR_ABSENT,,False,,1739302200000,,,,,,,,,
AMC15X-021,O:AMC250228C00003500,CALL,3.5,2025-02-28,30,0.0,DISCOVERY,ENTRY_FORMING,2025-01-28T19:45:00+00:00,2025-01-28T19:30:00+00:00,-4.714285714285715,31,SCORED_WINDOW,,True,3,1738096200000,0.0,0.0,0.0,1.0,1.0,0.0,,3.3333333333333437,3.3333333333333437,SCORED_WINDOW,,True,18,1738179000000,0.0,-25.806451612903224,-16.129032258064512,1.0,16.0,-16.129032258064512,,3.3333333333333437,-23.33333333333333,SCORED_WINDOW,,True,57,1738351800000,0.0,-41.93548387096775,-35.48387096774193,1.0,44.0,-35.48387096774193,,3.3333333333333437,-40.0,SCORED_WINDOW,,True,98,1738697400000,0.0,-54.83870967741935,-32.25806451612904,1.0,61.0,-32.25806451612904,,3.3333333333333437,-53.33333333333332,SCORED_WINDOW,,True,215,1739302200000,0.0,-61.29032258064516,-35.48387096774193,1.0,154.0,-35.48387096774193,,3.3333333333333437,-60.0
AMC15X-021,O:AMC250228P00003500,PUT,3.5,2025-02-28,30,0.0,DISCOVERY,ENTRY_FORMING,2025-01-28T19:45:00+00:00,2025-01-28T19:30:00+00:00,4.714285714285715,31,UNSCORED_SIGNAL_BAR_ABSENT,,False,,1738096200000,,,,,,,,,,UNSCORED_SIGNAL_BAR_ABSENT,,False,,1738179000000,,,,,,,,,,UNSCORED_SIGNAL_BAR_ABSENT,,False,,1738351800000,,,,,,,,,,UNSCORED_SIGNAL_BAR_ABSENT,,False,,1738697400000,,,,,,,,,,UNSCORED_SIGNAL_BAR_ABSENT,,False,,1739302200000,,,,,,,,,
AMC15X-022,O:AMC250228C00003500,CALL,3.5,2025-02-28,14,0.0,DISCOVERY,RISK_OR_EXHAUSTION,2025-02-12T18:30:00+00:00,2025-02-12T18:15:00+00:00,0.14285714285713982,16,SCORED_WINDOW,,True,4,1739387700000,2.941176470588225,-8.823529411764708,-2.941176470588236,1.0,2.0,-5.714285714285705,-1.0000000000000038,2.941176470588225,-8.823529411764708,SCORED_WINDOW,,True,25,1739470500000,2.941176470588225,-32.352941176470594,-20.588235294117652,1.0,16.0,-22.857142857142843,-7.000000000000027,2.941176470588225,-32.352941176470594,SCORED_WINDOW,,True,77,1739902500000,23.529411764705866,-32.352941176470594,-8.823529411764708,64.0,16.0,-26.190476190476186,-0.37500000000000033,23.529411764705866,-32.352941176470594,SCORED_WINDOW,,True,127,1740075300000,23.529411764705866,-44.11764705882353,-38.235294117647065,64.0,118.0,-50.0,-1.6250000000000013,23.529411764705866,-44.11764705882353,SCORED_WINDOW,,True,257,1740680100000,23.529411764705866,-94.11764705882352,-94.11764705882352,64.0,242.0,-95.23809523809523,-4.000000000000003,23.529411764705866,-94.11764705882352
AMC15X-022,O:AMC250228P00003500,PUT,3.5,2025-02-28,14,0.0,DISCOVERY,RISK_OR_EXHAUSTION,2025-02-12T18:30:00+00:00,2025-02-12T18:15:00+00:00,-0.14285714285713982,16,SCORED_WINDOW,,True,2,1739387700000,3.2258064516129004,0.0,3.2258064516129004,2.0,1.0,0.0,1.0,-3.0303030303030276,-6.060606060606066,SCORED_WINDOW,,True,17,1739470500000,9.677419354838722,-16.129032258064512,-16.129032258064512,15.0,17.0,-23.529411764705888,-1.666666666666664,3.0303030303030276,-21.212121212121215,SCORED_WINDOW,,True,60,1739902500000,9.677419354838722,-64.51612903225806,-51.61290322580645,15.0,46.0,-55.88235294117647,-5.333333333333326,3.0303030303030276,-66.66666666666667,SCORED_WINDOW,,True,109,1740075300000,9.677419354838722,-64.51612903225806,-35.48387096774193,15.0,46.0,-41.17647058823529,-3.666666666666661,3.0303030303030276,-66.66666666666667,SCORED_WINDOW,,True,237,1740680100000,38.709677419354826,-64.51612903225806,-29.032258064516125,173.0,46.0,-48.837209302325576,-0.7500000000000001,30.303030303030297,-66.66666666666667
AMC15X-022,O:AMC250314C00003500,CALL,3.5,2025-03-14,30,0.0,DISCOVERY,RISK_OR_EXHAUSTION,2025-02-12T18:30:00+00:00,2025-02-12T18:15:00+00:00,0.14285714285713982,30,SCORED_WINDOW,,True,2,1739387700000,7.499999999999996,-2.500000000000002,7.499999999999996,2.0,1.0,0.0,1.0,0.0,-9.302325581395344,SCORED_WINDOW,,True,20,1739470500000,7.499999999999996,-20.000000000000007,-12.50000000000001,2.0,13.0,-18.6046511627907,-1.6666666666666692,0.0,-25.581395348837212,SCORED_WINDOW,,True,48,1739902500000,25.0,-20.000000000000007,2.499999999999991,40.0,13.0,-18.000000000000004,0.09999999999999964,16.279069767441868,-25.581395348837212,SCORED_WINDOW,,True,74,1740075300000,25.0,-52.5,-22.500000000000007,40.0,55.0,-38.0,-0.9000000000000002,16.279069767441868,-55.81395348837209,SCORED_WINDOW,,True,170,1740680100000,25.0,-70.0,-62.5,40.0,155.0,-70.0,-2.5,16.279069767441868,-72.09302325581395
AMC15X-022,O:AMC250314P00003500,PUT,3.5,2025-03-14,30,0.0,DISCOVERY,RISK_OR_EXHAUSTION,2025-02-12T18:30:00+00:00,2025-02-12T18:15:00+00:00,-0.14285714285713982,30,SCORED_WINDOW,,True,1,1739387700000,0.0,0.0,0.0,1.0,1.0,0.0,,7.692307692307687,7.692307692307687,SCORED_WINDOW,,True,5,1739470500000,0.0,-28.57142857142857,0.0,1.0,2.0,0.0,,7.692307692307687,-23.076923076923084,SCORED_WINDOW,,True,21,1739902500000,0.0,-47.61904761904761,-47.61904761904761,1.0,18.0,-47.61904761904761,,7.692307692307687,-43.58974358974359,SCORED_WINDOW,,True,28,1740075300000,0.0,-47.61904761904761,-21.42857142857142,1.0,18.0,-21.42857142857142,,7.692307692307687,-43.58974358974359,SCORED_WINDOW,,True,79,1740680100000,23.809523809523814,-47.61904761904761,-19.047619047619037,53.0,18.0,-34.61538461538461,-0.7999999999999994,33.33333333333333,-43.58974358974359
AMC15X-023,O:AMC250314C00003500,CALL,3.5,2025-03-14,14,0.0,DISCOVERY,ENTRY_FORMING,2025-02-25T21:00:00+00:00,2025-02-25T20:45:00+00:00,-5.999999999999999,17,SCORED_WINDOW,,True,4,1740582900000,4.999999999999982,-20.000000000000007,-5.000000000000004,1.0,1.0,-9.523809523809524,-1.0000000000000044,-19.23076923076924,-38.46153846153846,SCORED_WINDOW,,True,23,1740602700000,19.999999999999996,-29.999999999999993,-20.000000000000007,5.0,21.0,-33.33333333333333,-1.0000000000000004,-7.692307692307699,-46.153846153846146,SCORED_WINDOW,,True,74,1740775500000,19.999999999999996,-45.00000000000001,-29.999999999999993,5.0,49.0,-41.666666666666664,-1.5,-7.692307692307699,-57.692307692307686,SCORED_WINDOW,,True,125,1741121100000,19.999999999999996,-75.0,-64.99999999999999,5.0,100.0,-70.83333333333333,-3.25,-7.692307692307699,-80.76923076923077,SCORED_WINDOW,,True,254,1741722300000,19.999999999999996,-95.0,-90.0,5.0,204.0,-91.66666666666666,-4.500000000000001,-7.692307692307699,-96.15384615384616
AMC15X-023,O:AMC250314P00003500,PUT,3.5,2025-03-14,14,0.0,DISCOVERY,ENTRY_FORMING,2025-02-25T21:00:00+00:00,2025-02-25T20:45:00+00:00,5.999999999999999,17,SCORED_WINDOW,,True,3,1740582900000,0.0,-22.500000000000007,-17.500000000000004,1.0,3.0,-17.500000000000004,,-11.111111111111105,-31.11111111111111,SCORED_WINDOW,,True,12,1740602700000,0.0,-35.0,-7.500000000000007,1.0,6.0,-7.500000000000007,,-11.111111111111105,-42.222222222222214,SCORED_WINDOW,,True,42,1740775500000,7.499999999999996,-35.0,-22.500000000000007,25.0,6.0,-27.90697674418604,-3.0000000000000027,-4.444444444444451,-42.222222222222214,SCORED_WINDOW,,True,74,1741121100000,47.499999999999986,-35.0,22.499999999999986,60.0,6.0,-16.94915254237288,0.47368421052631565,31.11111111111111,-42.222222222222214,SCORED_WINDOW,,True,146,1741722300000,62.5,-35.0,27.499999999999993,95.0,6.0,-21.53846153846154,0.4399999999999999,44.44444444444444,-42.222222222222214
AMC15X-023,O:AMC250328C00003500,CALL,3.5,2025-03-28,30,0.0,DISCOVERY,ENTRY_FORMING,2025-02-25T21:00:00+00:00,2025-02-25T20:45:00+00:00,-5.999999999999999,31,SCORED_WINDOW,,True,4,1740582900000,30.000000000000004,-5.000000000000004,30.000000000000004,4.0,1.0,0.0,1.0,-13.33333333333333,-36.66666666666666,SCORED_WINDOW,,True,24,1740602700000,54.999999999999986,-5.000000000000004,14.999999999999991,5.0,1.0,-25.806451612903224,0.27272727272727265,3.3333333333333437,-36.66666666666666,SCORED_WINDOW,,True,61,1740775500000,54.999999999999986,-15.000000000000002,9.999999999999986,5.0,41.0,-29.032258064516125,0.1818181818181816,3.3333333333333437,-43.33333333333332,SCORED_WINDOW,,True,108,1741121100000,54.999999999999986,-40.0,-29.999999999999993,5.0,85.0,-54.83870967741935,-0.5454545454545454,3.3333333333333437,-60.0,SCORED_WINDOW,,True,216,1741722300000,54.999999999999986,-70.0,-64.99999999999999,5.0,206.0,-77.41935483870968,-1.1818181818181819,3.3333333333333437,-80.0
AMC15X-023,O:AMC250328P00003500,PUT,3.5,2025-03-28,30,0.0,DISCOVERY,ENTRY_FORMING,2025-02-25T21:00:00+00:00,2025-02-25T20:45:00+00:00,5.999999999999999,31,SCORED_WINDOW,,True,2,1740582900000,11.363636363636353,0.0,0.0,1.0,1.0,-10.204081632653061,0.0,-7.547169811320764,-16.981132075471706,SCORED_WINDOW,,True,7,1740602700000,11.363636363636353,-27.27272727272727,2.2727272727272707,1.0,3.0,-8.163265306122447,0.2,-7.547169811320764,-39.62264150943396,SCORED_WINDOW,,True,25,1740775500000,11.363636363636353,-27.27272727272727,-11.363636363636365,1.0,3.0,-20.408163265306122,-1.000000000000001,-7.547169811320764,-39.62264150943396,SCORED_WINDOW,,True,39,1741121100000,40.90909090909092,-27.27272727272727,25.0,35.0,3.0,-11.290322580645151,0.6111111111111109,16.981132075471695,-39.62264150943396,SCORED_WINDOW,,True,58,1741722300000,40.90909090909092,-27.27272727272727,27.272727272727295,35.0,3.0,-9.677419354838701,0.666666666666667,16.981132075471695,-39.62264150943396
AMC15X-024,O:AMC250314C00003500,CALL,3.5,2025-03-14,14,0.0,DISCOVERY,CONTINUATION,2025-02-28T16:00:00+00:00,2025-02-28T15:45:00+00:00,-6.142857142857139,14,SCORED_WINDOW,,True,4,1740761100000,5.88235294117645,-11.764705882352954,5.88235294117645,4.0,1.0,0.0,1.0,19.999999999999996,0.0,SCORED_WINDOW,,True,26,1741016700000,5.88235294117645,-47.058823529411775,-47.058823529411775,4.0,25.0,-50.0,-8.00000000000003,19.999999999999996,-40.0,SCORED_WINDOW,,True,77,1741189500000,5.88235294117645,-70.58823529411764,-64.70588235294117,4.0,46.0,-66.66666666666667,-11.000000000000039,19.999999999999996,-66.66666666666666,SCORED_WINDOW,,True,129,1741362300000,5.88235294117645,-88.23529411764706,-82.35294117647058,4.0,111.0,-83.33333333333334,-14.000000000000048,19.999999999999996,-86.66666666666667,SCORED_WINDOW,,True,247,1741963500000,5.88235294117645,-94.11764705882352,-94.11764705882352,4.0,150.0,-94.44444444444444,-16.000000000000057,19.999999999999996,-93.33333333333333
AMC15X-024,O:AMC250314P00003500,PUT,3.5,2025-03-14,14,0.0,DISCOVERY,CONTINUATION,2025-02-28T16:00:00+00:00,2025-02-28T15:45:00+00:00,6.142857142857139,14,UNSCORED_SIGNAL_BAR_ABSENT,,False,,1740761100000,,,,,,,,,,UNSCORED_SIGNAL_BAR_ABSENT,,False,,1741016700000,,,,,,,,,,UNSCORED_SIGNAL_BAR_ABSENT,,False,,1741189500000,,,,,,,,,,UNSCORED_SIGNAL_BAR_ABSENT,,False,,1741362300000,,,,,,,,,,UNSCORED_SIGNAL_BAR_ABSENT,,False,,1741963500000,,,,,,,,,
AMC15X-024,O:AMC250328C00003500,CALL,3.5,2025-03-28,30,0.0,DISCOVERY,CONTINUATION,2025-02-28T16:00:00+00:00,2025-02-28T15:45:00+00:00,-6.142857142857139,28,SCORED_WINDOW,,True,3,1740761100000,13.636363636363647,-4.545454545454552,13.636363636363647,3.0,1.0,0.0,1.0,25.0,4.999999999999982,SCORED_WINDOW,,True,19,1741016700000,22.72727272727273,-18.181818181818187,-18.181818181818187,6.0,18.0,-33.333333333333336,-0.8000000000000002,35.00000000000001,-10.000000000000009,SCORED_WINDOW,,True,66,1741189500000,22.72727272727273,-45.45454545454546,-36.36363636363635,6.0,39.0,-48.14814814814815,-1.5999999999999994,35.00000000000001,-40.0,SCORED_WINDOW,,True,105,1741362300000,22.72727272727273,-63.63636363636363,-54.54545454545454,6.0,101.0,-62.96296296296296,-2.3999999999999995,35.00000000000001,-60.00000000000001,SCORED_WINDOW,,True,220,1741963500000,22.72727272727273,-81.81818181818181,-81.81818181818181,6.0,203.0,-85.18518518518519,-3.599999999999999,35.00000000000001,-80.0
AMC15X-024,O:AMC250328P00003500,PUT,3.5,2025-03-28,30,0.0,DISCOVERY,CONTINUATION,2025-02-28T16:00:00+00:00,2025-02-28T15:45:00+00:00,6.142857142857139,28,UNSCORED_SIGNAL_BAR_ABSENT,,False,,1740761100000,,,,,,,,,,UNSCORED_SIGNAL_BAR_ABSENT,,False,,1741016700000,,,,,,,,,,UNSCORED_SIGNAL_BAR_ABSENT,,False,,1741189500000,,,,,,,,,,UNSCORED_SIGNAL_BAR_ABSENT,,False,,1741362300000,,,,,,,,,,UNSCORED_SIGNAL_BAR_ABSENT,,False,,1741963500000,,,,,,,,,
AMC15X-025,O:AMC250321C00003000,CALL,3.0,2025-03-21,14,0.0,DISCOVERY,THESIS_PRESSURE,2025-03-07T17:15:00+00:00,2025-03-07T17:00:00+00:00,0.4633333333333341,14,SCORED_WINDOW,,True,3,1741370400000,5.555555555555558,-11.111111111111105,5.555555555555558,3.0,2.0,0.0,1.0,5.555555555555558,-11.111111111111105,SCORED_WINDOW,,True,25,1741622400000,11.111111111111116,-11.111111111111105,5.555555555555558,4.0,2.0,-5.000000000000004,0.5,11.111111111111116,-11.111111111111105,SCORED_WINDOW,,True,71,1741795200000,11.111111111111116,-44.44444444444444,-33.333333333333336,4.0,61.0,-40.0,-2.9999999999999987,11.111111111111116,-44.44444444444444,SCORED_WINDOW,,True,123,1741968000000,11.111111111111116,-72.22222222222221,-44.44444444444444,4.0,113.0,-50.0,-3.9999999999999982,11.111111111111116,-72.22222222222221,SCORED_WINDOW,,True,253,1742572800000,11.111111111111116,-88.88888888888889,-83.33333333333334,4.0,243.0,-85.0,-7.499999999999997,11.111111111111116,-88.88888888888889
AMC15X-025,O:AMC250321P00003000,PUT,3.0,2025-03-21,14,0.0,DISCOVERY,THESIS_PRESSURE,2025-03-07T17:15:00+00:00,2025-03-07T17:00:00+00:00,-0.4633333333333341,14,SCORED_WINDOW,,True,3,1741370400000,0.0,-13.33333333333333,-13.33333333333333,1.0,3.0,-13.33333333333333,,-6.25,-18.75,SCORED_WINDOW,,True,20,1741622400000,13.333333333333353,-33.33333333333333,-33.33333333333333,10.0,20.0,-41.17647058823529,-2.499999999999996,6.25,-37.5,SCORED_WINDOW,,True,67,1741795200000,39.99999999999999,-33.33333333333333,6.666666666666665,49.0,20.0,-23.809523809523803,0.16666666666666666,31.25,-37.5,SCORED_WINDOW,,True,113,1741968000000,60.00000000000001,-33.33333333333333,-19.999999999999996,102.0,20.0,-50.0,-0.33333333333333326,50.0,-37.5,SCORED_WINDOW,,True,238,1742572800000,86.66666666666669,-93.33333333333333,-93.33333333333333,128.0,235.0,-96.42857142857143,-1.0769230769230766,75.00000000000003,-93.75
AMC15X-025,O:AMC250404C00003000,CALL,3.0,2025-04-04,30,0.0,DISCOVERY,THESIS_PRESSURE,2025-03-07T17:15:00+00:00,2025-03-07T17:00:00+00:00,0.4633333333333341,28,UNSCORED_SIGNAL_BAR_ABSENT,,False,,1741370400000,,,,,,,,,,UNSCORED_SIGNAL_BAR_ABSENT,,False,,1741622400000,,,,,,,,,,UNSCORED_SIGNAL_BAR_ABSENT,,False,,1741795200000,,,,,,,,,,UNSCORED_SIGNAL_BAR_ABSENT,,False,,1741968000000,,,,,,,,,,UNSCORED_SIGNAL_BAR_ABSENT,,False,,1742572800000,,,,,,,,,
AMC15X-025,O:AMC250404P00003000,PUT,3.0,2025-04-04,30,0.0,DISCOVERY,THESIS_PRESSURE,2025-03-07T17:15:00+00:00,2025-03-07T17:00:00+00:00,-0.4633333333333341,28,UNSCORED_SIGNAL_BAR_ABSENT,,False,,1741370400000,,,,,,,,,,UNSCORED_SIGNAL_BAR_ABSENT,,False,,1741622400000,,,,,,,,,,UNSCORED_SIGNAL_BAR_ABSENT,,False,,1741795200000,,,,,,,,,,UNSCORED_SIGNAL_BAR_ABSENT,,False,,1741968000000,,,,,,,,,,UNSCORED_SIGNAL_BAR_ABSENT,,False,,1742572800000,,,,,,,,,
AMC15X-026,O:AMC250425C00003000,CALL,3.0,2025-04-25,14,0.0,DISCOVERY,CONTINUATION,2025-04-08T13:45:00+00:00,2025-04-08T13:30:00+00:00,-7.8333333333333295,17,SCORED_WINDOW,,True,4,1744122600000,6.666666666666665,-13.33333333333333,-13.33333333333333,1.0,1.0,-18.75,-2.0,33.33333333333335,8.333333333333348,SCORED_WINDOW,,True,24,1744205400000,6.666666666666665,-19.999999999999996,6.666666666666665,1.0,10.0,0.0,1.0,33.33333333333335,0.0,SCORED_WINDOW,,True,68,1744378200000,33.33333333333335,-33.33333333333333,26.666666666666682,49.0,27.0,-5.000000000000004,0.8,66.66666666666667,-16.666666666666664,SCORED_WINDOW,,True,118,1744723800000,33.33333333333335,-46.666666666666664,-40.0,49.0,118.0,-55.00000000000001,-1.1999999999999995,66.66666666666667,-33.33333333333333,SCORED_WINDOW,,True,248,1745415000000,33.33333333333335,-93.33333333333333,-86.66666666666667,49.0,205.0,-90.0,-2.5999999999999988,66.66666666666667,-91.66666666666666
AMC15X-026,O:AMC250425P00003000,PUT,3.0,2025-04-25,14,0.0,DISCOVERY,CONTINUATION,2025-04-08T13:45:00+00:00,2025-04-08T13:30:00+00:00,7.8333333333333295,17,SCORED_WINDOW,,True,1,1744122600000,0.0,0.0,0.0,1.0,1.0,0.0,,-7.692307692307699,-7.692307692307699,SCORED_WINDOW,,True,7,1744205400000,27.77777777777779,-8.333333333333325,27.77777777777779,6.0,2.0,0.0,1.0,17.948717948717952,-15.384615384615385,SCORED_WINDOW,,True,26,1744378200000,27.77777777777779,-27.777777777777768,-24.99999999999999,6.0,17.0,-41.30434782608695,-0.8999999999999992,17.948717948717952,-33.333333333333336,SCORED_WINDOW,,True,58,1744723800000,27.77777777777779,-61.11111111111111,-47.22222222222222,6.0,42.0,-58.69565217391304,-1.6999999999999993,17.948717948717952,-64.1025641025641,SCORED_WINDOW,,True,155,1745415000000,27.77777777777779,-61.11111111111111,-30.555555555555557,6.0,42.0,-45.652173913043484,-1.0999999999999996,17.948717948717952,-64.1025641025641
AMC15X-026,O:AMC250509C00003000,CALL,3.0,2025-05-09,30,0.0,DISCOVERY,CONTINUATION,2025-04-08T13:45:00+00:00,2025-04-08T13:30:00+00:00,-7.8333333333333295,31,SCORED_WINDOW,,True,3,1744122600000,12.500000000000021,0.0,0.0,1.0,1.0,-11.111111111111116,0.0,-3.57142857142857,-14.285714285714302,SCORED_WINDOW,,True,17,1744205400000,12.500000000000021,-29.166666666666664,0.0,1.0,13.0,-11.111111111111116,0.0,-3.57142857142857,-39.28571428571429,SCORED_WINDOW,,True,52,1744378200000,108.33333333333334,-29.166666666666664,25.0,27.0,13.0,-40.0,0.23076923076923075,78.57142857142856,-39.28571428571429,SCORED_WINDOW,,True,85,1744723800000,108.33333333333334,-29.166666666666664,-12.5,27.0,13.0,-58.00000000000001,-0.11538461538461538,78.57142857142856,-39.28571428571429,SCORED_WINDOW,,True,192,1745415000000,108.33333333333334,-58.33333333333333,-50.0,27.0,153.0,-76.0,-0.4615384615384615,78.57142857142856,-64.28571428571428
AMC15X-026,O:AMC250509P00003000,PUT,3.0,2025-05-09,30,0.0,DISCOVERY,CONTINUATION,2025-04-08T13:45:00+00:00,2025-04-08T13:30:00+00:00,7.8333333333333295,31,UNSCORED_NO_POST_SIGNAL_PRINT,,False,0,1744122600000,,,,,,,,,,SCORED_WINDOW,,True,2,1744205400000,35.7142857142857,0.0,35.7142857142857,2.0,1.0,0.0,1.0,13.99999999999999,-16.000000000000004,SCORED_WINDOW,,True,13,1744378200000,35.7142857142857,-16.666666666666675,-16.666666666666675,2.0,9.0,-38.59649122807017,-0.46666666666666706,13.99999999999999,-30.000000000000004,SCORED_WINDOW,,True,23,1744723800000,35.7142857142857,-38.095238095238095,7.14285714285714,2.0,17.0,-21.052631578947356,0.19999999999999998,13.99999999999999,-48.0,SCORED_WINDOW,,True,54,1745415000000,35.7142857142857,-38.095238095238095,-4.761904761904756,2.0,17.0,-29.824561403508763,-0.13333333333333322,13.99999999999999,-48.0
AMC15X-027,O:AMC250425C00002500,CALL,2.5,2025-04-25,14,0.0,DISCOVERY,THESIS_PRESSURE,2025-04-08T18:15:00+00:00,2025-04-08T18:00:00+00:00,7.400000000000002,17,UNSCORED_SIGNAL_BAR_ABSENT,,False,,1744138800000,,,,,,,,,,UNSCORED_SIGNAL_BAR_ABSENT,,False,,1744221600000,,,,,,,,,,UNSCORED_SIGNAL_BAR_ABSENT,,False,,1744394400000,,,,,,,,,,UNSCORED_SIGNAL_BAR_ABSENT,,False,,1744740000000,,,,,,,,,,UNSCORED_SIGNAL_BAR_ABSENT,,False,,1745431200000,,,,,,,,,
AMC15X-027,O:AMC250425P00002500,PUT,2.5,2025-04-25,14,0.0,DISCOVERY,THESIS_PRESSURE,2025-04-08T18:15:00+00:00,2025-04-08T18:00:00+00:00,-7.400000000000002,17,UNSCORED_SIGNAL_BAR_ABSENT,,False,,1744138800000,,,,,,,,,,UNSCORED_SIGNAL_BAR_ABSENT,,False,,1744221600000,,,,,,,,,,UNSCORED_SIGNAL_BAR_ABSENT,,False,,1744394400000,,,,,,,,,,UNSCORED_SIGNAL_BAR_ABSENT,,False,,1744740000000,,,,,,,,,,UNSCORED_SIGNAL_BAR_ABSENT,,False,,1745431200000,,,,,,,,,
AMC15X-027,O:AMC250509C00002500,CALL,2.5,2025-05-09,30,0.0,DISCOVERY,THESIS_PRESSURE,2025-04-08T18:15:00+00:00,2025-04-08T18:00:00+00:00,7.400000000000002,31,UNSCORED_SIGNAL_BAR_ABSENT,,False,,1744138800000,,,,,,,,,,UNSCORED_SIGNAL_BAR_ABSENT,,False,,1744221600000,,,,,,,,,,UNSCORED_SIGNAL_BAR_ABSENT,,False,,1744394400000,,,,,,,,,,UNSCORED_SIGNAL_BAR_ABSENT,,False,,1744740000000,,,,,,,,,,UNSCORED_SIGNAL_BAR_ABSENT,,False,,1745431200000,,,,,,,,,
AMC15X-027,O:AMC250509P00002500,PUT,2.5,2025-05-09,30,0.0,DISCOVERY,THESIS_PRESSURE,2025-04-08T18:15:00+00:00,2025-04-08T18:00:00+00:00,-7.400000000000002,31,UNSCORED_SIGNAL_BAR_ABSENT,,False,,1744138800000,,,,,,,,,,UNSCORED_SIGNAL_BAR_ABSENT,,False,,1744221600000,,,,,,,,,,UNSCORED_SIGNAL_BAR_ABSENT,,False,,1744394400000,,,,,,,,,,UNSCORED_SIGNAL_BAR_ABSENT,,False,,1744740000000,,,,,,,,,,UNSCORED_SIGNAL_BAR_ABSENT,,False,,1745431200000,,,,,,,,,
AMC15X-028,O:AMC250425C00003000,CALL,3.0,2025-04-25,14,0.0,DISCOVERY,ENTRY_FORMING,2025-04-10T19:45:00+00:00,2025-04-10T19:30:00+00:00,-4.566666666666666,15,SCORED_WINDOW,,True,4,1744380000000,17.647058823529417,0.0,0.0,2.0,1.0,-15.000000000000002,0.0,11.111111111111116,-5.5555555555555465,SCORED_WINDOW,,True,24,1744399800000,17.647058823529417,-11.764705882352954,-11.764705882352954,2.0,24.0,-25.00000000000001,-0.6666666666666672,11.111111111111116,-16.666666666666664,SCORED_WINDOW,,True,76,1744745400000,17.647058823529417,-64.70588235294117,-52.94117647058824,2.0,69.0,-60.00000000000001,-2.9999999999999996,11.111111111111116,-66.66666666666667,SCORED_WINDOW,,True,128,1744918200000,17.647058823529417,-82.35294117647058,-70.58823529411764,2.0,113.0,-75.0,-3.9999999999999982,11.111111111111116,-83.33333333333334,SCORED_WINDOW,,True,252,1745609400000,17.647058823529417,-94.11764705882352,-94.11764705882352,2.0,139.0,-95.0,-5.333333333333331,11.111111111111116,-94.44444444444444
AMC15X-028,O:AMC250425P00003000,PUT,3.0,2025-04-25,14,0.0,DISCOVERY,ENTRY_FORMING,2025-04-10T19:45:00+00:00,2025-04-10T19:30:00+00:00,4.566666666666666,15,UNSCORED_SIGNAL_BAR_ABSENT,,False,,1744380000000,,,,,,,,,,UNSCORED_SIGNAL_BAR_ABSENT,,False,,1744399800000,,,,,,,,,,UNSCORED_SIGNAL_BAR_ABSENT,,False,,1744745400000,,,,,,,,,,UNSCORED_SIGNAL_BAR_ABSENT,,False,,1744918200000,,,,,,,,,,UNSCORED_SIGNAL_BAR_ABSENT,,False,,1745609400000,,,,,,,,,
AMC15X-028,O:AMC250509C00003000,CALL,3.0,2025-05-09,30,0.0,DISCOVERY,ENTRY_FORMING,2025-04-10T19:45:00+00:00,2025-04-10T19:30:00+00:00,-4.566666666666666,29,UNSCORED_SIGNAL_BAR_ABSENT,,False,,1744380000000,,,,,,,,,,UNSCORED_SIGNAL_BAR_ABSENT,,False,,1744399800000,,,,,,,,,,UNSCORED_SIGNAL_BAR_ABSENT,,False,,1744745400000,,,,,,,,,,UNSCORED_SIGNAL_BAR_ABSENT,,False,,1744918200000,,,,,,,,,,UNSCORED_SIGNAL_BAR_ABSENT,,False,,1745609400000,,,,,,,,,
AMC15X-028,O:AMC250509P00003000,PUT,3.0,2025-05-09,30,0.0,DISCOVERY,ENTRY_FORMING,2025-04-10T19:45:00+00:00,2025-04-10T19:30:00+00:00,4.566666666666666,29,UNSCORED_SIGNAL_BAR_ABSENT,,False,,1744380000000,,,,,,,,,,UNSCORED_SIGNAL_BAR_ABSENT,,False,,1744399800000,,,,,,,,,,UNSCORED_SIGNAL_BAR_ABSENT,,False,,1744745400000,,,,,,,,,,UNSCORED_SIGNAL_BAR_ABSENT,,False,,1744918200000,,,,,,,,,,UNSCORED_SIGNAL_BAR_ABSENT,,False,,1745609400000,,,,,,,,,
AMC15X-029,O:AMC250509C00003000,CALL,3.0,2025-05-09,14,0.0,DISCOVERY,CONTINUATION,2025-04-28T15:45:00+00:00,2025-04-28T15:30:00+00:00,-8.639999999999997,11,SCORED_WINDOW,,True,4,1745857800000,0.0,-11.111111111111105,-11.111111111111105,1.0,1.0,-11.111111111111105,,0.0,-11.111111111111105,SCORED_WINDOW,,True,25,1745940600000,0.0,-22.22222222222221,-11.111111111111105,1.0,12.0,-11.111111111111105,,0.0,-22.22222222222221,SCORED_WINDOW,,True,75,1746113400000,0.0,-44.44444444444444,-33.333333333333336,1.0,42.0,-33.333333333333336,,0.0,-44.44444444444444,SCORED_WINDOW,,True,127,1746459000000,0.0,-66.66666666666667,-55.55555555555556,1.0,119.0,-55.55555555555556,,0.0,-66.66666666666667,SCORED_RIGHT_CENSORED,CONTRACT_EXPIRY,False,247,1747063800000,,,,,,,,,
AMC15X-029,O:AMC250509P00003000,PUT,3.0,2025-05-09,14,0.0,DISCOVERY,CONTINUATION,2025-04-28T15:45:00+00:00,2025-04-28T15:30:00+00:00,8.639999999999997,11,UNSCORED_NO_POST_SIGNAL_PRINT,,False,0,1745857800000,,,,,,,,,,SCORED_WINDOW,,True,8,1745940600000,0.0,-13.888888888888884,-5.5555555555555465,1.0,5.0,-5.5555555555555465,,2.857142857142869,-11.428571428571422,SCORED_WINDOW,,True,29,1746113400000,38.888888888888886,-13.888888888888884,11.111111111111116,15.0,5.0,-19.999999999999996,0.28571428571428586,42.85714285714286,-11.428571428571422,SCORED_WINDOW,,True,53,1746459000000,38.888888888888886,-13.888888888888884,8.333333333333348,15.0,5.0,-21.999999999999996,0.2142857142857147,42.85714285714286,-11.428571428571422,SCORED_RIGHT_CENSORED,CONTRACT_EXPIRY,False,139,1747063800000,,,,,,,,,
AMC15X-029,O:AMC250530C00003000,CALL,3.0,2025-05-30,30,0.0,DISCOVERY,CONTINUATION,2025-04-28T15:45:00+00:00,2025-04-28T15:30:00+00:00,-8.639999999999997,32,UNSCORED_SIGNAL_BAR_ABSENT,,False,,1745857800000,,,,,,,,,,UNSCORED_SIGNAL_BAR_ABSENT,,False,,1745940600000,,,,,,,,,,UNSCORED_SIGNAL_BAR_ABSENT,,False,,1746113400000,,,,,,,,,,UNSCORED_SIGNAL_BAR_ABSENT,,False,,1746459000000,,,,,,,,,,UNSCORED_SIGNAL_BAR_ABSENT,,False,,1747063800000,,,,,,,,,
AMC15X-029,O:AMC250530P00003000,PUT,3.0,2025-05-30,30,0.0,DISCOVERY,CONTINUATION,2025-04-28T15:45:00+00:00,2025-04-28T15:30:00+00:00,8.639999999999997,32,UNSCORED_SIGNAL_BAR_ABSENT,,False,,1745857800000,,,,,,,,,,UNSCORED_SIGNAL_BAR_ABSENT,,False,,1745940600000,,,,,,,,,,UNSCORED_SIGNAL_BAR_ABSENT,,False,,1746113400000,,,,,,,,,,UNSCORED_SIGNAL_BAR_ABSENT,,False,,1746459000000,,,,,,,,,,UNSCORED_SIGNAL_BAR_ABSENT,,False,,1747063800000,,,,,,,,,
AMC15X-030,O:AMC250509C00002500,CALL,2.5,2025-05-09,14,0.0,DISCOVERY,THESIS_PRESSURE,2025-04-28T19:15:00+00:00,2025-04-28T19:00:00+00:00,8.399999999999999,11,UNSCORED_SIGNAL_BAR_ABSENT,,False,,1745933400000,,,,,,,,,,UNSCORED_SIGNAL_BAR_ABSENT,,False,,1745953200000,,,,,,,,,,UNSCORED_SIGNAL_BAR_ABSENT,,False,,1746126000000,,,,,,,,,,UNSCORED_SIGNAL_BAR_ABSENT,,False,,1746471600000,,,,,,,,,,UNSCORED_SIGNAL_BAR_ABSENT,CONTRACT_EXPIRY,False,,1747076400000,,,,,,,,,
AMC15X-030,O:AMC250509P00002500,PUT,2.5,2025-05-09,14,0.0,DISCOVERY,THESIS_PRESSURE,2025-04-28T19:15:00+00:00,2025-04-28T19:00:00+00:00,-8.399999999999999,11,SCORED_WINDOW,,True,3,1745933400000,14.28571428571428,0.0,0.0,3.0,1.0,-12.49999999999999,0.0,33.33333333333335,16.666666666666675,SCORED_WINDOW,,True,17,1745953200000,28.57142857142856,-14.285714285714302,0.0,12.0,4.0,-22.22222222222221,0.0,50.0,0.0,SCORED_WINDOW,,True,62,1746126000000,85.7142857142857,-14.285714285714302,14.28571428571428,23.0,4.0,-38.46153846153846,0.16666666666666663,116.6666666666667,0.0,SCORED_WINDOW,,True,110,1746471600000,85.7142857142857,-28.57142857142857,-14.285714285714302,23.0,77.0,-53.846153846153854,-0.1666666666666669,116.6666666666667,-16.666666666666664,SCORED_RIGHT_CENSORED,CONTRACT_EXPIRY,False,203,1747076400000,,,,,,,,,
AMC15X-030,O:AMC250530C00002500,CALL,2.5,2025-05-30,30,0.0,DISCOVERY,THESIS_PRESSURE,2025-04-28T19:15:00+00:00,2025-04-28T19:00:00+00:00,8.399999999999999,32,UNSCORED_SIGNAL_BAR_ABSENT,,False,,1745933400000,,,,,,,,,,UNSCORED_SIGNAL_BAR_ABSENT,,False,,1745953200000,,,,,,,,,,UNSCORED_SIGNAL_BAR_ABSENT,,False,,1746126000000,,,,,,,,,,UNSCORED_SIGNAL_BAR_ABSENT,,False,,1746471600000,,,,,,,,,,UNSCORED_SIGNAL_BAR_ABSENT,,False,,1747076400000,,,,,,,,,
AMC15X-030,O:AMC250530P00002500,PUT,2.5,2025-05-30,30,0.0,DISCOVERY,THESIS_PRESSURE,2025-04-28T19:15:00+00:00,2025-04-28T19:00:00+00:00,-8.399999999999999,32,UNSCORED_SIGNAL_BAR_ABSENT,,False,,1745933400000,,,,,,,,,,UNSCORED_SIGNAL_BAR_ABSENT,,False,,1745953200000,,,,,,,,,,UNSCORED_SIGNAL_BAR_ABSENT,,False,,1746126000000,,,,,,,,,,UNSCORED_SIGNAL_BAR_ABSENT,,False,,1746471600000,,,,,,,,,,UNSCORED_SIGNAL_BAR_ABSENT,,False,,1747076400000,,,,,,,,,
AMC15X-031,O:AMC250523C00003000,CALL,3.0,2025-05-23,14,0.0,DISCOVERY,ENTRY_FORMING,2025-05-09T19:00:00+00:00,2025-05-09T18:45:00+00:00,-8.326666666666666,14,SCORED_WINDOW,,True,4,1746819900000,12.5,-12.49999999999999,12.5,2.0,1.0,0.0,1.0,12.5,-12.49999999999999,SCORED_WINDOW,,True,26,1747075500000,50.0,-37.5,-37.5,5.0,14.0,-58.33333333333333,-0.75,50.0,-37.5,SCORED_WINDOW,,True,78,1747248300000,50.0,-62.5,-37.5,5.0,67.0,-58.33333333333333,-0.75,50.0,-62.5,SCORED_WINDOW,,True,130,1747421100000,300.0,-62.5,62.5,116.0,67.0,-59.375,0.20833333333333334,300.0,-62.5,SCORED_WINDOW,,True,260,1748025900000,337.5,-75.0,187.5,240.0,213.0,-34.28571428571428,0.5555555555555556,337.5,-75.0
AMC15X-031,O:AMC250523P00003000,PUT,3.0,2025-05-23,14,0.0,DISCOVERY,ENTRY_FORMING,2025-05-09T19:00:00+00:00,2025-05-09T18:45:00+00:00,8.326666666666666,14,UNSCORED_SIGNAL_BAR_ABSENT,,False,,1746819900000,,,,,,,,,,UNSCORED_SIGNAL_BAR_ABSENT,,False,,1747075500000,,,,,,,,,,UNSCORED_SIGNAL_BAR_ABSENT,,False,,1747248300000,,,,,,,,,,UNSCORED_SIGNAL_BAR_ABSENT,,False,,1747421100000,,,,,,,,,,UNSCORED_SIGNAL_BAR_ABSENT,,False,,1748025900000,,,,,,,,,
AMC15X-031,O:AMC250606C00003000,CALL,3.0,2025-06-06,30,0.0,DISCOVERY,ENTRY_FORMING,2025-05-09T19:00:00+00:00,2025-05-09T18:45:00+00:00,-8.326666666666666,28,SCORED_WINDOW,,True,4,1746819900000,7.14285714285714,-14.285714285714302,-7.142857142857151,3.0,4.0,-13.33333333333333,-1.0000000000000016,0.0,-19.999999999999996,SCORED_WINDOW,,True,22,1747075500000,21.42857142857142,-21.42857142857143,-14.285714285714302,5.0,12.0,-29.41176470588236,-0.6666666666666677,13.333333333333353,-26.66666666666666,SCORED_WINDOW,,True,65,1747248300000,21.42857142857142,-21.42857142857143,-14.285714285714302,5.0,12.0,-29.41176470588236,-0.6666666666666677,13.333333333333353,-26.66666666666666,SCORED_WINDOW,,True,108,1747421100000,257.1428571428571,-28.57142857142857,71.4285714285714,95.0,69.0,-52.0,0.27777777777777773,233.33333333333334,-33.33333333333333,SCORED_WINDOW,,True,234,1748025900000,257.1428571428571,-28.57142857142857,149.99999999999994,95.0,69.0,-30.000000000000004,0.5833333333333331,233.33333333333334,-33.33333333333333
AMC15X-031,O:AMC250606P00003000,PUT,3.0,2025-06-06,30,0.0,DISCOVERY,ENTRY_FORMING,2025-05-09T19:00:00+00:00,2025-05-09T18:45:00+00:00,8.326666666666666,28,SCORED_WINDOW,,True,1,1746819900000,0.0,0.0,0.0,1.0,1.0,0.0,,-5.000000000000004,-5.000000000000004,SCORED_WINDOW,,True,6,1747075500000,0.0,-21.052631578947366,-7.8947368421052655,1.0,4.0,-7.8947368421052655,,-5.000000000000004,-25.00000000000001,SCORED_WINDOW,,True,13,1747248300000,0.0,-21.052631578947366,-10.526315789473683,1.0,4.0,-10.526315789473683,,-5.000000000000004,-25.00000000000001,SCORED_WINDOW,,True,25,1747421100000,0.0,-55.263157894736835,-18.42105263157895,1.0,19.0,-18.42105263157895,,-5.000000000000004,-57.49999999999999,SCORED_WINDOW,,True,100,1748025900000,0.0,-71.05263157894737,-68.42105263157895,1.0,82.0,-68.42105263157895,,-5.000000000000004,-72.50000000000001
AMC15X-032,O:AMC250530C00003000,CALL,3.0,2025-05-30,14,0.0,DISCOVERY,RISK_OR_EXHAUSTION,2025-05-16T15:45:00+00:00,2025-05-16T15:30:00+00:00,2.9999999999999956,14,SCORED_WINDOW,,True,4,1747413000000,0.0,-34.482758620689644,-34.482758620689644,1.0,4.0,-34.482758620689644,,7.407407407407396,-29.629629629629626,SCORED_WINDOW,,True,26,1747668600000,44.827586206896555,-62.06896551724137,-58.62068965517242,18.0,22.0,-71.42857142857143,-1.3076923076923077,55.555555555555536,-59.25925925925925,SCORED_WINDOW,,True,77,1747841400000,44.827586206896555,-68.96551724137932,-51.72413793103448,18.0,45.0,-66.66666666666666,-1.1538461538461535,55.555555555555536,-66.66666666666667,SCORED_WINDOW,,True,129,1748014200000,44.827586206896555,-68.96551724137932,-6.896551724137923,18.0,45.0,-35.71428571428571,-0.15384615384615363,55.555555555555536,-66.66666666666667,SCORED_RIGHT_CENSORED,CONTRACT_EXPIRY,False,250,1748878200000,,,,,,,,,
AMC15X-032,O:AMC250530P00003000,PUT,3.0,2025-05-30,14,0.0,DISCOVERY,RISK_OR_EXHAUSTION,2025-05-16T15:45:00+00:00,2025-05-16T15:30:00+00:00,-2.9999999999999956,14,SCORED_WINDOW,,True,4,1747413000000,26.315789473684205,0.0,26.315789473684205,2.0,1.0,0.0,1.0,26.315789473684205,0.0,SCORED_WINDOW,,True,16,1747668600000,78.94736842105263,0.0,26.315789473684205,9.0,1.0,-29.41176470588236,0.33333333333333326,78.94736842105263,0.0,SCORED_WINDOW,,True,47,1747841400000,78.94736842105263,-31.57894736842105,-26.315789473684205,9.0,38.0,-58.823529411764696,-0.33333333333333326,78.94736842105263,-31.57894736842105,SCORED_WINDOW,,True,96,1748014200000,78.94736842105263,-68.42105263157895,-68.42105263157895,9.0,88.0,-82.35294117647058,-0.8666666666666667,78.94736842105263,-68.42105263157895,SCORED_RIGHT_CENSORED,CONTRACT_EXPIRY,False,203,1748878200000,,,,,,,,,
AMC15X-032,O:AMC250613C00003000,CALL,3.0,2025-06-13,30,0.0,DISCOVERY,RISK_OR_EXHAUSTION,2025-05-16T15:45:00+00:00,2025-05-16T15:30:00+00:00,2.9999999999999956,28,SCORED_WINDOW,,True,4,1747413000000,0.0,-30.76923076923077,-30.76923076923077,1.0,4.0,-30.76923076923077,,8.333333333333348,-24.99999999999999,SCORED_WINDOW,,True,26,1747668600000,0.0,-53.846153846153854,-51.28205128205128,1.0,19.0,-51.28205128205128,,8.333333333333348,-50.0,SCORED_WINDOW,,True,63,1747841400000,0.0,-53.846153846153854,-38.46153846153847,1.0,19.0,-38.46153846153847,,8.333333333333348,-50.0,SCORED_WINDOW,,True,108,1748014200000,28.205128205128194,-53.846153846153854,-2.564102564102566,101.0,19.0,-24.0,-0.09090909090909102,38.888888888888886,-50.0,SCORED_WINDOW,,True,209,1748878200000,230.76923076923075,-53.846153846153854,46.153846153846146,145.0,19.0,-55.81395348837211,0.19999999999999998,258.33333333333337,-50.0
AMC15X-032,O:AMC250613P00003000,PUT,3.0,2025-06-13,30,0.0,DISCOVERY,RISK_OR_EXHAUSTION,2025-05-16T15:45:00+00:00,2025-05-16T15:30:00+00:00,-2.9999999999999956,28,SCORED_WINDOW,,True,1,1747413000000,0.0,0.0,0.0,1.0,1.0,0.0,,-3.57142857142857,-3.57142857142857,SCORED_WINDOW,,True,8,1747668600000,29.629629629629605,-7.407407407407418,18.518518518518512,5.0,5.0,-8.571428571428562,0.6250000000000003,24.99999999999998,-10.71428571428572,SCORED_WINDOW,,True,23,1747841400000,29.629629629629605,-18.518518518518523,-14.814814814814813,5.0,20.0,-34.28571428571428,-0.5000000000000003,24.99999999999998,-21.42857142857143,SCORED_WINDOW,,True,55,1748014200000,29.629629629629605,-44.44444444444445,-33.333333333333336,5.0,49.0,-48.57142857142856,-1.125000000000001,24.99999999999998,-46.42857142857143,SCORED_WINDOW,,True,162,1748878200000,29.629629629629605,-96.2962962962963,-81.4814814814815,5.0,108.0,-85.71428571428571,-2.7500000000000027,24.99999999999998,-96.42857142857143
AMC15X-033,O:AMC250606C00003000,CALL,3.0,2025-06-06,14,0.0,DISCOVERY,CONTINUATION,2025-05-21T14:00:00+00:00,2025-05-21T13:45:00+00:00,-0.5000000000000042,16,SCORED_WINDOW,,True,4,1747838700000,16.666666666666675,0.0,5.555555555555558,2.0,1.0,-9.523809523809524,0.3333333333333333,10.526315789473673,-5.263157894736848,SCORED_WINDOW,,True,25,1747921500000,27.77777777777779,-44.44444444444444,27.77777777777779,25.0,24.0,0.0,1.0,21.052631578947366,-47.36842105263158,SCORED_WINDOW,,True,75,1748353500000,266.6666666666667,-44.44444444444444,205.55555555555557,74.0,24.0,-16.666666666666664,0.7708333333333334,247.3684210526316,-47.36842105263158,SCORED_WINDOW,,True,126,1748526300000,527.7777777777777,-44.44444444444444,266.6666666666667,99.0,24.0,-41.59292035398229,0.505263157894737,494.7368421052631,-47.36842105263158,SCORED_WINDOW,,True,244,1749131100000,527.7777777777777,-44.44444444444444,122.22222222222223,99.0,24.0,-64.60176991150442,0.23157894736842108,494.7368421052631,-47.36842105263158
AMC15X-033,O:AMC250606P00003000,PUT,3.0,2025-06-06,14,0.0,DISCOVERY,CONTINUATION,2025-05-21T14:00:00+00:00,2025-05-21T13:45:00+00:00,0.5000000000000042,16,UNSCORED_NO_POST_SIGNAL_PRINT,,False,0,1747838700000,,,,,,,,,,SCORED_WINDOW,,True,14,1747921500000,43.75,0.0,12.5,13.0,1.0,-21.739130434782616,0.2857142857142857,9.523809523809534,-23.809523809523803,SCORED_WINDOW,,True,58,1748353500000,43.75,-62.5,-50.0,13.0,58.0,-65.21739130434783,-1.1428571428571428,9.523809523809534,-71.42857142857143,SCORED_WINDOW,,True,109,1748526300000,43.75,-93.75,-75.0,13.0,108.0,-82.6086956521739,-1.7142857142857142,9.523809523809534,-95.23809523809523,SCORED_WINDOW,,True,218,1749131100000,43.75,-93.75,-93.75,13.0,108.0,-95.65217391304348,-2.142857142857143,9.523809523809534,-95.23809523809523
AMC15X-033,O:AMC250620C00003000,CALL,3.0,2025-06-20,30,0.0,DISCOVERY,CONTINUATION,2025-05-21T14:00:00+00:00,2025-05-21T13:45:00+00:00,-0.5000000000000042,30,SCORED_WINDOW,,True,4,1747838700000,7.407407407407396,-3.703703703703709,0.0,1.0,3.0,-6.896551724137923,0.0,7.407407407407396,-3.703703703703709,SCORED_WINDOW,,True,26,1747921500000,22.22222222222221,-18.518518518518523,22.22222222222221,26.0,25.0,0.0,1.0,22.22222222222221,-18.518518518518523,SCORED_WINDOW,,True,78,1748353500000,177.77777777777777,-96.2962962962963,151.85185185185185,77.0,51.0,-9.333333333333327,0.8541666666666666,177.77777777777777,-96.2962962962963,SCORED_WINDOW,,True,129,1748526300000,340.74074074074065,-96.2962962962963,159.2592592592592,102.0,51.0,-41.17647058823529,0.46739130434782605,340.74074074074065,-96.2962962962963,SCORED_WINDOW,,True,246,1749131100000,340.74074074074065,-96.2962962962963,74.07407407407405,102.0,51.0,-60.504201680672274,0.21739130434782608,340.74074074074065,-96.2962962962963
AMC15X-033,O:AMC250620P00003000,PUT,3.0,2025-06-20,30,0.0,DISCOVERY,CONTINUATION,2025-05-21T14:00:00+00:00,2025-05-21T13:45:00+00:00,0.5000000000000042,30,UNSCORED_SIGNAL_BAR_ABSENT,,False,,1747838700000,,,,,,,,,,UNSCORED_SIGNAL_BAR_ABSENT,,False,,1747921500000,,,,,,,,,,UNSCORED_SIGNAL_BAR_ABSENT,,False,,1748353500000,,,,,,,,,,UNSCORED_SIGNAL_BAR_ABSENT,,False,,1748526300000,,,,,,,,,,UNSCORED_SIGNAL_BAR_ABSENT,,False,,1749131100000,,,,,,,,,
AMC15X-034,O:AMC250627C00003500,CALL,3.5,2025-06-27,14,0.0,DISCOVERY,ENTRY_FORMING,2025-06-10T17:15:00+00:00,2025-06-10T17:00:00+00:00,-3.571428571428571,17,SCORED_WINDOW,,True,4,1749578400000,0.0,-11.111111111111105,0.0,1.0,3.0,0.0,,0.0,-11.111111111111105,SCORED_WINDOW,,True,26,1749661200000,5.555555555555558,-33.333333333333336,-27.777777777777768,10.0,15.0,-31.57894736842105,-4.9999999999999964,5.555555555555558,-33.333333333333336,SCORED_WINDOW,,True,67,1749834000000,5.555555555555558,-66.66666666666667,-44.44444444444444,10.0,54.0,-47.36842105263158,-7.9999999999999964,5.555555555555558,-66.66666666666667,SCORED_WINDOW,,True,117,1750179600000,5.555555555555558,-88.88888888888889,-83.33333333333334,10.0,97.0,-84.21052631578947,-14.999999999999995,5.555555555555558,-88.88888888888889,SCORED_WINDOW,,True,238,1750870800000,5.555555555555558,-94.44444444444444,-94.44444444444444,10.0,181.0,-94.73684210526316,-16.999999999999993,5.555555555555558,-94.44444444444444
AMC15X-034,O:AMC250627P00003500,PUT,3.5,2025-06-27,14,0.0,DISCOVERY,ENTRY_FORMING,2025-06-10T17:15:00+00:00,2025-06-10T17:00:00+00:00,3.571428571428571,17,UNSCORED_SIGNAL_BAR_ABSENT,,False,,1749578400000,,,,,,,,,,UNSCORED_SIGNAL_BAR_ABSENT,,False,,1749661200000,,,,,,,,,,UNSCORED_SIGNAL_BAR_ABSENT,,False,,1749834000000,,,,,,,,,,UNSCORED_SIGNAL_BAR_ABSENT,,False,,1750179600000,,,,,,,,,,UNSCORED_SIGNAL_BAR_ABSENT,,False,,1750870800000,,,,,,,,,
AMC15X-034,O:AMC250711C00003500,CALL,3.5,2025-07-11,30,0.0,DISCOVERY,ENTRY_FORMING,2025-06-10T17:15:00+00:00,2025-06-10T17:00:00+00:00,-3.571428571428571,31,UNSCORED_SIGNAL_BAR_ABSENT,,False,,1749578400000,,,,,,,,,,UNSCORED_SIGNAL_BAR_ABSENT,,False,,1749661200000,,,,,,,,,,UNSCORED_SIGNAL_BAR_ABSENT,,False,,1749834000000,,,,,,,,,,UNSCORED_SIGNAL_BAR_ABSENT,,False,,1750179600000,,,,,,,,,,UNSCORED_SIGNAL_BAR_ABSENT,,False,,1750870800000,,,,,,,,,
AMC15X-034,O:AMC250711P00003500,PUT,3.5,2025-07-11,30,0.0,DISCOVERY,ENTRY_FORMING,2025-06-10T17:15:00+00:00,2025-06-10T17:00:00+00:00,3.571428571428571,31,UNSCORED_SIGNAL_BAR_ABSENT,,False,,1749578400000,,,,,,,,,,UNSCORED_SIGNAL_BAR_ABSENT,,False,,1749661200000,,,,,,,,,,UNSCORED_SIGNAL_BAR_ABSENT,,False,,1749834000000,,,,,,,,,,UNSCORED_SIGNAL_BAR_ABSENT,,False,,1750179600000,,,,,,,,,,UNSCORED_SIGNAL_BAR_ABSENT,,False,,1750870800000,,,,,,,,,
AMC15X-035,O:AMC250627C00003500,CALL,3.5,2025-06-27,14,0.0,DISCOVERY,THESIS_PRESSURE,2025-06-11T20:00:00+00:00,2025-06-11T19:45:00+00:00,-5.71428571428572,16,SCORED_WINDOW,,True,4,1749737700000,0.0,-41.666666666666664,-33.33333333333333,1.0,3.0,-33.33333333333333,,-7.692307692307699,-46.153846153846146,SCORED_WINDOW,,True,20,1749757500000,0.0,-41.666666666666664,-33.33333333333333,1.0,3.0,-33.33333333333333,,-7.692307692307699,-46.153846153846146,SCORED_WINDOW,,True,70,1750103100000,0.0,-83.33333333333333,-58.33333333333333,1.0,64.0,-58.33333333333333,,-7.692307692307699,-84.61538461538461,SCORED_WINDOW,,True,121,1750275900000,8.333333333333348,-83.33333333333333,-83.33333333333333,94.0,64.0,-84.61538461538461,-9.999999999999982,0.0,-84.61538461538461,SCORED_WINDOW,,True,234,1750967100000,8.333333333333348,-91.66666666666666,-91.66666666666666,94.0,148.0,-92.3076923076923,-10.999999999999979,0.0,-92.3076923076923
AMC15X-035,O:AMC250627P00003500,PUT,3.5,2025-06-27,14,0.0,DISCOVERY,THESIS_PRESSURE,2025-06-11T20:00:00+00:00,2025-06-11T19:45:00+00:00,5.71428571428572,16,UNSCORED_SIGNAL_BAR_ABSENT,,False,,1749737700000,,,,,,,,,,UNSCORED_SIGNAL_BAR_ABSENT,,False,,1749757500000,,,,,,,,,,UNSCORED_SIGNAL_BAR_ABSENT,,False,,1750103100000,,,,,,,,,,UNSCORED_SIGNAL_BAR_ABSENT,,False,,1750275900000,,,,,,,,,,UNSCORED_SIGNAL_BAR_ABSENT,,False,,1750967100000,,,,,,,,,
AMC15X-035,O:AMC250711C00003500,CALL,3.5,2025-07-11,30,0.0,DISCOVERY,THESIS_PRESSURE,2025-06-11T20:00:00+00:00,2025-06-11T19:45:00+00:00,-5.71428571428572,30,SCORED_WINDOW,,True,4,1749737700000,300.0,0.0,300.0,1.0,1.0,0.0,1.0,-20.000000000000007,-80.0,SCORED_WINDOW,,True,17,1749757500000,325.0,0.0,250.00000000000006,7.0,1.0,-17.647058823529406,0.7692307692307694,-15.000000000000002,-80.0,SCORED_WINDOW,,True,51,1750103100000,325.0,0.0,225.0,7.0,1.0,-23.529411764705888,0.6923076923076923,-15.000000000000002,-80.0,SCORED_WINDOW,,True,83,1750275900000,325.0,0.0,100.0,7.0,1.0,-52.94117647058824,0.3076923076923077,-15.000000000000002,-80.0,SCORED_WINDOW,,True,187,1750967100000,325.0,-25.0,25.0,7.0,115.0,-70.58823529411764,0.07692307692307693,-15.000000000000002,-85.0
AMC15X-035,O:AMC250711P00003500,PUT,3.5,2025-07-11,30,0.0,DISCOVERY,THESIS_PRESSURE,2025-06-11T20:00:00+00:00,2025-06-11T19:45:00+00:00,5.71428571428572,30,UNSCORED_SIGNAL_BAR_ABSENT,,False,,1749737700000,,,,,,,,,,UNSCORED_SIGNAL_BAR_ABSENT,,False,,1749757500000,,,,,,,,,,UNSCORED_SIGNAL_BAR_ABSENT,,False,,1750103100000,,,,,,,,,,UNSCORED_SIGNAL_BAR_ABSENT,,False,,1750275900000,,,,,,,,,,UNSCORED_SIGNAL_BAR_ABSENT,,False,,1750967100000,,,,,,,,,
AMC15X-036,O:AMC250718C00003000,CALL,3.0,2025-07-18,14,0.0,DISCOVERY,ENTRY_FORMING,2025-07-02T19:15:00+00:00,2025-07-02T19:00:00+00:00,-4.179999999999998,16,SCORED_WINDOW,,True,4,1751549400000,9.090909090909083,-9.090909090909083,9.090909090909083,1.0,1.0,0.0,1.0,0.0,-16.666666666666664,SCORED_WINDOW,,True,26,1751902200000,18.181818181818187,-27.27272727272727,-27.27272727272727,10.0,18.0,-38.46153846153846,-1.4999999999999993,8.333333333333348,-33.33333333333333,SCORED_WINDOW,,True,77,1752075000000,18.181818181818187,-63.63636363636363,-36.36363636363635,10.0,42.0,-46.153846153846146,-1.999999999999999,8.333333333333348,-66.66666666666666,SCORED_WINDOW,,True,129,1752247800000,245.45454545454547,-63.63636363636363,181.81818181818184,122.0,42.0,-18.42105263157895,0.7407407407407408,216.66666666666669,-66.66666666666666,SCORED_WINDOW,,True,259,1752852600000,436.3636363636363,-63.63636363636363,409.0909090909092,252.0,42.0,-5.084745762711851,0.9375000000000003,391.6666666666667,-66.66666666666666
AMC15X-036,O:AMC250718P00003000,PUT,3.0,2025-07-18,14,0.0,DISCOVERY,ENTRY_FORMING,2025-07-02T19:15:00+00:00,2025-07-02T19:00:00+00:00,4.179999999999998,16,SCORED_WINDOW,,True,4,1751549400000,8.333333333333348,-8.333333333333325,-4.1666666666666625,2.0,3.0,-11.538461538461542,-0.4999999999999986,8.333333333333348,-8.333333333333325,SCORED_WINDOW,,True,19,1751902200000,8.333333333333348,-33.33333333333333,-12.5,2.0,12.0,-19.23076923076924,-1.4999999999999973,8.333333333333348,-33.33333333333333,SCORED_WINDOW,,True,44,1752075000000,8.333333333333348,-45.83333333333333,-37.5,2.0,43.0,-42.307692307692314,-4.499999999999992,8.333333333333348,-45.83333333333333,SCORED_WINDOW,,True,94,1752247800000,8.333333333333348,-95.83333333333334,-83.33333333333333,2.0,88.0,-84.61538461538461,-9.999999999999982,8.333333333333348,-95.83333333333334,SCORED_WINDOW,,True,211,1752852600000,8.333333333333348,-95.83333333333334,-95.83333333333334,2.0,88.0,-96.15384615384616,-11.49999999999998,8.333333333333348,-95.83333333333334
AMC15X-036,O:AMC250801C00003000,CALL,3.0,2025-08-01,30,0.0,DISCOVERY,ENTRY_FORMING,2025-07-02T19:15:00+00:00,2025-07-02T19:00:00+00:00,-4.179999999999998,30,SCORED_WINDOW,,True,4,1751549400000,5.88235294117645,-11.764705882352954,0.0,4.0,4.0,-5.5555555555555465,0.0,5.88235294117645,-11.764705882352954,SCORED_WINDOW,,True,22,1751902200000,11.764705882352944,-29.41176470588236,-23.529411764705888,8.0,20.0,-31.57894736842105,-2.0,11.764705882352944,-29.41176470588236,SCORED_WINDOW,,True,63,1752075000000,11.764705882352944,-35.29411764705883,-11.764705882352954,8.0,30.0,-21.052631578947366,-1.0000000000000009,11.764705882352944,-35.29411764705883,SCORED_WINDOW,,True,108,1752247800000,164.70588235294116,-35.29411764705883,117.64705882352939,102.0,30.0,-17.777777777777782,0.7142857142857142,164.70588235294116,-35.29411764705883,SCORED_WINDOW,,True,218,1752852600000,276.4705882352941,-35.29411764705883,264.70588235294116,217.0,30.0,-3.125,0.9574468085106383,276.4705882352941,-35.29411764705883
AMC15X-036,O:AMC250801P00003000,PUT,3.0,2025-08-01,30,0.0,DISCOVERY,ENTRY_FORMING,2025-07-02T19:15:00+00:00,2025-07-02T19:00:00+00:00,4.179999999999998,30,UNSCORED_SIGNAL_BAR_ABSENT,,False,,1751549400000,,,,,,,,,,UNSCORED_SIGNAL_BAR_ABSENT,,False,,1751902200000,,,,,,,,,,UNSCORED_SIGNAL_BAR_ABSENT,,False,,1752075000000,,,,,,,,,,UNSCORED_SIGNAL_BAR_ABSENT,,False,,1752247800000,,,,,,,,,,UNSCORED_SIGNAL_BAR_ABSENT,,False,,1752852600000,,,,,,,,,
AMC15X-037,O:AMC250718C00003000,CALL,3.0,2025-07-18,14,0.0,DISCOVERY,THESIS_PRESSURE,2025-07-07T16:45:00+00:00,2025-07-07T16:30:00+00:00,-4.499999999999993,11,SCORED_WINDOW,,True,4,1751909400000,0.0,-12.49999999999999,0.0,1.0,1.0,0.0,,14.28571428571428,0.0,SCORED_WINDOW,,True,25,1751992200000,12.5,-50.0,-12.49999999999999,20.0,12.0,-22.22222222222221,-0.9999999999999991,28.57142857142856,-42.85714285714286,SCORED_WINDOW,,True,77,1752165000000,62.5,-50.0,25.0,51.0,12.0,-23.076923076923073,0.4,85.7142857142857,-42.85714285714286,SCORED_WINDOW,,True,129,1752510600000,437.5,-50.0,275.0,115.0,12.0,-30.23255813953488,0.6285714285714286,514.2857142857142,-42.85714285714286,SCORED_RIGHT_CENSORED,CONTRACT_EXPIRY,False,246,1753115400000,,,,,,,,,
AMC15X-037,O:AMC250718P00003000,PUT,3.0,2025-07-18,14,0.0,DISCOVERY,THESIS_PRESSURE,2025-07-07T16:45:00+00:00,2025-07-07T16:30:00+00:00,4.499999999999993,11,SCORED_WINDOW,,True,3,1751909400000,4.999999999999982,0.0,0.0,2.0,1.0,-4.761904761904756,0.0,-4.545454545454552,-9.090909090909083,SCORED_WINDOW,,True,11,1751992200000,9.999999999999986,-25.00000000000001,-25.00000000000001,6.0,10.0,-31.818181818181824,-2.5000000000000044,0.0,-31.818181818181824,SCORED_WINDOW,,True,49,1752165000000,9.999999999999986,-60.00000000000001,-50.0,6.0,48.0,-54.54545454545454,-5.000000000000007,0.0,-63.63636363636363,SCORED_WINDOW,,True,101,1752510600000,9.999999999999986,-95.0,-90.0,6.0,65.0,-90.9090909090909,-9.000000000000012,0.0,-95.45454545454545,SCORED_RIGHT_CENSORED,CONTRACT_EXPIRY,False,194,1753115400000,,,,,,,,,
AMC15X-037,O:AMC250808C00003000,CALL,3.0,2025-08-08,30,0.0,DISCOVERY,THESIS_PRESSURE,2025-07-07T16:45:00+00:00,2025-07-07T16:30:00+00:00,-4.499999999999993,32,SCORED_WINDOW,,True,1,1751909400000,0.0,0.0,0.0,1.0,1.0,0.0,,-5.882352941176472,-5.882352941176472,SCORED_WINDOW,,True,13,1751992200000,31.25,-6.25,12.5,8.0,4.0,-14.28571428571429,0.4,23.529411764705866,-11.764705882352954,SCORED_WINDOW,,True,41,1752165000000,50.0,-18.75,37.5,27.0,21.0,-8.333333333333325,0.75,41.17647058823528,-23.529411764705888,SCORED_WINDOW,,True,78,1752510600000,225.0,-18.75,168.75,73.0,21.0,-17.307692307692314,0.75,205.88235294117646,-23.529411764705888,SCORED_WINDOW,,True,170,1753115400000,362.5,-18.75,231.25,147.0,21.0,-28.37837837837838,0.6379310344827587,335.2941176470588,-23.529411764705888
AMC15X-037,O:AMC250808P00003000,PUT,3.0,2025-08-08,30,0.0,DISCOVERY,THESIS_PRESSURE,2025-07-07T16:45:00+00:00,2025-07-07T16:30:00+00:00,4.499999999999993,32,UNSCORED_SIGNAL_BAR_ABSENT,,False,,1751909400000,,,,,,,,,,UNSCORED_SIGNAL_BAR_ABSENT,,False,,1751992200000,,,,,,,,,,UNSCORED_SIGNAL_BAR_ABSENT,,False,,1752165000000,,,,,,,,,,UNSCORED_SIGNAL_BAR_ABSENT,,False,,1752510600000,,,,,,,,,,UNSCORED_SIGNAL_BAR_ABSENT,,False,,1753115400000,,,,,,,,,
AMC15X-038,O:AMC250725C00003000,CALL,3.0,2025-07-25,14,0.0,DISCOVERY,RISK_OR_EXHAUSTION,2025-07-09T17:00:00+00:00,2025-07-09T16:45:00+00:00,0.5066666666666702,16,SCORED_WINDOW,,True,4,1752083100000,6.25,-12.49999999999999,-12.49999999999999,2.0,3.0,-17.647058823529406,-1.9999999999999982,0.0,-17.647058823529406,SCORED_WINDOW,,True,24,1752165900000,6.25,-31.25,-6.25,2.0,8.0,-11.764705882352954,-1.0,0.0,-35.29411764705883,SCORED_WINDOW,,True,70,1752511500000,181.25,-31.25,112.5,59.0,8.0,-24.444444444444446,0.6206896551724138,164.70588235294116,-35.29411764705883,SCORED_WINDOW,,True,120,1752684300000,181.25,-31.25,43.75,59.0,8.0,-48.88888888888889,0.2413793103448276,164.70588235294116,-35.29411764705883,SCORED_WINDOW,,True,238,1753289100000,325.0,-31.25,181.25,161.0,8.0,-33.82352941176471,0.5576923076923077,300.0,-35.29411764705883
AMC15X-038,O:AMC250725P00003000,PUT,3.0,2025-07-25,14,0.0,DISCOVERY,RISK_OR_EXHAUSTION,2025-07-09T17:00:00+00:00,2025-07-09T16:45:00+00:00,-0.5066666666666702,16,SCORED_WINDOW,,True,1,1752083100000,0.0,0.0,0.0,1.0,1.0,0.0,,7.14285714285714,7.14285714285714,SCORED_WINDOW,,True,16,1752165900000,19.999999999999996,-19.999999999999996,-6.666666666666654,5.0,16.0,-22.22222222222221,-0.33333333333333276,28.57142857142856,-14.285714285714302,SCORED_WINDOW,,True,60,1752511500000,19.999999999999996,-73.33333333333334,-66.66666666666666,5.0,52.0,-72.22222222222221,-3.3333333333333335,28.57142857142856,-71.42857142857143,SCORED_WINDOW,,True,109,1752684300000,19.999999999999996,-86.66666666666667,-66.66666666666666,5.0,68.0,-72.22222222222221,-3.3333333333333335,28.57142857142856,-85.71428571428572,SCORED_WINDOW,,True,214,1753289100000,19.999999999999996,-93.33333333333333,-93.33333333333333,5.0,144.0,-94.44444444444444,-4.666666666666667,28.57142857142856,-92.85714285714286
AMC15X-038,O:AMC250808C00003000,CALL,3.0,2025-08-08,30,0.0,DISCOVERY,RISK_OR_EXHAUSTION,2025-07-09T17:00:00+00:00,2025-07-09T16:45:00+00:00,0.5066666666666702,30,SCORED_WINDOW,,True,2,1752083100000,0.0,-8.333333333333325,-4.1666666666666625,1.0,1.0,-4.1666666666666625,,0.0,-8.333333333333325,SCORED_WINDOW,,True,15,1752165900000,0.0,-33.33333333333333,-4.1666666666666625,1.0,4.0,-4.1666666666666625,,0.0,-33.33333333333333,SCORED_WINDOW,,True,51,1752511500000,116.6666666666667,-33.33333333333333,79.16666666666667,46.0,4.0,-17.307692307692314,0.6785714285714284,116.6666666666667,-33.33333333333333,SCORED_WINDOW,,True,83,1752684300000,116.6666666666667,-33.33333333333333,25.0,46.0,4.0,-42.307692307692314,0.21428571428571422,116.6666666666667,-33.33333333333333,SCORED_WINDOW,,True,173,1753289100000,208.33333333333334,-33.33333333333333,116.6666666666667,120.0,4.0,-29.729729729729726,0.5600000000000002,208.33333333333334,-33.33333333333333
AMC15X-038,O:AMC250808P00003000,PUT,3.0,2025-08-08,30,0.0,DISCOVERY,RISK_OR_EXHAUSTION,2025-07-09T17:00:00+00:00,2025-07-09T16:45:00+00:00,-0.5066666666666702,30,UNSCORED_SIGNAL_BAR_ABSENT,,False,,1752083100000,,,,,,,,,,UNSCORED_SIGNAL_BAR_ABSENT,,False,,1752165900000,,,,,,,,,,UNSCORED_SIGNAL_BAR_ABSENT,,False,,1752511500000,,,,,,,,,,UNSCORED_SIGNAL_BAR_ABSENT,,False,,1752684300000,,,,,,,,,,UNSCORED_SIGNAL_BAR_ABSENT,,False,,1753289100000,,,,,,,,,
AMC15X-039,O:AMC250725C00003000,CALL,3.0,2025-07-25,14,0.0,DISCOVERY,CONTINUATION,2025-07-10T15:00:00+00:00,2025-07-10T14:45:00+00:00,-1.1666666666666714,15,SCORED_WINDOW,,True,4,1752162300000,0.0,-19.999999999999996,-19.999999999999996,1.0,2.0,-19.999999999999996,,25.0,0.0,SCORED_WINDOW,,True,23,1752245100000,193.33333333333337,-19.999999999999996,120.00000000000001,20.0,2.0,-25.0,0.6206896551724137,266.6666666666667,0.0,SCORED_WINDOW,,True,70,1752590700000,200.0,-19.999999999999996,53.33333333333334,42.0,2.0,-48.88888888888889,0.2666666666666667,275.00000000000006,0.0,SCORED_WINDOW,,True,115,1752763500000,200.0,-19.999999999999996,186.66666666666666,42.0,2.0,-4.444444444444451,0.9333333333333332,275.00000000000006,0.0,SCORED_WINDOW,,True,238,1753368300000,353.3333333333334,-19.999999999999996,160.0,144.0,2.0,-42.64705882352941,0.4528301886792452,466.6666666666667,0.0
AMC15X-039,O:AMC250725P00003000,PUT,3.0,2025-07-25,14,0.0,DISCOVERY,CONTINUATION,2025-07-10T15:00:00+00:00,2025-07-10T14:45:00+00:00,1.1666666666666714,15,UNSCORED_SIGNAL_BAR_ABSENT,,False,,1752162300000,,,,,,,,,,UNSCORED_SIGNAL_BAR_ABSENT,,False,,1752245100000,,,,,,,,,,UNSCORED_SIGNAL_BAR_ABSENT,,False,,1752590700000,,,,,,,,,,UNSCORED_SIGNAL_BAR_ABSENT,,False,,1752763500000,,,,,,,,,,UNSCORED_SIGNAL_BAR_ABSENT,,False,,1753368300000,,,,,,,,,
AMC15X-039,O:AMC250808C00003000,CALL,3.0,2025-08-08,30,0.0,DISCOVERY,CONTINUATION,2025-07-10T15:00:00+00:00,2025-07-10T14:45:00+00:00,-1.1666666666666714,29,UNSCORED_SIGNAL_BAR_ABSENT,,False,,1752162300000,,,,,,,,,,UNSCORED_SIGNAL_BAR_ABSENT,,False,,1752245100000,,,,,,,,,,UNSCORED_SIGNAL_BAR_ABSENT,,False,,1752590700000,,,,,,,,,,UNSCORED_SIGNAL_BAR_ABSENT,,False,,1752763500000,,,,,,,,,,UNSCORED_SIGNAL_BAR_ABSENT,,False,,1753368300000,,,,,,,,,
AMC15X-039,O:AMC250808P00003000,PUT,3.0,2025-08-08,30,0.0,DISCOVERY,CONTINUATION,2025-07-10T15:00:00+00:00,2025-07-10T14:45:00+00:00,1.1666666666666714,29,SCORED_WINDOW,,True,1,1752162300000,0.0,0.0,0.0,1.0,1.0,0.0,,0.0,0.0,SCORED_WINDOW,,True,11,1752245100000,0.0,-54.54545454545454,-40.90909090909091,1.0,10.0,-40.90909090909091,,0.0,-54.54545454545454,SCORED_WINDOW,,True,31,1752590700000,0.0,-63.63636363636363,-40.90909090909091,1.0,30.0,-40.90909090909091,,0.0,-63.63636363636363,SCORED_WINDOW,,True,43,1752763500000,0.0,-63.63636363636363,-36.36363636363635,1.0,30.0,-36.36363636363635,,0.0,-63.63636363636363,SCORED_WINDOW,,True,106,1753368300000,0.0,-77.27272727272727,-77.27272727272727,1.0,90.0,-77.27272727272727,,0.0,-77.27272727272727
AMC15X-040,O:AMC250725C00003500,CALL,3.5,2025-07-25,14,0.0,DISCOVERY,RISK_OR_EXHAUSTION,2025-07-11T14:15:00+00:00,2025-07-11T14:00:00+00:00,-5.428571428571427,14,SCORED_WINDOW,,True,4,1752246000000,7.14285714285714,-14.285714285714302,0.0,1.0,3.0,-6.666666666666654,0.0,7.14285714285714,-14.285714285714302,SCORED_WINDOW,,True,26,1752501600000,28.57142857142856,-28.57142857142857,-21.42857142857143,21.0,24.0,-38.888888888888886,-0.7500000000000004,28.57142857142856,-28.57142857142857,SCORED_WINDOW,,True,75,1752674400000,28.57142857142856,-71.42857142857143,-57.14285714285715,21.0,54.0,-66.66666666666667,-2.0000000000000013,28.57142857142856,-71.42857142857143,SCORED_WINDOW,,True,126,1752847200000,78.57142857142856,-71.42857142857143,35.7142857142857,120.0,54.0,-24.0,0.4545454545454545,78.57142857142856,-71.42857142857143,SCORED_WINDOW,,True,256,1753452000000,78.57142857142856,-92.85714285714286,-92.85714285714286,120.0,254.0,-96.0,-1.181818181818182,78.57142857142856,-92.85714285714286
AMC15X-040,O:AMC250725P00003500,PUT,3.5,2025-07-25,14,0.0,DISCOVERY,RISK_OR_EXHAUSTION,2025-07-11T14:15:00+00:00,2025-07-11T14:00:00+00:00,5.428571428571427,14,UNSCORED_SIGNAL_BAR_ABSENT,,False,,1752246000000,,,,,,,,,,UNSCORED_SIGNAL_BAR_ABSENT,,False,,1752501600000,,,,,,,,,,UNSCORED_SIGNAL_BAR_ABSENT,,False,,1752674400000,,,,,,,,,,UNSCORED_SIGNAL_BAR_ABSENT,,False,,1752847200000,,,,,,,,,,UNSCORED_SIGNAL_BAR_ABSENT,,False,,1753452000000,,,,,,,,,
AMC15X-040,O:AMC250808C00003500,CALL,3.5,2025-08-08,30,0.0,DISCOVERY,RISK_OR_EXHAUSTION,2025-07-11T14:15:00+00:00,2025-07-11T14:00:00+00:00,-5.428571428571427,28,SCORED_WINDOW,,True,2,1752246000000,9.090909090909083,-9.090909090909083,-4.545454545454552,1.0,2.0,-12.5,-0.5000000000000012,14.28571428571428,-4.761904761904756,SCORED_WINDOW,,True,21,1752501600000,9.090909090909083,-54.54545454545454,-18.181818181818187,1.0,19.0,-25.0,-2.000000000000002,14.28571428571428,-52.38095238095237,SCORED_WINDOW,,True,59,1752674400000,9.090909090909083,-54.54545454545454,-45.45454545454546,1.0,19.0,-50.0,-5.000000000000005,14.28571428571428,-52.38095238095237,SCORED_WINDOW,,True,102,1752847200000,95.45454545454545,-95.45454545454545,54.54545454545456,95.0,75.0,-20.93023255813953,0.5714285714285716,104.76190476190474,-95.23809523809523,SCORED_WINDOW,,True,221,1753452000000,95.45454545454545,-95.45454545454545,-18.181818181818187,95.0,75.0,-58.139534883720934,-0.19047619047619052,104.76190476190474,-95.23809523809523
AMC15X-040,O:AMC250808P00003500,PUT,3.5,2025-08-08,30,0.0,DISCOVERY,RISK_OR_EXHAUSTION,2025-07-11T14:15:00+00:00,2025-07-11T14:00:00+00:00,5.428571428571427,28,UNSCORED_SIGNAL_BAR_ABSENT,,False,,1752246000000,,,,,,,,,,UNSCORED_SIGNAL_BAR_ABSENT,,False,,1752501600000,,,,,,,,,,UNSCORED_SIGNAL_BAR_ABSENT,,False,,1752674400000,,,,,,,,,,UNSCORED_SIGNAL_BAR_ABSENT,,False,,1752847200000,,,,,,,,,,UNSCORED_SIGNAL_BAR_ABSENT,,False,,1753452000000,,,,,,,,,
AMC15X-041,O:AMC250801C00003500,CALL,3.5,2025-08-01,14,0.0,DISCOVERY,RISK_OR_EXHAUSTION,2025-07-17T14:30:00+00:00,2025-07-17T14:15:00+00:00,-5.285714285714287,15,SCORED_WINDOW,,True,4,1752765300000,42.85714285714286,-7.142857142857151,28.57142857142856,2.0,1.0,-10.000000000000009,0.6666666666666663,66.66666666666667,8.333333333333348,SCORED_WINDOW,,True,26,1752848100000,135.71428571428572,-7.142857142857151,71.4285714285714,24.0,1.0,-27.27272727272728,0.526315789473684,175.00000000000006,8.333333333333348,SCORED_WINDOW,,True,78,1753193700000,135.71428571428572,-7.142857142857151,21.42857142857142,24.0,1.0,-48.484848484848484,0.1578947368421052,175.00000000000006,8.333333333333348,SCORED_WINDOW,,True,126,1753366500000,135.71428571428572,-42.85714285714286,-7.142857142857151,24.0,123.0,-60.60606060606061,-0.05263157894736848,175.00000000000006,-33.33333333333333,SCORED_WINDOW,,True,255,1753971300000,135.71428571428572,-92.85714285714286,-92.85714285714286,24.0,200.0,-96.96969696969697,-0.6842105263157895,175.00000000000006,-91.66666666666666
AMC15X-041,O:AMC250801P00003500,PUT,3.5,2025-08-01,14,0.0,DISCOVERY,RISK_OR_EXHAUSTION,2025-07-17T14:30:00+00:00,2025-07-17T14:15:00+00:00,5.285714285714287,15,SCORED_WINDOW,,True,3,1752765300000,6.666666666666665,-9.999999999999986,-3.3333333333333326,1.0,2.0,-9.37500000000001,-0.5,3.2258064516129004,-12.903225806451601,SCORED_WINDOW,,True,18,1752848100000,10.000000000000009,-30.000000000000004,-3.3333333333333326,6.0,16.0,-12.121212121212132,-0.333333333333333,6.451612903225823,-32.25806451612904,SCORED_WINDOW,,True,52,1753193700000,10.000000000000009,-43.33333333333332,-19.999999999999996,6.0,36.0,-27.27272727272728,-1.9999999999999978,6.451612903225823,-45.16129032258064,SCORED_WINDOW,,True,85,1753366500000,10.000000000000009,-43.33333333333332,-13.33333333333333,6.0,36.0,-21.212121212121215,-1.333333333333332,6.451612903225823,-45.16129032258064,SCORED_WINDOW,,True,180,1753971300000,100.0,-43.33333333333332,83.33333333333334,166.0,36.0,-8.333333333333325,0.8333333333333335,93.54838709677418,-45.16129032258064
AMC15X-041,O:AMC250815C00003500,CALL,3.5,2025-08-15,30,0.0,DISCOVERY,RISK_OR_EXHAUSTION,2025-07-17T14:30:00+00:00,2025-07-17T14:15:00+00:00,-5.285714285714287,29,SCORED_WINDOW,,True,4,1752765300000,28.57142857142858,0.0,19.047619047619047,2.0,1.0,-7.407407407407418,0.6666666666666664,28.57142857142858,0.0,SCORED_WINDOW,,True,26,1752848100000,104.76190476190474,0.0,61.904761904761926,25.0,1.0,-20.93023255813953,0.5909090909090912,104.76190476190474,0.0,SCORED_WINDOW,,True,75,1753193700000,104.76190476190474,0.0,42.85714285714286,25.0,1.0,-30.23255813953488,0.40909090909090917,104.76190476190474,0.0,SCORED_WINDOW,,True,115,1753366500000,104.76190476190474,0.0,19.047619047619047,25.0,1.0,-41.860465116279066,0.18181818181818185,104.76190476190474,0.0,SCORED_WINDOW,,True,235,1753971300000,104.76190476190474,-61.904761904761905,-47.61904761904761,25.0,232.0,-74.4186046511628,-0.4545454545454546,104.76190476190474,-61.904761904761905
AMC15X-041,O:AMC250815P00003500,PUT,3.5,2025-08-15,30,0.0,DISCOVERY,RISK_OR_EXHAUSTION,2025-07-17T14:30:00+00:00,2025-07-17T14:15:00+00:00,5.285714285714287,29,UNSCORED_SIGNAL_BAR_ABSENT,,False,,1752765300000,,,,,,,,,,UNSCORED_SIGNAL_BAR_ABSENT,,False,,1752848100000,,,,,,,,,,UNSCORED_SIGNAL_BAR_ABSENT,,False,,1753193700000,,,,,,,,,,UNSCORED_SIGNAL_BAR_ABSENT,,False,,1753366500000,,,,,,,,,,UNSCORED_SIGNAL_BAR_ABSENT,,False,,1753971300000,,,,,,,,,
AMC15X-042,O:AMC250822C00003000,CALL,3.0,2025-08-22,14,0.0,DISCOVERY,RISK_OR_EXHAUSTION,2025-08-08T14:15:00+00:00,2025-08-08T14:00:00+00:00,-4.499999999999993,14,SCORED_WINDOW,,True,3,1754665200000,5.263157894736836,0.0,5.263157894736836,2.0,1.0,0.0,1.0,5.263157894736836,0.0,SCORED_WINDOW,,True,25,1754920800000,94.73684210526316,-5.263157894736848,21.052631578947366,23.0,5.0,-37.83783783783784,0.22222222222222218,94.73684210526316,-5.263157894736848,SCORED_WINDOW,,True,77,1755093600000,94.73684210526316,-36.8421052631579,-15.789473684210531,23.0,50.0,-56.75675675675676,-0.1666666666666667,94.73684210526316,-36.8421052631579,SCORED_WINDOW,,True,129,1755266400000,94.73684210526316,-42.10526315789473,-31.57894736842105,23.0,113.0,-64.86486486486487,-0.3333333333333333,94.73684210526316,-42.10526315789473,SCORED_WINDOW,,True,259,1755871200000,94.73684210526316,-94.73684210526316,-94.73684210526316,23.0,205.0,-97.2972972972973,-1.0,94.73684210526316,-94.73684210526316
AMC15X-042,O:AMC250822P00003000,PUT,3.0,2025-08-22,14,0.0,DISCOVERY,RISK_OR_EXHAUSTION,2025-08-08T14:15:00+00:00,2025-08-08T14:00:00+00:00,4.499999999999993,14,SCORED_WINDOW,,True,1,1754665200000,0.0,0.0,0.0,1.0,1.0,0.0,,6.25,6.25,SCORED_WINDOW,,True,9,1754920800000,0.0,-76.47058823529412,-55.88235294117647,1.0,7.0,-55.88235294117647,,6.25,-75.0,SCORED_WINDOW,,True,54,1755093600000,0.0,-79.41176470588235,-73.52941176470588,1.0,53.0,-73.52941176470588,,6.25,-78.125,SCORED_WINDOW,,True,93,1755266400000,0.0,-79.41176470588235,-70.58823529411764,1.0,53.0,-70.58823529411764,,6.25,-78.125,SCORED_WINDOW,,True,212,1755871200000,0.0,-85.29411764705883,-70.58823529411764,1.0,123.0,-70.58823529411764,,6.25,-84.375
AMC15X-042,O:AMC250905C00003000,CALL,3.0,2025-09-05,30,0.0,DISCOVERY,RISK_OR_EXHAUSTION,2025-08-08T14:15:00+00:00,2025-08-08T14:00:00+00:00,-4.499999999999993,28,SCORED_WINDOW,,True,3,1754665200000,4.0000000000000036,-4.0000000000000036,-4.0000000000000036,2.0,3.0,-7.692307692307699,-1.0,8.333333333333348,0.0,SCORED_WINDOW,,True,20,1754920800000,63.99999999999999,-12.0,19.999999999999996,18.0,5.0,-26.82926829268293,0.3125,70.83333333333333,-8.333333333333325,SCORED_WINDOW,,True,58,1755093600000,63.99999999999999,-36.0,-4.0000000000000036,18.0,40.0,-41.463414634146346,-0.06250000000000007,70.83333333333333,-33.33333333333333,SCORED_WINDOW,,True,87,1755266400000,63.99999999999999,-36.0,-19.999999999999996,18.0,40.0,-51.21951219512195,-0.3125,70.83333333333333,-33.33333333333333,SCORED_WINDOW,,True,194,1755871200000,63.99999999999999,-88.0,-60.0,18.0,154.0,-75.60975609756098,-0.9375000000000001,70.83333333333333,-87.5
AMC15X-042,O:AMC250905P00003000,PUT,3.0,2025-09-05,30,0.0,DISCOVERY,RISK_OR_EXHAUSTION,2025-08-08T14:15:00+00:00,2025-08-08T14:00:00+00:00,4.499999999999993,28,UNSCORED_SIGNAL_BAR_ABSENT,,False,,1754665200000,,,,,,,,,,UNSCORED_SIGNAL_BAR_ABSENT,,False,,1754920800000,,,,,,,,,,UNSCORED_SIGNAL_BAR_ABSENT,,False,,1755093600000,,,,,,,,,,UNSCORED_SIGNAL_BAR_ABSENT,,False,,1755266400000,,,,,,,,,,UNSCORED_SIGNAL_BAR_ABSENT,,False,,1755871200000,,,,,,,,,
AMC15X-043,O:AMC250822C00003000,CALL,3.0,2025-08-22,14,0.0,DISCOVERY,RISK_OR_EXHAUSTION,2025-08-11T14:00:00+00:00,2025-08-11T13:45:00+00:00,4.170000000000007,11,SCORED_WINDOW,,True,4,1754923500000,8.000000000000007,-12.0,-7.9999999999999964,1.0,4.0,-14.814814814814813,-0.9999999999999987,8.000000000000007,-12.0,SCORED_WINDOW,,True,26,1755006300000,8.000000000000007,-52.0,-52.0,1.0,26.0,-55.55555555555556,-6.499999999999995,8.000000000000007,-52.0,SCORED_WINDOW,,True,78,1755179100000,12.00000000000001,-52.0,-43.99999999999999,29.0,26.0,-50.0,-3.666666666666663,12.00000000000001,-52.0,SCORED_WINDOW,,True,130,1755524700000,12.00000000000001,-80.0,-76.0,29.0,130.0,-78.57142857142858,-6.333333333333328,12.00000000000001,-80.0,SCORED_RIGHT_CENSORED,CONTRACT_EXPIRY,False,258,1756129500000,,,,,,,,,
AMC15X-043,O:AMC250822P00003000,PUT,3.0,2025-08-22,14,0.0,DISCOVERY,RISK_OR_EXHAUSTION,2025-08-11T14:00:00+00:00,2025-08-11T13:45:00+00:00,-4.170000000000007,11,SCORED_WINDOW,,True,4,1754923500000,15.384615384615374,-7.692307692307699,7.692307692307709,1.0,3.0,-6.666666666666654,0.5000000000000014,25.0,0.0,SCORED_WINDOW,,True,24,1755006300000,61.53846153846152,-15.384615384615385,30.76923076923077,23.0,23.0,-19.047619047619037,0.5000000000000002,75.0,-8.333333333333325,SCORED_WINDOW,,True,62,1755179100000,61.53846153846152,-46.153846153846146,-15.384615384615385,23.0,45.0,-47.61904761904761,-0.2500000000000001,75.0,-41.666666666666664,SCORED_WINDOW,,True,110,1755524700000,61.53846153846152,-46.153846153846146,-38.46153846153846,23.0,45.0,-61.904761904761905,-0.6250000000000002,75.0,-41.666666666666664,SCORED_RIGHT_CENSORED,CONTRACT_EXPIRY,False,224,1756129500000,,,,,,,,,
AMC15X-043,O:AMC250912C00003000,CALL,3.0,2025-09-12,30,0.0,DISCOVERY,RISK_OR_EXHAUSTION,2025-08-11T14:00:00+00:00,2025-08-11T13:45:00+00:00,4.170000000000007,32,SCORED_WINDOW,,True,3,1754923500000,8.823529411764696,0.0,0.0,2.0,1.0,-8.108108108108103,0.0,15.625,6.25,SCORED_WINDOW,,True,16,1755006300000,8.823529411764696,-29.41176470588236,-29.41176470588236,2.0,16.0,-35.13513513513513,-3.333333333333338,15.625,-25.0,SCORED_WINDOW,,True,46,1755179100000,8.823529411764696,-47.058823529411775,-26.470588235294123,2.0,36.0,-32.432432432432435,-3.000000000000004,15.625,-43.75,SCORED_WINDOW,,True,65,1755524700000,8.823529411764696,-47.058823529411775,-44.11764705882353,2.0,36.0,-48.64864864864865,-5.000000000000005,15.625,-43.75,SCORED_WINDOW,,True,152,1756129500000,8.823529411764696,-70.58823529411764,-61.76470588235294,2.0,142.0,-64.86486486486487,-7.000000000000008,15.625,-68.75
AMC15X-043,O:AMC250912P00003000,PUT,3.0,2025-09-12,30,0.0,DISCOVERY,RISK_OR_EXHAUSTION,2025-08-11T14:00:00+00:00,2025-08-11T13:45:00+00:00,-4.170000000000007,32,UNSCORED_SIGNAL_BAR_ABSENT,,False,,1754923500000,,,,,,,,,,UNSCORED_SIGNAL_BAR_ABSENT,,False,,1755006300000,,,,,,,,,,UNSCORED_SIGNAL_BAR_ABSENT,,False,,1755179100000,,,,,,,,,,UNSCORED_SIGNAL_BAR_ABSENT,,False,,1755524700000,,,,,,,,,,UNSCORED_SIGNAL_BAR_ABSENT,,False,,1756129500000,,,,,,,,,
AMC15X-044,O:AMC250829C00003000,CALL,3.0,2025-08-29,14,0.0,DISCOVERY,ENTRY_FORMING,2025-08-12T16:15:00+00:00,2025-08-12T16:00:00+00:00,1.1666666666666714,17,SCORED_WINDOW,,True,4,1755018000000,35.00000000000001,0.0,25.0,3.0,1.0,-7.407407407407418,0.7142857142857142,35.00000000000001,0.0,SCORED_WINDOW,,True,23,1755100800000,35.00000000000001,-5.000000000000004,9.999999999999986,3.0,18.0,-18.518518518518523,0.28571428571428525,35.00000000000001,-5.000000000000004,SCORED_WINDOW,,True,62,1755273600000,35.00000000000001,-29.999999999999993,-25.00000000000001,3.0,62.0,-44.44444444444445,-0.7142857142857144,35.00000000000001,-29.999999999999993,SCORED_WINDOW,,True,112,1755619200000,35.00000000000001,-70.0,-64.99999999999999,3.0,106.0,-74.07407407407408,-1.8571428571428563,35.00000000000001,-70.0,SCORED_WINDOW,,True,239,1756224000000,35.00000000000001,-90.0,-85.0,3.0,227.0,-88.88888888888889,-2.428571428571428,35.00000000000001,-90.0
AMC15X-044,O:AMC250829P00003000,PUT,3.0,2025-08-29,14,0.0,DISCOVERY,ENTRY_FORMING,2025-08-12T16:15:00+00:00,2025-08-12T16:00:00+00:00,-1.1666666666666714,17,SCORED_WINDOW,,True,4,1755018000000,0.0,-12.49999999999999,-12.49999999999999,1.0,3.0,-12.49999999999999,,0.0,-12.49999999999999,SCORED_WINDOW,,True,16,1755100800000,0.0,-18.75,-18.75,1.0,6.0,-18.75,,0.0,-18.75,SCORED_WINDOW,,True,41,1755273600000,12.5,-25.0,-25.0,21.0,18.0,-33.333333333333336,-2.0,12.5,-25.0,SCORED_WINDOW,,True,81,1755619200000,12.5,-43.75,0.0,21.0,60.0,-11.111111111111105,0.0,12.5,-43.75,SCORED_WINDOW,,True,182,1756224000000,56.25,-43.75,0.0,98.0,60.0,-36.0,0.0,56.25,-43.75
AMC15X-044,O:AMC250912C00003000,CALL,3.0,2025-09-12,30,0.0,DISCOVERY,ENTRY_FORMING,2025-08-12T16:15:00+00:00,2025-08-12T16:00:00+00:00,1.1666666666666714,31,SCORED_WINDOW,,True,4,1755018000000,32.00000000000001,0.0,32.00000000000001,3.0,1.0,0.0,1.0,32.00000000000001,0.0,SCORED_WINDOW,,True,14,1755100800000,32.00000000000001,-28.000000000000004,12.00000000000001,3.0,12.0,-15.151515151515149,0.3750000000000002,32.00000000000001,-28.000000000000004,SCORED_WINDOW,,True,35,1755273600000,32.00000000000001,-28.000000000000004,-7.9999999999999964,3.0,12.0,-30.303030303030297,-0.24999999999999983,32.00000000000001,-28.000000000000004,SCORED_WINDOW,,True,64,1755619200000,32.00000000000001,-48.0,-48.0,3.0,56.0,-60.60606060606061,-1.4999999999999998,32.00000000000001,-48.0,SCORED_WINDOW,,True,158,1756224000000,32.00000000000001,-64.0,-60.0,3.0,150.0,-69.6969696969697,-1.8749999999999996,32.00000000000001,-64.0
AMC15X-044,O:AMC250912P00003000,PUT,3.0,2025-09-12,30,0.0,DISCOVERY,ENTRY_FORMING,2025-08-12T16:15:00+00:00,2025-08-12T16:00:00+00:00,-1.1666666666666714,31,UNSCORED_SIGNAL_BAR_ABSENT,,False,,1755018000000,,,,,,,,,,UNSCORED_SIGNAL_BAR_ABSENT,,False,,1755100800000,,,,,,,,,,UNSCORED_SIGNAL_BAR_ABSENT,,False,,1755273600000,,,,,,,,,,UNSCORED_SIGNAL_BAR_ABSENT,,False,,1755619200000,,,,,,,,,,UNSCORED_SIGNAL_BAR_ABSENT,,False,,1756224000000,,,,,,,,,
AMC15X-045,O:AMC250829C00003000,CALL,3.0,2025-08-29,14,0.0,DISCOVERY,CONTINUATION,2025-08-13T16:45:00+00:00,2025-08-13T16:30:00+00:00,2.9299999999999953,16,UNSCORED_SIGNAL_BAR_ABSENT,,False,,1755106200000,,,,,,,,,,UNSCORED_SIGNAL_BAR_ABSENT,,False,,1755189000000,,,,,,,,,,UNSCORED_SIGNAL_BAR_ABSENT,,False,,1755534600000,,,,,,,,,,UNSCORED_SIGNAL_BAR_ABSENT,,False,,1755707400000,,,,,,,,,,UNSCORED_SIGNAL_BAR_ABSENT,,False,,1756312200000,,,,,,,,,
AMC15X-045,O:AMC250829P00003000,PUT,3.0,2025-08-29,14,0.0,DISCOVERY,CONTINUATION,2025-08-13T16:45:00+00:00,2025-08-13T16:30:00+00:00,-2.9299999999999953,16,UNSCORED_SIGNAL_BAR_ABSENT,,False,,1755106200000,,,,,,,,,,UNSCORED_SIGNAL_BAR_ABSENT,,False,,1755189000000,,,,,,,,,,UNSCORED_SIGNAL_BAR_ABSENT,,False,,1755534600000,,,,,,,,,,UNSCORED_SIGNAL_BAR_ABSENT,,False,,1755707400000,,,,,,,,,,UNSCORED_SIGNAL_BAR_ABSENT,,False,,1756312200000,,,,,,,,,
AMC15X-045,O:AMC250912C00003000,CALL,3.0,2025-09-12,30,0.0,DISCOVERY,CONTINUATION,2025-08-13T16:45:00+00:00,2025-08-13T16:30:00+00:00,2.9299999999999953,30,UNSCORED_SIGNAL_BAR_ABSENT,,False,,1755106200000,,,,,,,,,,UNSCORED_SIGNAL_BAR_ABSENT,,False,,1755189000000,,,,,,,,,,UNSCORED_SIGNAL_BAR_ABSENT,,False,,1755534600000,,,,,,,,,,UNSCORED_SIGNAL_BAR_ABSENT,,False,,1755707400000,,,,,,,,,,UNSCORED_SIGNAL_BAR_ABSENT,,False,,1756312200000,,,,,,,,,
AMC15X-045,O:AMC250912P00003000,PUT,3.0,2025-09-12,30,0.0,DISCOVERY,CONTINUATION,2025-08-13T16:45:00+00:00,2025-08-13T16:30:00+00:00,-2.9299999999999953,30,UNSCORED_SIGNAL_BAR_ABSENT,,False,,1755106200000,,,,,,,,,,UNSCORED_SIGNAL_BAR_ABSENT,,False,,1755189000000,,,,,,,,,,UNSCORED_SIGNAL_BAR_ABSENT,,False,,1755534600000,,,,,,,,,,UNSCORED_SIGNAL_BAR_ABSENT,,False,,1755707400000,,,,,,,,,,UNSCORED_SIGNAL_BAR_ABSENT,,False,,1756312200000,,,,,,,,,
AMC15X-046,O:AMC250829C00003000,CALL,3.0,2025-08-29,14,0.0,DISCOVERY,THESIS_PRESSURE,2025-08-15T19:00:00+00:00,2025-08-15T18:45:00+00:00,0.5233333333333274,14,SCORED_WINDOW,,True,4,1755287100000,0.0,-25.0,-18.75,1.0,4.0,-18.75,,14.28571428571428,-14.285714285714302,SCORED_WINDOW,,True,25,1755542700000,0.0,-50.0,-37.5,1.0,24.0,-37.5,,14.28571428571428,-42.85714285714286,SCORED_WINDOW,,True,76,1755715500000,0.0,-68.75,-68.75,1.0,54.0,-68.75,,14.28571428571428,-64.28571428571428,SCORED_WINDOW,,True,126,1755888300000,0.0,-75.0,-68.75,1.0,83.0,-68.75,,14.28571428571428,-71.42857142857143,SCORED_WINDOW,,True,251,1756493100000,0.0,-93.75,-93.75,1.0,168.0,-93.75,,14.28571428571428,-92.85714285714286
AMC15X-046,O:AMC250829P00003000,PUT,3.0,2025-08-29,14,0.0,DISCOVERY,THESIS_PRESSURE,2025-08-15T19:00:00+00:00,2025-08-15T18:45:00+00:00,-0.5233333333333274,14,SCORED_WINDOW,,True,4,1755287100000,8.333333333333348,-16.666666666666664,8.333333333333348,4.0,1.0,0.0,1.0,8.333333333333348,-16.666666666666664,SCORED_WINDOW,,True,21,1755542700000,8.333333333333348,-25.0,-16.666666666666664,4.0,11.0,-23.076923076923073,-1.9999999999999962,8.333333333333348,-25.0,SCORED_WINDOW,,True,58,1755715500000,108.33333333333334,-25.0,66.66666666666667,49.0,11.0,-19.999999999999996,0.6153846153846154,108.33333333333334,-25.0,SCORED_WINDOW,,True,95,1755888300000,108.33333333333334,-25.0,8.333333333333348,49.0,11.0,-48.0,0.07692307692307705,108.33333333333334,-25.0,SCORED_WINDOW,,True,206,1756493100000,141.66666666666666,-25.0,41.66666666666667,190.0,11.0,-41.37931034482758,0.2941176470588236,141.66666666666666,-25.0
AMC15X-046,O:AMC250912C00003000,CALL,3.0,2025-09-12,30,0.0,DISCOVERY,THESIS_PRESSURE,2025-08-15T19:00:00+00:00,2025-08-15T18:45:00+00:00,0.5233333333333274,28,UNSCORED_SIGNAL_BAR_ABSENT,,False,,1755287100000,,,,,,,,,,UNSCORED_SIGNAL_BAR_ABSENT,,False,,1755542700000,,,,,,,,,,UNSCORED_SIGNAL_BAR_ABSENT,,False,,1755715500000,,,,,,,,,,UNSCORED_SIGNAL_BAR_ABSENT,,False,,1755888300000,,,,,,,,,,UNSCORED_SIGNAL_BAR_ABSENT,,False,,1756493100000,,,,,,,,,
AMC15X-046,O:AMC250912P00003000,PUT,3.0,2025-09-12,30,0.0,DISCOVERY,THESIS_PRESSURE,2025-08-15T19:00:00+00:00,2025-08-15T18:45:00+00:00,-0.5233333333333274,28,UNSCORED_SIGNAL_BAR_ABSENT,,False,,1755287100000,,,,,,,,,,UNSCORED_SIGNAL_BAR_ABSENT,,False,,1755542700000,,,,,,,,,,UNSCORED_SIGNAL_BAR_ABSENT,,False,,1755715500000,,,,,,,,,,UNSCORED_SIGNAL_BAR_ABSENT,,False,,1755888300000,,,,,,,,,,UNSCORED_SIGNAL_BAR_ABSENT,,False,,1756493100000,,,,,,,,,
AMC15X-047,O:AMC250926C00003000,CALL,3.0,2025-09-26,14,0.0,DISCOVERY,CONTINUATION,2025-09-11T19:00:00+00:00,2025-09-11T18:45:00+00:00,-5.546666666666663,15,SCORED_WINDOW,,True,4,1757619900000,14.28571428571428,0.0,0.0,2.0,1.0,-12.49999999999999,0.0,14.28571428571428,0.0,SCORED_WINDOW,,True,22,1757702700000,28.57142857142856,-14.285714285714302,0.0,5.0,11.0,-22.22222222222221,0.0,28.57142857142856,-14.285714285714302,SCORED_WINDOW,,True,74,1758048300000,42.85714285714286,-28.57142857142857,0.0,44.0,28.0,-29.999999999999993,0.0,42.85714285714286,-28.57142857142857,SCORED_WINDOW,,True,125,1758221100000,42.85714285714286,-57.14285714285715,-42.85714285714286,44.0,104.0,-60.00000000000001,-1.0,42.85714285714286,-57.14285714285715,SCORED_WINDOW,,True,255,1758825900000,242.8571428571428,-85.71428571428572,-71.42857142857143,131.0,234.0,-91.66666666666666,-0.2941176470588236,242.8571428571428,-85.71428571428572
AMC15X-047,O:AMC250926P00003000,PUT,3.0,2025-09-26,14,0.0,DISCOVERY,CONTINUATION,2025-09-11T19:00:00+00:00,2025-09-11T18:45:00+00:00,5.546666666666663,15,UNSCORED_SIGNAL_BAR_ABSENT,,False,,1757619900000,,,,,,,,,,UNSCORED_SIGNAL_BAR_ABSENT,,False,,1757702700000,,,,,,,,,,UNSCORED_SIGNAL_BAR_ABSENT,,False,,1758048300000,,,,,,,,,,UNSCORED_SIGNAL_BAR_ABSENT,,False,,1758221100000,,,,,,,,,,UNSCORED_SIGNAL_BAR_ABSENT,,False,,1758825900000,,,,,,,,,
AMC15X-047,O:AMC251010C00003000,CALL,3.0,2025-10-10,30,0.0,DISCOVERY,CONTINUATION,2025-09-11T19:00:00+00:00,2025-09-11T18:45:00+00:00,-5.546666666666663,29,SCORED_WINDOW,,True,1,1757619900000,7.692307692307709,-7.692307692307699,0.0,1.0,1.0,-7.142857142857151,0.0,7.692307692307709,-7.692307692307699,SCORED_WINDOW,,True,17,1757702700000,7.692307692307709,-15.384615384615385,0.0,1.0,4.0,-7.142857142857151,0.0,7.692307692307709,-15.384615384615385,SCORED_WINDOW,,True,57,1758048300000,30.76923076923077,-15.384615384615385,15.384615384615374,33.0,4.0,-11.764705882352954,0.49999999999999967,30.76923076923077,-15.384615384615385,SCORED_WINDOW,,True,100,1758221100000,30.76923076923077,-23.076923076923073,-7.692307692307699,33.0,82.0,-29.41176470588236,-0.2500000000000002,30.76923076923077,-23.076923076923073,SCORED_WINDOW,,True,226,1758825900000,161.53846153846155,-23.076923076923073,-15.384615384615385,106.0,82.0,-67.64705882352942,-0.09523809523809523,161.53846153846155,-23.076923076923073
AMC15X-047,O:AMC251010P00003000,PUT,3.0,2025-10-10,30,0.0,DISCOVERY,CONTINUATION,2025-09-11T19:00:00+00:00,2025-09-11T18:45:00+00:00,5.546666666666663,29,UNSCORED_SIGNAL_BAR_ABSENT,,False,,1757619900000,,,,,,,,,,UNSCORED_SIGNAL_BAR_ABSENT,,False,,1757702700000,,,,,,,,,,UNSCORED_SIGNAL_BAR_ABSENT,,False,,1758048300000,,,,,,,,,,UNSCORED_SIGNAL_BAR_ABSENT,,False,,1758221100000,,,,,,,,,,UNSCORED_SIGNAL_BAR_ABSENT,,False,,1758825900000,,,,,,,,,
AMC15X-048,O:AMC251010C00003000,CALL,3.0,2025-10-10,14,0.0,DISCOVERY,THESIS_PRESSURE,2025-09-23T18:45:00+00:00,2025-09-23T18:30:00+00:00,-1.6666666666666607,17,SCORED_WINDOW,,True,4,1758655800000,0.0,-11.764705882352954,-11.764705882352954,1.0,4.0,-11.764705882352954,,-5.5555555555555465,-16.666666666666664,SCORED_WINDOW,,True,25,1758738600000,0.0,-29.41176470588236,-11.764705882352954,1.0,17.0,-11.764705882352954,,-5.5555555555555465,-33.333333333333336,SCORED_WINDOW,,True,75,1758911400000,0.0,-52.94117647058824,-41.17647058823529,1.0,55.0,-41.17647058823529,,-5.5555555555555465,-55.55555555555556,SCORED_WINDOW,,True,127,1759257000000,17.647058823529417,-52.94117647058824,-35.29411764705883,83.0,55.0,-45.00000000000001,-2.0,11.111111111111116,-55.55555555555556,SCORED_WINDOW,,True,257,1759861800000,70.58823529411762,-82.35294117647058,-76.47058823529412,188.0,252.0,-86.20689655172413,-1.0833333333333337,61.111111111111114,-83.33333333333334
AMC15X-048,O:AMC251010P00003000,PUT,3.0,2025-10-10,14,0.0,DISCOVERY,THESIS_PRESSURE,2025-09-23T18:45:00+00:00,2025-09-23T18:30:00+00:00,1.6666666666666607,17,UNSCORED_SIGNAL_BAR_ABSENT,,False,,1758655800000,,,,,,,,,,UNSCORED_SIGNAL_BAR_ABSENT,,False,,1758738600000,,,,,,,,,,UNSCORED_SIGNAL_BAR_ABSENT,,False,,1758911400000,,,,,,,,,,UNSCORED_SIGNAL_BAR_ABSENT,,False,,1759257000000,,,,,,,,,,UNSCORED_SIGNAL_BAR_ABSENT,,False,,1759861800000,,,,,,,,,
AMC15X-048,O:AMC251024C00003000,CALL,3.0,2025-10-24,30,0.0,DISCOVERY,THESIS_PRESSURE,2025-09-23T18:45:00+00:00,2025-09-23T18:30:00+00:00,-1.6666666666666607,31,SCORED_WINDOW,,True,1,1758655800000,0.0,0.0,0.0,1.0,1.0,0.0,,0.0,0.0,SCORED_WINDOW,,True,9,1758738600000,9.523809523809534,-9.523809523809524,0.0,2.0,6.0,-8.695652173913048,0.0,9.523809523809534,-9.523809523809524,SCORED_WINDOW,,True,36,1758911400000,9.523809523809534,-33.33333333333333,-14.28571428571429,2.0,31.0,-21.739130434782616,-1.499999999999999,9.523809523809534,-33.33333333333333,SCORED_WINDOW,,True,72,1759257000000,28.57142857142858,-33.33333333333333,-14.28571428571429,44.0,31.0,-33.333333333333336,-0.5,28.57142857142858,-33.33333333333333,SCORED_WINDOW,,True,174,1759861800000,52.380952380952394,-47.61904761904761,-42.85714285714286,109.0,161.0,-62.5,-0.818181818181818,52.380952380952394,-47.61904761904761
AMC15X-048,O:AMC251024P00003000,PUT,3.0,2025-10-24,30,0.0,DISCOVERY,THESIS_PRESSURE,2025-09-23T18:45:00+00:00,2025-09-23T18:30:00+00:00,1.6666666666666607,31,UNSCORED_SIGNAL_BAR_ABSENT,,False,,1758655800000,,,,,,,,,,UNSCORED_SIGNAL_BAR_ABSENT,,False,,1758738600000,,,,,,,,,,UNSCORED_SIGNAL_BAR_ABSENT,,False,,1758911400000,,,,,,,,,,UNSCORED_SIGNAL_BAR_ABSENT,,False,,1759257000000,,,,,,,,,,UNSCORED_SIGNAL_BAR_ABSENT,,False,,1759861800000,,,,,,,,,
AMC15X-049,O:AMC251010C00003000,CALL,3.0,2025-10-10,14,0.0,DISCOVERY,RISK_OR_EXHAUSTION,2025-09-29T14:30:00+00:00,2025-09-29T14:15:00+00:00,1.1666666666666714,11,SCORED_WINDOW,,True,4,1759158900000,11.764705882352944,-35.29411764705883,-23.529411764705888,1.0,2.0,-31.57894736842105,-2.0,5.555555555555558,-38.888888888888886,SCORED_WINDOW,,True,26,1759241700000,11.764705882352944,-41.17647058823529,-35.29411764705883,1.0,25.0,-42.10526315789473,-3.0,5.555555555555558,-44.44444444444444,SCORED_WINDOW,,True,78,1759414500000,11.764705882352944,-47.058823529411775,-35.29411764705883,1.0,31.0,-42.10526315789473,-3.0,5.555555555555558,-50.0,SCORED_WINDOW,,True,130,1759760100000,70.58823529411762,-64.70588235294117,-58.823529411764696,104.0,127.0,-75.86206896551724,-0.8333333333333335,61.111111111111114,-66.66666666666667,SCORED_RIGHT_CENSORED,CONTRACT_EXPIRY,False,256,1760364900000,,,,,,,,,
AMC15X-049,O:AMC251010P00003000,PUT,3.0,2025-10-10,14,0.0,DISCOVERY,RISK_OR_EXHAUSTION,2025-09-29T14:30:00+00:00,2025-09-29T14:15:00+00:00,-1.1666666666666714,11,SCORED_WINDOW,,True,4,1759158900000,23.076923076923084,0.0,15.384615384615374,4.0,1.0,-6.25,0.6666666666666661,14.28571428571428,-7.142857142857151,SCORED_WINDOW,,True,17,1759241700000,30.76923076923077,-7.692307692307699,23.076923076923084,16.0,12.0,-5.882352941176472,0.7500000000000002,21.42857142857142,-14.285714285714302,SCORED_WINDOW,,True,49,1759414500000,46.153846153846146,-23.076923076923073,7.692307692307709,21.0,46.0,-26.315789473684205,0.16666666666666707,35.7142857142857,-28.57142857142857,SCORED_WINDOW,,True,94,1759760100000,46.153846153846146,-61.53846153846154,-15.384615384615385,21.0,91.0,-42.10526315789473,-0.33333333333333337,35.7142857142857,-64.28571428571428,SCORED_RIGHT_CENSORED,CONTRACT_EXPIRY,False,211,1760364900000,,,,,,,,,
AMC15X-049,O:AMC251031C00003000,CALL,3.0,2025-10-31,30,0.0,DISCOVERY,RISK_OR_EXHAUSTION,2025-09-29T14:30:00+00:00,2025-09-29T14:15:00+00:00,1.1666666666666714,32,SCORED_WINDOW,,True,4,1759158900000,11.111111111111093,-14.814814814814813,-14.814814814814813,1.0,4.0,-23.33333333333333,-1.3333333333333353,11.111111111111093,-14.814814814814813,SCORED_WINDOW,,True,22,1759241700000,11.111111111111093,-25.92592592592593,-18.518518518518523,1.0,21.0,-26.66666666666666,-1.6666666666666698,11.111111111111093,-25.92592592592593,SCORED_WINDOW,,True,57,1759414500000,11.111111111111093,-25.92592592592593,-25.92592592592593,1.0,21.0,-33.33333333333333,-2.3333333333333375,11.111111111111093,-25.92592592592593,SCORED_WINDOW,,True,103,1759760100000,29.629629629629605,-33.333333333333336,-25.92592592592593,77.0,101.0,-42.85714285714285,-0.8750000000000009,29.629629629629605,-33.333333333333336,SCORED_WINDOW,,True,218,1760364900000,29.629629629629605,-70.37037037037037,-51.85185185185186,77.0,133.0,-62.857142857142854,-1.7500000000000018,29.629629629629605,-70.37037037037037
AMC15X-049,O:AMC251031P00003000,PUT,3.0,2025-10-31,30,0.0,DISCOVERY,RISK_OR_EXHAUSTION,2025-09-29T14:30:00+00:00,2025-09-29T14:15:00+00:00,-1.1666666666666714,32,UNSCORED_SIGNAL_BAR_ABSENT,,False,,1759158900000,,,,,,,,,,UNSCORED_SIGNAL_BAR_ABSENT,,False,,1759241700000,,,,,,,,,,UNSCORED_SIGNAL_BAR_ABSENT,,False,,1759414500000,,,,,,,,,,UNSCORED_SIGNAL_BAR_ABSENT,,False,,1759760100000,,,,,,,,,,UNSCORED_SIGNAL_BAR_ABSENT,,False,,1760364900000,,,,,,,,,
AMC15X-050,O:AMC251010C00003000,CALL,3.0,2025-10-10,14,0.0,DISCOVERY,ENTRY_FORMING,2025-09-29T19:45:00+00:00,2025-09-29T19:30:00+00:00,-0.15000000000000568,11,SCORED_WINDOW,,True,4,1759240800000,0.0,-33.33333333333333,-19.999999999999996,1.0,4.0,-19.999999999999996,,7.14285714285714,-28.57142857142857,SCORED_WINDOW,,True,26,1759260600000,0.0,-40.0,-33.33333333333333,1.0,10.0,-33.33333333333333,,7.14285714285714,-35.71428571428572,SCORED_WINDOW,,True,78,1759433400000,73.33333333333334,-40.0,26.666666666666682,78.0,10.0,-26.923076923076927,0.3636363636363638,85.7142857142857,-35.71428571428572,SCORED_WINDOW,,True,130,1759779000000,93.33333333333333,-66.66666666666666,-60.0,83.0,129.0,-79.3103448275862,-0.6428571428571429,107.14285714285711,-64.28571428571428,SCORED_RIGHT_CENSORED,CONTRACT_EXPIRY,False,235,1760383800000,,,,,,,,,
AMC15X-050,O:AMC251010P00003000,PUT,3.0,2025-10-10,14,0.0,DISCOVERY,ENTRY_FORMING,2025-09-29T19:45:00+00:00,2025-09-29T19:30:00+00:00,0.15000000000000568,11,UNSCORED_SIGNAL_BAR_ABSENT,,False,,1759240800000,,,,,,,,,,UNSCORED_SIGNAL_BAR_ABSENT,,False,,1759260600000,,,,,,,,,,UNSCORED_SIGNAL_BAR_ABSENT,,False,,1759433400000,,,,,,,,,,UNSCORED_SIGNAL_BAR_ABSENT,,False,,1759779000000,,,,,,,,,,UNSCORED_SIGNAL_BAR_ABSENT,CONTRACT_EXPIRY,False,,1760383800000,,,,,,,,,
AMC15X-050,O:AMC251031C00003000,CALL,3.0,2025-10-31,30,0.0,DISCOVERY,ENTRY_FORMING,2025-09-29T19:45:00+00:00,2025-09-29T19:30:00+00:00,-0.15000000000000568,32,SCORED_WINDOW,,True,4,1759240800000,4.0000000000000036,-19.999999999999996,-19.999999999999996,1.0,4.0,-23.076923076923073,-4.999999999999995,4.0000000000000036,-19.999999999999996,SCORED_WINDOW,,True,14,1759260600000,4.0000000000000036,-19.999999999999996,-16.000000000000004,1.0,4.0,-19.23076923076924,-3.9999999999999973,4.0000000000000036,-19.999999999999996,SCORED_WINDOW,,True,59,1759433400000,19.999999999999996,-24.0,19.999999999999996,59.0,42.0,0.0,1.0,19.999999999999996,-24.0,SCORED_WINDOW,,True,102,1759779000000,39.99999999999999,-28.000000000000004,-24.0,60.0,84.0,-45.71428571428571,-0.6000000000000001,39.99999999999999,-28.000000000000004,SCORED_WINDOW,,True,220,1760383800000,39.99999999999999,-68.0,-48.0,60.0,116.0,-62.857142857142854,-1.2000000000000002,39.99999999999999,-68.0
AMC15X-050,O:AMC251031P00003000,PUT,3.0,2025-10-31,30,0.0,DISCOVERY,ENTRY_FORMING,2025-09-29T19:45:00+00:00,2025-09-29T19:30:00+00:00,0.15000000000000568,32,SCORED_WINDOW,,True,1,1759240800000,0.0,0.0,0.0,1.0,1.0,0.0,,-4.0000000000000036,-4.0000000000000036,SCORED_WINDOW,,True,11,1759260600000,20.833333333333325,0.0,16.666666666666675,8.0,1.0,-3.44827586206895,0.8000000000000007,15.999999999999993,-4.0000000000000036,SCORED_WINDOW,,True,31,1759433400000,29.166666666666675,-20.833333333333325,-16.666666666666664,13.0,31.0,-35.48387096774193,-0.5714285714285712,24.0,-24.0,SCORED_WINDOW,,True,64,1759779000000,29.166666666666675,-29.166666666666664,0.0,13.0,36.0,-22.580645161290324,0.0,24.0,-31.999999999999996,SCORED_WINDOW,,True,110,1760383800000,33.33333333333335,-29.166666666666664,-4.1666666666666625,76.0,36.0,-28.125,-0.12499999999999982,28.000000000000004,-31.999999999999996
AMC15X-051,O:AMC251017C00003000,CALL,3.0,2025-10-17,14,0.0,DISCOVERY,CONTINUATION,2025-10-02T17:30:00+00:00,2025-10-02T17:15:00+00:00,-1.1166666666666694,15,SCORED_WINDOW,,True,4,1759428900000,14.28571428571428,0.0,14.28571428571428,3.0,1.0,0.0,1.0,14.28571428571428,0.0,SCORED_WINDOW,,True,26,1759511700000,114.28571428571428,0.0,49.99999999999998,10.0,1.0,-30.000000000000004,0.43749999999999983,114.28571428571428,0.0,SCORED_WINDOW,,True,78,1759857300000,114.28571428571428,-42.85714285714286,-42.85714285714286,10.0,67.0,-73.33333333333334,-0.37500000000000006,114.28571428571428,-42.85714285714286,SCORED_WINDOW,,True,130,1760030100000,114.28571428571428,-57.14285714285715,-50.0,10.0,91.0,-76.66666666666666,-0.43750000000000006,114.28571428571428,-57.14285714285715,SCORED_WINDOW,,True,260,1760634900000,114.28571428571428,-92.85714285714286,-78.57142857142858,10.0,245.0,-90.0,-0.6875000000000001,114.28571428571428,-92.85714285714286
AMC15X-051,O:AMC251017P00003000,PUT,3.0,2025-10-17,14,0.0,DISCOVERY,CONTINUATION,2025-10-02T17:30:00+00:00,2025-10-02T17:15:00+00:00,1.1166666666666694,15,UNSCORED_SIGNAL_BAR_ABSENT,,False,,1759428900000,,,,,,,,,,UNSCORED_SIGNAL_BAR_ABSENT,,False,,1759511700000,,,,,,,,,,UNSCORED_SIGNAL_BAR_ABSENT,,False,,1759857300000,,,,,,,,,,UNSCORED_SIGNAL_BAR_ABSENT,,False,,1760030100000,,,,,,,,,,UNSCORED_SIGNAL_BAR_ABSENT,,False,,1760634900000,,,,,,,,,
AMC15X-051,O:AMC251031C00003000,CALL,3.0,2025-10-31,30,0.0,DISCOVERY,CONTINUATION,2025-10-02T17:30:00+00:00,2025-10-02T17:15:00+00:00,-1.1166666666666694,29,SCORED_WINDOW,,True,3,1759428900000,4.545454545454541,0.0,0.0,2.0,1.0,-4.34782608695653,0.0,14.999999999999991,9.999999999999986,SCORED_WINDOW,,True,23,1759511700000,59.09090909090908,0.0,27.272727272727295,9.0,1.0,-19.999999999999986,0.461538461538462,74.99999999999997,9.999999999999986,SCORED_WINDOW,,True,65,1759857300000,59.09090909090908,-63.63636363636363,-63.63636363636363,9.0,65.0,-77.14285714285714,-1.076923076923077,74.99999999999997,-60.00000000000001,SCORED_WINDOW,,True,113,1760030100000,59.09090909090908,-63.63636363636363,-36.36363636363635,9.0,65.0,-59.999999999999986,-0.6153846153846153,74.99999999999997,-60.00000000000001,SCORED_WINDOW,,True,233,1760634900000,59.09090909090908,-63.63636363636363,-31.818181818181824,9.0,65.0,-57.14285714285714,-0.5384615384615387,74.99999999999997,-60.00000000000001
AMC15X-051,O:AMC251031P00003000,PUT,3.0,2025-10-31,30,0.0,DISCOVERY,CONTINUATION,2025-10-02T17:30:00+00:00,2025-10-02T17:15:00+00:00,1.1166666666666694,29,UNSCORED_SIGNAL_BAR_ABSENT,,False,,1759428900000,,,,,,,,,,UNSCORED_SIGNAL_BAR_ABSENT,,False,,1759511700000,,,,,,,,,,UNSCORED_SIGNAL_BAR_ABSENT,,False,,1759857300000,,,,,,,,,,UNSCORED_SIGNAL_BAR_ABSENT,,False,,1760030100000,,,,,,,,,,UNSCORED_SIGNAL_BAR_ABSENT,,False,,1760634900000,,,,,,,,,
AMC15X-052,O:AMC251114C00002500,CALL,2.5,2025-11-14,14,0.0,DISCOVERY,THESIS_PRESSURE,2025-10-28T14:30:00+00:00,2025-10-28T14:15:00+00:00,7.992000000000007,17,UNSCORED_SIGNAL_BAR_ABSENT,,False,,1761664500000,,,,,,,,,,UNSCORED_SIGNAL_BAR_ABSENT,,False,,1761747300000,,,,,,,,,,UNSCORED_SIGNAL_BAR_ABSENT,,False,,1761920100000,,,,,,,,,,UNSCORED_SIGNAL_BAR_ABSENT,,False,,1762269300000,,,,,,,,,,UNSCORED_SIGNAL_BAR_ABSENT,,False,,1762874100000,,,,,,,,,
AMC15X-052,O:AMC251114P00002500,PUT,2.5,2025-11-14,14,0.0,DISCOVERY,THESIS_PRESSURE,2025-10-28T14:30:00+00:00,2025-10-28T14:15:00+00:00,-7.992000000000007,17,UNSCORED_SIGNAL_BAR_ABSENT,,False,,1761664500000,,,,,,,,,,UNSCORED_SIGNAL_BAR_ABSENT,,False,,1761747300000,,,,,,,,,,UNSCORED_SIGNAL_BAR_ABSENT,,False,,1761920100000,,,,,,,,,,UNSCORED_SIGNAL_BAR_ABSENT,,False,,1762269300000,,,,,,,,,,UNSCORED_SIGNAL_BAR_ABSENT,,False,,1762874100000,,,,,,,,,
AMC15X-052,O:AMC251128C00002500,CALL,2.5,2025-11-28,30,0.0,DISCOVERY,THESIS_PRESSURE,2025-10-28T14:30:00+00:00,2025-10-28T14:15:00+00:00,7.992000000000007,31,UNSCORED_SIGNAL_BAR_ABSENT,,False,,1761664500000,,,,,,,,,,UNSCORED_SIGNAL_BAR_ABSENT,,False,,1761747300000,,,,,,,,,,UNSCORED_SIGNAL_BAR_ABSENT,,False,,1761920100000,,,,,,,,,,UNSCORED_SIGNAL_BAR_ABSENT,,False,,1762269300000,,,,,,,,,,UNSCORED_SIGNAL_BAR_ABSENT,,False,,1762874100000,,,,,,,,,
AMC15X-052,O:AMC251128P00002500,PUT,2.5,2025-11-28,30,0.0,DISCOVERY,THESIS_PRESSURE,2025-10-28T14:30:00+00:00,2025-10-28T14:15:00+00:00,-7.992000000000007,31,UNSCORED_SIGNAL_BAR_ABSENT,,False,,1761664500000,,,,,,,,,,UNSCORED_SIGNAL_BAR_ABSENT,,False,,1761747300000,,,,,,,,,,UNSCORED_SIGNAL_BAR_ABSENT,,False,,1761920100000,,,,,,,,,,UNSCORED_SIGNAL_BAR_ABSENT,,False,,1762269300000,,,,,,,,,,UNSCORED_SIGNAL_BAR_ABSENT,,False,,1762874100000,,,,,,,,,
AMC15X-053,O:AMC251114C00002500,CALL,2.5,2025-11-14,14,0.0,DISCOVERY,ENTRY_FORMING,2025-10-31T19:30:00+00:00,2025-10-31T19:15:00+00:00,3.399999999999999,14,SCORED_WINDOW,,True,4,1762181100000,26.08695652173911,-65.21739130434783,-13.043478260869568,3.0,3.0,-31.034482758620683,-0.5000000000000004,31.818181818181813,-63.63636363636363,SCORED_WINDOW,,True,20,1762200900000,26.08695652173911,-65.21739130434783,-17.391304347826086,3.0,3.0,-34.482758620689644,-0.6666666666666671,31.818181818181813,-63.63636363636363,SCORED_WINDOW,,True,63,1762373700000,26.08695652173911,-65.21739130434783,-8.695652173913048,3.0,3.0,-27.586206896551722,-0.33333333333333376,31.818181818181813,-63.63636363636363,SCORED_WINDOW,,True,113,1762546500000,26.08695652173911,-69.56521739130434,-65.21739130434783,3.0,94.0,-72.41379310344827,-2.5000000000000018,31.818181818181813,-68.18181818181817,SCORED_WINDOW,,True,239,1763151300000,26.08695652173911,-95.65217391304348,-95.65217391304348,3.0,194.0,-96.55172413793103,-3.6666666666666696,31.818181818181813,-95.45454545454545
AMC15X-053,O:AMC251114P00002500,PUT,2.5,2025-11-14,14,0.0,DISCOVERY,ENTRY_FORMING,2025-10-31T19:30:00+00:00,2025-10-31T19:15:00+00:00,-3.399999999999999,14,SCORED_WINDOW,,True,3,1762181100000,0.0,-37.5,-25.0,1.0,2.0,-25.0,,0.0,-37.5,SCORED_WINDOW,,True,15,1762200900000,0.0,-37.5,-31.25,1.0,2.0,-31.25,,0.0,-37.5,SCORED_WINDOW,,True,53,1762373700000,6.25,-37.5,0.0,46.0,2.0,-5.882352941176472,0.0,6.25,-37.5,SCORED_WINDOW,,True,101,1762546500000,6.25,-62.5,-12.49999999999999,46.0,73.0,-17.647058823529406,-1.9999999999999982,6.25,-62.5,SCORED_WINDOW,,True,217,1763151300000,56.25,-62.5,37.5,196.0,73.0,-12.0,0.6666666666666666,56.25,-62.5
AMC15X-053,O:AMC251128C00002500,CALL,2.5,2025-11-28,30,0.0,DISCOVERY,ENTRY_FORMING,2025-10-31T19:30:00+00:00,2025-10-31T19:15:00+00:00,3.399999999999999,28,UNSCORED_SIGNAL_BAR_ABSENT,,False,,1762181100000,,,,,,,,,,UNSCORED_SIGNAL_BAR_ABSENT,,False,,1762200900000,,,,,,,,,,UNSCORED_SIGNAL_BAR_ABSENT,,False,,1762373700000,,,,,,,,,,UNSCORED_SIGNAL_BAR_ABSENT,,False,,1762546500000,,,,,,,,,,UNSCORED_SIGNAL_BAR_ABSENT,,False,,1763151300000,,,,,,,,,
AMC15X-053,O:AMC251128P00002500,PUT,2.5,2025-11-28,30,0.0,DISCOVERY,ENTRY_FORMING,2025-10-31T19:30:00+00:00,2025-10-31T19:15:00+00:00,-3.399999999999999,28,UNSCORED_SIGNAL_BAR_ABSENT,,False,,1762181100000,,,,,,,,,,UNSCORED_SIGNAL_BAR_ABSENT,,False,,1762200900000,,,,,,,,,,UNSCORED_SIGNAL_BAR_ABSENT,,False,,1762373700000,,,,,,,,,,UNSCORED_SIGNAL_BAR_ABSENT,,False,,1762546500000,,,,,,,,,,UNSCORED_SIGNAL_BAR_ABSENT,,False,,1763151300000,,,,,,,,,
AMC15X-054,O:AMC251212C00002500,CALL,2.5,2025-12-12,14,0.0,DISCOVERY,RISK_OR_EXHAUSTION,2025-11-25T15:15:00+00:00,2025-11-25T15:00:00+00:00,-8.187999999999995,17,SCORED_WINDOW,,True,4,1764086400000,19.999999999999996,-10.000000000000009,0.0,2.0,1.0,-16.666666666666664,0.0,19.999999999999996,-10.000000000000009,SCORED_WINDOW,,True,22,1764169200000,19.999999999999996,-20.000000000000007,0.0,2.0,21.0,-16.666666666666664,0.0,19.999999999999996,-20.000000000000007,SCORED_WINDOW,,True,72,1764612000000,59.999999999999986,-40.0,-29.999999999999993,51.0,72.0,-56.25,-0.5,59.999999999999986,-40.0,SCORED_WINDOW,,True,123,1764784800000,59.999999999999986,-60.00000000000001,-50.0,51.0,113.0,-68.75,-0.8333333333333335,59.999999999999986,-60.00000000000001,SCORED_WINDOW,,True,249,1765389600000,59.999999999999986,-90.0,-90.0,51.0,218.0,-93.75,-1.5000000000000004,59.999999999999986,-90.0
AMC15X-054,O:AMC251212P00002500,PUT,2.5,2025-12-12,14,0.0,DISCOVERY,RISK_OR_EXHAUSTION,2025-11-25T15:15:00+00:00,2025-11-25T15:00:00+00:00,8.187999999999995,17,UNSCORED_SIGNAL_BAR_ABSENT,,False,,1764086400000,,,,,,,,,,UNSCORED_SIGNAL_BAR_ABSENT,,False,,1764169200000,,,,,,,,,,UNSCORED_SIGNAL_BAR_ABSENT,,False,,1764612000000,,,,,,,,,,UNSCORED_SIGNAL_BAR_ABSENT,,False,,1764784800000,,,,,,,,,,UNSCORED_SIGNAL_BAR_ABSENT,,False,,1765389600000,,,,,,,,,
AMC15X-054,O:AMC251226C00002500,CALL,2.5,2025-12-26,30,0.0,DISCOVERY,RISK_OR_EXHAUSTION,2025-11-25T15:15:00+00:00,2025-11-25T15:00:00+00:00,-8.187999999999995,31,SCORED_WINDOW,,True,4,1764086400000,7.14285714285714,-7.142857142857151,0.0,2.0,2.0,-6.666666666666654,0.0,15.384615384615374,0.0,SCORED_WINDOW,,True,25,1764169200000,14.28571428571428,-21.42857142857143,0.0,5.0,18.0,-12.49999999999999,0.0,23.076923076923084,-15.384615384615385,SCORED_WINDOW,,True,63,1764612000000,42.85714285714286,-21.42857142857143,0.0,45.0,18.0,-29.999999999999993,0.0,53.846153846153854,-15.384615384615385,SCORED_WINDOW,,True,100,1764784800000,42.85714285714286,-35.71428571428572,-35.71428571428572,45.0,92.0,-55.00000000000001,-0.8333333333333335,53.846153846153854,-30.76923076923077,SCORED_WINDOW,,True,210,1765389600000,42.85714285714286,-57.14285714285715,-50.0,45.0,187.0,-64.99999999999999,-1.1666666666666665,53.846153846153854,-53.846153846153854
AMC15X-054,O:AMC251226P00002500,PUT,2.5,2025-12-26,30,0.0,DISCOVERY,RISK_OR_EXHAUSTION,2025-11-25T15:15:00+00:00,2025-11-25T15:00:00+00:00,8.187999999999995,31,UNSCORED_SIGNAL_BAR_ABSENT,,False,,1764086400000,,,,,,,,,,UNSCORED_SIGNAL_BAR_ABSENT,,False,,1764169200000,,,,,,,,,,UNSCORED_SIGNAL_BAR_ABSENT,,False,,1764612000000,,,,,,,,,,UNSCORED_SIGNAL_BAR_ABSENT,,False,,1764784800000,,,,,,,,,,UNSCORED_SIGNAL_BAR_ABSENT,,False,,1765389600000,,,,,,,,,
AMC15X-055,O:AMC251219C00002500,CALL,2.5,2025-12-19,14,0.0,DISCOVERY,THESIS_PRESSURE,2025-12-04T17:00:00+00:00,2025-12-04T16:45:00+00:00,-8.599999999999994,15,SCORED_WINDOW,,True,4,1764870300000,0.0,-11.111111111111105,0.0,1.0,2.0,0.0,,12.5,0.0,SCORED_WINDOW,,True,26,1764953100000,11.111111111111116,-55.55555555555556,-22.22222222222221,18.0,6.0,-29.999999999999993,-1.999999999999998,25.0,-50.0,SCORED_WINDOW,,True,77,1765298700000,11.111111111111116,-55.55555555555556,-55.55555555555556,18.0,6.0,-60.00000000000001,-4.999999999999998,25.0,-50.0,SCORED_WINDOW,,True,129,1765471500000,11.111111111111116,-77.77777777777779,-77.77777777777779,18.0,120.0,-80.0,-6.999999999999997,25.0,-75.0,SCORED_WINDOW,,True,249,1766076300000,33.33333333333333,-88.88888888888889,-88.88888888888889,223.0,152.0,-91.66666666666666,-2.666666666666667,50.0,-87.5
AMC15X-055,O:AMC251219P00002500,PUT,2.5,2025-12-19,14,0.0,DISCOVERY,THESIS_PRESSURE,2025-12-04T17:00:00+00:00,2025-12-04T16:45:00+00:00,8.599999999999994,15,UNSCORED_NO_POST_SIGNAL_PRINT,,False,0,1764870300000,,,,,,,,,,SCORED_WINDOW,,True,10,1764953100000,18.518518518518512,-7.407407407407418,14.814814814814813,10.0,4.0,-3.125,0.8000000000000002,10.344827586206918,-13.793103448275856,SCORED_WINDOW,,True,38,1765298700000,18.518518518518512,-18.518518518518523,-7.407407407407418,10.0,28.0,-21.875,-0.40000000000000074,10.344827586206918,-24.13793103448275,SCORED_WINDOW,,True,67,1765471500000,29.629629629629605,-18.518518518518523,18.518518518518512,63.0,28.0,-8.571428571428562,0.6250000000000003,20.68965517241379,-24.13793103448275,SCORED_WINDOW,,True,160,1766076300000,155.55555555555554,-18.518518518518523,151.85185185185185,154.0,28.0,-1.4492753623188248,0.9761904761904763,137.93103448275863,-24.13793103448275
AMC15X-055,O:AMC260102C00002500,CALL,2.5,2026-01-02,30,0.0,DISCOVERY,THESIS_PRESSURE,2025-12-04T17:00:00+00:00,2025-12-04T16:45:00+00:00,-8.599999999999994,29,UNSCORED_SIGNAL_BAR_ABSENT,,False,,1764870300000,,,,,,,,,,UNSCORED_SIGNAL_BAR_ABSENT,,False,,1764953100000,,,,,,,,,,UNSCORED_SIGNAL_BAR_ABSENT,,False,,1765298700000,,,,,,,,,,UNSCORED_SIGNAL_BAR_ABSENT,,False,,1765471500000,,,,,,,,,,UNSCORED_SIGNAL_BAR_ABSENT,,False,,1766076300000,,,,,,,,,
AMC15X-055,O:AMC260102P00002500,PUT,2.5,2026-01-02,30,0.0,DISCOVERY,THESIS_PRESSURE,2025-12-04T17:00:00+00:00,2025-12-04T16:45:00+00:00,8.599999999999994,29,UNSCORED_SIGNAL_BAR_ABSENT,,False,,1764870300000,,,,,,,,,,UNSCORED_SIGNAL_BAR_ABSENT,,False,,1764953100000,,,,,,,,,,UNSCORED_SIGNAL_BAR_ABSENT,,False,,1765298700000,,,,,,,,,,UNSCORED_SIGNAL_BAR_ABSENT,,False,,1765471500000,,,,,,,,,,UNSCORED_SIGNAL_BAR_ABSENT,,False,,1766076300000,,,,,,,,,
AMC15X-056,O:AMC251219C00002500,CALL,2.5,2025-12-19,14,0.0,DISCOVERY,ENTRY_FORMING,2025-12-08T14:45:00+00:00,2025-12-08T14:30:00+00:00,-8.399999999999999,11,SCORED_WINDOW,,True,4,1765207800000,16.666666666666675,-16.666666666666664,16.666666666666675,1.0,2.0,0.0,1.0,16.666666666666675,-16.666666666666664,SCORED_WINDOW,,True,26,1765290600000,16.666666666666675,-16.666666666666664,-16.666666666666664,1.0,2.0,-28.57142857142857,-0.9999999999999993,16.666666666666675,-16.666666666666664,SCORED_WINDOW,,True,78,1765463400000,16.666666666666675,-66.66666666666666,-50.0,1.0,78.0,-57.14285714285715,-2.9999999999999987,16.666666666666675,-66.66666666666666,SCORED_WINDOW,,True,128,1765809000000,16.666666666666675,-83.33333333333333,-83.33333333333333,1.0,110.0,-85.71428571428572,-4.999999999999997,16.666666666666675,-83.33333333333333,SCORED_RIGHT_CENSORED,CONTRACT_EXPIRY,False,235,1766413800000,,,,,,,,,
AMC15X-056,O:AMC251219P00002500,PUT,2.5,2025-12-19,14,0.0,DISCOVERY,ENTRY_FORMING,2025-12-08T14:45:00+00:00,2025-12-08T14:30:00+00:00,8.399999999999999,11,SCORED_WINDOW,,True,3,1765207800000,3.5714285714285587,-3.57142857142857,-3.57142857142857,2.0,3.0,-6.896551724137923,-1.000000000000003,7.407407407407396,0.0,SCORED_WINDOW,,True,15,1765290600000,3.5714285714285587,-21.42857142857143,-10.71428571428572,2.0,11.0,-13.793103448275856,-3.0000000000000124,7.407407407407396,-18.518518518518523,SCORED_WINDOW,,True,44,1765463400000,17.85714285714286,-21.42857142857143,17.85714285714286,44.0,11.0,0.0,1.0,22.22222222222221,-18.518518518518523,SCORED_WINDOW,,True,76,1765809000000,78.57142857142856,-21.42857142857143,71.4285714285714,76.0,11.0,-4.0000000000000036,0.909090909090909,85.18518518518516,-18.518518518518523,SCORED_RIGHT_CENSORED,CONTRACT_EXPIRY,False,159,1766413800000,,,,,,,,,
AMC15X-056,O:AMC260109C00002500,CALL,2.5,2026-01-09,30,0.0,DISCOVERY,ENTRY_FORMING,2025-12-08T14:45:00+00:00,2025-12-08T14:30:00+00:00,-8.399999999999999,32,SCORED_WINDOW,,True,3,1765207800000,0.0,-5.882352941176472,-5.882352941176472,1.0,2.0,-5.882352941176472,,0.0,-5.882352941176472,SCORED_WINDOW,,True,16,1765290600000,0.0,-17.647058823529406,-11.764705882352954,1.0,10.0,-11.764705882352954,,0.0,-17.647058823529406,SCORED_WINDOW,,True,40,1765463400000,0.0,-47.058823529411775,-35.29411764705883,1.0,40.0,-35.29411764705883,,0.0,-47.058823529411775,SCORED_WINDOW,,True,72,1765809000000,0.0,-70.58823529411764,-64.70588235294117,1.0,72.0,-64.70588235294117,,0.0,-70.58823529411764,SCORED_WINDOW,,True,155,1766413800000,0.0,-76.47058823529412,-76.47058823529412,1.0,103.0,-76.47058823529412,,0.0,-76.47058823529412
AMC15X-056,O:AMC260109P00002500,PUT,2.5,2026-01-09,30,0.0,DISCOVERY,ENTRY_FORMING,2025-12-08T14:45:00+00:00,2025-12-08T14:30:00+00:00,8.399999999999999,32,UNSCORED_SIGNAL_BAR_ABSENT,,False,,1765207800000,,,,,,,,,,UNSCORED_SIGNAL_BAR_ABSENT,,False,,1765290600000,,,,,,,,,,UNSCORED_SIGNAL_BAR_ABSENT,,False,,1765463400000,,,,,,,,,,UNSCORED_SIGNAL_BAR_ABSENT,,False,,1765809000000,,,,,,,,,,UNSCORED_SIGNAL_BAR_ABSENT,,False,,1766413800000,,,,,,,,,
AMC15X-057,O:AMC260123C00001500,CALL,1.5,2026-01-23,14,0.0,DISCOVERY,RISK_OR_EXHAUSTION,2026-01-09T18:00:00+00:00,2026-01-09T17:45:00+00:00,9.666666666666668,14,SCORED_WINDOW,,True,4,1767984300000,9.523809523809534,-9.523809523809524,0.0,2.0,2.0,-8.695652173913048,0.0,-4.1666666666666625,-20.833333333333325,SCORED_WINDOW,,True,26,1768239900000,52.380952380952394,-28.57142857142857,42.85714285714286,23.0,13.0,-6.25,0.818181818181818,33.33333333333335,-37.5,SCORED_WINDOW,,True,72,1768412700000,57.14285714285716,-42.85714285714286,-42.85714285714286,35.0,60.0,-63.63636363636365,-0.7499999999999999,37.50000000000002,-50.0,SCORED_WINDOW,,True,121,1768585500000,57.14285714285716,-52.38095238095237,-33.33333333333333,35.0,75.0,-57.57575757575757,-0.583333333333333,37.50000000000002,-58.33333333333333,SCORED_RIGHT_CENSORED,CONTRACT_EXPIRY,False,233,1769449500000,,,,,,,,,
AMC15X-057,O:AMC260123P00001500,PUT,1.5,2026-01-23,14,0.0,DISCOVERY,RISK_OR_EXHAUSTION,2026-01-09T18:00:00+00:00,2026-01-09T17:45:00+00:00,-9.666666666666668,14,SCORED_WINDOW,,True,4,1767984300000,12.5,-12.49999999999999,-12.49999999999999,1.0,1.0,-22.22222222222221,-0.9999999999999991,12.5,-12.49999999999999,SCORED_WINDOW,,True,26,1768239900000,25.0,-50.0,-37.5,7.0,23.0,-50.0,-1.5,25.0,-50.0,SCORED_WINDOW,,True,66,1768412700000,25.0,-62.5,-50.0,7.0,30.0,-60.00000000000001,-2.0,25.0,-62.5,SCORED_WINDOW,,True,106,1768585500000,25.0,-87.5,-87.5,7.0,99.0,-90.0,-3.5,25.0,-87.5,SCORED_RIGHT_CENSORED,CONTRACT_EXPIRY,False,179,1769449500000,,,,,,,,,
AMC15X-057,O:AMC260206C00001500,CALL,1.5,2026-02-06,30,0.0,DISCOVERY,RISK_OR_EXHAUSTION,2026-01-09T18:00:00+00:00,2026-01-09T17:45:00+00:00,9.666666666666668,28,SCORED_WINDOW,,True,4,1767984300000,4.0000000000000036,-7.9999999999999964,4.0000000000000036,1.0,3.0,0.0,1.0,-13.33333333333333,-23.33333333333333,SCORED_WINDOW,,True,20,1768239900000,52.0,-19.999999999999996,52.0,20.0,13.0,0.0,1.0,26.666666666666682,-33.33333333333333,SCORED_WINDOW,,True,46,1768412700000,52.0,-28.000000000000004,-28.000000000000004,20.0,45.0,-52.63157894736843,-0.5384615384615385,26.666666666666682,-40.0,SCORED_WINDOW,,True,66,1768585500000,52.0,-40.0,-16.000000000000004,20.0,50.0,-44.736842105263165,-0.30769230769230776,26.666666666666682,-50.0,SCORED_WINDOW,,True,162,1769449500000,52.0,-60.0,-48.0,20.0,150.0,-65.78947368421053,-0.9230769230769231,26.666666666666682,-66.66666666666666
AMC15X-057,O:AMC260206P00001500,PUT,1.5,2026-02-06,30,0.0,DISCOVERY,RISK_OR_EXHAUSTION,2026-01-09T18:00:00+00:00,2026-01-09T17:45:00+00:00,-9.666666666666668,28,SCORED_WINDOW,,True,3,1767984300000,0.0,-8.333333333333325,-8.333333333333325,1.0,1.0,-8.333333333333325,,19.999999999999996,9.999999999999986,SCORED_WINDOW,,True,8,1768239900000,16.666666666666675,-33.33333333333333,-33.33333333333333,5.0,7.0,-42.85714285714286,-1.9999999999999987,40.000000000000014,-20.000000000000007,SCORED_WINDOW,,True,31,1768412700000,16.666666666666675,-41.666666666666664,-16.666666666666664,5.0,11.0,-28.57142857142857,-0.9999999999999993,40.000000000000014,-29.999999999999993,SCORED_WINDOW,,True,48,1768585500000,16.666666666666675,-50.0,-50.0,5.0,46.0,-57.14285714285715,-2.9999999999999987,40.000000000000014,-40.0,SCORED_WINDOW,,True,114,1769449500000,16.666666666666675,-75.0,-33.33333333333333,5.0,68.0,-42.85714285714286,-1.9999999999999987,40.000000000000014,-70.0
AMC15X-058,O:AMC260206C00001500,CALL,1.5,2026-02-06,14,0.0,DISCOVERY,ENTRY_FORMING,2026-01-22T14:45:00+00:00,2026-01-22T14:30:00+00:00,8.000000000000007,15,SCORED_WINDOW,,True,4,1769095800000,18.75,0.0,18.75,1.0,1.0,0.0,1.0,11.764705882352944,-5.882352941176472,SCORED_WINDOW,,True,20,1769178600000,43.75,0.0,18.75,7.0,1.0,-17.391304347826086,0.42857142857142855,35.29411764705881,-5.882352941176472,SCORED_WINDOW,,True,68,1769524200000,43.75,-50.0,-37.5,7.0,68.0,-56.52173913043479,-0.8571428571428571,35.29411764705881,-52.94117647058824,SCORED_WINDOW,,True,118,1769697000000,43.75,-93.75,-68.75,7.0,69.0,-78.26086956521739,-1.5714285714285714,35.29411764705881,-94.11764705882352,SCORED_WINDOW,,True,247,1770301800000,43.75,-93.75,-81.25,7.0,69.0,-86.95652173913044,-1.8571428571428572,35.29411764705881,-94.11764705882352
AMC15X-058,O:AMC260206P00001500,PUT,1.5,2026-02-06,14,0.0,DISCOVERY,ENTRY_FORMING,2026-01-22T14:45:00+00:00,2026-01-22T14:30:00+00:00,-8.000000000000007,15,SCORED_WINDOW,,True,3,1769095800000,0.0,-20.000000000000007,0.0,1.0,1.0,0.0,,25.0,0.0,SCORED_WINDOW,,True,11,1769178600000,0.0,-40.0,-40.0,1.0,4.0,-40.0,,25.0,-25.0,SCORED_WINDOW,,True,49,1769524200000,160.0,-40.0,160.0,49.0,4.0,0.0,1.0,225.0,-25.0,SCORED_WINDOW,,True,81,1769697000000,199.99999999999994,-40.0,199.99999999999994,50.0,4.0,0.0,1.0,275.0,-25.0,SCORED_WINDOW,,True,201,1770301800000,259.99999999999994,-40.0,19.999999999999996,104.0,4.0,-66.66666666666667,0.07692307692307693,350.0,-25.0
AMC15X-058,O:AMC260220C00001500,CALL,1.5,2026-02-20,30,0.0,DISCOVERY,ENTRY_FORMING,2026-01-22T14:45:00+00:00,2026-01-22T14:30:00+00:00,8.000000000000007,29,SCORED_WINDOW,,True,4,1769095800000,9.523809523809534,-4.761904761904756,4.761904761904767,4.0,2.0,-4.34782608695653,0.5,14.999999999999991,0.0,SCORED_WINDOW,,True,21,1769178600000,33.33333333333335,-4.761904761904756,9.523809523809534,14.0,2.0,-17.85714285714286,0.28571428571428586,40.000000000000014,0.0,SCORED_WINDOW,,True,71,1769524200000,33.33333333333335,-38.095238095238095,-38.095238095238095,14.0,71.0,-53.571428571428584,-1.1428571428571423,40.000000000000014,-35.0,SCORED_WINDOW,,True,116,1769697000000,33.33333333333335,-52.38095238095237,-52.38095238095237,14.0,115.0,-64.28571428571428,-1.5714285714285703,40.000000000000014,-50.0,SCORED_WINDOW,,True,240,1770301800000,33.33333333333335,-76.19047619047619,-52.38095238095237,14.0,215.0,-64.28571428571428,-1.5714285714285703,40.000000000000014,-75.0
AMC15X-058,O:AMC260220P00001500,PUT,1.5,2026-02-20,30,0.0,DISCOVERY,ENTRY_FORMING,2026-01-22T14:45:00+00:00,2026-01-22T14:30:00+00:00,-8.000000000000007,29,UNSCORED_SIGNAL_BAR_ABSENT,,False,,1769095800000,,,,,,,,,,UNSCORED_SIGNAL_BAR_ABSENT,,False,,1769178600000,,,,,,,,,,UNSCORED_SIGNAL_BAR_ABSENT,,False,,1769524200000,,,,,,,,,,UNSCORED_SIGNAL_BAR_ABSENT,,False,,1769697000000,,,,,,,,,,UNSCORED_SIGNAL_BAR_ABSENT,,False,,1770301800000,,,,,,,,,
AMC15X-059,O:AMC260206C00001500,CALL,1.5,2026-02-06,14,0.0,DISCOVERY,CONTINUATION,2026-01-22T17:00:00+00:00,2026-01-22T16:45:00+00:00,11.26666666666667,15,SCORED_WINDOW,,True,3,1769103900000,21.052631578947366,0.0,21.052631578947366,3.0,1.0,0.0,1.0,9.523809523809534,-9.523809523809524,SCORED_WINDOW,,True,18,1769186700000,21.052631578947366,-21.052631578947366,-21.052631578947366,3.0,18.0,-34.782608695652186,-1.0,9.523809523809534,-28.57142857142857,SCORED_WINDOW,,True,68,1769532300000,21.052631578947366,-94.73684210526316,-52.63157894736843,3.0,60.0,-60.86956521739131,-2.500000000000001,9.523809523809534,-95.23809523809523,SCORED_WINDOW,,True,118,1769705100000,21.052631578947366,-94.73684210526316,-68.42105263157895,3.0,60.0,-73.91304347826086,-3.25,9.523809523809534,-95.23809523809523,SCORED_WINDOW,,True,247,1770309900000,21.052631578947366,-94.73684210526316,-89.47368421052632,3.0,60.0,-91.30434782608697,-4.25,9.523809523809534,-95.23809523809523
AMC15X-059,O:AMC260206P00001500,PUT,1.5,2026-02-06,14,0.0,DISCOVERY,CONTINUATION,2026-01-22T17:00:00+00:00,2026-01-22T16:45:00+00:00,-11.26666666666667,15,UNSCORED_SIGNAL_BAR_ABSENT,,False,,1769103900000,,,,,,,,,,UNSCORED_SIGNAL_BAR_ABSENT,,False,,1769186700000,,,,,,,,,,UNSCORED_SIGNAL_BAR_ABSENT,,False,,1769532300000,,,,,,,,,,UNSCORED_SIGNAL_BAR_ABSENT,,False,,1769705100000,,,,,,,,,,UNSCORED_SIGNAL_BAR_ABSENT,,False,,1770309900000,,,,,,,,,
AMC15X-059,O:AMC260220C00001500,CALL,1.5,2026-02-20,30,0.0,DISCOVERY,CONTINUATION,2026-01-22T17:00:00+00:00,2026-01-22T16:45:00+00:00,11.26666666666667,29,UNSCORED_SIGNAL_BAR_ABSENT,,False,,1769103900000,,,,,,,,,,UNSCORED_SIGNAL_BAR_ABSENT,,False,,1769186700000,,,,,,,,,,UNSCORED_SIGNAL_BAR_ABSENT,,False,,1769532300000,,,,,,,,,,UNSCORED_SIGNAL_BAR_ABSENT,,False,,1769705100000,,,,,,,,,,UNSCORED_SIGNAL_BAR_ABSENT,,False,,1770309900000,,,,,,,,,
AMC15X-059,O:AMC260220P00001500,PUT,1.5,2026-02-20,30,0.0,DISCOVERY,CONTINUATION,2026-01-22T17:00:00+00:00,2026-01-22T16:45:00+00:00,-11.26666666666667,29,UNSCORED_SIGNAL_BAR_ABSENT,,False,,1769103900000,,,,,,,,,,UNSCORED_SIGNAL_BAR_ABSENT,,False,,1769186700000,,,,,,,,,,UNSCORED_SIGNAL_BAR_ABSENT,,False,,1769532300000,,,,,,,,,,UNSCORED_SIGNAL_BAR_ABSENT,,False,,1769705100000,,,,,,,,,,UNSCORED_SIGNAL_BAR_ABSENT,,False,,1770309900000,,,,,,,,,
AMC15X-060,O:AMC260206C00001500,CALL,1.5,2026-02-06,14,0.0,DISCOVERY,THESIS_PRESSURE,2026-01-23T17:45:00+00:00,2026-01-23T17:30:00+00:00,6.000000000000005,14,SCORED_WINDOW,,True,4,1769193000000,0.0,-12.49999999999999,-12.49999999999999,1.0,4.0,-12.49999999999999,,0.0,-12.49999999999999,SCORED_WINDOW,,True,24,1769448600000,25.0,-37.5,-18.75,12.0,13.0,-35.0,-0.75,25.0,-37.5,SCORED_WINDOW,,True,74,1769621400000,25.0,-93.75,-56.25,12.0,39.0,-64.99999999999999,-2.25,25.0,-93.75,SCORED_WINDOW,,True,125,1769794200000,25.0,-93.75,-75.0,12.0,39.0,-80.0,-3.0,25.0,-93.75,SCORED_WINDOW,,True,254,1770399000000,25.0,-93.75,-93.75,12.0,39.0,-95.0,-3.75,25.0,-93.75
AMC15X-060,O:AMC260206P00001500,PUT,1.5,2026-02-06,14,0.0,DISCOVERY,THESIS_PRESSURE,2026-01-23T17:45:00+00:00,2026-01-23T17:30:00+00:00,-6.000000000000005,14,SCORED_WINDOW,,True,3,1769193000000,14.28571428571428,0.0,0.0,2.0,1.0,-12.49999999999999,0.0,33.33333333333335,16.666666666666675,SCORED_WINDOW,,True,18,1769448600000,57.14285714285714,0.0,42.85714285714286,12.0,1.0,-9.090909090909083,0.7500000000000001,83.33333333333334,16.666666666666675,SCORED_WINDOW,,True,52,1769621400000,114.28571428571428,0.0,71.4285714285714,31.0,1.0,-19.999999999999996,0.6249999999999998,150.0,16.666666666666675,SCORED_WINDOW,,True,96,1769794200000,157.1428571428571,0.0,128.57142857142856,85.0,1.0,-11.111111111111105,0.8181818181818182,200.0,16.666666666666675,SCORED_WINDOW,,True,215,1770399000000,157.1428571428571,-57.14285714285715,-57.14285714285715,85.0,178.0,-83.33333333333334,-0.36363636363636376,200.0,-50.0
AMC15X-060,O:AMC260220C00001500,CALL,1.5,2026-02-20,30,0.0,DISCOVERY,THESIS_PRESSURE,2026-01-23T17:45:00+00:00,2026-01-23T17:30:00+00:00,6.000000000000005,28,SCORED_WINDOW,,True,4,1769193000000,0.0,-14.28571428571429,-4.761904761904756,1.0,2.0,-4.761904761904756,,4.999999999999982,-10.000000000000009,SCORED_WINDOW,,True,25,1769448600000,19.047619047619047,-33.33333333333333,-14.28571428571429,13.0,14.0,-28.000000000000004,-0.7500000000000002,25.0,-29.999999999999993,SCORED_WINDOW,,True,73,1769621400000,19.047619047619047,-47.61904761904761,-38.095238095238095,13.0,51.0,-48.0,-2.0,25.0,-45.00000000000001,SCORED_WINDOW,,True,120,1769794200000,19.047619047619047,-61.904761904761905,-61.904761904761905,13.0,106.0,-68.0,-3.25,25.0,-60.00000000000001,SCORED_WINDOW,,True,246,1770399000000,19.047619047619047,-76.19047619047619,-57.14285714285714,13.0,183.0,-64.0,-3.0,25.0,-75.0
AMC15X-060,O:AMC260220P00001500,PUT,1.5,2026-02-20,30,0.0,DISCOVERY,THESIS_PRESSURE,2026-01-23T17:45:00+00:00,2026-01-23T17:30:00+00:00,-6.000000000000005,28,SCORED_WINDOW,,True,4,1769193000000,9.090909090909083,0.0,9.090909090909083,2.0,1.0,0.0,1.0,19.999999999999996,9.999999999999986,SCORED_WINDOW,,True,19,1769448600000,36.36363636363635,0.0,36.36363636363635,14.0,1.0,0.0,1.0,49.99999999999998,9.999999999999986,SCORED_WINDOW,,True,45,1769621400000,72.72727272727273,0.0,63.636363636363626,27.0,1.0,-5.263157894736848,0.8749999999999998,89.99999999999999,9.999999999999986,SCORED_WINDOW,,True,70,1769794200000,90.90909090909089,0.0,90.90909090909089,65.0,1.0,0.0,1.0,109.99999999999997,9.999999999999986,SCORED_WINDOW,,True,137,1770399000000,90.90909090909089,-9.090909090909083,-9.090909090909083,65.0,113.0,-52.38095238095237,-0.09999999999999994,109.99999999999997,0.0
AMC15X-061,O:AMC260220C00001500,CALL,1.5,2026-02-20,14,0.0,HOLDOUT,ENTRY_FORMING,2026-02-06T15:00:00+00:00,2026-02-06T14:45:00+00:00,-4.0066666666666695,14,SCORED_WINDOW,,True,4,1770392700000,12.5,-12.49999999999999,12.5,2.0,1.0,0.0,1.0,12.5,-12.49999999999999,SCORED_WINDOW,,True,26,1770648300000,25.0,-50.0,-37.5,12.0,25.0,-50.0,-1.5,25.0,-50.0,SCORED_WINDOW,,True,77,1770821100000,25.0,-75.0,-75.0,12.0,76.0,-80.0,-3.0,25.0,-75.0,SCORED_WINDOW,,True,128,1770993900000,25.0,-87.5,-62.5,12.0,122.0,-70.0,-2.5,25.0,-87.5,SCORED_RIGHT_CENSORED,CONTRACT_EXPIRY,False,245,1771857900000,,,,,,,,,
AMC15X-061,O:AMC260220P00001500,PUT,1.5,2026-02-20,14,0.0,HOLDOUT,ENTRY_FORMING,2026-02-06T15:00:00+00:00,2026-02-06T14:45:00+00:00,4.0066666666666695,14,SCORED_WINDOW,,True,4,1770392700000,0.0,-8.333333333333325,-8.333333333333325,1.0,2.0,-8.333333333333325,,-7.692307692307699,-15.384615384615385,SCORED_WINDOW,,True,17,1770648300000,83.33333333333334,-25.0,58.33333333333335,17.0,14.0,-13.636363636363635,0.7000000000000001,69.23076923076923,-30.76923076923077,SCORED_WINDOW,,True,45,1770821100000,100.0,-25.0,83.33333333333334,45.0,14.0,-8.333333333333325,0.8333333333333335,84.6153846153846,-30.76923076923077,SCORED_WINDOW,,True,83,1770993900000,166.66666666666669,-25.0,91.66666666666667,77.0,14.0,-28.125,0.5499999999999999,146.15384615384616,-30.76923076923077,SCORED_RIGHT_CENSORED,CONTRACT_EXPIRY,False,175,1771857900000,,,,,,,,,
AMC15X-061,O:AMC260306C00001500,CALL,1.5,2026-03-06,30,0.0,HOLDOUT,ENTRY_FORMING,2026-02-06T15:00:00+00:00,2026-02-06T14:45:00+00:00,-4.0066666666666695,28,SCORED_WINDOW,,True,3,1770392700000,23.529411764705866,0.0,23.529411764705866,3.0,1.0,0.0,1.0,10.526315789473673,-10.526315789473683,SCORED_WINDOW,,True,17,1770648300000,23.529411764705866,-23.529411764705888,-17.647058823529406,3.0,17.0,-33.33333333333333,-0.7500000000000002,10.526315789473673,-31.57894736842105,SCORED_WINDOW,,True,54,1770821100000,23.529411764705866,-82.35294117647058,-35.29411764705883,3.0,44.0,-47.61904761904761,-1.5000000000000013,10.526315789473673,-84.21052631578947,SCORED_WINDOW,,True,81,1770993900000,23.529411764705866,-82.35294117647058,-41.17647058823529,3.0,44.0,-52.38095238095237,-1.750000000000001,10.526315789473673,-84.21052631578947,SCORED_WINDOW,,True,188,1771857900000,23.529411764705866,-82.35294117647058,-76.47058823529412,3.0,44.0,-80.95238095238095,-3.250000000000002,10.526315789473673,-84.21052631578947
AMC15X-061,O:AMC260306P00001500,PUT,1.5,2026-03-06,30,0.0,HOLDOUT,ENTRY_FORMING,2026-02-06T15:00:00+00:00,2026-02-06T14:45:00+00:00,4.0066666666666695,28,UNSCORED_SIGNAL_BAR_ABSENT,,False,,1770392700000,,,,,,,,,,UNSCORED_SIGNAL_BAR_ABSENT,,False,,1770648300000,,,,,,,,,,UNSCORED_SIGNAL_BAR_ABSENT,,False,,1770821100000,,,,,,,,,,UNSCORED_SIGNAL_BAR_ABSENT,,False,,1770993900000,,,,,,,,,,UNSCORED_SIGNAL_BAR_ABSENT,,False,,1771857900000,,,,,,,,,
AMC15X-062,O:AMC260220C00001500,CALL,1.5,2026-02-20,14,0.0,HOLDOUT,CONTINUATION,2026-02-06T17:30:00+00:00,2026-02-06T17:15:00+00:00,-1.5666666666666718,14,SCORED_WINDOW,,True,4,1770401700000,11.111111111111116,-11.111111111111105,0.0,2.0,1.0,-10.000000000000009,0.0,11.111111111111116,-11.111111111111105,SCORED_WINDOW,,True,26,1770657300000,11.111111111111116,-55.55555555555556,-55.55555555555556,2.0,15.0,-60.00000000000001,-4.999999999999998,11.111111111111116,-55.55555555555556,SCORED_WINDOW,,True,77,1770830100000,11.111111111111116,-77.77777777777779,-66.66666666666667,2.0,66.0,-70.0,-5.999999999999997,11.111111111111116,-77.77777777777779,SCORED_WINDOW,,True,128,1771002900000,11.111111111111116,-88.88888888888889,-66.66666666666667,2.0,112.0,-70.0,-5.999999999999997,11.111111111111116,-88.88888888888889,SCORED_RIGHT_CENSORED,CONTRACT_EXPIRY,False,235,1771866900000,,,,,,,,,
AMC15X-062,O:AMC260220P00001500,PUT,1.5,2026-02-20,14,0.0,HOLDOUT,CONTINUATION,2026-02-06T17:30:00+00:00,2026-02-06T17:15:00+00:00,1.5666666666666718,14,SCORED_WINDOW,,True,2,1770401700000,0.0,-16.666666666666664,-8.333333333333325,1.0,1.0,-8.333333333333325,,0.0,-16.666666666666664,SCORED_WINDOW,,True,15,1770657300000,83.33333333333334,-25.0,41.66666666666667,9.0,6.0,-22.72727272727272,0.5,83.33333333333334,-25.0,SCORED_WINDOW,,True,45,1770830100000,100.0,-25.0,91.66666666666667,37.0,6.0,-4.1666666666666625,0.9166666666666667,100.0,-25.0,SCORED_WINDOW,,True,81,1771002900000,166.66666666666669,-25.0,100.0,69.0,6.0,-25.0,0.6,166.66666666666669,-25.0,SCORED_RIGHT_CENSORED,CONTRACT_EXPIRY,False,167,1771866900000,,,,,,,,,
AMC15X-062,O:AMC260306C00001500,CALL,1.5,2026-03-06,30,0.0,HOLDOUT,CONTINUATION,2026-02-06T17:30:00+00:00,2026-02-06T17:15:00+00:00,-1.5666666666666718,28,SCORED_WINDOW,,True,3,1770401700000,5.263157894736836,-5.263157894736848,0.0,2.0,2.0,-5.000000000000004,0.0,0.0,-10.000000000000009,SCORED_WINDOW,,True,19,1770657300000,5.263157894736836,-31.57894736842105,-26.315789473684205,2.0,10.0,-29.999999999999993,-5.000000000000004,0.0,-35.0,SCORED_WINDOW,,True,53,1770830100000,5.263157894736836,-84.21052631578947,-47.36842105263158,2.0,37.0,-50.0,-9.00000000000001,0.0,-85.0,SCORED_WINDOW,,True,83,1771002900000,5.263157894736836,-84.21052631578947,-52.63157894736843,2.0,37.0,-55.00000000000001,-10.000000000000012,0.0,-85.0,SCORED_WINDOW,,True,191,1771866900000,5.263157894736836,-84.21052631578947,-84.21052631578947,2.0,37.0,-85.0,-16.000000000000018,0.0,-85.0
AMC15X-062,O:AMC260306P00001500,PUT,1.5,2026-03-06,30,0.0,HOLDOUT,CONTINUATION,2026-02-06T17:30:00+00:00,2026-02-06T17:15:00+00:00,1.5666666666666718,28,UNSCORED_SIGNAL_BAR_ABSENT,,False,,1770401700000,,,,,,,,,,UNSCORED_SIGNAL_BAR_ABSENT,,False,,1770657300000,,,,,,,,,,UNSCORED_SIGNAL_BAR_ABSENT,,False,,1770830100000,,,,,,,,,,UNSCORED_SIGNAL_BAR_ABSENT,,False,,1771002900000,,,,,,,,,,UNSCORED_SIGNAL_BAR_ABSENT,,False,,1771866900000,,,,,,,,,
AMC15X-063,O:AMC260220C00001500,CALL,1.5,2026-02-20,14,0.0,HOLDOUT,THESIS_PRESSURE,2026-02-09T15:30:00+00:00,2026-02-09T15:15:00+00:00,-8.333333333333332,11,SCORED_WINDOW,,True,4,1770653700000,0.0,-20.000000000000007,0.0,1.0,1.0,0.0,,0.0,-20.000000000000007,SCORED_WINDOW,,True,26,1770736500000,0.0,-40.0,-40.0,1.0,23.0,-40.0,,0.0,-40.0,SCORED_WINDOW,,True,77,1770909300000,19.999999999999996,-60.00000000000001,-60.00000000000001,28.0,48.0,-66.66666666666666,-3.000000000000001,19.999999999999996,-60.00000000000001,SCORED_WINDOW,,True,128,1771341300000,19.999999999999996,-80.0,-80.0,28.0,94.0,-83.33333333333333,-4.000000000000001,19.999999999999996,-80.0,SCORED_RIGHT_CENSORED,CONTRACT_EXPIRY,False,217,1771946100000,,,,,,,,,
AMC15X-063,O:AMC260220P00001500,PUT,1.5,2026-02-20,14,0.0,HOLDOUT,THESIS_PRESSURE,2026-02-09T15:30:00+00:00,2026-02-09T15:15:00+00:00,8.333333333333332,11,SCORED_WINDOW,,True,2,1770653700000,0.0,-5.5555555555555465,0.0,1.0,2.0,0.0,,0.0,-5.5555555555555465,SCORED_WINDOW,,True,17,1770736500000,16.666666666666675,-11.111111111111105,11.111111111111116,15.0,3.0,-4.761904761904756,0.6666666666666666,16.666666666666675,-11.111111111111105,SCORED_WINDOW,,True,44,1770909300000,44.444444444444464,-11.111111111111105,44.444444444444464,42.0,3.0,0.0,1.0,44.444444444444464,-11.111111111111105,SCORED_WINDOW,,True,82,1771341300000,77.77777777777779,-11.111111111111105,22.222222222222232,58.0,3.0,-31.25,0.2857142857142858,77.77777777777779,-11.111111111111105,SCORED_RIGHT_CENSORED,CONTRACT_EXPIRY,False,156,1771946100000,,,,,,,,,
AMC15X-063,O:AMC260313C00001500,CALL,1.5,2026-03-13,30,0.0,HOLDOUT,THESIS_PRESSURE,2026-02-09T15:30:00+00:00,2026-02-09T15:15:00+00:00,-8.333333333333332,32,UNSCORED_SIGNAL_BAR_ABSENT,,False,,1770653700000,,,,,,,,,,UNSCORED_SIGNAL_BAR_ABSENT,,False,,1770736500000,,,,,,,,,,UNSCORED_SIGNAL_BAR_ABSENT,,False,,1770909300000,,,,,,,,,,UNSCORED_SIGNAL_BAR_ABSENT,,False,,1771341300000,,,,,,,,,,UNSCORED_SIGNAL_BAR_ABSENT,,False,,1771946100000,,,,,,,,,
AMC15X-063,O:AMC260313P00001500,PUT,1.5,2026-03-13,30,0.0,HOLDOUT,THESIS_PRESSURE,2026-02-09T15:30:00+00:00,2026-02-09T15:15:00+00:00,8.333333333333332,32,UNSCORED_SIGNAL_BAR_ABSENT,,False,,1770653700000,,,,,,,,,,UNSCORED_SIGNAL_BAR_ABSENT,,False,,1770736500000,,,,,,,,,,UNSCORED_SIGNAL_BAR_ABSENT,,False,,1770909300000,,,,,,,,,,UNSCORED_SIGNAL_BAR_ABSENT,,False,,1771341300000,,,,,,,,,,UNSCORED_SIGNAL_BAR_ABSENT,,False,,1771946100000,,,,,,,,,
AMC15X-064,O:AMC260306C00001500,CALL,1.5,2026-03-06,14,0.0,HOLDOUT,THESIS_PRESSURE,2026-02-20T16:15:00+00:00,2026-02-20T16:00:00+00:00,-19.666666666666664,14,SCORED_WINDOW,,True,3,1771606800000,0.0,-20.000000000000007,0.0,1.0,2.0,0.0,,66.66666666666667,33.33333333333335,SCORED_WINDOW,,True,24,1771862400000,0.0,-40.0,-40.0,1.0,18.0,-40.0,,66.66666666666667,0.0,SCORED_WINDOW,,True,74,1772035200000,0.0,-80.0,-80.0,1.0,73.0,-80.0,,66.66666666666667,-66.66666666666666,SCORED_WINDOW,,True,125,1772208000000,0.0,-80.0,-80.0,1.0,73.0,-80.0,,66.66666666666667,-66.66666666666666,SCORED_WINDOW,,True,233,1772812800000,0.0,-80.0,-80.0,1.0,73.0,-80.0,,66.66666666666667,-66.66666666666666
AMC15X-064,O:AMC260306P00001500,PUT,1.5,2026-03-06,14,0.0,HOLDOUT,THESIS_PRESSURE,2026-02-20T16:15:00+00:00,2026-02-20T16:00:00+00:00,19.666666666666664,14,SCORED_WINDOW,,True,1,1771606800000,0.0,0.0,0.0,1.0,1.0,0.0,,3.0303030303030276,3.0303030303030276,SCORED_WINDOW,,True,5,1771862400000,8.823529411764696,-2.941176470588236,0.0,3.0,2.0,-8.108108108108103,0.0,12.12121212121211,0.0,SCORED_WINDOW,,True,24,1772035200000,14.705882352941169,-17.647058823529406,-2.941176470588236,12.0,12.0,-15.384615384615385,-0.20000000000000015,18.181818181818187,-15.151515151515149,SCORED_WINDOW,,True,45,1772208000000,20.58823529411764,-17.647058823529406,2.941176470588225,36.0,12.0,-14.634146341463417,0.14285714285714238,24.24242424242422,-15.151515151515149,SCORED_WINDOW,,True,109,1772812800000,23.529411764705866,-26.470588235294123,2.941176470588225,68.0,95.0,-16.666666666666675,0.12499999999999964,27.27272727272727,-24.242424242424242
AMC15X-064,O:AMC260320C00001500,CALL,1.5,2026-03-20,30,0.0,HOLDOUT,THESIS_PRESSURE,2026-02-20T16:15:00+00:00,2026-02-20T16:00:00+00:00,-19.666666666666664,28,SCORED_WINDOW,,True,3,1771606800000,0.0,-12.49999999999999,0.0,1.0,1.0,0.0,,14.28571428571428,0.0,SCORED_WINDOW,,True,25,1771862400000,0.0,-37.5,-12.49999999999999,1.0,12.0,-12.49999999999999,,14.28571428571428,-28.57142857142857,SCORED_WINDOW,,True,76,1772035200000,0.0,-62.5,-62.5,1.0,70.0,-62.5,,14.28571428571428,-57.14285714285715,SCORED_WINDOW,,True,127,1772208000000,0.0,-75.0,-62.5,1.0,123.0,-62.5,,14.28571428571428,-71.42857142857143,SCORED_WINDOW,,True,254,1772812800000,0.0,-87.5,-62.5,1.0,176.0,-62.5,,14.28571428571428,-85.71428571428572
AMC15X-064,O:AMC260320P00001500,PUT,1.5,2026-03-20,30,0.0,HOLDOUT,THESIS_PRESSURE,2026-02-20T16:15:00+00:00,2026-02-20T16:00:00+00:00,19.666666666666664,28,SCORED_WINDOW,,True,1,1771606800000,0.0,0.0,0.0,1.0,1.0,0.0,,0.0,0.0,SCORED_WINDOW,,True,10,1771862400000,11.111111111111116,0.0,2.77777777777779,7.0,1.0,-7.500000000000007,0.250000000000001,11.111111111111116,0.0,SCORED_WINDOW,,True,21,1772035200000,11.111111111111116,-22.22222222222221,-5.5555555555555465,7.0,16.0,-15.000000000000002,-0.49999999999999895,11.111111111111116,-22.22222222222221,SCORED_WINDOW,,True,34,1772208000000,11.111111111111116,-22.22222222222221,5.555555555555558,7.0,16.0,-5.000000000000004,0.5,11.111111111111116,-22.22222222222221,SCORED_WINDOW,,True,82,1772812800000,13.888888888888884,-22.22222222222221,-2.777777777777779,49.0,16.0,-14.634146341463417,-0.20000000000000015,13.888888888888884,-22.22222222222221
AMC15X-065,O:AMC260320C00001000,CALL,1.0,2026-03-20,14,0.0,HOLDOUT,ENTRY_FORMING,2026-03-05T14:45:00+00:00,2026-03-05T14:30:00+00:00,19.999999999999996,15,SCORED_WINDOW,,True,4,1772724600000,13.043478260869556,-4.34782608695653,-4.34782608695653,2.0,2.0,-15.384615384615385,-0.33333333333333426,18.181818181818187,0.0,SCORED_WINDOW,,True,16,1772807400000,13.043478260869556,-17.391304347826086,-8.695652173913048,2.0,16.0,-19.23076923076924,-0.6666666666666675,18.181818181818187,-13.636363636363635,SCORED_WINDOW,,True,50,1773149400000,13.043478260869556,-43.47826086956522,-43.47826086956522,2.0,32.0,-50.0,-3.3333333333333357,18.181818181818187,-40.90909090909091,SCORED_WINDOW,,True,88,1773322200000,13.043478260869556,-56.52173913043479,-43.47826086956522,2.0,78.0,-50.0,-3.3333333333333357,18.181818181818187,-54.54545454545454,SCORED_WINDOW,,True,186,1773927000000,13.043478260869556,-86.95652173913044,-73.91304347826086,2.0,186.0,-76.92307692307693,-5.6666666666666705,18.181818181818187,-86.36363636363636
AMC15X-065,O:AMC260320P00001000,PUT,1.0,2026-03-20,14,0.0,HOLDOUT,ENTRY_FORMING,2026-03-05T14:45:00+00:00,2026-03-05T14:30:00+00:00,-19.999999999999996,15,UNSCORED_SIGNAL_BAR_ABSENT,,False,,1772724600000,,,,,,,,,,UNSCORED_SIGNAL_BAR_ABSENT,,False,,1772807400000,,,,,,,,,,UNSCORED_SIGNAL_BAR_ABSENT,,False,,1773149400000,,,,,,,,,,UNSCORED_SIGNAL_BAR_ABSENT,,False,,1773322200000,,,,,,,,,,UNSCORED_SIGNAL_BAR_ABSENT,,False,,1773927000000,,,,,,,,,
AMC15X-065,O:AMC260402C00001000,CALL,1.0,2026-04-02,30,0.0,HOLDOUT,ENTRY_FORMING,2026-03-05T14:45:00+00:00,2026-03-05T14:30:00+00:00,19.999999999999996,28,UNSCORED_SIGNAL_BAR_ABSENT,,False,,1772724600000,,,,,,,,,,UNSCORED_SIGNAL_BAR_ABSENT,,False,,1772807400000,,,,,,,,,,UNSCORED_SIGNAL_BAR_ABSENT,,False,,1773149400000,,,,,,,,,,UNSCORED_SIGNAL_BAR_ABSENT,,False,,1773322200000,,,,,,,,,,UNSCORED_SIGNAL_BAR_ABSENT,,False,,1773927000000,,,,,,,,,
AMC15X-065,O:AMC260402P00001000,PUT,1.0,2026-04-02,30,0.0,HOLDOUT,ENTRY_FORMING,2026-03-05T14:45:00+00:00,2026-03-05T14:30:00+00:00,-19.999999999999996,28,SCORED_WINDOW,,True,1,1772724600000,0.0,0.0,0.0,1.0,1.0,0.0,,0.0,0.0,SCORED_WINDOW,,True,4,1772807400000,0.0,-20.000000000000007,0.0,1.0,2.0,0.0,,0.0,-20.000000000000007,SCORED_WINDOW,,True,13,1773149400000,0.0,-20.000000000000007,0.0,1.0,2.0,0.0,,0.0,-20.000000000000007,SCORED_WINDOW,,True,27,1773322200000,40.000000000000014,-20.000000000000007,19.999999999999996,16.0,2.0,-14.285714285714302,0.4999999999999997,40.000000000000014,-20.000000000000007,SCORED_WINDOW,,True,66,1773927000000,40.000000000000014,-60.00000000000001,19.999999999999996,16.0,44.0,-14.285714285714302,0.4999999999999997,40.000000000000014,-60.00000000000001
AMC15X-066,O:AMC260410C00001000,CALL,1.0,2026-04-10,14,0.0,HOLDOUT,RISK_OR_EXHAUSTION,2026-03-30T16:45:00+00:00,2026-03-30T16:30:00+00:00,5.499999999999994,11,SCORED_WINDOW,,True,4,1774891800000,0.0,-45.45454545454546,-36.36363636363635,1.0,3.0,-36.36363636363635,,9.999999999999986,-40.0,SCORED_WINDOW,,True,24,1774974600000,0.0,-54.54545454545454,-36.36363636363635,1.0,13.0,-36.36363636363635,,9.999999999999986,-50.0,SCORED_WINDOW,,True,71,1775147400000,0.0,-63.63636363636363,-27.27272727272727,1.0,48.0,-27.27272727272727,,9.999999999999986,-60.00000000000001,SCORED_WINDOW,,True,123,1775579400000,181.81818181818184,-63.63636363636363,90.90909090909089,96.0,48.0,-32.25806451612904,0.49999999999999983,209.99999999999997,-60.00000000000001,SCORED_RIGHT_CENSORED,CONTRACT_EXPIRY,False,210,1776184200000,,,,,,,,,
AMC15X-066,O:AMC260410P00001000,PUT,1.0,2026-04-10,14,0.0,HOLDOUT,RISK_OR_EXHAUSTION,2026-03-30T16:45:00+00:00,2026-03-30T16:30:00+00:00,-5.499999999999994,11,SCORED_WINDOW,,True,3,1774891800000,0.0,-20.000000000000007,0.0,1.0,1.0,0.0,,0.0,-20.000000000000007,SCORED_WINDOW,,True,21,1774974600000,59.999999999999986,-20.000000000000007,0.0,9.0,1.0,-37.5,0.0,59.999999999999986,-20.000000000000007,SCORED_WINDOW,,True,53,1775147400000,59.999999999999986,-60.00000000000001,-60.00000000000001,9.0,50.0,-75.0,-1.0000000000000004,59.999999999999986,-60.00000000000001,SCORED_WINDOW,,True,99,1775579400000,59.999999999999986,-80.0,-80.0,9.0,55.0,-87.5,-1.3333333333333337,59.999999999999986,-80.0,SCORED_RIGHT_CENSORED,CONTRACT_EXPIRY,False,122,1776184200000,,,,,,,,,
AMC15X-066,O:AMC260501C00001000,CALL,1.0,2026-05-01,30,0.0,HOLDOUT,RISK_OR_EXHAUSTION,2026-03-30T16:45:00+00:00,2026-03-30T16:30:00+00:00,5.499999999999994,32,SCORED_WINDOW,,True,2,1774891800000,27.272727272727295,0.0,9.090909090909083,1.0,1.0,-14.285714285714302,0.33333333333333276,40.000000000000014,9.999999999999986,SCORED_WINDOW,,True,18,1774974600000,27.272727272727295,-18.181818181818187,0.0,1.0,13.0,-21.42857142857143,0.0,40.000000000000014,-10.000000000000009,SCORED_WINDOW,,True,49,1775147400000,27.272727272727295,-27.27272727272727,0.0,1.0,30.0,-21.42857142857143,0.0,40.000000000000014,-20.000000000000007,SCORED_WINDOW,,True,92,1775579400000,190.9090909090909,-27.27272727272727,136.36363636363637,73.0,30.0,-18.75,0.7142857142857143,219.99999999999997,-20.000000000000007,SCORED_WINDOW,,True,173,1776184200000,400.0,-27.27272727272727,390.90909090909093,172.0,30.0,-1.8181818181818188,0.9772727272727273,450.0,-20.000000000000007
AMC15X-066,O:AMC260501P00001000,PUT,1.0,2026-05-01,30,0.0,HOLDOUT,RISK_OR_EXHAUSTION,2026-03-30T16:45:00+00:00,2026-03-30T16:30:00+00:00,-5.499999999999994,32,UNSCORED_NO_POST_SIGNAL_PRINT,,False,0,1774891800000,,,,,,,,,,SCORED_WINDOW,,True,4,1774974600000,33.33333333333333,0.0,11.111111111111116,3.0,1.0,-16.666666666666664,0.33333333333333354,9.090909090909083,-18.181818181818187,SCORED_WINDOW,,True,12,1775147400000,33.33333333333333,-33.333333333333336,-11.111111111111105,3.0,10.0,-33.33333333333333,-0.3333333333333332,9.090909090909083,-45.45454545454546,SCORED_WINDOW,,True,29,1775579400000,33.33333333333333,-77.77777777777779,-66.66666666666667,3.0,13.0,-75.0,-2.0000000000000004,9.090909090909083,-81.81818181818181,SCORED_WINDOW,,True,77,1776184200000,33.33333333333333,-88.88888888888889,-77.77777777777779,3.0,33.0,-83.33333333333333,-2.333333333333334,9.090909090909083,-90.9090909090909
AMC15X-067,O:AMC260417C00001000,CALL,1.0,2026-04-17,14,0.0,HOLDOUT,ENTRY_FORMING,2026-03-31T17:00:00+00:00,2026-03-31T16:45:00+00:00,2.9900000000000038,17,SCORED_WINDOW,,True,3,1774979100000,12.5,0.0,0.0,1.0,1.0,-11.111111111111105,0.0,12.5,0.0,SCORED_WINDOW,,True,18,1775061900000,25.0,-12.49999999999999,0.0,10.0,7.0,-20.000000000000007,0.0,25.0,-12.49999999999999,SCORED_WINDOW,,True,68,1775493900000,300.0,-37.5,237.5,67.0,25.0,-15.625,0.7916666666666666,300.0,-37.5,SCORED_WINDOW,,True,117,1775666700000,400.0,-37.5,275.0,107.0,25.0,-25.00000000000001,0.6875,400.0,-37.5,SCORED_WINDOW,,True,233,1776271500000,675.0,-37.5,650.0,230.0,25.0,-3.2258064516129115,0.9629629629629629,675.0,-37.5
AMC15X-067,O:AMC260417P00001000,PUT,1.0,2026-04-17,14,0.0,HOLDOUT,ENTRY_FORMING,2026-03-31T17:00:00+00:00,2026-03-31T16:45:00+00:00,-2.9900000000000038,17,SCORED_WINDOW,,True,1,1774979100000,0.0,-14.285714285714302,-14.285714285714302,1.0,1.0,-14.285714285714302,,0.0,-14.285714285714302,SCORED_WINDOW,,True,12,1775061900000,14.28571428571428,-42.85714285714286,0.0,4.0,8.0,-12.49999999999999,0.0,14.28571428571428,-42.85714285714286,SCORED_WINDOW,,True,47,1775493900000,14.28571428571428,-85.71428571428572,-71.42857142857143,4.0,34.0,-75.0,-5.000000000000003,14.28571428571428,-85.71428571428572,SCORED_WINDOW,,True,80,1775666700000,14.28571428571428,-85.71428571428572,-85.71428571428572,4.0,34.0,-87.5,-6.0000000000000036,14.28571428571428,-85.71428571428572,SCORED_WINDOW,,True,106,1776271500000,14.28571428571428,-85.71428571428572,-85.71428571428572,4.0,34.0,-87.5,-6.0000000000000036,14.28571428571428,-85.71428571428572
AMC15X-067,O:AMC260501C00001000,CALL,1.0,2026-05-01,30,0.0,HOLDOUT,ENTRY_FORMING,2026-03-31T17:00:00+00:00,2026-03-31T16:45:00+00:00,2.9900000000000038,31,SCORED_WINDOW,,True,3,1774979100000,0.0,0.0,0.0,1.0,1.0,0.0,,-8.333333333333325,-8.333333333333325,SCORED_WINDOW,,True,18,1775061900000,18.181818181818187,-27.27272727272727,-18.181818181818187,12.0,11.0,-30.76923076923077,-1.0,8.333333333333348,-33.33333333333333,SCORED_WINDOW,,True,54,1775493900000,190.9090909090909,-27.27272727272727,172.72727272727272,54.0,11.0,-6.25,0.9047619047619048,166.66666666666669,-33.33333333333333,SCORED_WINDOW,,True,90,1775666700000,263.6363636363637,-27.27272727272727,209.09090909090912,83.0,11.0,-15.000000000000002,0.7931034482758621,233.33333333333334,-33.33333333333333,SCORED_WINDOW,,True,168,1776271500000,472.72727272727275,-27.27272727272727,472.72727272727275,168.0,11.0,0.0,1.0,425.0,-33.33333333333333
AMC15X-067,O:AMC260501P00001000,PUT,1.0,2026-05-01,30,0.0,HOLDOUT,ENTRY_FORMING,2026-03-31T17:00:00+00:00,2026-03-31T16:45:00+00:00,-2.9900000000000038,31,UNSCORED_SIGNAL_BAR_ABSENT,,False,,1774979100000,,,,,,,,,,UNSCORED_SIGNAL_BAR_ABSENT,,False,,1775061900000,,,,,,,,,,UNSCORED_SIGNAL_BAR_ABSENT,,False,,1775493900000,,,,,,,,,,UNSCORED_SIGNAL_BAR_ABSENT,,False,,1775666700000,,,,,,,,,,UNSCORED_SIGNAL_BAR_ABSENT,,False,,1776271500000,,,,,,,,,
AMC15X-068,O:AMC260424C00001500,CALL,1.5,2026-04-24,14,0.0,HOLDOUT,RISK_OR_EXHAUSTION,2026-04-08T14:00:00+00:00,2026-04-08T13:45:00+00:00,-11.179999999999996,16,SCORED_WINDOW,,True,4,1775659500000,66.66666666666667,0.0,16.666666666666675,2.0,1.0,-29.999999999999993,0.2500000000000001,42.85714285714286,-14.285714285714302,SCORED_WINDOW,,True,26,1775742300000,66.66666666666667,-16.666666666666664,0.0,2.0,7.0,-40.0,0.0,42.85714285714286,-28.57142857142857,SCORED_WINDOW,,True,77,1776087900000,66.66666666666667,-33.33333333333333,-16.666666666666664,2.0,76.0,-50.0,-0.24999999999999994,42.85714285714286,-42.85714285714286,SCORED_WINDOW,,True,129,1776260700000,133.33333333333334,-33.33333333333333,66.66666666666667,128.0,76.0,-28.57142857142857,0.5,100.0,-42.85714285714286,SCORED_WINDOW,,True,260,1776865500000,683.3333333333333,-33.33333333333333,366.6666666666667,191.0,76.0,-40.42553191489361,0.5365853658536586,571.4285714285713,-42.85714285714286
AMC15X-068,O:AMC260424P00001500,PUT,1.5,2026-04-24,14,0.0,HOLDOUT,RISK_OR_EXHAUSTION,2026-04-08T14:00:00+00:00,2026-04-08T13:45:00+00:00,11.179999999999996,16,UNSCORED_SIGNAL_BAR_ABSENT,,False,,1775659500000,,,,,,,,,,UNSCORED_SIGNAL_BAR_ABSENT,,False,,1775742300000,,,,,,,,,,UNSCORED_SIGNAL_BAR_ABSENT,,False,,1776087900000,,,,,,,,,,UNSCORED_SIGNAL_BAR_ABSENT,,False,,1776260700000,,,,,,,,,,UNSCORED_SIGNAL_BAR_ABSENT,,False,,1776865500000,,,,,,,,,
AMC15X-068,O:AMC260508C00001500,CALL,1.5,2026-05-08,30,0.0,HOLDOUT,RISK_OR_EXHAUSTION,2026-04-08T14:00:00+00:00,2026-04-08T13:45:00+00:00,-11.179999999999996,30,SCORED_WINDOW,,True,4,1775659500000,25.0,-8.333333333333325,8.333333333333348,1.0,3.0,-13.33333333333333,0.3333333333333339,25.0,-8.333333333333325,SCORED_WINDOW,,True,19,1775742300000,25.0,-25.0,-25.0,1.0,8.0,-40.0,-1.0,25.0,-25.0,SCORED_WINDOW,,True,54,1776087900000,100.0,-50.0,-8.333333333333325,53.0,53.0,-54.166666666666664,-0.08333333333333325,100.0,-50.0,SCORED_WINDOW,,True,99,1776260700000,108.33333333333334,-50.0,25.0,85.0,53.0,-40.0,0.23076923076923075,108.33333333333334,-50.0,SCORED_WINDOW,,True,207,1776865500000,341.6666666666667,-50.0,183.33333333333334,145.0,53.0,-35.84905660377359,0.5365853658536586,341.6666666666667,-50.0
AMC15X-068,O:AMC260508P00001500,PUT,1.5,2026-05-08,30,0.0,HOLDOUT,RISK_OR_EXHAUSTION,2026-04-08T14:00:00+00:00,2026-04-08T13:45:00+00:00,11.179999999999996,30,SCORED_WINDOW,,True,2,1775659500000,7.692307692307709,-3.8461538461538547,-3.8461538461538547,2.0,2.0,-10.71428571428572,-0.5,0.0,-10.71428571428572,SCORED_WINDOW,,True,5,1775742300000,46.153846153846146,-3.8461538461538547,46.153846153846146,5.0,2.0,0.0,1.0,35.7142857142857,-10.71428571428572,SCORED_WINDOW,,True,13,1776087900000,46.153846153846146,-15.384615384615385,-7.692307692307699,5.0,7.0,-36.8421052631579,-0.16666666666666682,35.7142857142857,-21.42857142857143,SCORED_WINDOW,,True,25,1776260700000,46.153846153846146,-46.153846153846146,-38.46153846153846,5.0,16.0,-57.89473684210527,-0.8333333333333335,35.7142857142857,-50.0,SCORED_WINDOW,,True,107,1776865500000,46.153846153846146,-76.92307692307693,-69.23076923076923,5.0,52.0,-78.94736842105263,-1.5000000000000002,35.7142857142857,-78.57142857142858
AMC15X-069,O:AMC260501C00001500,CALL,1.5,2026-05-01,14,0.0,HOLDOUT,ENTRY_FORMING,2026-04-14T20:00:00+00:00,2026-04-14T19:45:00+00:00,2.42,17,SCORED_WINDOW,,True,4,1776262500000,33.33333333333335,-33.33333333333333,-13.33333333333333,1.0,3.0,-35.0,-0.3999999999999997,53.846153846153854,-23.076923076923073,SCORED_WINDOW,,True,26,1776282300000,53.33333333333334,-33.33333333333333,53.33333333333334,25.0,3.0,0.0,1.0,76.92307692307692,-23.076923076923073,SCORED_WINDOW,,True,78,1776455100000,226.66666666666666,-33.33333333333333,173.33333333333334,72.0,3.0,-16.326530612244905,0.7647058823529412,276.9230769230769,-23.076923076923073,SCORED_WINDOW,,True,129,1776800700000,226.66666666666666,-33.33333333333333,46.66666666666668,72.0,3.0,-55.10204081632652,0.20588235294117654,276.9230769230769,-23.076923076923073,SCORED_WINDOW,,True,255,1777405500000,226.66666666666666,-40.0,-6.666666666666654,72.0,247.0,-71.42857142857142,-0.029411764705882297,276.9230769230769,-30.76923076923077
AMC15X-069,O:AMC260501P00001500,PUT,1.5,2026-05-01,14,0.0,HOLDOUT,ENTRY_FORMING,2026-04-14T20:00:00+00:00,2026-04-14T19:45:00+00:00,-2.42,17,SCORED_WINDOW,,True,4,1776262500000,70.0,-10.000000000000009,9.999999999999986,3.0,1.0,-35.29411764705883,0.14285714285714265,54.54545454545456,-18.181818181818187,SCORED_WINDOW,,True,23,1776282300000,70.0,-40.0,-29.999999999999993,3.0,22.0,-58.823529411764696,-0.4285714285714285,54.54545454545456,-45.45454545454546,SCORED_WINDOW,,True,66,1776455100000,70.0,-70.0,-50.0,3.0,45.0,-70.58823529411764,-0.7142857142857143,54.54545454545456,-72.72727272727273,SCORED_WINDOW,,True,114,1776800700000,70.0,-70.0,-50.0,3.0,45.0,-70.58823529411764,-0.7142857142857143,54.54545454545456,-72.72727272727273,SCORED_WINDOW,,True,228,1777405500000,70.0,-90.0,-90.0,3.0,183.0,-94.11764705882352,-1.2857142857142858,54.54545454545456,-90.9090909090909
AMC15X-069,O:AMC260515C00001500,CALL,1.5,2026-05-15,30,0.0,HOLDOUT,ENTRY_FORMING,2026-04-14T20:00:00+00:00,2026-04-14T19:45:00+00:00,2.42,31,SCORED_WINDOW,,True,4,1776262500000,0.0,-27.27272727272727,-13.636363636363635,1.0,3.0,-13.636363636363635,,15.789473684210531,-15.789473684210531,SCORED_WINDOW,,True,25,1776282300000,36.36363636363635,-27.27272727272727,31.818181818181813,25.0,3.0,-3.3333333333333326,0.8750000000000001,57.89473684210527,-15.789473684210531,SCORED_WINDOW,,True,74,1776455100000,154.5454545454546,-27.27272727272727,118.18181818181816,60.0,3.0,-14.285714285714302,0.7647058823529408,194.73684210526318,-15.789473684210531,SCORED_WINDOW,,True,123,1776800700000,154.5454545454546,-27.27272727272727,40.90909090909092,60.0,3.0,-44.64285714285715,0.2647058823529412,194.73684210526318,-15.789473684210531,SCORED_WINDOW,,True,238,1777405500000,154.5454545454546,-27.27272727272727,-4.545454545454552,60.0,3.0,-62.5,-0.029411764705882387,194.73684210526318,-15.789473684210531
AMC15X-069,O:AMC260515P00001500,PUT,1.5,2026-05-15,30,0.0,HOLDOUT,ENTRY_FORMING,2026-04-14T20:00:00+00:00,2026-04-14T19:45:00+00:00,-2.42,31,UNSCORED_SIGNAL_BAR_ABSENT,,False,,1776262500000,,,,,,,,,,UNSCORED_SIGNAL_BAR_ABSENT,,False,,1776282300000,,,,,,,,,,UNSCORED_SIGNAL_BAR_ABSENT,,False,,1776455100000,,,,,,,,,,UNSCORED_SIGNAL_BAR_ABSENT,,False,,1776800700000,,,,,,,,,,UNSCORED_SIGNAL_BAR_ABSENT,,False,,1777405500000,,,,,,,,,
AMC15X-070,O:AMC260501C00001500,CALL,1.5,2026-05-01,14,0.0,HOLDOUT,CONTINUATION,2026-04-15T15:45:00+00:00,2026-04-15T15:30:00+00:00,5.3333333333333375,16,SCORED_WINDOW,,True,4,1776270600000,25.0,0.0,18.75,3.0,1.0,-5.000000000000004,0.75,33.33333333333335,6.666666666666665,SCORED_WINDOW,,True,26,1776353400000,93.75,-6.25,12.5,18.0,10.0,-41.93548387096775,0.13333333333333333,106.66666666666669,0.0,SCORED_WINDOW,,True,78,1776699000000,206.25,-18.75,118.75,63.0,32.0,-28.57142857142857,0.5757575757575758,226.66666666666666,-13.33333333333333,SCORED_WINDOW,,True,129,1776871800000,206.25,-18.75,62.5,63.0,32.0,-46.93877551020408,0.30303030303030304,226.66666666666666,-13.33333333333333,SCORED_WINDOW,,True,255,1777476600000,206.25,-68.75,-50.0,63.0,249.0,-83.6734693877551,-0.24242424242424243,226.66666666666666,-66.66666666666666
AMC15X-070,O:AMC260501P00001500,PUT,1.5,2026-05-01,14,0.0,HOLDOUT,CONTINUATION,2026-04-15T15:45:00+00:00,2026-04-15T15:30:00+00:00,-5.3333333333333375,16,SCORED_WINDOW,,True,4,1776270600000,0.0,-12.49999999999999,0.0,1.0,2.0,0.0,,-11.111111111111105,-22.22222222222221,SCORED_WINDOW,,True,21,1776353400000,12.5,-25.0,-12.49999999999999,9.0,13.0,-22.22222222222221,-0.9999999999999991,0.0,-33.333333333333336,SCORED_WINDOW,,True,66,1776699000000,25.0,-62.5,-25.0,28.0,36.0,-40.0,-1.0,11.111111111111116,-66.66666666666667,SCORED_WINDOW,,True,114,1776871800000,25.0,-75.0,-50.0,28.0,106.0,-60.00000000000001,-2.0,11.111111111111116,-77.77777777777779,SCORED_WINDOW,,True,228,1777476600000,25.0,-87.5,-62.5,28.0,174.0,-70.0,-2.5,11.111111111111116,-88.88888888888889
AMC15X-070,O:AMC260515C00001500,CALL,1.5,2026-05-15,30,0.0,HOLDOUT,CONTINUATION,2026-04-15T15:45:00+00:00,2026-04-15T15:30:00+00:00,5.3333333333333375,30,SCORED_WINDOW,,True,4,1776270600000,18.181818181818187,0.0,13.636363636363647,3.0,1.0,-3.8461538461538547,0.7500000000000004,18.181818181818187,0.0,SCORED_WINDOW,,True,23,1776353400000,36.36363636363635,-9.090909090909083,13.636363636363647,16.0,10.0,-16.666666666666664,0.3750000000000004,36.36363636363635,-9.090909090909083,SCORED_WINDOW,,True,74,1776699000000,154.5454545454546,-9.090909090909083,72.72727272727273,51.0,10.0,-32.14285714285715,0.47058823529411753,154.5454545454546,-9.090909090909083,SCORED_WINDOW,,True,122,1776871800000,154.5454545454546,-9.090909090909083,59.09090909090908,51.0,10.0,-37.500000000000014,0.3823529411764704,154.5454545454546,-9.090909090909083,SCORED_WINDOW,,True,237,1777476600000,154.5454545454546,-40.90909090909091,-22.72727272727272,51.0,234.0,-69.64285714285714,-0.1470588235294117,154.5454545454546,-40.90909090909091
AMC15X-070,O:AMC260515P00001500,PUT,1.5,2026-05-15,30,0.0,HOLDOUT,CONTINUATION,2026-04-15T15:45:00+00:00,2026-04-15T15:30:00+00:00,-5.3333333333333375,30,SCORED_WINDOW,,True,3,1776270600000,0.0,-14.285714285714302,-7.142857142857151,1.0,3.0,-7.142857142857151,,-6.666666666666654,-19.999999999999996,SCORED_WINDOW,,True,16,1776353400000,7.14285714285714,-14.285714285714302,-7.142857142857151,7.0,3.0,-13.33333333333333,-1.0000000000000016,0.0,-19.999999999999996,SCORED_WINDOW,,True,51,1776699000000,14.28571428571428,-42.85714285714286,-14.285714285714302,20.0,27.0,-25.0,-1.0000000000000016,6.666666666666665,-46.666666666666664,SCORED_WINDOW,,True,89,1776871800000,14.28571428571428,-42.85714285714286,-14.285714285714302,20.0,27.0,-25.0,-1.0000000000000016,6.666666666666665,-46.666666666666664,SCORED_WINDOW,,True,152,1777476600000,14.28571428571428,-57.14285714285715,-21.42857142857143,20.0,144.0,-31.25,-1.5000000000000009,6.666666666666665,-60.0
AMC15X-071,O:AMC260508C00001500,CALL,1.5,2026-05-08,14,0.0,HOLDOUT,THESIS_PRESSURE,2026-04-21T15:30:00+00:00,2026-04-21T15:15:00+00:00,11.999999999999995,17,UNSCORED_SIGNAL_BAR_ABSENT,,False,,1776788100000,,,,,,,,,,UNSCORED_SIGNAL_BAR_ABSENT,,False,,1776870900000,,,,,,,,,,UNSCORED_SIGNAL_BAR_ABSENT,,False,,1777043700000,,,,,,,,,,UNSCORED_SIGNAL_BAR_ABSENT,,False,,1777389300000,,,,,,,,,,UNSCORED_SIGNAL_BAR_ABSENT,,False,,1777994100000,,,,,,,,,
AMC15X-071,O:AMC260508P00001500,PUT,1.5,2026-05-08,14,0.0,HOLDOUT,THESIS_PRESSURE,2026-04-21T15:30:00+00:00,2026-04-21T15:15:00+00:00,-11.999999999999995,17,SCORED_WINDOW,,True,4,1776788100000,11.111111111111116,0.0,11.111111111111116,2.0,1.0,0.0,1.0,11.111111111111116,0.0,SCORED_WINDOW,,True,21,1776870900000,11.111111111111116,-22.22222222222221,-11.111111111111105,2.0,14.0,-20.000000000000007,-0.999999999999999,11.111111111111116,-22.22222222222221,SCORED_WINDOW,,True,54,1777043700000,22.222222222222232,-22.22222222222221,0.0,49.0,14.0,-18.181818181818187,0.0,22.222222222222232,-22.22222222222221,SCORED_WINDOW,,True,87,1777389300000,22.222222222222232,-33.333333333333336,0.0,49.0,67.0,-18.181818181818187,0.0,22.222222222222232,-33.333333333333336,SCORED_WINDOW,,True,206,1777994100000,77.77777777777779,-33.333333333333336,11.111111111111116,163.0,67.0,-37.5,0.1428571428571429,77.77777777777779,-33.333333333333336
AMC15X-071,O:AMC260522C00001500,CALL,1.5,2026-05-22,30,0.0,HOLDOUT,THESIS_PRESSURE,2026-04-21T15:30:00+00:00,2026-04-21T15:15:00+00:00,11.999999999999995,31,SCORED_WINDOW,,True,4,1776788100000,0.0,-23.529411764705888,-5.882352941176472,1.0,2.0,-5.882352941176472,,6.25,-18.75,SCORED_WINDOW,,True,13,1776870900000,23.529411764705866,-23.529411764705888,2.941176470588225,10.0,2.0,-16.666666666666675,0.12499999999999964,31.25,-18.75,SCORED_WINDOW,,True,48,1777043700000,23.529411764705866,-55.88235294117647,-29.41176470588236,10.0,45.0,-42.85714285714286,-1.250000000000001,31.25,-53.125,SCORED_WINDOW,,True,76,1777389300000,23.529411764705866,-55.88235294117647,-17.647058823529406,10.0,45.0,-33.33333333333333,-0.7500000000000002,31.25,-53.125,SCORED_WINDOW,,True,165,1777994100000,23.529411764705866,-67.64705882352942,-50.0,10.0,148.0,-59.52380952380951,-2.1250000000000013,31.25,-65.625
AMC15X-071,O:AMC260522P00001500,PUT,1.5,2026-05-22,30,0.0,HOLDOUT,THESIS_PRESSURE,2026-04-21T15:30:00+00:00,2026-04-21T15:15:00+00:00,-11.999999999999995,31,SCORED_WINDOW,,True,1,1776788100000,0.0,0.0,0.0,1.0,1.0,0.0,,27.272727272727295,27.272727272727295,SCORED_WINDOW,,True,7,1776870900000,0.0,-14.285714285714302,-14.285714285714302,1.0,4.0,-14.285714285714302,,27.272727272727295,9.090909090909083,SCORED_WINDOW,,True,19,1777043700000,7.14285714285714,-14.285714285714302,-7.142857142857151,16.0,4.0,-13.33333333333333,-1.0000000000000016,36.36363636363635,9.090909090909083,SCORED_WINDOW,,True,29,1777389300000,21.42857142857142,-28.57142857142857,0.0,28.0,27.0,-17.647058823529406,0.0,54.54545454545456,-9.090909090909083,SCORED_WINDOW,,True,79,1777994100000,42.85714285714286,-35.71428571428572,0.0,75.0,64.0,-29.999999999999993,0.0,81.81818181818184,-18.181818181818187
AMC15X-072,O:AMC260515C00001500,CALL,1.5,2026-05-15,14,0.0,HOLDOUT,THESIS_PRESSURE,2026-04-29T16:00:00+00:00,2026-04-29T15:45:00+00:00,2.0000000000000018,16,UNSCORED_SIGNAL_BAR_ABSENT,,False,,1777481100000,,,,,,,,,,UNSCORED_SIGNAL_BAR_ABSENT,,False,,1777563900000,,,,,,,,,,UNSCORED_SIGNAL_BAR_ABSENT,,False,,1777909500000,,,,,,,,,,UNSCORED_SIGNAL_BAR_ABSENT,,False,,1778082300000,,,,,,,,,,UNSCORED_SIGNAL_BAR_ABSENT,,False,,1778687100000,,,,,,,,,
AMC15X-072,O:AMC260515P00001500,PUT,1.5,2026-05-15,14,0.0,HOLDOUT,THESIS_PRESSURE,2026-04-29T16:00:00+00:00,2026-04-29T15:45:00+00:00,-2.0000000000000018,16,SCORED_WINDOW,,True,2,1777481100000,0.0,-8.333333333333325,-8.333333333333325,1.0,2.0,-8.333333333333325,,9.090909090909083,0.0,SCORED_WINDOW,,True,9,1777563900000,8.333333333333348,-8.333333333333325,8.333333333333348,7.0,2.0,0.0,1.0,18.181818181818187,0.0,SCORED_WINDOW,,True,46,1777909500000,33.33333333333335,-25.0,16.666666666666675,19.0,38.0,-12.49999999999999,0.5,45.45454545454546,-18.181818181818187,SCORED_WINDOW,,True,90,1778082300000,50.0,-66.66666666666666,-66.66666666666666,55.0,82.0,-77.77777777777779,-1.333333333333333,63.636363636363626,-63.63636363636363,SCORED_WINDOW,,True,205,1778687100000,58.33333333333335,-75.0,25.0,197.0,93.0,-21.052631578947366,0.42857142857142844,72.72727272727273,-72.72727272727273
AMC15X-072,O:AMC260529C00001500,CALL,1.5,2026-05-29,30,0.0,HOLDOUT,THESIS_PRESSURE,2026-04-29T16:00:00+00:00,2026-04-29T15:45:00+00:00,2.0000000000000018,30,UNSCORED_SIGNAL_BAR_ABSENT,,False,,1777481100000,,,,,,,,,,UNSCORED_SIGNAL_BAR_ABSENT,,False,,1777563900000,,,,,,,,,,UNSCORED_SIGNAL_BAR_ABSENT,,False,,1777909500000,,,,,,,,,,UNSCORED_SIGNAL_BAR_ABSENT,,False,,1778082300000,,,,,,,,,,UNSCORED_SIGNAL_BAR_ABSENT,,False,,1778687100000,,,,,,,,,
AMC15X-072,O:AMC260529P00001500,PUT,1.5,2026-05-29,30,0.0,HOLDOUT,THESIS_PRESSURE,2026-04-29T16:00:00+00:00,2026-04-29T15:45:00+00:00,-2.0000000000000018,30,UNSCORED_SIGNAL_BAR_ABSENT,,False,,1777481100000,,,,,,,,,,UNSCORED_SIGNAL_BAR_ABSENT,,False,,1777563900000,,,,,,,,,,UNSCORED_SIGNAL_BAR_ABSENT,,False,,1777909500000,,,,,,,,,,UNSCORED_SIGNAL_BAR_ABSENT,,False,,1778082300000,,,,,,,,,,UNSCORED_SIGNAL_BAR_ABSENT,,False,,1778687100000,,,,,,,,,
AMC15X-073,O:AMC260515C00001500,CALL,1.5,2026-05-15,14,0.0,HOLDOUT,CONTINUATION,2026-04-29T18:00:00+00:00,2026-04-29T17:45:00+00:00,3.9933333333333376,16,SCORED_WINDOW,,True,2,1777488300000,5.88235294117645,0.0,0.0,1.0,1.0,-5.5555555555555465,0.0,5.88235294117645,0.0,SCORED_WINDOW,,True,18,1777571100000,11.764705882352944,-17.647058823529406,-5.882352941176472,4.0,7.0,-15.789473684210531,-0.5,11.764705882352944,-17.647058823529406,SCORED_WINDOW,,True,69,1777916700000,17.647058823529417,-41.17647058823529,-41.17647058823529,53.0,39.0,-50.0,-2.3333333333333326,17.647058823529417,-41.17647058823529,SCORED_WINDOW,,True,120,1778089500000,70.58823529411762,-41.17647058823529,17.647058823529417,103.0,39.0,-31.034482758620683,0.25000000000000017,70.58823529411762,-41.17647058823529,SCORED_WINDOW,,True,249,1778694300000,70.58823529411762,-94.11764705882352,-94.11764705882352,103.0,220.0,-96.55172413793103,-1.3333333333333337,70.58823529411762,-94.11764705882352
AMC15X-073,O:AMC260515P00001500,PUT,1.5,2026-05-15,14,0.0,HOLDOUT,CONTINUATION,2026-04-29T18:00:00+00:00,2026-04-29T17:45:00+00:00,-3.9933333333333376,16,UNSCORED_SIGNAL_BAR_ABSENT,,False,,1777488300000,,,,,,,,,,UNSCORED_SIGNAL_BAR_ABSENT,,False,,1777571100000,,,,,,,,,,UNSCORED_SIGNAL_BAR_ABSENT,,False,,1777916700000,,,,,,,,,,UNSCORED_SIGNAL_BAR_ABSENT,,False,,1778089500000,,,,,,,,,,UNSCORED_SIGNAL_BAR_ABSENT,,False,,1778694300000,,,,,,,,,
AMC15X-073,O:AMC260529C00001500,CALL,1.5,2026-05-29,30,0.0,HOLDOUT,CONTINUATION,2026-04-29T18:00:00+00:00,2026-04-29T17:45:00+00:00,3.9933333333333376,30,UNSCORED_SIGNAL_BAR_ABSENT,,False,,1777488300000,,,,,,,,,,UNSCORED_SIGNAL_BAR_ABSENT,,False,,1777571100000,,,,,,,,,,UNSCORED_SIGNAL_BAR_ABSENT,,False,,1777916700000,,,,,,,,,,UNSCORED_SIGNAL_BAR_ABSENT,,False,,1778089500000,,,,,,,,,,UNSCORED_SIGNAL_BAR_ABSENT,,False,,1778694300000,,,,,,,,,
AMC15X-073,O:AMC260529P00001500,PUT,1.5,2026-05-29,30,0.0,HOLDOUT,CONTINUATION,2026-04-29T18:00:00+00:00,2026-04-29T17:45:00+00:00,-3.9933333333333376,30,SCORED_WINDOW,,True,2,1777488300000,0.0,-7.142857142857151,-7.142857142857151,1.0,2.0,-7.142857142857151,,0.0,-7.142857142857151,SCORED_WINDOW,,True,8,1777571100000,21.42857142857142,-7.142857142857151,7.14285714285714,5.0,2.0,-11.764705882352954,0.3333333333333333,21.42857142857142,-7.142857142857151,SCORED_WINDOW,,True,34,1777916700000,57.14285714285714,-7.142857142857151,42.85714285714286,24.0,2.0,-9.090909090909083,0.7500000000000001,57.14285714285714,-7.142857142857151,SCORED_WINDOW,,True,56,1778089500000,57.14285714285714,-50.0,-50.0,24.0,53.0,-68.18181818181817,-0.8750000000000001,57.14285714285714,-50.0,SCORED_WINDOW,,True,122,1778694300000,64.28571428571428,-50.0,35.7142857142857,111.0,53.0,-17.391304347826086,0.5555555555555555,64.28571428571428,-50.0
AMC15X-074,O:AMC260522C00001500,CALL,1.5,2026-05-22,14,0.0,HOLDOUT,RISK_OR_EXHAUSTION,2026-05-05T19:00:00+00:00,2026-05-05T18:45:00+00:00,7.979999999999994,17,SCORED_WINDOW,,True,4,1778010300000,19.999999999999996,0.0,9.999999999999986,4.0,1.0,-8.333333333333325,0.4999999999999994,14.28571428571428,-4.761904761904756,SCORED_WINDOW,,True,23,1778093100000,49.99999999999998,-10.000000000000009,14.999999999999991,5.0,11.0,-23.33333333333333,0.29999999999999993,42.85714285714286,-14.28571428571429,SCORED_WINDOW,,True,63,1778265900000,49.99999999999998,-60.00000000000001,-45.00000000000001,5.0,61.0,-63.33333333333333,-0.9000000000000006,42.85714285714286,-61.904761904761905,SCORED_WINDOW,,True,114,1778611500000,49.99999999999998,-80.0,-80.0,5.0,96.0,-86.66666666666667,-1.6000000000000008,42.85714285714286,-80.95238095238095,SCORED_WINDOW,,True,241,1779216300000,49.99999999999998,-95.0,-90.0,5.0,119.0,-93.33333333333333,-1.8000000000000007,42.85714285714286,-95.23809523809523
AMC15X-074,O:AMC260522P00001500,PUT,1.5,2026-05-22,14,0.0,HOLDOUT,RISK_OR_EXHAUSTION,2026-05-05T19:00:00+00:00,2026-05-05T18:45:00+00:00,-7.979999999999994,17,UNSCORED_SIGNAL_BAR_ABSENT,,False,,1778010300000,,,,,,,,,,UNSCORED_SIGNAL_BAR_ABSENT,,False,,1778093100000,,,,,,,,,,UNSCORED_SIGNAL_BAR_ABSENT,,False,,1778265900000,,,,,,,,,,UNSCORED_SIGNAL_BAR_ABSENT,,False,,1778611500000,,,,,,,,,,UNSCORED_SIGNAL_BAR_ABSENT,,False,,1779216300000,,,,,,,,,
AMC15X-075,O:AMC260529C00001500,CALL,1.5,2026-05-29,14,0.0,HOLDOUT,ENTRY_FORMING,2026-05-14T16:15:00+00:00,2026-05-14T16:00:00+00:00,-8.333333333333332,15,SCORED_WINDOW,,True,4,1778778000000,16.666666666666675,-16.666666666666664,-16.666666666666664,2.0,4.0,-28.57142857142857,-0.9999999999999993,0.0,-28.57142857142857,SCORED_WINDOW,,True,23,1778860800000,16.666666666666675,-50.0,-50.0,2.0,16.0,-57.14285714285715,-2.9999999999999987,0.0,-57.14285714285715,SCORED_WINDOW,,True,72,1779206400000,33.33333333333335,-66.66666666666666,-33.33333333333333,66.0,36.0,-50.0,-0.9999999999999993,14.28571428571428,-71.42857142857143,SCORED_WINDOW,,True,125,1779379200000,150.0,-66.66666666666666,50.0,96.0,36.0,-40.0,0.3333333333333333,114.28571428571428,-71.42857142857143,SCORED_WINDOW,,True,255,1780070400000,266.6666666666667,-66.66666666666666,183.33333333333334,253.0,36.0,-22.72727272727272,0.6875,214.28571428571428,-71.42857142857143
AMC15X-075,O:AMC260529P00001500,PUT,1.5,2026-05-29,14,0.0,HOLDOUT,ENTRY_FORMING,2026-05-14T16:15:00+00:00,2026-05-14T16:00:00+00:00,8.333333333333332,15,UNSCORED_SIGNAL_BAR_ABSENT,,False,,1778778000000,,,,,,,,,,UNSCORED_SIGNAL_BAR_ABSENT,,False,,1778860800000,,,,,,,,,,UNSCORED_SIGNAL_BAR_ABSENT,,False,,1779206400000,,,,,,,,,,UNSCORED_SIGNAL_BAR_ABSENT,,False,,1779379200000,,,,,,,,,,UNSCORED_SIGNAL_BAR_ABSENT,,False,,1780070400000,,,,,,,,,
AMC15X-076,O:AMC260618C00001500,CALL,1.5,2026-06-18,30,0.0,HOLDOUT,ENTRY_FORMING,2026-05-21T20:00:00+00:00,2026-05-21T19:45:00+00:00,4.0000000000000036,28,SCORED_WINDOW,,True,4,1779459300000,30.000000000000004,-10.000000000000009,-10.000000000000009,1.0,1.0,-30.76923076923077,-0.3333333333333336,44.444444444444464,0.0,SCORED_WINDOW,,True,26,1779479100000,30.000000000000004,-20.000000000000007,-10.000000000000009,1.0,24.0,-30.76923076923077,-0.3333333333333336,44.444444444444464,-11.111111111111105,SCORED_WINDOW,,True,78,1779911100000,30.000000000000004,-25.00000000000001,-10.000000000000009,1.0,53.0,-30.76923076923077,-0.3333333333333336,44.444444444444464,-16.666666666666664,SCORED_WINDOW,,True,130,1780083900000,70.0,-25.00000000000001,40.000000000000014,123.0,53.0,-17.647058823529406,0.5714285714285716,88.8888888888889,-16.666666666666664,SCORED_WINDOW,,True,258,1780688700000,265.0,-25.00000000000001,59.999999999999986,153.0,53.0,-56.16438356164384,0.2264150943396226,305.55555555555554,-16.666666666666664
AMC15X-076,O:AMC260618P00001500,PUT,1.5,2026-06-18,30,0.0,HOLDOUT,ENTRY_FORMING,2026-05-21T20:00:00+00:00,2026-05-21T19:45:00+00:00,-4.0000000000000036,28,UNSCORED_SIGNAL_BAR_ABSENT,,False,,1779459300000,,,,,,,,,,UNSCORED_SIGNAL_BAR_ABSENT,,False,,1779479100000,,,,,,,,,,UNSCORED_SIGNAL_BAR_ABSENT,,False,,1779911100000,,,,,,,,,,UNSCORED_SIGNAL_BAR_ABSENT,,False,,1780083900000,,,,,,,,,,UNSCORED_SIGNAL_BAR_ABSENT,,False,,1780688700000,,,,,,,,,
AMC15X-079,O:AMC260618C00002000,CALL,2.0,2026-06-18,14,0.0,HOLDOUT,RISK_OR_EXHAUSTION,2026-06-01T18:15:00+00:00,2026-06-01T18:00:00+00:00,1.2699999999999934,17,SCORED_WINDOW,,True,4,1780340400000,66.66666666666667,-4.1666666666666625,37.50000000000002,4.0,1.0,-17.500000000000004,0.5625000000000003,60.00000000000001,-7.9999999999999964,SCORED_WINDOW,,True,26,1780423200000,66.66666666666667,-37.5,-16.666666666666664,4.0,21.0,-50.0,-0.24999999999999994,60.00000000000001,-40.0,SCORED_WINDOW,,True,78,1780596000000,66.66666666666667,-62.5,-8.333333333333325,4.0,34.0,-45.00000000000001,-0.12499999999999986,60.00000000000001,-64.0,SCORED_WINDOW,,True,130,1780941600000,66.66666666666667,-62.5,-50.0,4.0,34.0,-70.0,-0.75,60.00000000000001,-64.0,SCORED_WINDOW,,True,260,1781546400000,95.83333333333333,-62.5,25.0,243.0,34.0,-36.170212765957444,0.2608695652173913,87.99999999999999,-64.0
AMC15X-079,O:AMC260618P00002000,PUT,2.0,2026-06-18,14,0.0,HOLDOUT,RISK_OR_EXHAUSTION,2026-06-01T18:15:00+00:00,2026-06-01T18:00:00+00:00,-1.2699999999999934,17,SCORED_WINDOW,,True,4,1780340400000,4.999999999999982,-15.000000000000002,0.0,1.0,2.0,-4.761904761904756,0.0,0.0,-19.047619047619037,SCORED_WINDOW,,True,26,1780423200000,25.0,-15.000000000000002,-5.000000000000004,8.0,2.0,-24.0,-0.20000000000000018,19.047619047619047,-19.047619047619037,SCORED_WINDOW,,True,77,1780596000000,49.99999999999998,-25.00000000000001,19.999999999999996,61.0,33.0,-19.999999999999996,0.4000000000000001,42.85714285714286,-28.57142857142857,SCORED_WINDOW,,True,123,1780941600000,79.99999999999999,-25.00000000000001,40.000000000000014,98.0,33.0,-22.22222222222221,0.5000000000000002,71.42857142857142,-28.57142857142857,SCORED_WINDOW,,True,251,1781546400000,79.99999999999999,-95.0,-95.0,98.0,233.0,-97.22222222222221,-1.1875000000000002,71.42857142857142,-95.23809523809523
AMC15X-081,O:AMC260717C00002500,CALL,2.5,2026-07-17,30,0.0,HOLDOUT,CONTINUATION,2026-06-16T18:15:00+00:00,2026-06-16T18:00:00+00:00,-1.4000000000000057,31,SCORED_WINDOW,,True,4,1781636400000,13.333333333333353,-3.3333333333333326,6.666666666666665,3.0,2.0,-5.882352941176472,0.4999999999999991,13.333333333333353,-3.3333333333333326,SCORED_WINDOW,,True,26,1781719200000,89.99999999999999,-3.3333333333333326,63.33333333333333,15.0,2.0,-14.035087719298245,0.7037037037037037,89.99999999999999,-3.3333333333333326,SCORED_WINDOW,,True,78,1782151200000,100.0,-3.3333333333333326,80.00000000000003,60.0,2.0,-9.999999999999986,0.8000000000000003,100.0,-3.3333333333333326,SCORED_WINDOW,,True,130,1782324000000,100.0,-70.0,-60.0,60.0,86.0,-80.0,-0.6,100.0,-70.0,SCORED_WINDOW,,True,260,1782928800000,100.0,-86.66666666666667,-80.0,60.0,216.0,-90.0,-0.8,100.0,-86.66666666666667
AMC15X-081,O:AMC260717P00002500,PUT,2.5,2026-07-17,30,0.0,HOLDOUT,CONTINUATION,2026-06-16T18:15:00+00:00,2026-06-16T18:00:00+00:00,1.4000000000000057,31,SCORED_WINDOW,,True,4,1781636400000,9.090909090909083,-6.060606060606066,0.0,2.0,1.0,-8.333333333333325,0.0,5.88235294117645,-8.823529411764708,SCORED_WINDOW,,True,26,1781719200000,9.090909090909083,-36.36363636363637,-33.333333333333336,2.0,15.0,-38.888888888888886,-3.66666666666667,5.88235294117645,-38.235294117647065,SCORED_WINDOW,,True,78,1782151200000,9.090909090909083,-54.54545454545454,-51.515151515151516,2.0,60.0,-55.55555555555556,-5.666666666666671,5.88235294117645,-55.88235294117647,SCORED_WINDOW,,True,125,1782324000000,96.96969696969697,-54.54545454545454,66.66666666666667,86.0,60.0,-15.384615384615385,0.6875,91.17647058823528,-55.88235294117647,SCORED_WINDOW,,True,215,1782928800000,148.48484848484844,-54.54545454545454,103.03030303030303,137.0,60.0,-18.29268292682926,0.6938775510204084,141.17647058823528,-55.88235294117647
AMC15X-082,O:AMC260717C00003000,CALL,3.0,2026-07-17,30,0.0,HOLDOUT,RISK_OR_EXHAUSTION,2026-06-18T15:15:00+00:00,2026-06-18T15:00:00+00:00,-5.833333333333327,29,SCORED_WINDOW,,True,4,1781798400000,6.25,-9.37500000000001,-3.125,2.0,2.0,-8.823529411764708,-0.5,6.25,-9.37500000000001,SCORED_WINDOW,,True,26,1782140400000,18.75,-25.0,-9.37500000000001,20.0,17.0,-23.684210526315795,-0.5000000000000006,18.75,-25.0,SCORED_WINDOW,,True,78,1782313200000,18.75,-87.5,-78.125,20.0,46.0,-81.57894736842105,-4.166666666666667,18.75,-87.5,SCORED_WINDOW,,True,130,1782486000000,18.75,-90.625,-84.375,20.0,100.0,-86.8421052631579,-4.5,18.75,-90.625,SCORED_WINDOW,,True,258,1783350000000,18.75,-93.75,-90.625,20.0,252.0,-92.10526315789474,-4.833333333333333,18.75,-93.75
AMC15X-082,O:AMC260717P00003000,PUT,3.0,2026-07-17,30,0.0,HOLDOUT,RISK_OR_EXHAUSTION,2026-06-18T15:15:00+00:00,2026-06-18T15:00:00+00:00,5.833333333333327,29,SCORED_WINDOW,,True,4,1781798400000,4.081632653061229,-2.0408163265306145,4.081632653061229,2.0,1.0,0.0,1.0,8.510638297872353,2.127659574468077,SCORED_WINDOW,,True,24,1782140400000,14.285714285714302,-18.36734693877551,0.0,17.0,18.0,-12.50000000000001,0.0,19.14893617021278,-14.893617021276583,SCORED_WINDOW,,True,60,1782313200000,134.6938775510204,-18.36734693877551,97.95918367346938,42.0,18.0,-15.652173913043477,0.7272727272727273,144.68085106382978,-14.893617021276583,SCORED_WINDOW,,True,77,1782486000000,157.14285714285717,-18.36734693877551,118.36734693877551,76.0,18.0,-15.07936507936507,0.7532467532467532,168.08510638297872,-14.893617021276583,SCORED_WINDOW,,True,113,1783350000000,157.14285714285717,-18.36734693877551,140.81632653061226,76.0,18.0,-6.34920634920636,0.8961038961038961,168.08510638297872,-14.893617021276583
AMC15X-084,O:AMC260717C00002000,CALL,2.0,2026-07-17,14,0.0,HOLDOUT,THESIS_PRESSURE,2026-06-30T16:30:00+00:00,2026-06-30T16:15:00+00:00,-1.749999999999996,17,SCORED_WINDOW,,True,4,1782839700000,0.0,-10.526315789473683,-10.526315789473683,1.0,4.0,-10.526315789473683,,5.555555555555558,-5.5555555555555465,SCORED_WINDOW,,True,26,1782922500000,0.0,-42.10526315789473,-31.57894736842105,1.0,15.0,-31.57894736842105,,5.555555555555558,-38.888888888888886,SCORED_WINDOW,,True,78,1783354500000,0.0,-63.1578947368421,-63.1578947368421,1.0,71.0,-63.1578947368421,,5.555555555555558,-61.11111111111111,SCORED_WINDOW,,True,131,1783527300000,0.0,-84.21052631578947,-52.63157894736843,1.0,97.0,-52.63157894736843,,5.555555555555558,-83.33333333333334,SCORED_WINDOW,,True,261,1784132100000,0.0,-84.21052631578947,-52.63157894736843,1.0,97.0,-52.63157894736843,,5.555555555555558,-83.33333333333334
AMC15X-084,O:AMC260717P00002000,PUT,2.0,2026-07-17,14,0.0,HOLDOUT,THESIS_PRESSURE,2026-06-30T16:30:00+00:00,2026-06-30T16:15:00+00:00,1.749999999999996,17,SCORED_WINDOW,,True,4,1782839700000,4.999999999999982,-10.000000000000009,4.999999999999982,1.0,1.0,0.0,1.0,4.999999999999982,-10.000000000000009,SCORED_WINDOW,,True,26,1782922500000,40.000000000000014,-10.000000000000009,30.000000000000004,15.0,1.0,-7.142857142857151,0.7499999999999998,40.000000000000014,-10.000000000000009,SCORED_WINDOW,,True,75,1783354500000,59.999999999999986,-10.000000000000009,54.999999999999986,67.0,1.0,-3.125,0.9166666666666666,59.999999999999986,-10.000000000000009,SCORED_WINDOW,,True,119,1783527300000,109.99999999999997,-10.000000000000009,19.999999999999996,109.0,1.0,-42.85714285714286,0.18181818181818182,109.99999999999997,-10.000000000000009,SCORED_WINDOW,,True,240,1784132100000,109.99999999999997,-80.0,-70.0,109.0,229.0,-85.71428571428572,-0.6363636363636366,109.99999999999997,-80.0
AMC15X-090,O:AMC260821C00002500,CALL,2.5,2026-08-21,14,0.0,HOLDOUT,ENTRY_FORMING,2026-08-07T20:00:00+00:00,2026-08-07T19:45:00+00:00,3.200000000000003,14,SCORED_WINDOW,,True,4,1786371300000,0.0,-45.45454545454546,-40.90909090909091,1.0,4.0,-40.90909090909091,,0.0,-45.45454545454546,SCORED_WINDOW,,True,26,1786391100000,0.0,-45.45454545454546,-45.45454545454546,1.0,4.0,-45.45454545454546,,0.0,-45.45454545454546,SCORED_RIGHT_CENSORED,UNDERLYING_DATA_END,False,52,1786477500000,,,,,,,,,,SCORED_RIGHT_CENSORED,UNDERLYING_DATA_END,False,52,1786477500000,,,,,,,,,,SCORED_RIGHT_CENSORED,UNDERLYING_DATA_END,False,52,1786477500000,,,,,,,,,
AMC15X-090,O:AMC260821P00002500,PUT,2.5,2026-08-21,14,0.0,HOLDOUT,ENTRY_FORMING,2026-08-07T20:00:00+00:00,2026-08-07T19:45:00+00:00,-3.200000000000003,14,SCORED_WINDOW,,True,4,1786371300000,133.33333333333334,0.0,122.22222222222223,4.0,1.0,-4.761904761904756,0.9166666666666666,39.99999999999999,-40.0,SCORED_WINDOW,,True,26,1786391100000,144.44444444444446,0.0,111.11111111111111,7.0,1.0,-13.636363636363635,0.7692307692307692,46.66666666666668,-40.0,SCORED_RIGHT_CENSORED,UNDERLYING_DATA_END,False,49,1786477500000,,,,,,,,,,SCORED_RIGHT_CENSORED,UNDERLYING_DATA_END,False,49,1786477500000,,,,,,,,,,SCORED_RIGHT_CENSORED,UNDERLYING_DATA_END,False,49,1786477500000,,,,,,,,,
AMC15X-090,O:AMC260904C00002500,CALL,2.5,2026-09-04,30,0.0,HOLDOUT,ENTRY_FORMING,2026-08-07T20:00:00+00:00,2026-08-07T19:45:00+00:00,3.200000000000003,28,SCORED_WINDOW,,True,3,1786371300000,42.10526315789473,0.0,15.789473684210531,1.0,1.0,-18.518518518518523,0.37500000000000017,-12.903225806451601,-38.70967741935484,SCORED_WINDOW,,True,12,1786391100000,42.10526315789473,0.0,5.263157894736836,1.0,1.0,-25.92592592592593,0.12499999999999988,-12.903225806451601,-38.70967741935484,SCORED_RIGHT_CENSORED,UNDERLYING_DATA_END,False,30,1786477500000,,,,,,,,,,SCORED_RIGHT_CENSORED,UNDERLYING_DATA_END,False,30,1786477500000,,,,,,,,,,SCORED_RIGHT_CENSORED,UNDERLYING_DATA_END,False,30,1786477500000,,,,,,,,,
AMC15X-090,O:AMC260904P00002500,PUT,2.5,2026-09-04,30,0.0,HOLDOUT,ENTRY_FORMING,2026-08-07T20:00:00+00:00,2026-08-07T19:45:00+00:00,-3.200000000000003,28,UNSCORED_SIGNAL_BAR_ABSENT,,False,,1786371300000,,,,,,,,,,UNSCORED_SIGNAL_BAR_ABSENT,,False,,1786391100000,,,,,,,,,,UNSCORED_SIGNAL_BAR_ABSENT,UNDERLYING_DATA_END,False,,1786477500000,,,,,,,,,,UNSCORED_SIGNAL_BAR_ABSENT,UNDERLYING_DATA_END,False,,1786477500000,,,,,,,,,,UNSCORED_SIGNAL_BAR_ABSENT,UNDERLYING_DATA_END,False,,1786477500000,,,,,,,,,
AMC15X-091,O:AMC260828C00002500,CALL,2.5,2026-08-28,14,0.0,HOLDOUT,CONTINUATION,2026-08-11T14:00:00+00:00,2026-08-11T13:45:00+00:00,-1.3119999999999976,17,SCORED_WINDOW,,True,2,1786459500000,0.0,-10.000000000000009,-5.000000000000004,1.0,2.0,-5.000000000000004,,0.0,-10.000000000000009,SCORED_RIGHT_CENSORED,UNDERLYING_DATA_END,False,16,1786477500000,,,,,,,,,,SCORED_RIGHT_CENSORED,UNDERLYING_DATA_END,False,16,1786477500000,,,,,,,,,,SCORED_RIGHT_CENSORED,UNDERLYING_DATA_END,False,16,1786477500000,,,,,,,,,,SCORED_RIGHT_CENSORED,UNDERLYING_DATA_END,False,16,1786477500000,,,,,,,,,
AMC15X-091,O:AMC260828P00002500,PUT,2.5,2026-08-28,14,0.0,HOLDOUT,CONTINUATION,2026-08-11T14:00:00+00:00,2026-08-11T13:45:00+00:00,1.3119999999999976,17,UNSCORED_SIGNAL_BAR_ABSENT,,False,,1786459500000,,,,,,,,,,UNSCORED_SIGNAL_BAR_ABSENT,UNDERLYING_DATA_END,False,,1786477500000,,,,,,,,,,UNSCORED_SIGNAL_BAR_ABSENT,UNDERLYING_DATA_END,False,,1786477500000,,,,,,,,,,UNSCORED_SIGNAL_BAR_ABSENT,UNDERLYING_DATA_END,False,,1786477500000,,,,,,,,,,UNSCORED_SIGNAL_BAR_ABSENT,UNDERLYING_DATA_END,False,,1786477500000,,,,,,,,,
AMC15X-091,O:AMC260911C00002500,CALL,2.5,2026-09-11,30,0.0,HOLDOUT,CONTINUATION,2026-08-11T14:00:00+00:00,2026-08-11T13:45:00+00:00,-1.3119999999999976,31,SCORED_WINDOW,,True,1,1786459500000,0.0,0.0,0.0,1.0,1.0,0.0,,15.999999999999993,15.999999999999993,SCORED_RIGHT_CENSORED,UNDERLYING_DATA_END,False,5,1786477500000,,,,,,,,,,SCORED_RIGHT_CENSORED,UNDERLYING_DATA_END,False,5,1786477500000,,,,,,,,,,SCORED_RIGHT_CENSORED,UNDERLYING_DATA_END,False,5,1786477500000,,,,,,,,,,SCORED_RIGHT_CENSORED,UNDERLYING_DATA_END,False,5,1786477500000,,,,,,,,,
AMC15X-091,O:AMC260911P00002500,PUT,2.5,2026-09-11,30,0.0,HOLDOUT,CONTINUATION,2026-08-11T14:00:00+00:00,2026-08-11T13:45:00+00:00,1.3119999999999976,31,UNSCORED_SIGNAL_BAR_ABSENT,,False,,1786459500000,,,,,,,,,,UNSCORED_SIGNAL_BAR_ABSENT,UNDERLYING_DATA_END,False,,1786477500000,,,,,,,,,,UNSCORED_SIGNAL_BAR_ABSENT,UNDERLYING_DATA_END,False,,1786477500000,,,,,,,,,,UNSCORED_SIGNAL_BAR_ABSENT,UNDERLYING_DATA_END,False,,1786477500000,,,,,,,,,,UNSCORED_SIGNAL_BAR_ABSENT,UNDERLYING_DATA_END,False,,1786477500000,,,,,,,,,
AMC15X-092,O:AMC260828C00002500,CALL,2.5,2026-08-28,14,0.0,HOLDOUT,THESIS_PRESSURE,2026-08-11T17:15:00+00:00,2026-08-11T17:00:00+00:00,-3.200000000000003,17,SCORED_WINDOW,,True,3,1786471200000,0.0,-6.25,0.0,1.0,2.0,0.0,,0.0,-6.25,SCORED_RIGHT_CENSORED,UNDERLYING_DATA_END,False,8,1786477500000,,,,,,,,,,SCORED_RIGHT_CENSORED,UNDERLYING_DATA_END,False,8,1786477500000,,,,,,,,,,SCORED_RIGHT_CENSORED,UNDERLYING_DATA_END,False,8,1786477500000,,,,,,,,,,SCORED_RIGHT_CENSORED,UNDERLYING_DATA_END,False,8,1786477500000,,,,,,,,,
AMC15X-092,O:AMC260828P00002500,PUT,2.5,2026-08-28,14,0.0,HOLDOUT,THESIS_PRESSURE,2026-08-11T17:15:00+00:00,2026-08-11T17:00:00+00:00,3.200000000000003,17,SCORED_WINDOW,,True,2,1786471200000,0.0,0.0,0.0,1.0,1.0,0.0,,4.347826086956519,4.347826086956519,SCORED_RIGHT_CENSORED,UNDERLYING_DATA_END,False,3,1786477500000,,,,,,,,,,SCORED_RIGHT_CENSORED,UNDERLYING_DATA_END,False,3,1786477500000,,,,,,,,,,SCORED_RIGHT_CENSORED,UNDERLYING_DATA_END,False,3,1786477500000,,,,,,,,,,SCORED_RIGHT_CENSORED,UNDERLYING_DATA_END,False,3,1786477500000,,,,,,,,,
AMC15X-092,O:AMC260911C00002500,CALL,2.5,2026-09-11,30,0.0,HOLDOUT,THESIS_PRESSURE,2026-08-11T17:15:00+00:00,2026-08-11T17:00:00+00:00,-3.200000000000003,31,UNSCORED_SIGNAL_BAR_ABSENT,,False,,1786471200000,,,,,,,,,,UNSCORED_SIGNAL_BAR_ABSENT,UNDERLYING_DATA_END,False,,1786477500000,,,,,,,,,,UNSCORED_SIGNAL_BAR_ABSENT,UNDERLYING_DATA_END,False,,1786477500000,,,,,,,,,,UNSCORED_SIGNAL_BAR_ABSENT,UNDERLYING_DATA_END,False,,1786477500000,,,,,,,,,,UNSCORED_SIGNAL_BAR_ABSENT,UNDERLYING_DATA_END,False,,1786477500000,,,,,,,,,
AMC15X-092,O:AMC260911P00002500,PUT,2.5,2026-09-11,30,0.0,HOLDOUT,THESIS_PRESSURE,2026-08-11T17:15:00+00:00,2026-08-11T17:00:00+00:00,3.200000000000003,31,UNSCORED_SIGNAL_BAR_ABSENT,,False,,1786471200000,,,,,,,,,,UNSCORED_SIGNAL_BAR_ABSENT,UNDERLYING_DATA_END,False,,1786477500000,,,,,,,,,,UNSCORED_SIGNAL_BAR_ABSENT,UNDERLYING_DATA_END,False,,1786477500000,,,,,,,,,,UNSCORED_SIGNAL_BAR_ABSENT,UNDERLYING_DATA_END,False,,1786477500000,,,,,,,,,,UNSCORED_SIGNAL_BAR_ABSENT,UNDERLYING_DATA_END,False,,1786477500000,,,,,,,,,
