signal_bar_open_utc,decision_available_utc,session_date,spot,event_family,events,campaign_health,phase_confidence,weakness_count,partition,symbol,anchor_id,ticker,contract_type,strike,expiration,dte,moneyness_pct,dte_target,moneyness_target,moneyness_distance_pct,moneyness_band,selection_policy,bar_count,bars_file,cached,cache_start_date,cache_end_date
2024-08-22T19:00:00+00:00,2024-08-22T19:15:00+00:00,2024-08-22,22.53,CONTINUATION,RELOAD,64.0,50.0,2.0,DISCOVERY,GME,GME-PR-0001,O:GME240906C00022500,CALL,22.5,2024-09-06,15,0.13333333333333838,14,0.0,0.13333333333333838,NEAR_ATM,WITHIN_TOLERANCE,355,bars/O_GME240906C00022500.json,True,2024-08-15,2024-09-06
2024-08-22T19:00:00+00:00,2024-08-22T19:15:00+00:00,2024-08-22,22.53,CONTINUATION,RELOAD,64.0,50.0,2.0,DISCOVERY,GME,GME-PR-0001,O:GME240906P00022500,PUT,22.5,2024-09-06,15,-0.13333333333333838,14,0.0,0.13333333333333838,NEAR_ATM,WITHIN_TOLERANCE,214,bars/O_GME240906P00022500.json,True,2024-08-15,2024-09-06
2024-08-22T19:00:00+00:00,2024-08-22T19:15:00+00:00,2024-08-22,22.53,CONTINUATION,RELOAD,64.0,50.0,2.0,DISCOVERY,GME,GME-PR-0001,O:GME240920C00022500,CALL,22.5,2024-09-20,29,0.13333333333333838,30,0.0,0.13333333333333838,NEAR_ATM,WITHIN_TOLERANCE,302,bars/O_GME240920C00022500.json,True,2024-08-15,2024-09-12
2024-08-22T19:00:00+00:00,2024-08-22T19:15:00+00:00,2024-08-22,22.53,CONTINUATION,RELOAD,64.0,50.0,2.0,DISCOVERY,GME,GME-PR-0001,O:GME240920P00022500,PUT,22.5,2024-09-20,29,-0.13333333333333838,30,0.0,0.13333333333333838,NEAR_ATM,WITHIN_TOLERANCE,146,bars/O_GME240920P00022500.json,True,2024-08-15,2024-09-12
2024-08-22T19:30:00+00:00,2024-08-22T19:45:00+00:00,2024-08-22,10.425,CONTINUATION,RELOAD,9.0,26.0,0.0,DISCOVERY,VALE,VALE-PR-0001,O:VALE240906C00010500,CALL,10.5,2024-09-06,15,-0.7142857142857075,14,0.0,0.7142857142857075,NEAR_ATM,WITHIN_TOLERANCE,149,bars/O_VALE240906C00010500.json,True,2024-08-15,2024-09-06
2024-08-22T19:30:00+00:00,2024-08-22T19:45:00+00:00,2024-08-22,10.425,CONTINUATION,RELOAD,9.0,26.0,0.0,DISCOVERY,VALE,VALE-PR-0001,O:VALE240906P00010500,PUT,10.5,2024-09-06,15,0.7142857142857075,14,0.0,0.7142857142857075,NEAR_ATM,WITHIN_TOLERANCE,121,bars/O_VALE240906P00010500.json,True,2024-08-15,2024-09-06
2024-08-22T19:30:00+00:00,2024-08-22T19:45:00+00:00,2024-08-22,10.425,CONTINUATION,RELOAD,9.0,26.0,0.0,DISCOVERY,VALE,VALE-PR-0001,O:VALE240920C00010500,CALL,10.5,2024-09-20,29,-0.7142857142857075,30,0.0,0.7142857142857075,NEAR_ATM,WITHIN_TOLERANCE,187,bars/O_VALE240920C00010500.json,True,2024-08-15,2024-09-12
2024-08-22T19:30:00+00:00,2024-08-22T19:45:00+00:00,2024-08-22,10.425,CONTINUATION,RELOAD,9.0,26.0,0.0,DISCOVERY,VALE,VALE-PR-0001,O:VALE240920P00010500,PUT,10.5,2024-09-20,29,0.7142857142857075,30,0.0,0.7142857142857075,NEAR_ATM,WITHIN_TOLERANCE,132,bars/O_VALE240920P00010500.json,True,2024-08-15,2024-09-12
2024-08-23T13:30:00+00:00,2024-08-23T13:45:00+00:00,2024-08-23,267.49,CONTINUATION,RELOAD,78.0,59.0,0.0,DISCOVERY,LULU,LULU-PR-0001,O:LULU240906C00267500,CALL,267.5,2024-09-06,14,-0.003738317757005946,14,0.0,0.003738317757005946,NEAR_ATM,WITHIN_TOLERANCE,164,bars/O_LULU240906C00267500.json,True,2024-08-16,2024-09-06
2024-08-23T13:30:00+00:00,2024-08-23T13:45:00+00:00,2024-08-23,267.49,CONTINUATION,RELOAD,78.0,59.0,0.0,DISCOVERY,LULU,LULU-PR-0001,O:LULU240906P00267500,PUT,267.5,2024-09-06,14,0.003738317757005946,14,0.0,0.003738317757005946,NEAR_ATM,WITHIN_TOLERANCE,56,bars/O_LULU240906P00267500.json,False,2024-08-16,2024-09-06
2024-08-23T13:30:00+00:00,2024-08-23T13:45:00+00:00,2024-08-23,267.49,CONTINUATION,RELOAD,78.0,59.0,0.0,DISCOVERY,LULU,LULU-PR-0001,O:LULU240920C00267500,CALL,267.5,2024-09-20,28,-0.003738317757005946,30,0.0,0.003738317757005946,NEAR_ATM,WITHIN_TOLERANCE,134,bars/O_LULU240920C00267500.json,False,2024-08-16,2024-09-13
2024-08-23T13:30:00+00:00,2024-08-23T13:45:00+00:00,2024-08-23,267.49,CONTINUATION,RELOAD,78.0,59.0,0.0,DISCOVERY,LULU,LULU-PR-0001,O:LULU240920P00267500,PUT,267.5,2024-09-20,28,0.003738317757005946,30,0.0,0.003738317757005946,NEAR_ATM,WITHIN_TOLERANCE,79,bars/O_LULU240920P00267500.json,False,2024-08-16,2024-09-13
2024-08-23T13:30:00+00:00,2024-08-23T13:45:00+00:00,2024-08-23,559.32,CONTINUATION,RELOAD,25.0,32.0,0.0,DISCOVERY,SPY,SPY-PR-0001,O:SPY240906C00559000,CALL,559.0,2024-09-06,14,0.0572450805009034,14,0.0,0.0572450805009034,NEAR_ATM,WITHIN_TOLERANCE,377,bars/O_SPY240906C00559000.json,True,2024-08-16,2024-09-06
2024-08-23T13:30:00+00:00,2024-08-23T13:45:00+00:00,2024-08-23,559.32,CONTINUATION,RELOAD,25.0,32.0,0.0,DISCOVERY,SPY,SPY-PR-0001,O:SPY240906P00559000,PUT,559.0,2024-09-06,14,-0.0572450805009034,14,0.0,0.0572450805009034,NEAR_ATM,WITHIN_TOLERANCE,356,bars/O_SPY240906P00559000.json,False,2024-08-16,2024-09-06
2024-08-23T13:30:00+00:00,2024-08-23T13:45:00+00:00,2024-08-23,559.32,CONTINUATION,RELOAD,25.0,32.0,0.0,DISCOVERY,SPY,SPY-PR-0001,O:SPY240920C00559000,CALL,559.0,2024-09-20,28,0.0572450805009034,30,0.0,0.0572450805009034,NEAR_ATM,WITHIN_TOLERANCE,509,bars/O_SPY240920C00559000.json,False,2024-08-16,2024-09-13
2024-08-23T13:30:00+00:00,2024-08-23T13:45:00+00:00,2024-08-23,559.32,CONTINUATION,RELOAD,25.0,32.0,0.0,DISCOVERY,SPY,SPY-PR-0001,O:SPY240920P00559000,PUT,559.0,2024-09-20,28,-0.0572450805009034,30,0.0,0.0572450805009034,NEAR_ATM,WITHIN_TOLERANCE,431,bars/O_SPY240920P00559000.json,False,2024-08-16,2024-09-13
2024-08-23T13:30:00+00:00,2024-08-23T13:45:00+00:00,2024-08-23,216.3271,CONTINUATION,RELOAD,20.0,31.0,0.0,DISCOVERY,TSLA,TSLA-PR-0001,O:TSLA240906C00217500,CALL,217.5,2024-09-06,14,-0.5392643678160913,14,0.0,0.5392643678160913,NEAR_ATM,WITHIN_TOLERANCE,347,bars/O_TSLA240906C00217500.json,True,2024-08-16,2024-09-06
2024-08-23T13:30:00+00:00,2024-08-23T13:45:00+00:00,2024-08-23,216.3271,CONTINUATION,RELOAD,20.0,31.0,0.0,DISCOVERY,TSLA,TSLA-PR-0001,O:TSLA240906P00217500,PUT,217.5,2024-09-06,14,0.5392643678160913,14,0.0,0.5392643678160913,NEAR_ATM,WITHIN_TOLERANCE,340,bars/O_TSLA240906P00217500.json,False,2024-08-16,2024-09-06
2024-08-23T13:30:00+00:00,2024-08-23T13:45:00+00:00,2024-08-23,216.3271,CONTINUATION,RELOAD,20.0,31.0,0.0,DISCOVERY,TSLA,TSLA-PR-0001,O:TSLA240920C00217500,CALL,217.5,2024-09-20,28,-0.5392643678160913,30,0.0,0.5392643678160913,NEAR_ATM,WITHIN_TOLERANCE,466,bars/O_TSLA240920C00217500.json,False,2024-08-16,2024-09-13
2024-08-23T13:30:00+00:00,2024-08-23T13:45:00+00:00,2024-08-23,216.3271,CONTINUATION,RELOAD,20.0,31.0,0.0,DISCOVERY,TSLA,TSLA-PR-0001,O:TSLA240920P00217500,PUT,217.5,2024-09-20,28,0.5392643678160913,30,0.0,0.5392643678160913,NEAR_ATM,WITHIN_TOLERANCE,453,bars/O_TSLA240920P00217500.json,False,2024-08-16,2024-09-13
2024-08-23T13:30:00+00:00,2024-08-23T13:45:00+00:00,2024-08-23,17.1702,CONTINUATION,RELOAD,74.0,54.0,0.0,DISCOVERY,U,U-PR-0001,O:U240906C00017000,CALL,17.0,2024-09-06,14,1.0011764705882427,14,0.0,1.0011764705882427,NEAR_ATM,WITHIN_TOLERANCE,232,bars/O_U240906C00017000.json,True,2024-08-16,2024-09-06
2024-08-23T13:30:00+00:00,2024-08-23T13:45:00+00:00,2024-08-23,17.1702,CONTINUATION,RELOAD,74.0,54.0,0.0,DISCOVERY,U,U-PR-0001,O:U240906P00017000,PUT,17.0,2024-09-06,14,-1.0011764705882427,14,0.0,1.0011764705882427,NEAR_ATM,WITHIN_TOLERANCE,151,bars/O_U240906P00017000.json,False,2024-08-16,2024-09-06
2024-08-23T13:30:00+00:00,2024-08-23T13:45:00+00:00,2024-08-23,17.1702,CONTINUATION,RELOAD,74.0,54.0,0.0,DISCOVERY,U,U-PR-0001,O:U240920C00017000,CALL,17.0,2024-09-20,28,1.0011764705882427,30,0.0,1.0011764705882427,NEAR_ATM,WITHIN_TOLERANCE,367,bars/O_U240920C00017000.json,False,2024-08-16,2024-09-13
2024-08-23T13:30:00+00:00,2024-08-23T13:45:00+00:00,2024-08-23,17.1702,CONTINUATION,RELOAD,74.0,54.0,0.0,DISCOVERY,U,U-PR-0001,O:U240920P00017000,PUT,17.0,2024-09-20,28,-1.0011764705882427,30,0.0,1.0011764705882427,NEAR_ATM,WITHIN_TOLERANCE,227,bars/O_U240920P00017000.json,False,2024-08-16,2024-09-13
2024-08-23T14:15:00+00:00,2024-08-23T14:30:00+00:00,2024-08-23,71.685,CONTINUATION,RELOAD,53.0,39.0,2.0,DISCOVERY,PYPL,PYPL-PR-0001,O:PYPL240906C00072000,CALL,72.0,2024-09-06,14,-0.43749999999999684,14,0.0,0.43749999999999684,NEAR_ATM,WITHIN_TOLERANCE,304,bars/O_PYPL240906C00072000.json,True,2024-08-16,2024-09-06
2024-08-23T14:15:00+00:00,2024-08-23T14:30:00+00:00,2024-08-23,71.685,CONTINUATION,RELOAD,53.0,39.0,2.0,DISCOVERY,PYPL,PYPL-PR-0001,O:PYPL240906P00072000,PUT,72.0,2024-09-06,14,0.43749999999999684,14,0.0,0.43749999999999684,NEAR_ATM,WITHIN_TOLERANCE,257,bars/O_PYPL240906P00072000.json,False,2024-08-16,2024-09-06
2024-08-23T14:15:00+00:00,2024-08-23T14:30:00+00:00,2024-08-23,71.685,CONTINUATION,RELOAD,53.0,39.0,2.0,DISCOVERY,PYPL,PYPL-PR-0001,O:PYPL240920C00072000,CALL,72.0,2024-09-20,28,-0.43749999999999684,30,0.0,0.43749999999999684,NEAR_ATM,WITHIN_TOLERANCE,404,bars/O_PYPL240920C00072000.json,False,2024-08-16,2024-09-13
2024-08-23T14:15:00+00:00,2024-08-23T14:30:00+00:00,2024-08-23,71.685,CONTINUATION,RELOAD,53.0,39.0,2.0,DISCOVERY,PYPL,PYPL-PR-0001,O:PYPL240920P00072000,PUT,72.0,2024-09-20,28,0.43749999999999684,30,0.0,0.43749999999999684,NEAR_ATM,WITHIN_TOLERANCE,248,bars/O_PYPL240920P00072000.json,False,2024-08-16,2024-09-13
2024-08-23T19:30:00+00:00,2024-08-23T19:45:00+00:00,2024-08-23,561.245,ENTRY_FORMING,STRONG START,100.0,67.0,0.0,DISCOVERY,SPY,SPY-PR-0002,O:SPY240906C00561000,CALL,561.0,2024-09-06,14,0.043672014260250365,14,0.0,0.043672014260250365,NEAR_ATM,WITHIN_TOLERANCE,381,bars/O_SPY240906C00561000.json,True,2024-08-16,2024-09-06
2024-08-23T19:30:00+00:00,2024-08-23T19:45:00+00:00,2024-08-23,561.245,ENTRY_FORMING,STRONG START,100.0,67.0,0.0,DISCOVERY,SPY,SPY-PR-0002,O:SPY240906P00561000,PUT,561.0,2024-09-06,14,-0.043672014260250365,14,0.0,0.043672014260250365,NEAR_ATM,WITHIN_TOLERANCE,321,bars/O_SPY240906P00561000.json,False,2024-08-16,2024-09-06
2024-08-23T19:30:00+00:00,2024-08-23T19:45:00+00:00,2024-08-23,561.245,ENTRY_FORMING,STRONG START,100.0,67.0,0.0,DISCOVERY,SPY,SPY-PR-0002,O:SPY240920C00561000,CALL,561.0,2024-09-20,28,0.043672014260250365,30,0.0,0.043672014260250365,NEAR_ATM,WITHIN_TOLERANCE,528,bars/O_SPY240920C00561000.json,False,2024-08-16,2024-09-13
2024-08-23T19:30:00+00:00,2024-08-23T19:45:00+00:00,2024-08-23,561.245,ENTRY_FORMING,STRONG START,100.0,67.0,0.0,DISCOVERY,SPY,SPY-PR-0002,O:SPY240920P00561000,PUT,561.0,2024-09-20,28,-0.043672014260250365,30,0.0,0.043672014260250365,NEAR_ATM,WITHIN_TOLERANCE,387,bars/O_SPY240920P00561000.json,False,2024-08-16,2024-09-13
2024-08-23T19:45:00+00:00,2024-08-23T20:00:00+00:00,2024-08-23,44.17,ENTRY_FORMING,IGNITION,100.0,67.0,0.0,DISCOVERY,RBLX,RBLX-PR-0001,O:RBLX240906C00044000,CALL,44.0,2024-09-06,14,0.38636363636364024,14,0.0,0.38636363636364024,NEAR_ATM,WITHIN_TOLERANCE,210,bars/O_RBLX240906C00044000.json,True,2024-08-16,2024-09-06
2024-08-23T19:45:00+00:00,2024-08-23T20:00:00+00:00,2024-08-23,44.17,ENTRY_FORMING,IGNITION,100.0,67.0,0.0,DISCOVERY,RBLX,RBLX-PR-0001,O:RBLX240906P00044000,PUT,44.0,2024-09-06,14,-0.38636363636364024,14,0.0,0.38636363636364024,NEAR_ATM,WITHIN_TOLERANCE,123,bars/O_RBLX240906P00044000.json,False,2024-08-16,2024-09-06
2024-08-23T19:45:00+00:00,2024-08-23T20:00:00+00:00,2024-08-23,44.17,ENTRY_FORMING,IGNITION,100.0,67.0,0.0,DISCOVERY,RBLX,RBLX-PR-0001,O:RBLX240920C00044000,CALL,44.0,2024-09-20,28,0.38636363636364024,30,0.0,0.38636363636364024,NEAR_ATM,WITHIN_TOLERANCE,259,bars/O_RBLX240920C00044000.json,False,2024-08-16,2024-09-13
2024-08-23T19:45:00+00:00,2024-08-23T20:00:00+00:00,2024-08-23,44.17,ENTRY_FORMING,IGNITION,100.0,67.0,0.0,DISCOVERY,RBLX,RBLX-PR-0001,O:RBLX240920P00044000,PUT,44.0,2024-09-20,28,-0.38636363636364024,30,0.0,0.38636363636364024,NEAR_ATM,WITHIN_TOLERANCE,140,bars/O_RBLX240920P00044000.json,False,2024-08-16,2024-09-13
2024-08-26T19:45:00+00:00,2024-08-26T20:00:00+00:00,2024-08-26,17.73,ENTRY_FORMING,STRONG START,38.0,25.0,8.0,DISCOVERY,U,U-PR-0002,O:U240906C00017500,CALL,17.5,2024-09-06,11,1.3142857142857167,14,0.0,1.3142857142857167,NEAR_ATM,WITHIN_TOLERANCE,178,bars/O_U240906C00017500.json,True,2024-08-19,2024-09-06
2024-08-26T19:45:00+00:00,2024-08-26T20:00:00+00:00,2024-08-26,17.73,ENTRY_FORMING,STRONG START,38.0,25.0,8.0,DISCOVERY,U,U-PR-0002,O:U240906P00017500,PUT,17.5,2024-09-06,11,-1.3142857142857167,14,0.0,1.3142857142857167,NEAR_ATM,WITHIN_TOLERANCE,100,bars/O_U240906P00017500.json,False,2024-08-19,2024-09-06
2024-08-26T19:45:00+00:00,2024-08-26T20:00:00+00:00,2024-08-26,17.73,ENTRY_FORMING,STRONG START,38.0,25.0,8.0,DISCOVERY,U,U-PR-0002,O:U240927C00017500,CALL,17.5,2024-09-27,32,1.3142857142857167,30,0.0,1.3142857142857167,NEAR_ATM,WITHIN_TOLERANCE,94,bars/O_U240927C00017500.json,False,2024-08-19,2024-09-16
2024-08-26T19:45:00+00:00,2024-08-26T20:00:00+00:00,2024-08-26,17.73,ENTRY_FORMING,STRONG START,38.0,25.0,8.0,DISCOVERY,U,U-PR-0002,O:U240927P00017500,PUT,17.5,2024-09-27,32,-1.3142857142857167,30,0.0,1.3142857142857167,NEAR_ATM,WITHIN_TOLERANCE,34,bars/O_U240927P00017500.json,False,2024-08-19,2024-09-16
2024-08-29T19:15:00+00:00,2024-08-29T19:30:00+00:00,2024-08-29,73.33,ENTRY_FORMING,STRONG START,98.0,66.0,0.0,DISCOVERY,PYPL,PYPL-PR-0002,O:PYPL240913C00073000,CALL,73.0,2024-09-13,15,0.45205479452054564,14,0.0,0.45205479452054564,NEAR_ATM,WITHIN_TOLERANCE,333,bars/O_PYPL240913C00073000.json,True,2024-08-22,2024-09-13
2024-08-29T19:15:00+00:00,2024-08-29T19:30:00+00:00,2024-08-29,73.33,ENTRY_FORMING,STRONG START,98.0,66.0,0.0,DISCOVERY,PYPL,PYPL-PR-0002,O:PYPL240913P00073000,PUT,73.0,2024-09-13,15,-0.45205479452054564,14,0.0,0.45205479452054564,NEAR_ATM,WITHIN_TOLERANCE,125,bars/O_PYPL240913P00073000.json,False,2024-08-22,2024-09-13
2024-08-29T19:15:00+00:00,2024-08-29T19:30:00+00:00,2024-08-29,73.33,ENTRY_FORMING,STRONG START,98.0,66.0,0.0,DISCOVERY,PYPL,PYPL-PR-0002,O:PYPL240927C00073000,CALL,73.0,2024-09-27,29,0.45205479452054564,30,0.0,0.45205479452054564,NEAR_ATM,WITHIN_TOLERANCE,284,bars/O_PYPL240927C00073000.json,False,2024-08-22,2024-09-19
2024-08-29T19:15:00+00:00,2024-08-29T19:30:00+00:00,2024-08-29,73.33,ENTRY_FORMING,STRONG START,98.0,66.0,0.0,DISCOVERY,PYPL,PYPL-PR-0002,O:PYPL240927P00073000,PUT,73.0,2024-09-27,29,-0.45205479452054564,30,0.0,0.45205479452054564,NEAR_ATM,WITHIN_TOLERANCE,69,bars/O_PYPL240927P00073000.json,False,2024-08-22,2024-09-19
2024-08-30T13:45:00+00:00,2024-08-30T14:00:00+00:00,2024-08-30,44.13,CONTINUATION,RELOAD,77.0,51.0,0.0,DISCOVERY,RBLX,RBLX-PR-0002,O:RBLX240913C00044000,CALL,44.0,2024-09-13,14,0.29545454545455124,14,0.0,0.29545454545455124,NEAR_ATM,WITHIN_TOLERANCE,189,bars/O_RBLX240913C00044000.json,True,2024-08-23,2024-09-13
2024-08-30T13:45:00+00:00,2024-08-30T14:00:00+00:00,2024-08-30,44.13,CONTINUATION,RELOAD,77.0,51.0,0.0,DISCOVERY,RBLX,RBLX-PR-0002,O:RBLX240913P00044000,PUT,44.0,2024-09-13,14,-0.29545454545455124,14,0.0,0.29545454545455124,NEAR_ATM,WITHIN_TOLERANCE,113,bars/O_RBLX240913P00044000.json,False,2024-08-23,2024-09-13
2024-08-30T13:45:00+00:00,2024-08-30T14:00:00+00:00,2024-08-30,44.13,CONTINUATION,RELOAD,77.0,51.0,0.0,DISCOVERY,RBLX,RBLX-PR-0002,O:RBLX240927C00044000,CALL,44.0,2024-09-27,28,0.29545454545455124,30,0.0,0.29545454545455124,NEAR_ATM,WITHIN_TOLERANCE,89,bars/O_RBLX240927C00044000.json,False,2024-08-23,2024-09-20
2024-08-30T13:45:00+00:00,2024-08-30T14:00:00+00:00,2024-08-30,44.13,CONTINUATION,RELOAD,77.0,51.0,0.0,DISCOVERY,RBLX,RBLX-PR-0002,O:RBLX240927P00044000,PUT,44.0,2024-09-27,28,-0.29545454545455124,30,0.0,0.29545454545455124,NEAR_ATM,WITHIN_TOLERANCE,93,bars/O_RBLX240927P00044000.json,False,2024-08-23,2024-09-20
2024-09-04T13:45:00+00:00,2024-09-04T14:00:00+00:00,2024-09-04,23.53,ENTRY_FORMING,IGNITION,98.0,66.0,0.0,DISCOVERY,GME,GME-PR-0002,O:GME240920C00023500,CALL,23.5,2024-09-20,16,0.12765957446808993,14,0.0,0.12765957446808993,NEAR_ATM,WITHIN_TOLERANCE,364,bars/O_GME240920C00023500.json,True,2024-08-28,2024-09-20
2024-09-04T13:45:00+00:00,2024-09-04T14:00:00+00:00,2024-09-04,23.53,ENTRY_FORMING,IGNITION,98.0,66.0,0.0,DISCOVERY,GME,GME-PR-0002,O:GME240920P00023500,PUT,23.5,2024-09-20,16,-0.12765957446808993,14,0.0,0.12765957446808993,NEAR_ATM,WITHIN_TOLERANCE,137,bars/O_GME240920P00023500.json,False,2024-08-28,2024-09-20
2024-09-04T13:45:00+00:00,2024-09-04T14:00:00+00:00,2024-09-04,23.53,ENTRY_FORMING,IGNITION,98.0,66.0,0.0,DISCOVERY,GME,GME-PR-0002,O:GME241004C00023500,CALL,23.5,2024-10-04,30,0.12765957446808993,30,0.0,0.12765957446808993,NEAR_ATM,WITHIN_TOLERANCE,197,bars/O_GME241004C00023500.json,False,2024-08-28,2024-09-25
2024-09-04T13:45:00+00:00,2024-09-04T14:00:00+00:00,2024-09-04,23.53,ENTRY_FORMING,IGNITION,98.0,66.0,0.0,DISCOVERY,GME,GME-PR-0002,O:GME241004P00023500,PUT,23.5,2024-10-04,30,-0.12765957446808993,30,0.0,0.12765957446808993,NEAR_ATM,WITHIN_TOLERANCE,28,bars/O_GME241004P00023500.json,False,2024-08-28,2024-09-25
2024-09-05T19:45:00+00:00,2024-09-05T20:00:00+00:00,2024-09-05,230.18,ENTRY_FORMING,IGNITION,100.0,67.0,0.0,DISCOVERY,TSLA,TSLA-PR-0002,O:TSLA240920C00230000,CALL,230.0,2024-09-20,15,0.07826086956522035,14,0.0,0.07826086956522035,NEAR_ATM,WITHIN_TOLERANCE,416,bars/O_TSLA240920C00230000.json,True,2024-08-29,2024-09-20
2024-09-05T19:45:00+00:00,2024-09-05T20:00:00+00:00,2024-09-05,230.18,ENTRY_FORMING,IGNITION,100.0,67.0,0.0,DISCOVERY,TSLA,TSLA-PR-0002,O:TSLA240920P00230000,PUT,230.0,2024-09-20,15,-0.07826086956522035,14,0.0,0.07826086956522035,NEAR_ATM,WITHIN_TOLERANCE,387,bars/O_TSLA240920P00230000.json,False,2024-08-29,2024-09-20
2024-09-05T19:45:00+00:00,2024-09-05T20:00:00+00:00,2024-09-05,230.18,ENTRY_FORMING,IGNITION,100.0,67.0,0.0,DISCOVERY,TSLA,TSLA-PR-0002,O:TSLA241004C00230000,CALL,230.0,2024-10-04,29,0.07826086956522035,30,0.0,0.07826086956522035,NEAR_ATM,WITHIN_TOLERANCE,651,bars/O_TSLA241004C00230000.json,False,2024-08-29,2024-10-04
2024-09-05T19:45:00+00:00,2024-09-05T20:00:00+00:00,2024-09-05,230.18,ENTRY_FORMING,IGNITION,100.0,67.0,0.0,DISCOVERY,TSLA,TSLA-PR-0002,O:TSLA241004P00230000,PUT,230.0,2024-10-04,29,-0.07826086956522035,30,0.0,0.07826086956522035,NEAR_ATM,WITHIN_TOLERANCE,543,bars/O_TSLA241004P00230000.json,False,2024-08-29,2024-10-04
2024-09-05T19:45:00+00:00,2024-09-05T20:00:00+00:00,2024-09-05,10.24,ENTRY_FORMING,CAMPAIGN START,90.0,58.0,0.0,DISCOVERY,VALE,VALE-PR-0002,O:VALE240920C00010000,CALL,10.0,2024-09-20,15,2.400000000000002,14,0.0,2.400000000000002,NEAR_ATM,WITHIN_TOLERANCE,145,bars/O_VALE240920C00010000.json,True,2024-08-29,2024-09-20
2024-09-05T19:45:00+00:00,2024-09-05T20:00:00+00:00,2024-09-05,10.24,ENTRY_FORMING,CAMPAIGN START,90.0,58.0,0.0,DISCOVERY,VALE,VALE-PR-0002,O:VALE240920P00010000,PUT,10.0,2024-09-20,15,-2.400000000000002,14,0.0,2.400000000000002,NEAR_ATM,WITHIN_TOLERANCE,164,bars/O_VALE240920P00010000.json,False,2024-08-29,2024-09-20
2024-09-05T19:45:00+00:00,2024-09-05T20:00:00+00:00,2024-09-05,10.24,ENTRY_FORMING,CAMPAIGN START,90.0,58.0,0.0,DISCOVERY,VALE,VALE-PR-0002,O:VALE241004C00010000,CALL,10.0,2024-10-04,29,2.400000000000002,30,0.0,2.400000000000002,NEAR_ATM,WITHIN_TOLERANCE,44,bars/O_VALE241004C00010000.json,False,2024-08-29,2024-09-26
2024-09-05T19:45:00+00:00,2024-09-05T20:00:00+00:00,2024-09-05,10.24,ENTRY_FORMING,CAMPAIGN START,90.0,58.0,0.0,DISCOVERY,VALE,VALE-PR-0002,O:VALE241004P00010000,PUT,10.0,2024-10-04,29,-2.400000000000002,30,0.0,2.400000000000002,NEAR_ATM,WITHIN_TOLERANCE,56,bars/O_VALE241004P00010000.json,False,2024-08-29,2024-09-26
2024-09-10T17:30:00+00:00,2024-09-10T17:45:00+00:00,2024-09-10,16.74,CONTINUATION,RELOAD,64.0,52.0,0.0,DISCOVERY,U,U-PR-0003,O:U240927C00016500,CALL,16.5,2024-09-27,17,1.454545454545445,14,0.0,1.454545454545445,NEAR_ATM,WITHIN_TOLERANCE,38,bars/O_U240927C00016500.json,False,2024-09-03,2024-09-27
2024-09-10T17:30:00+00:00,2024-09-10T17:45:00+00:00,2024-09-10,16.74,CONTINUATION,RELOAD,64.0,52.0,0.0,DISCOVERY,U,U-PR-0003,O:U240927P00016500,PUT,16.5,2024-09-27,17,-1.454545454545445,14,0.0,1.454545454545445,NEAR_ATM,WITHIN_TOLERANCE,26,bars/O_U240927P00016500.json,False,2024-09-03,2024-09-27
2024-09-10T17:30:00+00:00,2024-09-10T17:45:00+00:00,2024-09-10,16.74,CONTINUATION,RELOAD,64.0,52.0,0.0,DISCOVERY,U,U-PR-0003,O:U241011C00016500,CALL,16.5,2024-10-11,31,1.454545454545445,30,0.0,1.454545454545445,NEAR_ATM,WITHIN_TOLERANCE,9,bars/O_U241011C00016500.json,False,2024-09-03,2024-10-01
2024-09-10T17:30:00+00:00,2024-09-10T17:45:00+00:00,2024-09-10,16.74,CONTINUATION,RELOAD,64.0,52.0,0.0,DISCOVERY,U,U-PR-0003,O:U241011P00016500,PUT,16.5,2024-10-11,31,-1.454545454545445,30,0.0,1.454545454545445,NEAR_ATM,WITHIN_TOLERANCE,14,bars/O_U241011P00016500.json,False,2024-09-03,2024-10-01
2024-09-13T19:45:00+00:00,2024-09-13T20:00:00+00:00,2024-09-13,266.7,ENTRY_FORMING,STRONG START,100.0,67.0,0.0,DISCOVERY,LULU,LULU-PR-0002,O:LULU240927C00267500,CALL,267.5,2024-09-27,14,-0.2990654205607519,14,0.0,0.2990654205607519,NEAR_ATM,WITHIN_TOLERANCE,187,bars/O_LULU240927C00267500.json,True,2024-09-06,2024-09-27
2024-09-13T19:45:00+00:00,2024-09-13T20:00:00+00:00,2024-09-13,266.7,ENTRY_FORMING,STRONG START,100.0,67.0,0.0,DISCOVERY,LULU,LULU-PR-0002,O:LULU240927P00267500,PUT,267.5,2024-09-27,14,0.2990654205607519,14,0.0,0.2990654205607519,NEAR_ATM,WITHIN_TOLERANCE,86,bars/O_LULU240927P00267500.json,False,2024-09-06,2024-09-27
2024-09-13T19:45:00+00:00,2024-09-13T20:00:00+00:00,2024-09-13,266.7,ENTRY_FORMING,STRONG START,100.0,67.0,0.0,DISCOVERY,LULU,LULU-PR-0002,O:LULU241011C00265000,CALL,265.0,2024-10-11,28,0.6415094339622599,30,0.0,0.6415094339622599,NEAR_ATM,WITHIN_TOLERANCE,135,bars/O_LULU241011C00265000.json,False,2024-09-06,2024-10-04
2024-09-13T19:45:00+00:00,2024-09-13T20:00:00+00:00,2024-09-13,266.7,ENTRY_FORMING,STRONG START,100.0,67.0,0.0,DISCOVERY,LULU,LULU-PR-0002,O:LULU241011P00265000,PUT,265.0,2024-10-11,28,-0.6415094339622599,30,0.0,0.6415094339622599,NEAR_ATM,WITHIN_TOLERANCE,96,bars/O_LULU241011P00265000.json,False,2024-09-06,2024-10-04
2024-09-17T13:45:00+00:00,2024-09-17T14:00:00+00:00,2024-09-17,71.66,CONTINUATION,ADD,97.0,77.0,0.0,DISCOVERY,PYPL,PYPL-PR-0003,O:PYPL241004C00072000,CALL,72.0,2024-10-04,17,-0.472222222222227,14,0.0,0.472222222222227,NEAR_ATM,WITHIN_TOLERANCE,173,bars/O_PYPL241004C00072000.json,False,2024-09-10,2024-10-04
2024-09-17T13:45:00+00:00,2024-09-17T14:00:00+00:00,2024-09-17,71.66,CONTINUATION,ADD,97.0,77.0,0.0,DISCOVERY,PYPL,PYPL-PR-0003,O:PYPL241004P00072000,PUT,72.0,2024-10-04,17,0.472222222222227,14,0.0,0.472222222222227,NEAR_ATM,WITHIN_TOLERANCE,145,bars/O_PYPL241004P00072000.json,False,2024-09-10,2024-10-04
2024-09-17T13:45:00+00:00,2024-09-17T14:00:00+00:00,2024-09-17,71.66,CONTINUATION,ADD,97.0,77.0,0.0,DISCOVERY,PYPL,PYPL-PR-0003,O:PYPL241018C00072500,CALL,72.5,2024-10-18,31,-1.1586206896551772,30,0.0,1.1586206896551772,NEAR_ATM,WITHIN_TOLERANCE,365,bars/O_PYPL241018C00072500.json,False,2024-09-10,2024-10-08
2024-09-17T13:45:00+00:00,2024-09-17T14:00:00+00:00,2024-09-17,71.66,CONTINUATION,ADD,97.0,77.0,0.0,DISCOVERY,PYPL,PYPL-PR-0003,O:PYPL241018P00072500,PUT,72.5,2024-10-18,31,1.1586206896551772,30,0.0,1.1586206896551772,NEAR_ATM,WITHIN_TOLERANCE,279,bars/O_PYPL241018P00072500.json,False,2024-09-10,2024-10-08
2024-09-18T18:00:00+00:00,2024-09-18T18:15:00+00:00,2024-09-18,230.72,CONTINUATION,RELOAD,67.0,51.0,2.0,DISCOVERY,TSLA,TSLA-PR-0003,O:TSLA241004C00230000,CALL,230.0,2024-10-04,16,0.31304347826086903,14,0.0,0.31304347826086903,NEAR_ATM,WITHIN_TOLERANCE,651,bars/O_TSLA241004C00230000.json,False,2024-08-29,2024-10-04
2024-09-18T18:00:00+00:00,2024-09-18T18:15:00+00:00,2024-09-18,230.72,CONTINUATION,RELOAD,67.0,51.0,2.0,DISCOVERY,TSLA,TSLA-PR-0003,O:TSLA241004P00230000,PUT,230.0,2024-10-04,16,-0.31304347826086903,14,0.0,0.31304347826086903,NEAR_ATM,WITHIN_TOLERANCE,543,bars/O_TSLA241004P00230000.json,False,2024-08-29,2024-10-04
2024-09-18T18:00:00+00:00,2024-09-18T18:15:00+00:00,2024-09-18,230.72,CONTINUATION,RELOAD,67.0,51.0,2.0,DISCOVERY,TSLA,TSLA-PR-0003,O:TSLA241018C00230000,CALL,230.0,2024-10-18,30,0.31304347826086903,30,0.0,0.31304347826086903,NEAR_ATM,WITHIN_TOLERANCE,531,bars/O_TSLA241018C00230000.json,False,2024-09-11,2024-10-09
2024-09-18T18:00:00+00:00,2024-09-18T18:15:00+00:00,2024-09-18,230.72,CONTINUATION,RELOAD,67.0,51.0,2.0,DISCOVERY,TSLA,TSLA-PR-0003,O:TSLA241018P00230000,PUT,230.0,2024-10-18,30,-0.31304347826086903,30,0.0,0.31304347826086903,NEAR_ATM,WITHIN_TOLERANCE,543,bars/O_TSLA241018P00230000.json,False,2024-09-11,2024-10-09
2024-09-23T18:45:00+00:00,2024-09-23T19:00:00+00:00,2024-09-23,569.46,ENTRY_FORMING,STRONG START,100.0,67.0,0.0,DISCOVERY,SPY,SPY-PR-0003,O:SPY241007C00569000,CALL,569.0,2024-10-07,14,0.08084358523726475,14,0.0,0.08084358523726475,NEAR_ATM,WITHIN_TOLERANCE,240,bars/O_SPY241007C00569000.json,False,2024-09-16,2024-10-07
2024-09-23T18:45:00+00:00,2024-09-23T19:00:00+00:00,2024-09-23,569.46,ENTRY_FORMING,STRONG START,100.0,67.0,0.0,DISCOVERY,SPY,SPY-PR-0003,O:SPY241007P00569000,PUT,569.0,2024-10-07,14,-0.08084358523726475,14,0.0,0.08084358523726475,NEAR_ATM,WITHIN_TOLERANCE,275,bars/O_SPY241007P00569000.json,False,2024-09-16,2024-10-07
2024-09-23T18:45:00+00:00,2024-09-23T19:00:00+00:00,2024-09-23,569.46,ENTRY_FORMING,STRONG START,100.0,67.0,0.0,DISCOVERY,SPY,SPY-PR-0003,O:SPY241025C00569000,CALL,569.0,2024-10-25,32,0.08084358523726475,30,0.0,0.08084358523726475,NEAR_ATM,WITHIN_TOLERANCE,360,bars/O_SPY241025C00569000.json,False,2024-09-16,2024-10-14
2024-09-23T18:45:00+00:00,2024-09-23T19:00:00+00:00,2024-09-23,569.46,ENTRY_FORMING,STRONG START,100.0,67.0,0.0,DISCOVERY,SPY,SPY-PR-0003,O:SPY241025P00569000,PUT,569.0,2024-10-25,32,-0.08084358523726475,30,0.0,0.08084358523726475,NEAR_ATM,WITHIN_TOLERANCE,402,bars/O_SPY241025P00569000.json,False,2024-09-16,2024-10-14
2024-09-26T14:00:00+00:00,2024-09-26T14:15:00+00:00,2024-09-26,22.58,ENTRY_FORMING,STRONG START,99.0,67.0,0.0,DISCOVERY,GME,GME-PR-0003,O:GME241011C00022500,CALL,22.5,2024-10-11,15,0.35555555555554796,14,0.0,0.35555555555554796,NEAR_ATM,WITHIN_TOLERANCE,366,bars/O_GME241011C00022500.json,False,2024-09-19,2024-10-11
2024-09-26T14:00:00+00:00,2024-09-26T14:15:00+00:00,2024-09-26,22.58,ENTRY_FORMING,STRONG START,99.0,67.0,0.0,DISCOVERY,GME,GME-PR-0003,O:GME241011P00022500,PUT,22.5,2024-10-11,15,-0.35555555555554796,14,0.0,0.35555555555554796,NEAR_ATM,WITHIN_TOLERANCE,154,bars/O_GME241011P00022500.json,False,2024-09-19,2024-10-11
2024-09-26T14:00:00+00:00,2024-09-26T14:15:00+00:00,2024-09-26,22.58,ENTRY_FORMING,STRONG START,99.0,67.0,0.0,DISCOVERY,GME,GME-PR-0003,O:GME241025C00022500,CALL,22.5,2024-10-25,29,0.35555555555554796,30,0.0,0.35555555555554796,NEAR_ATM,WITHIN_TOLERANCE,258,bars/O_GME241025C00022500.json,False,2024-09-19,2024-10-17
2024-09-26T14:00:00+00:00,2024-09-26T14:15:00+00:00,2024-09-26,22.58,ENTRY_FORMING,STRONG START,99.0,67.0,0.0,DISCOVERY,GME,GME-PR-0003,O:GME241025P00022500,PUT,22.5,2024-10-25,29,-0.35555555555554796,30,0.0,0.35555555555554796,NEAR_ATM,WITHIN_TOLERANCE,38,bars/O_GME241025P00022500.json,False,2024-09-19,2024-10-17
2024-09-27T18:45:00+00:00,2024-09-27T19:00:00+00:00,2024-09-27,572.19,CONTINUATION,RELOAD,50.0,42.0,0.0,DISCOVERY,SPY,SPY-PR-0004,O:SPY241011C00572000,CALL,572.0,2024-10-11,14,0.03321678321679276,14,0.0,0.03321678321679276,NEAR_ATM,WITHIN_TOLERANCE,419,bars/O_SPY241011C00572000.json,False,2024-09-20,2024-10-11
2024-09-27T18:45:00+00:00,2024-09-27T19:00:00+00:00,2024-09-27,572.19,CONTINUATION,RELOAD,50.0,42.0,0.0,DISCOVERY,SPY,SPY-PR-0004,O:SPY241011P00572000,PUT,572.0,2024-10-11,14,-0.03321678321679276,14,0.0,0.03321678321679276,NEAR_ATM,WITHIN_TOLERANCE,397,bars/O_SPY241011P00572000.json,False,2024-09-20,2024-10-11
2024-09-27T18:45:00+00:00,2024-09-27T19:00:00+00:00,2024-09-27,572.19,CONTINUATION,RELOAD,50.0,42.0,0.0,DISCOVERY,SPY,SPY-PR-0004,O:SPY241025C00572000,CALL,572.0,2024-10-25,28,0.03321678321679276,30,0.0,0.03321678321679276,NEAR_ATM,WITHIN_TOLERANCE,427,bars/O_SPY241025C00572000.json,False,2024-09-20,2024-10-18
2024-09-27T18:45:00+00:00,2024-09-27T19:00:00+00:00,2024-09-27,572.19,CONTINUATION,RELOAD,50.0,42.0,0.0,DISCOVERY,SPY,SPY-PR-0004,O:SPY241025P00572000,PUT,572.0,2024-10-25,28,-0.03321678321679276,30,0.0,0.03321678321679276,NEAR_ATM,WITHIN_TOLERANCE,469,bars/O_SPY241025P00572000.json,False,2024-09-20,2024-10-18
2024-09-30T13:30:00+00:00,2024-09-30T13:45:00+00:00,2024-09-30,23.28,CONTINUATION,RELOAD,76.0,59.0,0.0,DISCOVERY,U,U-PR-0004,O:U241011C00023500,CALL,23.5,2024-10-11,11,-0.9361702127659527,14,0.0,0.9361702127659527,NEAR_ATM,WITHIN_TOLERANCE,162,bars/O_U241011C00023500.json,True,2024-09-23,2024-10-11
2024-09-30T13:30:00+00:00,2024-09-30T13:45:00+00:00,2024-09-30,23.28,CONTINUATION,RELOAD,76.0,59.0,0.0,DISCOVERY,U,U-PR-0004,O:U241011P00023500,PUT,23.5,2024-10-11,11,0.9361702127659527,14,0.0,0.9361702127659527,NEAR_ATM,WITHIN_TOLERANCE,13,bars/O_U241011P00023500.json,False,2024-09-23,2024-10-11
2024-09-30T13:30:00+00:00,2024-09-30T13:45:00+00:00,2024-09-30,23.28,CONTINUATION,RELOAD,76.0,59.0,0.0,DISCOVERY,U,U-PR-0004,O:U241101C00023000,CALL,23.0,2024-11-01,32,1.217391304347831,30,0.0,1.217391304347831,NEAR_ATM,WITHIN_TOLERANCE,215,bars/O_U241101C00023000.json,False,2024-09-23,2024-10-21
2024-09-30T13:30:00+00:00,2024-09-30T13:45:00+00:00,2024-09-30,23.28,CONTINUATION,RELOAD,76.0,59.0,0.0,DISCOVERY,U,U-PR-0004,O:U241101P00023000,PUT,23.0,2024-11-01,32,-1.217391304347831,30,0.0,1.217391304347831,NEAR_ATM,WITHIN_TOLERANCE,18,bars/O_U241101P00023000.json,False,2024-09-23,2024-10-21
2024-09-30T19:45:00+00:00,2024-09-30T20:00:00+00:00,2024-09-30,261.605,CONTINUATION,RELOAD,61.0,46.0,3.0,DISCOVERY,TSLA,TSLA-PR-0004,O:TSLA241011C00262500,CALL,262.5,2024-10-11,11,-0.340952380952374,14,0.0,0.340952380952374,NEAR_ATM,WITHIN_TOLERANCE,308,bars/O_TSLA241011C00262500.json,True,2024-09-23,2024-10-11
2024-09-30T19:45:00+00:00,2024-09-30T20:00:00+00:00,2024-09-30,261.605,CONTINUATION,RELOAD,61.0,46.0,3.0,DISCOVERY,TSLA,TSLA-PR-0004,O:TSLA241011P00262500,PUT,262.5,2024-10-11,11,0.340952380952374,14,0.0,0.340952380952374,NEAR_ATM,WITHIN_TOLERANCE,201,bars/O_TSLA241011P00262500.json,False,2024-09-23,2024-10-11
2024-09-30T19:45:00+00:00,2024-09-30T20:00:00+00:00,2024-09-30,261.605,CONTINUATION,RELOAD,61.0,46.0,3.0,DISCOVERY,TSLA,TSLA-PR-0004,O:TSLA241101C00260000,CALL,260.0,2024-11-01,32,0.6173076923076993,30,0.0,0.6173076923076993,NEAR_ATM,WITHIN_TOLERANCE,515,bars/O_TSLA241101C00260000.json,False,2024-09-23,2024-10-21
2024-09-30T19:45:00+00:00,2024-09-30T20:00:00+00:00,2024-09-30,261.605,CONTINUATION,RELOAD,61.0,46.0,3.0,DISCOVERY,TSLA,TSLA-PR-0004,O:TSLA241101P00260000,PUT,260.0,2024-11-01,32,-0.6173076923076993,30,0.0,0.6173076923076993,NEAR_ATM,WITHIN_TOLERANCE,226,bars/O_TSLA241101P00260000.json,False,2024-09-23,2024-10-21
2024-10-09T13:30:00+00:00,2024-10-09T13:45:00+00:00,2024-10-09,41.08,ENTRY_FORMING,STRONG START,86.0,57.0,0.0,DISCOVERY,RBLX,RBLX-PR-0003,O:RBLX241025C00041000,CALL,41.0,2024-10-25,16,0.19512195121950804,14,0.0,0.19512195121950804,NEAR_ATM,WITHIN_TOLERANCE,244,bars/O_RBLX241025C00041000.json,False,2024-10-02,2024-10-25
2024-10-09T13:30:00+00:00,2024-10-09T13:45:00+00:00,2024-10-09,41.08,ENTRY_FORMING,STRONG START,86.0,57.0,0.0,DISCOVERY,RBLX,RBLX-PR-0003,O:RBLX241025P00041000,PUT,41.0,2024-10-25,16,-0.19512195121950804,14,0.0,0.19512195121950804,NEAR_ATM,WITHIN_TOLERANCE,182,bars/O_RBLX241025P00041000.json,False,2024-10-02,2024-10-25
2024-10-09T13:30:00+00:00,2024-10-09T13:45:00+00:00,2024-10-09,41.08,ENTRY_FORMING,STRONG START,86.0,57.0,0.0,DISCOVERY,RBLX,RBLX-PR-0003,O:RBLX241108C00041000,CALL,41.0,2024-11-08,30,0.19512195121950804,30,0.0,0.19512195121950804,NEAR_ATM,WITHIN_TOLERANCE,50,bars/O_RBLX241108C00041000.json,False,2024-10-02,2024-10-30
2024-10-09T13:30:00+00:00,2024-10-09T13:45:00+00:00,2024-10-09,41.08,ENTRY_FORMING,STRONG START,86.0,57.0,0.0,DISCOVERY,RBLX,RBLX-PR-0003,O:RBLX241108P00041000,PUT,41.0,2024-11-08,30,-0.19512195121950804,30,0.0,0.19512195121950804,NEAR_ATM,WITHIN_TOLERANCE,39,bars/O_RBLX241108P00041000.json,False,2024-10-02,2024-10-30
2024-10-10T19:45:00+00:00,2024-10-10T20:00:00+00:00,2024-10-10,273.58,ENTRY_FORMING,STRONG START,95.0,65.0,0.0,DISCOVERY,LULU,LULU-PR-0003,O:LULU241025C00272500,CALL,272.5,2024-10-25,15,0.39633027522935194,14,0.0,0.39633027522935194,NEAR_ATM,WITHIN_TOLERANCE,48,bars/O_LULU241025C00272500.json,False,2024-10-03,2024-10-25
2024-10-10T19:45:00+00:00,2024-10-10T20:00:00+00:00,2024-10-10,273.58,ENTRY_FORMING,STRONG START,95.0,65.0,0.0,DISCOVERY,LULU,LULU-PR-0003,O:LULU241025P00272500,PUT,272.5,2024-10-25,15,-0.39633027522935194,14,0.0,0.39633027522935194,NEAR_ATM,WITHIN_TOLERANCE,69,bars/O_LULU241025P00272500.json,False,2024-10-03,2024-10-25
2024-10-10T19:45:00+00:00,2024-10-10T20:00:00+00:00,2024-10-10,273.58,ENTRY_FORMING,STRONG START,95.0,65.0,0.0,DISCOVERY,LULU,LULU-PR-0003,O:LULU241108C00275000,CALL,275.0,2024-11-08,29,-0.5163636363636421,30,0.0,0.5163636363636421,NEAR_ATM,WITHIN_TOLERANCE,38,bars/O_LULU241108C00275000.json,False,2024-10-03,2024-10-31
2024-10-10T19:45:00+00:00,2024-10-10T20:00:00+00:00,2024-10-10,273.58,ENTRY_FORMING,STRONG START,95.0,65.0,0.0,DISCOVERY,LULU,LULU-PR-0003,O:LULU241108P00275000,PUT,275.0,2024-11-08,29,0.5163636363636421,30,0.0,0.5163636363636421,NEAR_ATM,WITHIN_TOLERANCE,79,bars/O_LULU241108P00275000.json,False,2024-10-03,2024-10-31
2024-10-11T15:30:00+00:00,2024-10-11T15:45:00+00:00,2024-10-11,21.04,CONTINUATION,ADD,96.0,71.0,0.0,DISCOVERY,GME,GME-PR-0004,O:GME241025C00021000,CALL,21.0,2024-10-25,14,0.1904761904761864,14,0.0,0.1904761904761864,NEAR_ATM,WITHIN_TOLERANCE,379,bars/O_GME241025C00021000.json,False,2024-10-04,2024-10-25
2024-10-11T15:30:00+00:00,2024-10-11T15:45:00+00:00,2024-10-11,21.04,CONTINUATION,ADD,96.0,71.0,0.0,DISCOVERY,GME,GME-PR-0004,O:GME241025P00021000,PUT,21.0,2024-10-25,14,-0.1904761904761864,14,0.0,0.1904761904761864,NEAR_ATM,WITHIN_TOLERANCE,287,bars/O_GME241025P00021000.json,False,2024-10-04,2024-10-25
2024-10-11T15:30:00+00:00,2024-10-11T15:45:00+00:00,2024-10-11,21.04,CONTINUATION,ADD,96.0,71.0,0.0,DISCOVERY,GME,GME-PR-0004,O:GME241108C00021000,CALL,21.0,2024-11-08,28,0.1904761904761864,30,0.0,0.1904761904761864,NEAR_ATM,WITHIN_TOLERANCE,362,bars/O_GME241108C00021000.json,False,2024-10-04,2024-11-01
2024-10-11T15:30:00+00:00,2024-10-11T15:45:00+00:00,2024-10-11,21.04,CONTINUATION,ADD,96.0,71.0,0.0,DISCOVERY,GME,GME-PR-0004,O:GME241108P00021000,PUT,21.0,2024-11-08,28,-0.1904761904761864,30,0.0,0.1904761904761864,NEAR_ATM,WITHIN_TOLERANCE,210,bars/O_GME241108P00021000.json,False,2024-10-04,2024-11-01
2024-10-11T19:30:00+00:00,2024-10-11T19:45:00+00:00,2024-10-11,80.36,ENTRY_FORMING,STRONG START,100.0,67.0,0.0,DISCOVERY,PYPL,PYPL-PR-0004,O:PYPL241025C00080000,CALL,80.0,2024-10-25,14,0.4499999999999993,14,0.0,0.4499999999999993,NEAR_ATM,WITHIN_TOLERANCE,359,bars/O_PYPL241025C00080000.json,False,2024-10-04,2024-10-25
2024-10-11T19:30:00+00:00,2024-10-11T19:45:00+00:00,2024-10-11,80.36,ENTRY_FORMING,STRONG START,100.0,67.0,0.0,DISCOVERY,PYPL,PYPL-PR-0004,O:PYPL241025P00080000,PUT,80.0,2024-10-25,14,-0.4499999999999993,14,0.0,0.4499999999999993,NEAR_ATM,WITHIN_TOLERANCE,287,bars/O_PYPL241025P00080000.json,False,2024-10-04,2024-10-25
2024-10-11T19:30:00+00:00,2024-10-11T19:45:00+00:00,2024-10-11,80.36,ENTRY_FORMING,STRONG START,100.0,67.0,0.0,DISCOVERY,PYPL,PYPL-PR-0004,O:PYPL241108C00080000,CALL,80.0,2024-11-08,28,0.4499999999999993,30,0.0,0.4499999999999993,NEAR_ATM,WITHIN_TOLERANCE,253,bars/O_PYPL241108C00080000.json,False,2024-10-04,2024-11-01
2024-10-11T19:30:00+00:00,2024-10-11T19:45:00+00:00,2024-10-11,80.36,ENTRY_FORMING,STRONG START,100.0,67.0,0.0,DISCOVERY,PYPL,PYPL-PR-0004,O:PYPL241108P00080000,PUT,80.0,2024-11-08,28,-0.4499999999999993,30,0.0,0.4499999999999993,NEAR_ATM,WITHIN_TOLERANCE,174,bars/O_PYPL241108P00080000.json,False,2024-10-04,2024-11-01
2024-10-14T19:15:00+00:00,2024-10-14T19:30:00+00:00,2024-10-14,11.085,CONTINUATION,ADD,94.0,79.0,0.0,DISCOVERY,VALE,VALE-PR-0003,O:VALE241025C00011000,CALL,11.0,2024-10-25,11,0.7727272727272805,14,0.0,0.7727272727272805,NEAR_ATM,WITHIN_TOLERANCE,218,bars/O_VALE241025C00011000.json,False,2024-10-07,2024-10-25
2024-10-14T19:15:00+00:00,2024-10-14T19:30:00+00:00,2024-10-14,11.085,CONTINUATION,ADD,94.0,79.0,0.0,DISCOVERY,VALE,VALE-PR-0003,O:VALE241025P00011000,PUT,11.0,2024-10-25,11,-0.7727272727272805,14,0.0,0.7727272727272805,NEAR_ATM,WITHIN_TOLERANCE,134,bars/O_VALE241025P00011000.json,False,2024-10-07,2024-10-25
2024-10-14T19:15:00+00:00,2024-10-14T19:30:00+00:00,2024-10-14,11.085,CONTINUATION,ADD,94.0,79.0,0.0,DISCOVERY,VALE,VALE-PR-0003,O:VALE241115C00011000,CALL,11.0,2024-11-15,32,0.7727272727272805,30,0.0,0.7727272727272805,NEAR_ATM,WITHIN_TOLERANCE,342,bars/O_VALE241115C00011000.json,False,2024-10-07,2024-11-06
2024-10-14T19:15:00+00:00,2024-10-14T19:30:00+00:00,2024-10-14,11.085,CONTINUATION,ADD,94.0,79.0,0.0,DISCOVERY,VALE,VALE-PR-0003,O:VALE241115P00011000,PUT,11.0,2024-11-15,32,-0.7727272727272805,30,0.0,0.7727272727272805,NEAR_ATM,WITHIN_TOLERANCE,195,bars/O_VALE241115P00011000.json,False,2024-10-07,2024-11-06
2024-10-15T13:30:00+00:00,2024-10-15T13:45:00+00:00,2024-10-15,41.315,CONTINUATION,RELOAD,55.0,39.0,0.0,DISCOVERY,RBLX,RBLX-PR-0004,O:RBLX241101C00041500,CALL,41.5,2024-11-01,17,-0.44578313253012597,14,0.0,0.44578313253012597,NEAR_ATM,WITHIN_TOLERANCE,65,bars/O_RBLX241101C00041500.json,False,2024-10-08,2024-11-01
2024-10-15T13:30:00+00:00,2024-10-15T13:45:00+00:00,2024-10-15,41.315,CONTINUATION,RELOAD,55.0,39.0,0.0,DISCOVERY,RBLX,RBLX-PR-0004,O:RBLX241101P00041500,PUT,41.5,2024-11-01,17,0.44578313253012597,14,0.0,0.44578313253012597,NEAR_ATM,WITHIN_TOLERANCE,68,bars/O_RBLX241101P00041500.json,False,2024-10-08,2024-11-01
2024-10-15T13:30:00+00:00,2024-10-15T13:45:00+00:00,2024-10-15,41.315,CONTINUATION,RELOAD,55.0,39.0,0.0,DISCOVERY,RBLX,RBLX-PR-0004,O:RBLX241115C00042500,CALL,42.5,2024-11-15,31,-2.7882352941176523,30,0.0,2.7882352941176523,NEAR_ATM,WITHIN_TOLERANCE,262,bars/O_RBLX241115C00042500.json,False,2024-10-08,2024-11-05
2024-10-15T13:30:00+00:00,2024-10-15T13:45:00+00:00,2024-10-15,41.315,CONTINUATION,RELOAD,55.0,39.0,0.0,DISCOVERY,RBLX,RBLX-PR-0004,O:RBLX241115P00042500,PUT,42.5,2024-11-15,31,2.7882352941176523,30,0.0,2.7882352941176523,NEAR_ATM,WITHIN_TOLERANCE,179,bars/O_RBLX241115P00042500.json,False,2024-10-08,2024-11-05
2024-10-16T13:30:00+00:00,2024-10-16T13:45:00+00:00,2024-10-16,79.815,CONTINUATION,RELOAD,36.0,38.0,0.0,DISCOVERY,PYPL,PYPL-PR-0005,O:PYPL241101C00080000,CALL,80.0,2024-11-01,16,-0.23125000000000284,14,0.0,0.23125000000000284,NEAR_ATM,WITHIN_TOLERANCE,355,bars/O_PYPL241101C00080000.json,True,2024-10-09,2024-11-01
2024-10-16T13:30:00+00:00,2024-10-16T13:45:00+00:00,2024-10-16,79.815,CONTINUATION,RELOAD,36.0,38.0,0.0,DISCOVERY,PYPL,PYPL-PR-0005,O:PYPL241101P00080000,PUT,80.0,2024-11-01,16,0.23125000000000284,14,0.0,0.23125000000000284,NEAR_ATM,WITHIN_TOLERANCE,284,bars/O_PYPL241101P00080000.json,False,2024-10-09,2024-11-01
2024-10-16T13:30:00+00:00,2024-10-16T13:45:00+00:00,2024-10-16,79.815,CONTINUATION,RELOAD,36.0,38.0,0.0,DISCOVERY,PYPL,PYPL-PR-0005,O:PYPL241115C00080000,CALL,80.0,2024-11-15,30,-0.23125000000000284,30,0.0,0.23125000000000284,NEAR_ATM,WITHIN_TOLERANCE,496,bars/O_PYPL241115C00080000.json,False,2024-10-09,2024-11-06
2024-10-16T13:30:00+00:00,2024-10-16T13:45:00+00:00,2024-10-16,79.815,CONTINUATION,RELOAD,36.0,38.0,0.0,DISCOVERY,PYPL,PYPL-PR-0005,O:PYPL241115P00080000,PUT,80.0,2024-11-15,30,0.23125000000000284,30,0.0,0.23125000000000284,NEAR_ATM,WITHIN_TOLERANCE,347,bars/O_PYPL241115P00080000.json,False,2024-10-09,2024-11-06
2024-10-16T13:30:00+00:00,2024-10-16T13:45:00+00:00,2024-10-16,10.875,ENTRY_FORMING,STRONG START,11.0,7.0,9.0,DISCOVERY,VALE,VALE-PR-0004,O:VALE241101C00011000,CALL,11.0,2024-11-01,16,-1.1363636363636365,14,0.0,1.1363636363636365,NEAR_ATM,WITHIN_TOLERANCE,234,bars/O_VALE241101C00011000.json,False,2024-10-09,2024-11-01
2024-10-16T13:30:00+00:00,2024-10-16T13:45:00+00:00,2024-10-16,10.875,ENTRY_FORMING,STRONG START,11.0,7.0,9.0,DISCOVERY,VALE,VALE-PR-0004,O:VALE241101P00011000,PUT,11.0,2024-11-01,16,1.1363636363636365,14,0.0,1.1363636363636365,NEAR_ATM,WITHIN_TOLERANCE,98,bars/O_VALE241101P00011000.json,False,2024-10-09,2024-11-01
2024-10-16T13:30:00+00:00,2024-10-16T13:45:00+00:00,2024-10-16,10.875,ENTRY_FORMING,STRONG START,11.0,7.0,9.0,DISCOVERY,VALE,VALE-PR-0004,O:VALE241115C00011000,CALL,11.0,2024-11-15,30,-1.1363636363636365,30,0.0,1.1363636363636365,NEAR_ATM,WITHIN_TOLERANCE,342,bars/O_VALE241115C00011000.json,False,2024-10-07,2024-11-06
2024-10-16T13:30:00+00:00,2024-10-16T13:45:00+00:00,2024-10-16,10.875,ENTRY_FORMING,STRONG START,11.0,7.0,9.0,DISCOVERY,VALE,VALE-PR-0004,O:VALE241115P00011000,PUT,11.0,2024-11-15,30,1.1363636363636365,30,0.0,1.1363636363636365,NEAR_ATM,WITHIN_TOLERANCE,195,bars/O_VALE241115P00011000.json,False,2024-10-07,2024-11-06
2024-10-18T19:30:00+00:00,2024-10-18T19:45:00+00:00,2024-10-18,22.02,ENTRY_FORMING,STRONG START,100.0,67.0,0.0,DISCOVERY,U,U-PR-0005,O:U241101C00022000,CALL,22.0,2024-11-01,14,0.09090909090908897,14,0.0,0.09090909090908897,NEAR_ATM,WITHIN_TOLERANCE,299,bars/O_U241101C00022000.json,False,2024-10-11,2024-11-01
2024-10-18T19:30:00+00:00,2024-10-18T19:45:00+00:00,2024-10-18,22.02,ENTRY_FORMING,STRONG START,100.0,67.0,0.0,DISCOVERY,U,U-PR-0005,O:U241101P00022000,PUT,22.0,2024-11-01,14,-0.09090909090908897,14,0.0,0.09090909090908897,NEAR_ATM,WITHIN_TOLERANCE,67,bars/O_U241101P00022000.json,False,2024-10-11,2024-11-01
2024-10-18T19:30:00+00:00,2024-10-18T19:45:00+00:00,2024-10-18,22.02,ENTRY_FORMING,STRONG START,100.0,67.0,0.0,DISCOVERY,U,U-PR-0005,O:U241115C00022000,CALL,22.0,2024-11-15,28,0.09090909090908897,30,0.0,0.09090909090908897,NEAR_ATM,WITHIN_TOLERANCE,442,bars/O_U241115C00022000.json,False,2024-10-11,2024-11-08
2024-10-18T19:30:00+00:00,2024-10-18T19:45:00+00:00,2024-10-18,22.02,ENTRY_FORMING,STRONG START,100.0,67.0,0.0,DISCOVERY,U,U-PR-0005,O:U241115P00022000,PUT,22.0,2024-11-15,28,-0.09090909090908897,30,0.0,0.09090909090908897,NEAR_ATM,WITHIN_TOLERANCE,126,bars/O_U241115P00022000.json,False,2024-10-11,2024-11-08
2024-10-22T17:30:00+00:00,2024-10-22T17:45:00+00:00,2024-10-22,583.45,CONTINUATION,RELOAD,27.0,36.0,0.0,DISCOVERY,SPY,SPY-PR-0005,O:SPY241105C00583000,CALL,583.0,2024-11-05,14,0.07718696397942461,14,0.0,0.07718696397942461,NEAR_ATM,WITHIN_TOLERANCE,263,bars/O_SPY241105C00583000.json,True,2024-10-15,2024-11-05
2024-10-22T17:30:00+00:00,2024-10-22T17:45:00+00:00,2024-10-22,583.45,CONTINUATION,RELOAD,27.0,36.0,0.0,DISCOVERY,SPY,SPY-PR-0005,O:SPY241105P00583000,PUT,583.0,2024-11-05,14,-0.07718696397942461,14,0.0,0.07718696397942461,NEAR_ATM,WITHIN_TOLERANCE,156,bars/O_SPY241105P00583000.json,False,2024-10-15,2024-11-05
2024-10-22T17:30:00+00:00,2024-10-22T17:45:00+00:00,2024-10-22,583.45,CONTINUATION,RELOAD,27.0,36.0,0.0,DISCOVERY,SPY,SPY-PR-0005,O:SPY241122C00583000,CALL,583.0,2024-11-22,31,0.07718696397942461,30,0.0,0.07718696397942461,NEAR_ATM,WITHIN_TOLERANCE,354,bars/O_SPY241122C00583000.json,False,2024-10-15,2024-11-12
2024-10-22T17:30:00+00:00,2024-10-22T17:45:00+00:00,2024-10-22,583.45,CONTINUATION,RELOAD,27.0,36.0,0.0,DISCOVERY,SPY,SPY-PR-0005,O:SPY241122P00583000,PUT,583.0,2024-11-22,31,-0.07718696397942461,30,0.0,0.07718696397942461,NEAR_ATM,WITHIN_TOLERANCE,349,bars/O_SPY241122P00583000.json,False,2024-10-15,2024-11-12
2024-10-24T15:45:00+00:00,2024-10-24T16:00:00+00:00,2024-10-24,81.4297,CONTINUATION,ADD,97.0,71.0,0.0,DISCOVERY,PYPL,PYPL-PR-0006,O:PYPL241108C00081000,CALL,81.0,2024-11-08,15,0.53049382716049,14,0.0,0.53049382716049,NEAR_ATM,WITHIN_TOLERANCE,319,bars/O_PYPL241108C00081000.json,False,2024-10-17,2024-11-08
2024-10-24T15:45:00+00:00,2024-10-24T16:00:00+00:00,2024-10-24,81.4297,CONTINUATION,ADD,97.0,71.0,0.0,DISCOVERY,PYPL,PYPL-PR-0006,O:PYPL241108P00081000,PUT,81.0,2024-11-08,15,-0.53049382716049,14,0.0,0.53049382716049,NEAR_ATM,WITHIN_TOLERANCE,167,bars/O_PYPL241108P00081000.json,False,2024-10-17,2024-11-08
2024-10-24T15:45:00+00:00,2024-10-24T16:00:00+00:00,2024-10-24,81.4297,CONTINUATION,ADD,97.0,71.0,0.0,DISCOVERY,PYPL,PYPL-PR-0006,O:PYPL241122C00081000,CALL,81.0,2024-11-22,29,0.53049382716049,30,0.0,0.53049382716049,NEAR_ATM,WITHIN_TOLERANCE,149,bars/O_PYPL241122C00081000.json,False,2024-10-17,2024-11-14
2024-10-24T15:45:00+00:00,2024-10-24T16:00:00+00:00,2024-10-24,81.4297,CONTINUATION,ADD,97.0,71.0,0.0,DISCOVERY,PYPL,PYPL-PR-0006,O:PYPL241122P00081000,PUT,81.0,2024-11-22,29,-0.53049382716049,30,0.0,0.53049382716049,NEAR_ATM,WITHIN_TOLERANCE,82,bars/O_PYPL241122P00081000.json,False,2024-10-17,2024-11-14
2024-10-24T19:00:00+00:00,2024-10-24T19:15:00+00:00,2024-10-24,579.21,ENTRY_FORMING,STRONG START,82.0,56.0,0.0,DISCOVERY,SPY,SPY-PR-0006,O:SPY241107C00579000,CALL,579.0,2024-11-07,14,0.036269430051819755,14,0.0,0.036269430051819755,NEAR_ATM,WITHIN_TOLERANCE,171,bars/O_SPY241107C00579000.json,True,2024-10-17,2024-11-07
2024-10-24T19:00:00+00:00,2024-10-24T19:15:00+00:00,2024-10-24,579.21,ENTRY_FORMING,STRONG START,82.0,56.0,0.0,DISCOVERY,SPY,SPY-PR-0006,O:SPY241107P00579000,PUT,579.0,2024-11-07,14,-0.036269430051819755,14,0.0,0.036269430051819755,NEAR_ATM,WITHIN_TOLERANCE,158,bars/O_SPY241107P00579000.json,False,2024-10-17,2024-11-07
2024-10-24T19:00:00+00:00,2024-10-24T19:15:00+00:00,2024-10-24,579.21,ENTRY_FORMING,STRONG START,82.0,56.0,0.0,DISCOVERY,SPY,SPY-PR-0006,O:SPY241122C00579000,CALL,579.0,2024-11-22,29,0.036269430051819755,30,0.0,0.036269430051819755,NEAR_ATM,WITHIN_TOLERANCE,271,bars/O_SPY241122C00579000.json,False,2024-10-17,2024-11-14
2024-10-24T19:00:00+00:00,2024-10-24T19:15:00+00:00,2024-10-24,579.21,ENTRY_FORMING,STRONG START,82.0,56.0,0.0,DISCOVERY,SPY,SPY-PR-0006,O:SPY241122P00579000,PUT,579.0,2024-11-22,29,-0.036269430051819755,30,0.0,0.036269430051819755,NEAR_ATM,WITHIN_TOLERANCE,283,bars/O_SPY241122P00579000.json,False,2024-10-17,2024-11-14
2024-10-25T13:45:00+00:00,2024-10-25T14:00:00+00:00,2024-10-25,20.675,ENTRY_FORMING,STRONG START,0.0,0.0,21.0,DISCOVERY,GME,GME-PR-0005,O:GME241108C00020500,CALL,20.5,2024-11-08,14,0.8536585365853694,14,0.0,0.8536585365853694,NEAR_ATM,WITHIN_TOLERANCE,170,bars/O_GME241108C00020500.json,True,2024-10-18,2024-11-08
2024-10-25T13:45:00+00:00,2024-10-25T14:00:00+00:00,2024-10-25,20.675,ENTRY_FORMING,STRONG START,0.0,0.0,21.0,DISCOVERY,GME,GME-PR-0005,O:GME241108P00020500,PUT,20.5,2024-11-08,14,-0.8536585365853694,14,0.0,0.8536585365853694,NEAR_ATM,WITHIN_TOLERANCE,217,bars/O_GME241108P00020500.json,False,2024-10-18,2024-11-08
2024-10-25T13:45:00+00:00,2024-10-25T14:00:00+00:00,2024-10-25,20.675,ENTRY_FORMING,STRONG START,0.0,0.0,21.0,DISCOVERY,GME,GME-PR-0005,O:GME241122C00020500,CALL,20.5,2024-11-22,28,0.8536585365853694,30,0.0,0.8536585365853694,NEAR_ATM,WITHIN_TOLERANCE,93,bars/O_GME241122C00020500.json,False,2024-10-18,2024-11-15
2024-10-25T13:45:00+00:00,2024-10-25T14:00:00+00:00,2024-10-25,20.675,ENTRY_FORMING,STRONG START,0.0,0.0,21.0,DISCOVERY,GME,GME-PR-0005,O:GME241122P00020500,PUT,20.5,2024-11-22,28,-0.8536585365853694,30,0.0,0.8536585365853694,NEAR_ATM,WITHIN_TOLERANCE,92,bars/O_GME241122P00020500.json,False,2024-10-18,2024-11-15
2024-10-29T17:45:00+00:00,2024-10-29T18:00:00+00:00,2024-10-29,305.95,CONTINUATION,RELOAD,55.0,47.0,0.0,DISCOVERY,LULU,LULU-PR-0004,O:LULU241115C00305000,CALL,305.0,2024-11-15,17,0.31147540983606187,14,0.0,0.31147540983606187,NEAR_ATM,WITHIN_TOLERANCE,157,bars/O_LULU241115C00305000.json,False,2024-10-22,2024-11-15
2024-10-29T17:45:00+00:00,2024-10-29T18:00:00+00:00,2024-10-29,305.95,CONTINUATION,RELOAD,55.0,47.0,0.0,DISCOVERY,LULU,LULU-PR-0004,O:LULU241115P00305000,PUT,305.0,2024-11-15,17,-0.31147540983606187,14,0.0,0.31147540983606187,NEAR_ATM,WITHIN_TOLERANCE,209,bars/O_LULU241115P00305000.json,False,2024-10-22,2024-11-15
2024-10-29T17:45:00+00:00,2024-10-29T18:00:00+00:00,2024-10-29,305.95,CONTINUATION,RELOAD,55.0,47.0,0.0,DISCOVERY,LULU,LULU-PR-0004,O:LULU241129C00305000,CALL,305.0,2024-11-29,31,0.31147540983606187,30,0.0,0.31147540983606187,NEAR_ATM,WITHIN_TOLERANCE,78,bars/O_LULU241129C00305000.json,False,2024-10-22,2024-11-19
2024-10-29T17:45:00+00:00,2024-10-29T18:00:00+00:00,2024-10-29,305.95,CONTINUATION,RELOAD,55.0,47.0,0.0,DISCOVERY,LULU,LULU-PR-0004,O:LULU241129P00305000,PUT,305.0,2024-11-29,31,-0.31147540983606187,30,0.0,0.31147540983606187,NEAR_ATM,WITHIN_TOLERANCE,117,bars/O_LULU241129P00305000.json,False,2024-10-22,2024-11-19
2024-11-05T16:15:00+00:00,2024-11-05T16:30:00+00:00,2024-11-05,50.8161,CONTINUATION,RELOAD,79.0,54.0,0.0,DISCOVERY,RBLX,RBLX-PR-0005,O:RBLX241122C00051000,CALL,51.0,2024-11-22,17,-0.3605882352941202,14,0.0,0.3605882352941202,NEAR_ATM,WITHIN_TOLERANCE,168,bars/O_RBLX241122C00051000.json,True,2024-10-29,2024-11-22
2024-11-05T16:15:00+00:00,2024-11-05T16:30:00+00:00,2024-11-05,50.8161,CONTINUATION,RELOAD,79.0,54.0,0.0,DISCOVERY,RBLX,RBLX-PR-0005,O:RBLX241122P00051000,PUT,51.0,2024-11-22,17,0.3605882352941202,14,0.0,0.3605882352941202,NEAR_ATM,WITHIN_TOLERANCE,243,bars/O_RBLX241122P00051000.json,False,2024-10-29,2024-11-22
2024-11-05T16:15:00+00:00,2024-11-05T16:30:00+00:00,2024-11-05,50.8161,CONTINUATION,RELOAD,79.0,54.0,0.0,DISCOVERY,RBLX,RBLX-PR-0005,O:RBLX241206C00051000,CALL,51.0,2024-12-06,31,-0.3605882352941202,30,0.0,0.3605882352941202,NEAR_ATM,WITHIN_TOLERANCE,99,bars/O_RBLX241206C00051000.json,False,2024-10-29,2024-11-26
2024-11-05T16:15:00+00:00,2024-11-05T16:30:00+00:00,2024-11-05,50.8161,CONTINUATION,RELOAD,79.0,54.0,0.0,DISCOVERY,RBLX,RBLX-PR-0005,O:RBLX241206P00051000,PUT,51.0,2024-12-06,31,0.3605882352941202,30,0.0,0.3605882352941202,NEAR_ATM,WITHIN_TOLERANCE,45,bars/O_RBLX241206P00051000.json,False,2024-10-29,2024-11-26
2024-11-07T20:00:00+00:00,2024-11-07T20:15:00+00:00,2024-11-07,22.42,CONTINUATION,ADD,99.0,85.0,0.0,DISCOVERY,U,U-PR-0006,O:U241122C00022500,CALL,22.5,2024-11-22,15,-0.35555555555554796,14,0.0,0.35555555555554796,NEAR_ATM,WITHIN_TOLERANCE,161,bars/O_U241122C00022500.json,False,2024-10-31,2024-11-22
2024-11-07T20:00:00+00:00,2024-11-07T20:15:00+00:00,2024-11-07,22.42,CONTINUATION,ADD,99.0,85.0,0.0,DISCOVERY,U,U-PR-0006,O:U241122P00022500,PUT,22.5,2024-11-22,15,0.35555555555554796,14,0.0,0.35555555555554796,NEAR_ATM,WITHIN_TOLERANCE,62,bars/O_U241122P00022500.json,False,2024-10-31,2024-11-22
2024-11-07T20:00:00+00:00,2024-11-07T20:15:00+00:00,2024-11-07,22.42,CONTINUATION,ADD,99.0,85.0,0.0,DISCOVERY,U,U-PR-0006,O:U241206C00022500,CALL,22.5,2024-12-06,29,-0.35555555555554796,30,0.0,0.35555555555554796,NEAR_ATM,WITHIN_TOLERANCE,80,bars/O_U241206C00022500.json,False,2024-10-31,2024-11-28
2024-11-07T20:00:00+00:00,2024-11-07T20:15:00+00:00,2024-11-07,22.42,CONTINUATION,ADD,99.0,85.0,0.0,DISCOVERY,U,U-PR-0006,O:U241206P00022500,PUT,22.5,2024-12-06,29,0.35555555555554796,30,0.0,0.35555555555554796,NEAR_ATM,WITHIN_TOLERANCE,37,bars/O_U241206P00022500.json,False,2024-10-31,2024-11-28
2024-11-07T20:45:00+00:00,2024-11-07T21:00:00+00:00,2024-11-07,296.75,ENTRY_FORMING,IGNITION,100.0,67.0,0.0,DISCOVERY,TSLA,TSLA-PR-0005,O:TSLA241122C00297500,CALL,297.5,2024-11-22,15,-0.25210084033613445,14,0.0,0.25210084033613445,NEAR_ATM,WITHIN_TOLERANCE,208,bars/O_TSLA241122C00297500.json,False,2024-10-31,2024-11-22
2024-11-07T20:45:00+00:00,2024-11-07T21:00:00+00:00,2024-11-07,296.75,ENTRY_FORMING,IGNITION,100.0,67.0,0.0,DISCOVERY,TSLA,TSLA-PR-0005,O:TSLA241122P00297500,PUT,297.5,2024-11-22,15,0.25210084033613445,14,0.0,0.25210084033613445,NEAR_ATM,WITHIN_TOLERANCE,308,bars/O_TSLA241122P00297500.json,False,2024-10-31,2024-11-22
2024-11-07T20:45:00+00:00,2024-11-07T21:00:00+00:00,2024-11-07,296.75,ENTRY_FORMING,IGNITION,100.0,67.0,0.0,DISCOVERY,TSLA,TSLA-PR-0005,O:TSLA241206C00295000,CALL,295.0,2024-12-06,29,0.5932203389830508,30,0.0,0.5932203389830508,NEAR_ATM,WITHIN_TOLERANCE,314,bars/O_TSLA241206C00295000.json,False,2024-10-31,2024-11-28
2024-11-07T20:45:00+00:00,2024-11-07T21:00:00+00:00,2024-11-07,296.75,ENTRY_FORMING,IGNITION,100.0,67.0,0.0,DISCOVERY,TSLA,TSLA-PR-0005,O:TSLA241206P00295000,PUT,295.0,2024-12-06,29,-0.5932203389830508,30,0.0,0.5932203389830508,NEAR_ATM,WITHIN_TOLERANCE,374,bars/O_TSLA241206P00295000.json,False,2024-10-31,2024-11-28
2024-11-08T17:30:00+00:00,2024-11-08T17:45:00+00:00,2024-11-08,24.4199,CONTINUATION,ADD,99.0,84.0,0.0,DISCOVERY,GME,GME-PR-0006,O:GME241122C00024500,CALL,24.5,2024-11-22,14,-0.32693877551021067,14,0.0,0.32693877551021067,NEAR_ATM,WITHIN_TOLERANCE,237,bars/O_GME241122C00024500.json,True,2024-11-01,2024-11-22
2024-11-08T17:30:00+00:00,2024-11-08T17:45:00+00:00,2024-11-08,24.4199,CONTINUATION,ADD,99.0,84.0,0.0,DISCOVERY,GME,GME-PR-0006,O:GME241122P00024500,PUT,24.5,2024-11-22,14,0.32693877551021067,14,0.0,0.32693877551021067,NEAR_ATM,WITHIN_TOLERANCE,191,bars/O_GME241122P00024500.json,False,2024-11-01,2024-11-22
2024-11-08T17:30:00+00:00,2024-11-08T17:45:00+00:00,2024-11-08,24.4199,CONTINUATION,ADD,99.0,84.0,0.0,DISCOVERY,GME,GME-PR-0006,O:GME241206C00024500,CALL,24.5,2024-12-06,28,-0.32693877551021067,30,0.0,0.32693877551021067,NEAR_ATM,WITHIN_TOLERANCE,134,bars/O_GME241206C00024500.json,False,2024-11-01,2024-11-29
2024-11-08T17:30:00+00:00,2024-11-08T17:45:00+00:00,2024-11-08,24.4199,CONTINUATION,ADD,99.0,84.0,0.0,DISCOVERY,GME,GME-PR-0006,O:GME241206P00024500,PUT,24.5,2024-12-06,28,0.32693877551021067,30,0.0,0.32693877551021067,NEAR_ATM,WITHIN_TOLERANCE,51,bars/O_GME241206P00024500.json,False,2024-11-01,2024-11-29
2024-11-19T15:30:00+00:00,2024-11-19T15:45:00+00:00,2024-11-19,10.045,ENTRY_FORMING,STRONG START,96.0,65.0,0.0,DISCOVERY,VALE,VALE-PR-0005,O:VALE241206C00010000,CALL,10.0,2024-12-06,17,0.4499999999999993,14,0.0,0.4499999999999993,NEAR_ATM,WITHIN_TOLERANCE,181,bars/O_VALE241206C00010000.json,True,2024-11-12,2024-12-06
2024-11-19T15:30:00+00:00,2024-11-19T15:45:00+00:00,2024-11-19,10.045,ENTRY_FORMING,STRONG START,96.0,65.0,0.0,DISCOVERY,VALE,VALE-PR-0005,O:VALE241206P00010000,PUT,10.0,2024-12-06,17,-0.4499999999999993,14,0.0,0.4499999999999993,NEAR_ATM,WITHIN_TOLERANCE,135,bars/O_VALE241206P00010000.json,False,2024-11-12,2024-12-06
2024-11-19T15:30:00+00:00,2024-11-19T15:45:00+00:00,2024-11-19,10.045,ENTRY_FORMING,STRONG START,96.0,65.0,0.0,DISCOVERY,VALE,VALE-PR-0005,O:VALE241220C00010000,CALL,10.0,2024-12-20,31,0.4499999999999993,30,0.0,0.4499999999999993,NEAR_ATM,WITHIN_TOLERANCE,264,bars/O_VALE241220C00010000.json,False,2024-11-12,2024-12-10
2024-11-19T15:30:00+00:00,2024-11-19T15:45:00+00:00,2024-11-19,10.045,ENTRY_FORMING,STRONG START,96.0,65.0,0.0,DISCOVERY,VALE,VALE-PR-0005,O:VALE241220P00010000,PUT,10.0,2024-12-20,31,-0.4499999999999993,30,0.0,0.4499999999999993,NEAR_ATM,WITHIN_TOLERANCE,251,bars/O_VALE241220P00010000.json,False,2024-11-12,2024-12-10
2024-11-20T20:30:00+00:00,2024-11-20T20:45:00+00:00,2024-11-20,306.94,ENTRY_FORMING,STRONG START,85.0,57.0,0.0,DISCOVERY,LULU,LULU-PR-0005,O:LULU241206C00307500,CALL,307.5,2024-12-06,16,-0.18211382113821212,14,0.0,0.18211382113821212,NEAR_ATM,WITHIN_TOLERANCE,68,bars/O_LULU241206C00307500.json,True,2024-11-13,2024-12-06
2024-11-20T20:30:00+00:00,2024-11-20T20:45:00+00:00,2024-11-20,306.94,ENTRY_FORMING,STRONG START,85.0,57.0,0.0,DISCOVERY,LULU,LULU-PR-0005,O:LULU241206P00307500,PUT,307.5,2024-12-06,16,0.18211382113821212,14,0.0,0.18211382113821212,NEAR_ATM,WITHIN_TOLERANCE,97,bars/O_LULU241206P00307500.json,False,2024-11-13,2024-12-06
2024-11-20T20:30:00+00:00,2024-11-20T20:45:00+00:00,2024-11-20,306.94,ENTRY_FORMING,STRONG START,85.0,57.0,0.0,DISCOVERY,LULU,LULU-PR-0005,O:LULU241220C00307500,CALL,307.5,2024-12-20,30,-0.18211382113821212,30,0.0,0.18211382113821212,NEAR_ATM,WITHIN_TOLERANCE,31,bars/O_LULU241220C00307500.json,False,2024-11-13,2024-12-11
2024-11-20T20:30:00+00:00,2024-11-20T20:45:00+00:00,2024-11-20,306.94,ENTRY_FORMING,STRONG START,85.0,57.0,0.0,DISCOVERY,LULU,LULU-PR-0005,O:LULU241220P00307500,PUT,307.5,2024-12-20,30,0.18211382113821212,30,0.0,0.18211382113821212,NEAR_ATM,WITHIN_TOLERANCE,50,bars/O_LULU241220P00307500.json,False,2024-11-13,2024-12-11
2024-11-20T20:30:00+00:00,2024-11-20T20:45:00+00:00,2024-11-20,84.605,ENTRY_FORMING,STRONG START,94.0,64.0,0.0,DISCOVERY,PYPL,PYPL-PR-0007,O:PYPL241206C00085000,CALL,85.0,2024-12-06,16,-0.46470588235293653,14,0.0,0.46470588235293653,NEAR_ATM,WITHIN_TOLERANCE,287,bars/O_PYPL241206C00085000.json,True,2024-11-13,2024-12-06
2024-11-20T20:30:00+00:00,2024-11-20T20:45:00+00:00,2024-11-20,84.605,ENTRY_FORMING,STRONG START,94.0,64.0,0.0,DISCOVERY,PYPL,PYPL-PR-0007,O:PYPL241206P00085000,PUT,85.0,2024-12-06,16,0.46470588235293653,14,0.0,0.46470588235293653,NEAR_ATM,WITHIN_TOLERANCE,220,bars/O_PYPL241206P00085000.json,False,2024-11-13,2024-12-06
2024-11-20T20:30:00+00:00,2024-11-20T20:45:00+00:00,2024-11-20,84.605,ENTRY_FORMING,STRONG START,94.0,64.0,0.0,DISCOVERY,PYPL,PYPL-PR-0007,O:PYPL241220C00085000,CALL,85.0,2024-12-20,30,-0.46470588235293653,30,0.0,0.46470588235293653,NEAR_ATM,WITHIN_TOLERANCE,424,bars/O_PYPL241220C00085000.json,False,2024-11-13,2024-12-11
2024-11-20T20:30:00+00:00,2024-11-20T20:45:00+00:00,2024-11-20,84.605,ENTRY_FORMING,STRONG START,94.0,64.0,0.0,DISCOVERY,PYPL,PYPL-PR-0007,O:PYPL241220P00085000,PUT,85.0,2024-12-20,30,0.46470588235293653,30,0.0,0.46470588235293653,NEAR_ATM,WITHIN_TOLERANCE,334,bars/O_PYPL241220P00085000.json,False,2024-11-13,2024-12-11
2024-11-21T20:30:00+00:00,2024-11-21T20:45:00+00:00,2024-11-21,594.3,ENTRY_FORMING,STRONG START,96.0,65.0,0.0,DISCOVERY,SPY,SPY-PR-0007,O:SPY241205C00594000,CALL,594.0,2024-12-05,14,0.05050505050504285,14,0.0,0.05050505050504285,NEAR_ATM,WITHIN_TOLERANCE,71,bars/O_SPY241205C00594000.json,False,2024-11-14,2024-12-05
2024-11-21T20:30:00+00:00,2024-11-21T20:45:00+00:00,2024-11-21,594.3,ENTRY_FORMING,STRONG START,96.0,65.0,0.0,DISCOVERY,SPY,SPY-PR-0007,O:SPY241205P00594000,PUT,594.0,2024-12-05,14,-0.05050505050504285,14,0.0,0.05050505050504285,NEAR_ATM,WITHIN_TOLERANCE,182,bars/O_SPY241205P00594000.json,False,2024-11-14,2024-12-05
2024-11-21T20:30:00+00:00,2024-11-21T20:45:00+00:00,2024-11-21,594.3,ENTRY_FORMING,STRONG START,96.0,65.0,0.0,DISCOVERY,SPY,SPY-PR-0007,O:SPY241220C00594000,CALL,594.0,2024-12-20,29,0.05050505050504285,30,0.0,0.05050505050504285,NEAR_ATM,WITHIN_TOLERANCE,309,bars/O_SPY241220C00594000.json,False,2024-11-14,2024-12-12
2024-11-21T20:30:00+00:00,2024-11-21T20:45:00+00:00,2024-11-21,594.3,ENTRY_FORMING,STRONG START,96.0,65.0,0.0,DISCOVERY,SPY,SPY-PR-0007,O:SPY241220P00594000,PUT,594.0,2024-12-20,29,-0.05050505050504285,30,0.0,0.05050505050504285,NEAR_ATM,WITHIN_TOLERANCE,459,bars/O_SPY241220P00594000.json,False,2024-11-14,2024-12-12
2024-11-22T14:30:00+00:00,2024-11-22T14:45:00+00:00,2024-11-22,85.94,CONTINUATION,ADD,92.0,74.0,0.0,DISCOVERY,PYPL,PYPL-PR-0008,O:PYPL241206C00086000,CALL,86.0,2024-12-06,14,-0.06976744186046777,14,0.0,0.06976744186046777,NEAR_ATM,WITHIN_TOLERANCE,239,bars/O_PYPL241206C00086000.json,True,2024-11-15,2024-12-06
2024-11-22T14:30:00+00:00,2024-11-22T14:45:00+00:00,2024-11-22,85.94,CONTINUATION,ADD,92.0,74.0,0.0,DISCOVERY,PYPL,PYPL-PR-0008,O:PYPL241206P00086000,PUT,86.0,2024-12-06,14,0.06976744186046777,14,0.0,0.06976744186046777,NEAR_ATM,WITHIN_TOLERANCE,203,bars/O_PYPL241206P00086000.json,False,2024-11-15,2024-12-06
2024-11-22T14:30:00+00:00,2024-11-22T14:45:00+00:00,2024-11-22,85.94,CONTINUATION,ADD,92.0,74.0,0.0,DISCOVERY,PYPL,PYPL-PR-0008,O:PYPL241220C00086000,CALL,86.0,2024-12-20,28,-0.06976744186046777,30,0.0,0.06976744186046777,NEAR_ATM,WITHIN_TOLERANCE,210,bars/O_PYPL241220C00086000.json,False,2024-11-15,2024-12-13
2024-11-22T14:30:00+00:00,2024-11-22T14:45:00+00:00,2024-11-22,85.94,CONTINUATION,ADD,92.0,74.0,0.0,DISCOVERY,PYPL,PYPL-PR-0008,O:PYPL241220P00086000,PUT,86.0,2024-12-20,28,0.06976744186046777,30,0.0,0.06976744186046777,NEAR_ATM,WITHIN_TOLERANCE,187,bars/O_PYPL241220P00086000.json,False,2024-11-15,2024-12-13
2024-11-27T19:30:00+00:00,2024-11-27T19:45:00+00:00,2024-11-27,31.48,CONTINUATION,ADD,100.0,83.0,0.0,DISCOVERY,GME,GME-PR-0007,O:GME241213C00031500,CALL,31.5,2024-12-13,16,-0.06349206349206214,14,0.0,0.06349206349206214,NEAR_ATM,WITHIN_TOLERANCE,276,bars/O_GME241213C00031500.json,False,2024-11-20,2024-12-13
2024-11-27T19:30:00+00:00,2024-11-27T19:45:00+00:00,2024-11-27,31.48,CONTINUATION,ADD,100.0,83.0,0.0,DISCOVERY,GME,GME-PR-0007,O:GME241213P00031500,PUT,31.5,2024-12-13,16,0.06349206349206214,14,0.0,0.06349206349206214,NEAR_ATM,WITHIN_TOLERANCE,35,bars/O_GME241213P00031500.json,False,2024-11-20,2024-12-13
2024-11-27T19:30:00+00:00,2024-11-27T19:45:00+00:00,2024-11-27,31.48,CONTINUATION,ADD,100.0,83.0,0.0,DISCOVERY,GME,GME-PR-0007,O:GME241227C00031500,CALL,31.5,2024-12-27,30,-0.06349206349206214,30,0.0,0.06349206349206214,NEAR_ATM,WITHIN_TOLERANCE,173,bars/O_GME241227C00031500.json,False,2024-11-20,2024-12-18
2024-11-27T19:30:00+00:00,2024-11-27T19:45:00+00:00,2024-11-27,31.48,CONTINUATION,ADD,100.0,83.0,0.0,DISCOVERY,GME,GME-PR-0007,O:GME241227P00031500,PUT,31.5,2024-12-27,30,0.06349206349206214,30,0.0,0.06349206349206214,NEAR_ATM,WITHIN_TOLERANCE,22,bars/O_GME241227P00031500.json,False,2024-11-20,2024-12-18
2024-11-29T14:30:00+00:00,2024-11-29T14:45:00+00:00,2024-11-29,50.0799,ENTRY_FORMING,STRONG START,75.0,55.0,0.0,DISCOVERY,RBLX,RBLX-PR-0006,O:RBLX241213C00050000,CALL,50.0,2024-12-13,14,0.15980000000000416,14,0.0,0.15980000000000416,NEAR_ATM,WITHIN_TOLERANCE,99,bars/O_RBLX241213C00050000.json,True,2024-11-22,2024-12-13
2024-11-29T14:30:00+00:00,2024-11-29T14:45:00+00:00,2024-11-29,50.0799,ENTRY_FORMING,STRONG START,75.0,55.0,0.0,DISCOVERY,RBLX,RBLX-PR-0006,O:RBLX241213P00050000,PUT,50.0,2024-12-13,14,-0.15980000000000416,14,0.0,0.15980000000000416,NEAR_ATM,WITHIN_TOLERANCE,84,bars/O_RBLX241213P00050000.json,False,2024-11-22,2024-12-13
2024-11-29T14:30:00+00:00,2024-11-29T14:45:00+00:00,2024-11-29,50.0799,ENTRY_FORMING,STRONG START,75.0,55.0,0.0,DISCOVERY,RBLX,RBLX-PR-0006,O:RBLX241227C00050000,CALL,50.0,2024-12-27,28,0.15980000000000416,30,0.0,0.15980000000000416,NEAR_ATM,WITHIN_TOLERANCE,76,bars/O_RBLX241227C00050000.json,False,2024-11-22,2024-12-20
2024-11-29T14:30:00+00:00,2024-11-29T14:45:00+00:00,2024-11-29,50.0799,ENTRY_FORMING,STRONG START,75.0,55.0,0.0,DISCOVERY,RBLX,RBLX-PR-0006,O:RBLX241227P00050000,PUT,50.0,2024-12-27,28,-0.15980000000000416,30,0.0,0.15980000000000416,NEAR_ATM,WITHIN_TOLERANCE,28,bars/O_RBLX241227P00050000.json,False,2024-11-22,2024-12-20
2024-11-29T14:45:00+00:00,2024-11-29T15:00:00+00:00,2024-11-29,338.8403,ENTRY_FORMING,STRONG START,82.0,54.0,0.0,DISCOVERY,TSLA,TSLA-PR-0006,O:TSLA241213C00340000,CALL,340.0,2024-12-13,14,-0.34108823529411375,14,0.0,0.34108823529411375,NEAR_ATM,WITHIN_TOLERANCE,347,bars/O_TSLA241213C00340000.json,True,2024-11-22,2024-12-13
2024-11-29T14:45:00+00:00,2024-11-29T15:00:00+00:00,2024-11-29,338.8403,ENTRY_FORMING,STRONG START,82.0,54.0,0.0,DISCOVERY,TSLA,TSLA-PR-0006,O:TSLA241213P00340000,PUT,340.0,2024-12-13,14,0.34108823529411375,14,0.0,0.34108823529411375,NEAR_ATM,WITHIN_TOLERANCE,369,bars/O_TSLA241213P00340000.json,False,2024-11-22,2024-12-13
2024-11-29T14:45:00+00:00,2024-11-29T15:00:00+00:00,2024-11-29,338.8403,ENTRY_FORMING,STRONG START,82.0,54.0,0.0,DISCOVERY,TSLA,TSLA-PR-0006,O:TSLA241227C00340000,CALL,340.0,2024-12-27,28,-0.34108823529411375,30,0.0,0.34108823529411375,NEAR_ATM,WITHIN_TOLERANCE,377,bars/O_TSLA241227C00340000.json,False,2024-11-22,2024-12-20
2024-11-29T14:45:00+00:00,2024-11-29T15:00:00+00:00,2024-11-29,338.8403,ENTRY_FORMING,STRONG START,82.0,54.0,0.0,DISCOVERY,TSLA,TSLA-PR-0006,O:TSLA241227P00340000,PUT,340.0,2024-12-27,28,0.34108823529411375,30,0.0,0.34108823529411375,NEAR_ATM,WITHIN_TOLERANCE,466,bars/O_TSLA241227P00340000.json,False,2024-11-22,2024-12-20
2024-12-02T20:30:00+00:00,2024-12-02T20:45:00+00:00,2024-12-02,357.8625,CONTINUATION,ADD,100.0,77.0,0.0,DISCOVERY,TSLA,TSLA-PR-0007,O:TSLA241213C00360000,CALL,360.0,2024-12-13,11,-0.5937499999999969,14,0.0,0.5937499999999969,NEAR_ATM,WITHIN_TOLERANCE,350,bars/O_TSLA241213C00360000.json,False,2024-11-25,2024-12-13
2024-12-02T20:30:00+00:00,2024-12-02T20:45:00+00:00,2024-12-02,357.8625,CONTINUATION,ADD,100.0,77.0,0.0,DISCOVERY,TSLA,TSLA-PR-0007,O:TSLA241213P00360000,PUT,360.0,2024-12-13,11,0.5937499999999969,14,0.0,0.5937499999999969,NEAR_ATM,WITHIN_TOLERANCE,315,bars/O_TSLA241213P00360000.json,False,2024-11-25,2024-12-13
2024-12-02T20:30:00+00:00,2024-12-02T20:45:00+00:00,2024-12-02,357.8625,CONTINUATION,ADD,100.0,77.0,0.0,DISCOVERY,TSLA,TSLA-PR-0007,O:TSLA250103C00360000,CALL,360.0,2025-01-03,32,-0.5937499999999969,30,0.0,0.5937499999999969,NEAR_ATM,WITHIN_TOLERANCE,358,bars/O_TSLA250103C00360000.json,False,2024-11-25,2024-12-23
2024-12-02T20:30:00+00:00,2024-12-02T20:45:00+00:00,2024-12-02,357.8625,CONTINUATION,ADD,100.0,77.0,0.0,DISCOVERY,TSLA,TSLA-PR-0007,O:TSLA250103P00360000,PUT,360.0,2025-01-03,32,0.5937499999999969,30,0.0,0.5937499999999969,NEAR_ATM,WITHIN_TOLERANCE,379,bars/O_TSLA250103P00360000.json,False,2024-11-25,2024-12-23
2024-12-03T19:30:00+00:00,2024-12-03T19:45:00+00:00,2024-12-03,52.495,CONTINUATION,ADD,99.0,80.0,0.0,DISCOVERY,RBLX,RBLX-PR-0007,O:RBLX241220C00052500,CALL,52.5,2024-12-20,17,-0.009523809523814396,14,0.0,0.009523809523814396,NEAR_ATM,WITHIN_TOLERANCE,217,bars/O_RBLX241220C00052500.json,False,2024-11-26,2024-12-20
2024-12-03T19:30:00+00:00,2024-12-03T19:45:00+00:00,2024-12-03,52.495,CONTINUATION,ADD,99.0,80.0,0.0,DISCOVERY,RBLX,RBLX-PR-0007,O:RBLX241220P00052500,PUT,52.5,2024-12-20,17,0.009523809523814396,14,0.0,0.009523809523814396,NEAR_ATM,WITHIN_TOLERANCE,69,bars/O_RBLX241220P00052500.json,False,2024-11-26,2024-12-20
2024-12-03T19:30:00+00:00,2024-12-03T19:45:00+00:00,2024-12-03,52.495,CONTINUATION,ADD,99.0,80.0,0.0,DISCOVERY,RBLX,RBLX-PR-0007,O:RBLX250103C00052000,CALL,52.0,2025-01-03,31,0.9519230769230721,30,0.0,0.9519230769230721,NEAR_ATM,WITHIN_TOLERANCE,64,bars/O_RBLX250103C00052000.json,False,2024-11-26,2024-12-24
2024-12-03T19:30:00+00:00,2024-12-03T19:45:00+00:00,2024-12-03,52.495,CONTINUATION,ADD,99.0,80.0,0.0,DISCOVERY,RBLX,RBLX-PR-0007,O:RBLX250103P00052000,PUT,52.0,2025-01-03,31,-0.9519230769230721,30,0.0,0.9519230769230721,NEAR_ATM,WITHIN_TOLERANCE,27,bars/O_RBLX250103P00052000.json,False,2024-11-26,2024-12-24
2024-12-04T20:45:00+00:00,2024-12-04T21:00:00+00:00,2024-12-04,26.33,ENTRY_FORMING,IGNITION,100.0,73.0,0.0,DISCOVERY,U,U-PR-0007,O:U241220C00026000,CALL,26.0,2024-12-20,16,1.2692307692307625,14,0.0,1.2692307692307625,NEAR_ATM,WITHIN_TOLERANCE,282,bars/O_U241220C00026000.json,True,2024-11-27,2024-12-20
2024-12-04T20:45:00+00:00,2024-12-04T21:00:00+00:00,2024-12-04,26.33,ENTRY_FORMING,IGNITION,100.0,73.0,0.0,DISCOVERY,U,U-PR-0007,O:U241220P00026000,PUT,26.0,2024-12-20,16,-1.2692307692307625,14,0.0,1.2692307692307625,NEAR_ATM,WITHIN_TOLERANCE,166,bars/O_U241220P00026000.json,False,2024-11-27,2024-12-20
2024-12-04T20:45:00+00:00,2024-12-04T21:00:00+00:00,2024-12-04,26.33,ENTRY_FORMING,IGNITION,100.0,73.0,0.0,DISCOVERY,U,U-PR-0007,O:U250103C00026500,CALL,26.5,2025-01-03,30,-0.6415094339622706,30,0.0,0.6415094339622706,NEAR_ATM,WITHIN_TOLERANCE,41,bars/O_U250103C00026500.json,False,2024-11-27,2024-12-25
2024-12-04T20:45:00+00:00,2024-12-04T21:00:00+00:00,2024-12-04,26.33,ENTRY_FORMING,IGNITION,100.0,73.0,0.0,DISCOVERY,U,U-PR-0007,O:U250103P00026500,PUT,26.5,2025-01-03,30,0.6415094339622706,30,0.0,0.6415094339622706,NEAR_ATM,WITHIN_TOLERANCE,24,bars/O_U250103P00026500.json,False,2024-11-27,2024-12-25
2024-12-05T17:45:00+00:00,2024-12-05T18:00:00+00:00,2024-12-05,343.7,CONTINUATION,ADD,99.0,82.0,0.0,DISCOVERY,LULU,LULU-PR-0006,O:LULU241220C00342500,CALL,342.5,2024-12-20,15,0.3503649635036463,14,0.0,0.3503649635036463,NEAR_ATM,WITHIN_TOLERANCE,42,bars/O_LULU241220C00342500.json,True,2024-11-28,2024-12-20
2024-12-05T17:45:00+00:00,2024-12-05T18:00:00+00:00,2024-12-05,343.7,CONTINUATION,ADD,99.0,82.0,0.0,DISCOVERY,LULU,LULU-PR-0006,O:LULU241220P00342500,PUT,342.5,2024-12-20,15,-0.3503649635036463,14,0.0,0.3503649635036463,NEAR_ATM,WITHIN_TOLERANCE,18,bars/O_LULU241220P00342500.json,False,2024-11-28,2024-12-20
2024-12-05T17:45:00+00:00,2024-12-05T18:00:00+00:00,2024-12-05,343.7,CONTINUATION,ADD,99.0,82.0,0.0,DISCOVERY,LULU,LULU-PR-0006,O:LULU250103C00345000,CALL,345.0,2025-01-03,29,-0.37681159420290183,30,0.0,0.37681159420290183,NEAR_ATM,WITHIN_TOLERANCE,29,bars/O_LULU250103C00345000.json,False,2024-11-28,2024-12-26
2024-12-05T17:45:00+00:00,2024-12-05T18:00:00+00:00,2024-12-05,343.7,CONTINUATION,ADD,99.0,82.0,0.0,DISCOVERY,LULU,LULU-PR-0006,O:LULU250103P00345000,PUT,345.0,2025-01-03,29,0.37681159420290183,30,0.0,0.37681159420290183,NEAR_ATM,WITHIN_TOLERANCE,13,bars/O_LULU250103P00345000.json,False,2024-11-28,2024-12-26
2024-12-11T20:30:00+00:00,2024-12-11T20:45:00+00:00,2024-12-11,90.775,CONTINUATION,ADD,100.0,77.0,0.0,DISCOVERY,PYPL,PYPL-PR-0009,O:PYPL241227C00091000,CALL,91.0,2024-12-27,16,-0.247252747252741,14,0.0,0.247252747252741,NEAR_ATM,WITHIN_TOLERANCE,275,bars/O_PYPL241227C00091000.json,False,2024-12-04,2024-12-27
2024-12-11T20:30:00+00:00,2024-12-11T20:45:00+00:00,2024-12-11,90.775,CONTINUATION,ADD,100.0,77.0,0.0,DISCOVERY,PYPL,PYPL-PR-0009,O:PYPL241227P00091000,PUT,91.0,2024-12-27,16,0.247252747252741,14,0.0,0.247252747252741,NEAR_ATM,WITHIN_TOLERANCE,182,bars/O_PYPL241227P00091000.json,False,2024-12-04,2024-12-27
2024-12-11T20:30:00+00:00,2024-12-11T20:45:00+00:00,2024-12-11,90.775,CONTINUATION,ADD,100.0,77.0,0.0,DISCOVERY,PYPL,PYPL-PR-0009,O:PYPL250110C00091000,CALL,91.0,2025-01-10,30,-0.247252747252741,30,0.0,0.247252747252741,NEAR_ATM,WITHIN_TOLERANCE,176,bars/O_PYPL250110C00091000.json,False,2024-12-04,2025-01-01
2024-12-11T20:30:00+00:00,2024-12-11T20:45:00+00:00,2024-12-11,90.775,CONTINUATION,ADD,100.0,77.0,0.0,DISCOVERY,PYPL,PYPL-PR-0009,O:PYPL250110P00091000,PUT,91.0,2025-01-10,30,0.247252747252741,30,0.0,0.247252747252741,NEAR_ATM,WITHIN_TOLERANCE,22,bars/O_PYPL250110P00091000.json,False,2024-12-04,2025-01-01
2024-12-12T14:30:00+00:00,2024-12-12T14:45:00+00:00,2024-12-12,29.19,ENTRY_FORMING,STRONG START,98.0,66.0,0.0,DISCOVERY,GME,GME-PR-0008,O:GME241227C00029000,CALL,29.0,2024-12-27,15,0.6551724137931079,14,0.0,0.6551724137931079,NEAR_ATM,WITHIN_TOLERANCE,355,bars/O_GME241227C00029000.json,False,2024-12-05,2024-12-27
2024-12-12T14:30:00+00:00,2024-12-12T14:45:00+00:00,2024-12-12,29.19,ENTRY_FORMING,STRONG START,98.0,66.0,0.0,DISCOVERY,GME,GME-PR-0008,O:GME241227P00029000,PUT,29.0,2024-12-27,15,-0.6551724137931079,14,0.0,0.6551724137931079,NEAR_ATM,WITHIN_TOLERANCE,252,bars/O_GME241227P00029000.json,False,2024-12-05,2024-12-27
2024-12-12T14:30:00+00:00,2024-12-12T14:45:00+00:00,2024-12-12,29.19,ENTRY_FORMING,STRONG START,98.0,66.0,0.0,DISCOVERY,GME,GME-PR-0008,O:GME250110C00029000,CALL,29.0,2025-01-10,29,0.6551724137931079,30,0.0,0.6551724137931079,NEAR_ATM,WITHIN_TOLERANCE,237,bars/O_GME250110C00029000.json,False,2024-12-05,2025-01-02
2024-12-12T14:30:00+00:00,2024-12-12T14:45:00+00:00,2024-12-12,29.19,ENTRY_FORMING,STRONG START,98.0,66.0,0.0,DISCOVERY,GME,GME-PR-0008,O:GME250110P00029000,PUT,29.0,2025-01-10,29,-0.6551724137931079,30,0.0,0.6551724137931079,NEAR_ATM,WITHIN_TOLERANCE,149,bars/O_GME250110P00029000.json,False,2024-12-05,2025-01-02
2024-12-13T19:30:00+00:00,2024-12-13T19:45:00+00:00,2024-12-13,604.45,CONTINUATION,RELOAD,65.0,42.0,0.0,DISCOVERY,SPY,SPY-PR-0008,O:SPY241227C00604000,CALL,604.0,2024-12-27,14,0.07450331125828567,14,0.0,0.07450331125828567,NEAR_ATM,WITHIN_TOLERANCE,363,bars/O_SPY241227C00604000.json,False,2024-12-06,2024-12-27
2024-12-13T19:30:00+00:00,2024-12-13T19:45:00+00:00,2024-12-13,604.45,CONTINUATION,RELOAD,65.0,42.0,0.0,DISCOVERY,SPY,SPY-PR-0008,O:SPY241227P00604000,PUT,604.0,2024-12-27,14,-0.07450331125828567,14,0.0,0.07450331125828567,NEAR_ATM,WITHIN_TOLERANCE,315,bars/O_SPY241227P00604000.json,False,2024-12-06,2024-12-27
2024-12-13T19:30:00+00:00,2024-12-13T19:45:00+00:00,2024-12-13,604.45,CONTINUATION,RELOAD,65.0,42.0,0.0,DISCOVERY,SPY,SPY-PR-0008,O:SPY250110C00604000,CALL,604.0,2025-01-10,28,0.07450331125828567,30,0.0,0.07450331125828567,NEAR_ATM,WITHIN_TOLERANCE,401,bars/O_SPY250110C00604000.json,False,2024-12-06,2025-01-03
2024-12-13T19:30:00+00:00,2024-12-13T19:45:00+00:00,2024-12-13,604.45,CONTINUATION,RELOAD,65.0,42.0,0.0,DISCOVERY,SPY,SPY-PR-0008,O:SPY250110P00604000,PUT,604.0,2025-01-10,28,-0.07450331125828567,30,0.0,0.07450331125828567,NEAR_ATM,WITHIN_TOLERANCE,214,bars/O_SPY250110P00604000.json,False,2024-12-06,2025-01-03
2024-12-20T20:15:00+00:00,2024-12-20T20:30:00+00:00,2024-12-20,59.73,ENTRY_FORMING,STRONG START,31.0,20.0,9.0,DISCOVERY,RBLX,RBLX-PR-0008,O:RBLX250103C00060000,CALL,60.0,2025-01-03,14,-0.4500000000000052,14,0.0,0.4500000000000052,NEAR_ATM,WITHIN_TOLERANCE,208,bars/O_RBLX250103C00060000.json,False,2024-12-13,2025-01-03
2024-12-20T20:15:00+00:00,2024-12-20T20:30:00+00:00,2024-12-20,59.73,ENTRY_FORMING,STRONG START,31.0,20.0,9.0,DISCOVERY,RBLX,RBLX-PR-0008,O:RBLX250103P00060000,PUT,60.0,2025-01-03,14,0.4500000000000052,14,0.0,0.4500000000000052,NEAR_ATM,WITHIN_TOLERANCE,116,bars/O_RBLX250103P00060000.json,False,2024-12-13,2025-01-03
2024-12-20T20:15:00+00:00,2024-12-20T20:30:00+00:00,2024-12-20,59.73,ENTRY_FORMING,STRONG START,31.0,20.0,9.0,DISCOVERY,RBLX,RBLX-PR-0008,O:RBLX250117C00060000,CALL,60.0,2025-01-17,28,-0.4500000000000052,30,0.0,0.4500000000000052,NEAR_ATM,WITHIN_TOLERANCE,386,bars/O_RBLX250117C00060000.json,False,2024-12-13,2025-01-10
2024-12-20T20:15:00+00:00,2024-12-20T20:30:00+00:00,2024-12-20,59.73,ENTRY_FORMING,STRONG START,31.0,20.0,9.0,DISCOVERY,RBLX,RBLX-PR-0008,O:RBLX250117P00060000,PUT,60.0,2025-01-17,28,0.4500000000000052,30,0.0,0.4500000000000052,NEAR_ATM,WITHIN_TOLERANCE,200,bars/O_RBLX250117P00060000.json,False,2024-12-13,2025-01-10
2024-12-20T20:30:00+00:00,2024-12-20T20:45:00+00:00,2024-12-20,381.5,ENTRY_FORMING,STRONG START,96.0,62.0,0.0,DISCOVERY,LULU,LULU-PR-0007,O:LULU250103C00382500,CALL,382.5,2025-01-03,14,-0.261437908496732,14,0.0,0.261437908496732,NEAR_ATM,WITHIN_TOLERANCE,79,bars/O_LULU250103C00382500.json,False,2024-12-13,2025-01-03
2024-12-20T20:30:00+00:00,2024-12-20T20:45:00+00:00,2024-12-20,381.5,ENTRY_FORMING,STRONG START,96.0,62.0,0.0,DISCOVERY,LULU,LULU-PR-0007,O:LULU250103P00382500,PUT,382.5,2025-01-03,14,0.261437908496732,14,0.0,0.261437908496732,NEAR_ATM,WITHIN_TOLERANCE,60,bars/O_LULU250103P00382500.json,False,2024-12-13,2025-01-03
2024-12-20T20:30:00+00:00,2024-12-20T20:45:00+00:00,2024-12-20,381.5,ENTRY_FORMING,STRONG START,96.0,62.0,0.0,DISCOVERY,LULU,LULU-PR-0007,O:LULU250117C00380000,CALL,380.0,2025-01-17,28,0.39473684210526316,30,0.0,0.39473684210526316,NEAR_ATM,WITHIN_TOLERANCE,180,bars/O_LULU250117C00380000.json,False,2024-12-13,2025-01-10
2024-12-20T20:30:00+00:00,2024-12-20T20:45:00+00:00,2024-12-20,381.5,ENTRY_FORMING,STRONG START,96.0,62.0,0.0,DISCOVERY,LULU,LULU-PR-0007,O:LULU250117P00380000,PUT,380.0,2025-01-17,28,-0.39473684210526316,30,0.0,0.39473684210526316,NEAR_ATM,WITHIN_TOLERANCE,213,bars/O_LULU250117P00380000.json,False,2024-12-13,2025-01-10
2024-12-26T20:15:00+00:00,2024-12-26T20:30:00+00:00,2024-12-26,8.945,CONTINUATION,RELOAD,40.0,35.0,0.0,DISCOVERY,VALE,VALE-PR-0006,O:VALE250110C00009000,CALL,9.0,2025-01-10,15,-0.6111111111111079,14,0.0,0.6111111111111079,NEAR_ATM,WITHIN_TOLERANCE,130,bars/O_VALE250110C00009000.json,True,2024-12-19,2025-01-10
2024-12-26T20:15:00+00:00,2024-12-26T20:30:00+00:00,2024-12-26,8.945,CONTINUATION,RELOAD,40.0,35.0,0.0,DISCOVERY,VALE,VALE-PR-0006,O:VALE250110P00009000,PUT,9.0,2025-01-10,15,0.6111111111111079,14,0.0,0.6111111111111079,NEAR_ATM,WITHIN_TOLERANCE,59,bars/O_VALE250110P00009000.json,False,2024-12-19,2025-01-10
2024-12-26T20:15:00+00:00,2024-12-26T20:30:00+00:00,2024-12-26,8.945,CONTINUATION,RELOAD,40.0,35.0,0.0,DISCOVERY,VALE,VALE-PR-0006,O:VALE250124C00009000,CALL,9.0,2025-01-24,29,-0.6111111111111079,30,0.0,0.6111111111111079,NEAR_ATM,WITHIN_TOLERANCE,136,bars/O_VALE250124C00009000.json,False,2024-12-19,2025-01-16
2024-12-26T20:15:00+00:00,2024-12-26T20:30:00+00:00,2024-12-26,8.945,CONTINUATION,RELOAD,40.0,35.0,0.0,DISCOVERY,VALE,VALE-PR-0006,O:VALE250124P00009000,PUT,9.0,2025-01-24,29,0.6111111111111079,30,0.0,0.6111111111111079,NEAR_ATM,WITHIN_TOLERANCE,40,bars/O_VALE250124P00009000.json,False,2024-12-19,2025-01-16
2024-12-26T20:45:00+00:00,2024-12-26T21:00:00+00:00,2024-12-26,24.17,CONTINUATION,ADD,99.0,79.0,0.0,DISCOVERY,U,U-PR-0008,O:U250110C00024000,CALL,24.0,2025-01-10,15,0.7083333333333404,14,0.0,0.7083333333333404,NEAR_ATM,WITHIN_TOLERANCE,195,bars/O_U250110C00024000.json,True,2024-12-19,2025-01-10
2024-12-26T20:45:00+00:00,2024-12-26T21:00:00+00:00,2024-12-26,24.17,CONTINUATION,ADD,99.0,79.0,0.0,DISCOVERY,U,U-PR-0008,O:U250110P00024000,PUT,24.0,2025-01-10,15,-0.7083333333333404,14,0.0,0.7083333333333404,NEAR_ATM,WITHIN_TOLERANCE,136,bars/O_U250110P00024000.json,False,2024-12-19,2025-01-10
2024-12-26T20:45:00+00:00,2024-12-26T21:00:00+00:00,2024-12-26,24.17,CONTINUATION,ADD,99.0,79.0,0.0,DISCOVERY,U,U-PR-0008,O:U250124C00024000,CALL,24.0,2025-01-24,29,0.7083333333333404,30,0.0,0.7083333333333404,NEAR_ATM,WITHIN_TOLERANCE,168,bars/O_U250124C00024000.json,False,2024-12-19,2025-01-16
2024-12-26T20:45:00+00:00,2024-12-26T21:00:00+00:00,2024-12-26,24.17,CONTINUATION,ADD,99.0,79.0,0.0,DISCOVERY,U,U-PR-0008,O:U250124P00024000,PUT,24.0,2025-01-24,29,-0.7083333333333404,30,0.0,0.7083333333333404,NEAR_ATM,WITHIN_TOLERANCE,58,bars/O_U250124P00024000.json,False,2024-12-19,2025-01-16
2024-12-27T20:15:00+00:00,2024-12-27T20:30:00+00:00,2024-12-27,386.3915,CONTINUATION,ADD,96.0,71.0,0.0,DISCOVERY,LULU,LULU-PR-0008,O:LULU250110C00387500,CALL,387.5,2025-01-10,14,-0.2860645161290303,14,0.0,0.2860645161290303,NEAR_ATM,WITHIN_TOLERANCE,74,bars/O_LULU250110C00387500.json,False,2024-12-20,2025-01-10
2024-12-27T20:15:00+00:00,2024-12-27T20:30:00+00:00,2024-12-27,386.3915,CONTINUATION,ADD,96.0,71.0,0.0,DISCOVERY,LULU,LULU-PR-0008,O:LULU250110P00387500,PUT,387.5,2025-01-10,14,0.2860645161290303,14,0.0,0.2860645161290303,NEAR_ATM,WITHIN_TOLERANCE,72,bars/O_LULU250110P00387500.json,False,2024-12-20,2025-01-10
2024-12-27T20:15:00+00:00,2024-12-27T20:30:00+00:00,2024-12-27,386.3915,CONTINUATION,ADD,96.0,71.0,0.0,DISCOVERY,LULU,LULU-PR-0008,O:LULU250124C00385000,CALL,385.0,2025-01-24,28,0.36142857142857343,30,0.0,0.36142857142857343,NEAR_ATM,WITHIN_TOLERANCE,100,bars/O_LULU250124C00385000.json,False,2024-12-20,2025-01-17
2024-12-27T20:15:00+00:00,2024-12-27T20:30:00+00:00,2024-12-27,386.3915,CONTINUATION,ADD,96.0,71.0,0.0,DISCOVERY,LULU,LULU-PR-0008,O:LULU250124P00385000,PUT,385.0,2025-01-24,28,-0.36142857142857343,30,0.0,0.36142857142857343,NEAR_ATM,WITHIN_TOLERANCE,67,bars/O_LULU250124P00385000.json,False,2024-12-20,2025-01-17
2024-12-31T15:15:00+00:00,2024-12-31T15:30:00+00:00,2024-12-31,32.38,ENTRY_FORMING,STRONG START,72.0,49.0,3.0,DISCOVERY,GME,GME-PR-0009,O:GME250117C00032500,CALL,32.5,2025-01-17,17,-0.36923076923076137,14,0.0,0.36923076923076137,NEAR_ATM,WITHIN_TOLERANCE,339,bars/O_GME250117C00032500.json,True,2024-12-24,2025-01-17
2024-12-31T15:15:00+00:00,2024-12-31T15:30:00+00:00,2024-12-31,32.38,ENTRY_FORMING,STRONG START,72.0,49.0,3.0,DISCOVERY,GME,GME-PR-0009,O:GME250117P00032500,PUT,32.5,2025-01-17,17,0.36923076923076137,14,0.0,0.36923076923076137,NEAR_ATM,WITHIN_TOLERANCE,137,bars/O_GME250117P00032500.json,False,2024-12-24,2025-01-17
2024-12-31T15:15:00+00:00,2024-12-31T15:30:00+00:00,2024-12-31,32.38,ENTRY_FORMING,STRONG START,72.0,49.0,3.0,DISCOVERY,GME,GME-PR-0009,O:GME250131C00032500,CALL,32.5,2025-01-31,31,-0.36923076923076137,30,0.0,0.36923076923076137,NEAR_ATM,WITHIN_TOLERANCE,182,bars/O_GME250131C00032500.json,False,2024-12-24,2025-01-21
2024-12-31T15:15:00+00:00,2024-12-31T15:30:00+00:00,2024-12-31,32.38,ENTRY_FORMING,STRONG START,72.0,49.0,3.0,DISCOVERY,GME,GME-PR-0009,O:GME250131P00032500,PUT,32.5,2025-01-31,31,0.36923076923076137,30,0.0,0.36923076923076137,NEAR_ATM,WITHIN_TOLERANCE,27,bars/O_GME250131P00032500.json,False,2024-12-24,2025-01-21
2025-01-03T20:30:00+00:00,2025-01-03T20:45:00+00:00,2025-01-03,87.49,ENTRY_FORMING,STRONG START,98.0,64.0,0.0,DISCOVERY,PYPL,PYPL-PR-0010,O:PYPL250117C00087500,CALL,87.5,2025-01-17,14,-0.011428571428577275,14,0.0,0.011428571428577275,NEAR_ATM,WITHIN_TOLERANCE,289,bars/O_PYPL250117C00087500.json,False,2024-12-27,2025-01-17
2025-01-03T20:30:00+00:00,2025-01-03T20:45:00+00:00,2025-01-03,87.49,ENTRY_FORMING,STRONG START,98.0,64.0,0.0,DISCOVERY,PYPL,PYPL-PR-0010,O:PYPL250117P00087500,PUT,87.5,2025-01-17,14,0.011428571428577275,14,0.0,0.011428571428577275,NEAR_ATM,WITHIN_TOLERANCE,174,bars/O_PYPL250117P00087500.json,False,2024-12-27,2025-01-17
2025-01-03T20:30:00+00:00,2025-01-03T20:45:00+00:00,2025-01-03,87.49,ENTRY_FORMING,STRONG START,98.0,64.0,0.0,DISCOVERY,PYPL,PYPL-PR-0010,O:PYPL250131C00087000,CALL,87.0,2025-01-31,28,0.5632183908045918,30,0.0,0.5632183908045918,NEAR_ATM,WITHIN_TOLERANCE,145,bars/O_PYPL250131C00087000.json,False,2024-12-27,2025-01-24
2025-01-03T20:30:00+00:00,2025-01-03T20:45:00+00:00,2025-01-03,87.49,ENTRY_FORMING,STRONG START,98.0,64.0,0.0,DISCOVERY,PYPL,PYPL-PR-0010,O:PYPL250131P00087000,PUT,87.0,2025-01-31,28,-0.5632183908045918,30,0.0,0.5632183908045918,NEAR_ATM,WITHIN_TOLERANCE,182,bars/O_PYPL250131P00087000.json,False,2024-12-27,2025-01-24
2025-01-07T19:00:00+00:00,2025-01-07T19:15:00+00:00,2025-01-07,60.975,CONTINUATION,RELOAD,56.0,47.0,0.0,DISCOVERY,RBLX,RBLX-PR-0009,O:RBLX250124C00061000,CALL,61.0,2025-01-24,17,-0.04098360655737472,14,0.0,0.04098360655737472,NEAR_ATM,WITHIN_TOLERANCE,112,bars/O_RBLX250124C00061000.json,True,2024-12-31,2025-01-24
2025-01-07T19:00:00+00:00,2025-01-07T19:15:00+00:00,2025-01-07,60.975,CONTINUATION,RELOAD,56.0,47.0,0.0,DISCOVERY,RBLX,RBLX-PR-0009,O:RBLX250124P00061000,PUT,61.0,2025-01-24,17,0.04098360655737472,14,0.0,0.04098360655737472,NEAR_ATM,WITHIN_TOLERANCE,80,bars/O_RBLX250124P00061000.json,False,2024-12-31,2025-01-24
2025-01-07T19:00:00+00:00,2025-01-07T19:15:00+00:00,2025-01-07,60.975,CONTINUATION,RELOAD,56.0,47.0,0.0,DISCOVERY,RBLX,RBLX-PR-0009,O:RBLX250207C00061000,CALL,61.0,2025-02-07,31,-0.04098360655737472,30,0.0,0.04098360655737472,NEAR_ATM,WITHIN_TOLERANCE,52,bars/O_RBLX250207C00061000.json,False,2024-12-31,2025-01-28
2025-01-07T19:00:00+00:00,2025-01-07T19:15:00+00:00,2025-01-07,60.975,CONTINUATION,RELOAD,56.0,47.0,0.0,DISCOVERY,RBLX,RBLX-PR-0009,O:RBLX250207P00061000,PUT,61.0,2025-02-07,31,0.04098360655737472,30,0.0,0.04098360655737472,NEAR_ATM,WITHIN_TOLERANCE,27,bars/O_RBLX250207P00061000.json,False,2024-12-31,2025-01-28
2025-01-07T20:00:00+00:00,2025-01-07T20:15:00+00:00,2025-01-07,33.4599,CONTINUATION,ADD,100.0,85.0,0.0,DISCOVERY,GME,GME-PR-0010,O:GME250124C00033500,CALL,33.5,2025-01-24,17,-0.11970149253732079,14,0.0,0.11970149253732079,NEAR_ATM,WITHIN_TOLERANCE,203,bars/O_GME250124C00033500.json,True,2024-12-31,2025-01-24
2025-01-07T20:00:00+00:00,2025-01-07T20:15:00+00:00,2025-01-07,33.4599,CONTINUATION,ADD,100.0,85.0,0.0,DISCOVERY,GME,GME-PR-0010,O:GME250124P00033500,PUT,33.5,2025-01-24,17,0.11970149253732079,14,0.0,0.11970149253732079,NEAR_ATM,WITHIN_TOLERANCE,17,bars/O_GME250124P00033500.json,False,2024-12-31,2025-01-24
2025-01-07T20:00:00+00:00,2025-01-07T20:15:00+00:00,2025-01-07,33.4599,CONTINUATION,ADD,100.0,85.0,0.0,DISCOVERY,GME,GME-PR-0010,O:GME250207C00033500,CALL,33.5,2025-02-07,31,-0.11970149253732079,30,0.0,0.11970149253732079,NEAR_ATM,WITHIN_TOLERANCE,73,bars/O_GME250207C00033500.json,False,2024-12-31,2025-01-28
2025-01-07T20:00:00+00:00,2025-01-07T20:15:00+00:00,2025-01-07,33.4599,CONTINUATION,ADD,100.0,85.0,0.0,DISCOVERY,GME,GME-PR-0010,O:GME250207P00033500,PUT,33.5,2025-02-07,31,0.11970149253732079,30,0.0,0.11970149253732079,NEAR_ATM,WITHIN_TOLERANCE,4,bars/O_GME250207P00033500.json,False,2024-12-31,2025-01-28
2025-01-08T19:15:00+00:00,2025-01-08T19:30:00+00:00,2025-01-08,590.2716,ENTRY_FORMING,STRONG START,76.0,52.0,0.0,DISCOVERY,SPY,SPY-PR-0009,O:SPY250122C00590000,CALL,590.0,2025-01-22,14,0.046033898305090665,14,0.0,0.046033898305090665,NEAR_ATM,WITHIN_TOLERANCE,208,bars/O_SPY250122C00590000.json,True,2025-01-01,2025-01-22
2025-01-08T19:15:00+00:00,2025-01-08T19:30:00+00:00,2025-01-08,590.2716,ENTRY_FORMING,STRONG START,76.0,52.0,0.0,DISCOVERY,SPY,SPY-PR-0009,O:SPY250122P00590000,PUT,590.0,2025-01-22,14,-0.046033898305090665,14,0.0,0.046033898305090665,NEAR_ATM,WITHIN_TOLERANCE,156,bars/O_SPY250122P00590000.json,False,2025-01-01,2025-01-22
2025-01-08T19:15:00+00:00,2025-01-08T19:30:00+00:00,2025-01-08,590.2716,ENTRY_FORMING,STRONG START,76.0,52.0,0.0,DISCOVERY,SPY,SPY-PR-0009,O:SPY250207C00590000,CALL,590.0,2025-02-07,30,0.046033898305090665,30,0.0,0.046033898305090665,NEAR_ATM,WITHIN_TOLERANCE,388,bars/O_SPY250207C00590000.json,False,2025-01-01,2025-01-29
2025-01-08T19:15:00+00:00,2025-01-08T19:30:00+00:00,2025-01-08,590.2716,ENTRY_FORMING,STRONG START,76.0,52.0,0.0,DISCOVERY,SPY,SPY-PR-0009,O:SPY250207P00590000,PUT,590.0,2025-02-07,30,-0.046033898305090665,30,0.0,0.046033898305090665,NEAR_ATM,WITHIN_TOLERANCE,451,bars/O_SPY250207P00590000.json,False,2025-01-01,2025-01-29
2025-01-08T20:00:00+00:00,2025-01-08T20:15:00+00:00,2025-01-08,23.24,ENTRY_FORMING,STRONG START,81.0,63.0,0.0,DISCOVERY,U,U-PR-0009,O:U250124C00023000,CALL,23.0,2025-01-24,16,1.0434782608695583,14,0.0,1.0434782608695583,NEAR_ATM,WITHIN_TOLERANCE,232,bars/O_U250124C00023000.json,False,2025-01-01,2025-01-24
2025-01-08T20:00:00+00:00,2025-01-08T20:15:00+00:00,2025-01-08,23.24,ENTRY_FORMING,STRONG START,81.0,63.0,0.0,DISCOVERY,U,U-PR-0009,O:U250124P00023000,PUT,23.0,2025-01-24,16,-1.0434782608695583,14,0.0,1.0434782608695583,NEAR_ATM,WITHIN_TOLERANCE,115,bars/O_U250124P00023000.json,False,2025-01-01,2025-01-24
2025-01-08T20:00:00+00:00,2025-01-08T20:15:00+00:00,2025-01-08,23.24,ENTRY_FORMING,STRONG START,81.0,63.0,0.0,DISCOVERY,U,U-PR-0009,O:U250207C00023000,CALL,23.0,2025-02-07,30,1.0434782608695583,30,0.0,1.0434782608695583,NEAR_ATM,WITHIN_TOLERANCE,107,bars/O_U250207C00023000.json,False,2025-01-01,2025-01-29
2025-01-08T20:00:00+00:00,2025-01-08T20:15:00+00:00,2025-01-08,23.24,ENTRY_FORMING,STRONG START,81.0,63.0,0.0,DISCOVERY,U,U-PR-0009,O:U250207P00023000,PUT,23.0,2025-02-07,30,-1.0434782608695583,30,0.0,1.0434782608695583,NEAR_ATM,WITHIN_TOLERANCE,54,bars/O_U250207P00023000.json,False,2025-01-01,2025-01-29
2025-01-13T17:15:00+00:00,2025-01-13T17:30:00+00:00,2025-01-13,395.92,CONTINUATION,RELOAD,0.0,18.0,0.0,DISCOVERY,TSLA,TSLA-PR-0008,O:TSLA250124C00395000,CALL,395.0,2025-01-24,11,0.2329113924050673,14,0.0,0.2329113924050673,NEAR_ATM,WITHIN_TOLERANCE,327,bars/O_TSLA250124C00395000.json,True,2025-01-06,2025-01-24
2025-01-13T17:15:00+00:00,2025-01-13T17:30:00+00:00,2025-01-13,395.92,CONTINUATION,RELOAD,0.0,18.0,0.0,DISCOVERY,TSLA,TSLA-PR-0008,O:TSLA250124P00395000,PUT,395.0,2025-01-24,11,-0.2329113924050673,14,0.0,0.2329113924050673,NEAR_ATM,WITHIN_TOLERANCE,335,bars/O_TSLA250124P00395000.json,False,2025-01-06,2025-01-24
2025-01-13T17:15:00+00:00,2025-01-13T17:30:00+00:00,2025-01-13,395.92,CONTINUATION,RELOAD,0.0,18.0,0.0,DISCOVERY,TSLA,TSLA-PR-0008,O:TSLA250214C00395000,CALL,395.0,2025-02-14,32,0.2329113924050673,30,0.0,0.2329113924050673,NEAR_ATM,WITHIN_TOLERANCE,574,bars/O_TSLA250214C00395000.json,False,2025-01-06,2025-02-14
2025-01-13T17:15:00+00:00,2025-01-13T17:30:00+00:00,2025-01-13,395.92,CONTINUATION,RELOAD,0.0,18.0,0.0,DISCOVERY,TSLA,TSLA-PR-0008,O:TSLA250214P00395000,PUT,395.0,2025-02-14,32,-0.2329113924050673,30,0.0,0.2329113924050673,NEAR_ATM,WITHIN_TOLERANCE,576,bars/O_TSLA250214P00395000.json,False,2025-01-06,2025-02-14
2025-01-15T14:45:00+00:00,2025-01-15T15:00:00+00:00,2025-01-15,8.665,ENTRY_FORMING,STRONG START,96.0,64.0,0.0,DISCOVERY,VALE,VALE-PR-0007,O:VALE250131C00008500,CALL,8.5,2025-01-31,16,1.9411764705882253,14,0.0,1.9411764705882253,NEAR_ATM,WITHIN_TOLERANCE,82,bars/O_VALE250131C00008500.json,False,2025-01-08,2025-01-31
2025-01-15T14:45:00+00:00,2025-01-15T15:00:00+00:00,2025-01-15,8.665,ENTRY_FORMING,STRONG START,96.0,64.0,0.0,DISCOVERY,VALE,VALE-PR-0007,O:VALE250131P00008500,PUT,8.5,2025-01-31,16,-1.9411764705882253,14,0.0,1.9411764705882253,NEAR_ATM,WITHIN_TOLERANCE,87,bars/O_VALE250131P00008500.json,False,2025-01-08,2025-01-31
2025-01-15T14:45:00+00:00,2025-01-15T15:00:00+00:00,2025-01-15,8.665,ENTRY_FORMING,STRONG START,96.0,64.0,0.0,DISCOVERY,VALE,VALE-PR-0007,O:VALE250214C00008500,CALL,8.5,2025-02-14,30,1.9411764705882253,30,0.0,1.9411764705882253,NEAR_ATM,WITHIN_TOLERANCE,39,bars/O_VALE250214C00008500.json,False,2025-01-08,2025-02-05
2025-01-15T14:45:00+00:00,2025-01-15T15:00:00+00:00,2025-01-15,8.665,ENTRY_FORMING,STRONG START,96.0,64.0,0.0,DISCOVERY,VALE,VALE-PR-0007,O:VALE250214P00008500,PUT,8.5,2025-02-14,30,-1.9411764705882253,30,0.0,1.9411764705882253,NEAR_ATM,WITHIN_TOLERANCE,78,bars/O_VALE250214P00008500.json,False,2025-01-08,2025-02-05
2025-01-15T20:30:00+00:00,2025-01-15T20:45:00+00:00,2025-01-15,63.57,ENTRY_FORMING,STRONG START,100.0,67.0,0.0,DISCOVERY,RBLX,RBLX-PR-0010,O:RBLX250131C00064000,CALL,64.0,2025-01-31,16,-0.6718749999999996,14,0.0,0.6718749999999996,NEAR_ATM,WITHIN_TOLERANCE,193,bars/O_RBLX250131C00064000.json,True,2025-01-08,2025-01-31
2025-01-15T20:30:00+00:00,2025-01-15T20:45:00+00:00,2025-01-15,63.57,ENTRY_FORMING,STRONG START,100.0,67.0,0.0,DISCOVERY,RBLX,RBLX-PR-0010,O:RBLX250131P00064000,PUT,64.0,2025-01-31,16,0.6718749999999996,14,0.0,0.6718749999999996,NEAR_ATM,WITHIN_TOLERANCE,113,bars/O_RBLX250131P00064000.json,False,2025-01-08,2025-01-31
2025-01-15T20:30:00+00:00,2025-01-15T20:45:00+00:00,2025-01-15,63.57,ENTRY_FORMING,STRONG START,100.0,67.0,0.0,DISCOVERY,RBLX,RBLX-PR-0010,O:RBLX250214C00064000,CALL,64.0,2025-02-14,30,-0.6718749999999996,30,0.0,0.6718749999999996,NEAR_ATM,WITHIN_TOLERANCE,28,bars/O_RBLX250214C00064000.json,False,2025-01-08,2025-02-05
2025-01-15T20:30:00+00:00,2025-01-15T20:45:00+00:00,2025-01-15,63.57,ENTRY_FORMING,STRONG START,100.0,67.0,0.0,DISCOVERY,RBLX,RBLX-PR-0010,O:RBLX250214P00064000,PUT,64.0,2025-02-14,30,0.6718749999999996,30,0.0,0.6718749999999996,NEAR_ATM,WITHIN_TOLERANCE,32,bars/O_RBLX250214P00064000.json,False,2025-01-08,2025-02-05
2025-01-30T14:30:00+00:00,2025-01-30T14:45:00+00:00,2025-01-30,395.65,ENTRY_FORMING,STRONG START,79.0,56.0,0.0,DISCOVERY,TSLA,TSLA-PR-0009,O:TSLA250214C00395000,CALL,395.0,2025-02-14,15,0.1645569620253107,14,0.0,0.1645569620253107,NEAR_ATM,WITHIN_TOLERANCE,574,bars/O_TSLA250214C00395000.json,False,2025-01-06,2025-02-14
2025-01-30T14:30:00+00:00,2025-01-30T14:45:00+00:00,2025-01-30,395.65,ENTRY_FORMING,STRONG START,79.0,56.0,0.0,DISCOVERY,TSLA,TSLA-PR-0009,O:TSLA250214P00395000,PUT,395.0,2025-02-14,15,-0.1645569620253107,14,0.0,0.1645569620253107,NEAR_ATM,WITHIN_TOLERANCE,576,bars/O_TSLA250214P00395000.json,False,2025-01-06,2025-02-14
2025-01-30T14:30:00+00:00,2025-01-30T14:45:00+00:00,2025-01-30,395.65,ENTRY_FORMING,STRONG START,79.0,56.0,0.0,DISCOVERY,TSLA,TSLA-PR-0009,O:TSLA250228C00395000,CALL,395.0,2025-02-28,29,0.1645569620253107,30,0.0,0.1645569620253107,NEAR_ATM,WITHIN_TOLERANCE,458,bars/O_TSLA250228C00395000.json,False,2025-01-23,2025-02-20
2025-01-30T14:30:00+00:00,2025-01-30T14:45:00+00:00,2025-01-30,395.65,ENTRY_FORMING,STRONG START,79.0,56.0,0.0,DISCOVERY,TSLA,TSLA-PR-0009,O:TSLA250228P00395000,PUT,395.0,2025-02-28,29,-0.1645569620253107,30,0.0,0.1645569620253107,NEAR_ATM,WITHIN_TOLERANCE,336,bars/O_TSLA250228P00395000.json,False,2025-01-23,2025-02-20
2025-01-30T15:45:00+00:00,2025-01-30T16:00:00+00:00,2025-01-30,89.715,CONTINUATION,ADD,91.0,68.0,0.0,DISCOVERY,PYPL,PYPL-PR-0011,O:PYPL250214C00090000,CALL,90.0,2025-02-14,15,-0.3166666666666629,14,0.0,0.3166666666666629,NEAR_ATM,WITHIN_TOLERANCE,199,bars/O_PYPL250214C00090000.json,True,2025-01-23,2025-02-14
2025-01-30T15:45:00+00:00,2025-01-30T16:00:00+00:00,2025-01-30,89.715,CONTINUATION,ADD,91.0,68.0,0.0,DISCOVERY,PYPL,PYPL-PR-0011,O:PYPL250214P00090000,PUT,90.0,2025-02-14,15,0.3166666666666629,14,0.0,0.3166666666666629,NEAR_ATM,WITHIN_TOLERANCE,79,bars/O_PYPL250214P00090000.json,False,2025-01-23,2025-02-14
2025-01-30T15:45:00+00:00,2025-01-30T16:00:00+00:00,2025-01-30,89.715,CONTINUATION,ADD,91.0,68.0,0.0,DISCOVERY,PYPL,PYPL-PR-0011,O:PYPL250228C00090000,CALL,90.0,2025-02-28,29,-0.3166666666666629,30,0.0,0.3166666666666629,NEAR_ATM,WITHIN_TOLERANCE,204,bars/O_PYPL250228C00090000.json,False,2025-01-23,2025-02-20
2025-01-30T15:45:00+00:00,2025-01-30T16:00:00+00:00,2025-01-30,89.715,CONTINUATION,ADD,91.0,68.0,0.0,DISCOVERY,PYPL,PYPL-PR-0011,O:PYPL250228P00090000,PUT,90.0,2025-02-28,29,0.3166666666666629,30,0.0,0.3166666666666629,NEAR_ATM,WITHIN_TOLERANCE,49,bars/O_PYPL250228P00090000.json,False,2025-01-23,2025-02-20
2025-01-30T20:00:00+00:00,2025-01-30T20:15:00+00:00,2025-01-30,606.0805,CONTINUATION,ADD,99.0,74.0,0.0,DISCOVERY,SPY,SPY-PR-0010,O:SPY250213C00606000,CALL,606.0,2025-02-13,14,0.013283828382843086,14,0.0,0.013283828382843086,NEAR_ATM,WITHIN_TOLERANCE,234,bars/O_SPY250213C00606000.json,True,2025-01-23,2025-02-13
2025-01-30T20:00:00+00:00,2025-01-30T20:15:00+00:00,2025-01-30,606.0805,CONTINUATION,ADD,99.0,74.0,0.0,DISCOVERY,SPY,SPY-PR-0010,O:SPY250213P00606000,PUT,606.0,2025-02-13,14,-0.013283828382843086,14,0.0,0.013283828382843086,NEAR_ATM,WITHIN_TOLERANCE,173,bars/O_SPY250213P00606000.json,False,2025-01-23,2025-02-13
2025-01-30T20:00:00+00:00,2025-01-30T20:15:00+00:00,2025-01-30,606.0805,CONTINUATION,ADD,99.0,74.0,0.0,DISCOVERY,SPY,SPY-PR-0010,O:SPY250228C00606000,CALL,606.0,2025-02-28,29,0.013283828382843086,30,0.0,0.013283828382843086,NEAR_ATM,WITHIN_TOLERANCE,466,bars/O_SPY250228C00606000.json,False,2025-01-23,2025-02-20
2025-01-30T20:00:00+00:00,2025-01-30T20:15:00+00:00,2025-01-30,606.0805,CONTINUATION,ADD,99.0,74.0,0.0,DISCOVERY,SPY,SPY-PR-0010,O:SPY250228P00606000,PUT,606.0,2025-02-28,29,-0.013283828382843086,30,0.0,0.013283828382843086,NEAR_ATM,WITHIN_TOLERANCE,406,bars/O_SPY250228P00606000.json,False,2025-01-23,2025-02-20
2025-02-03T20:15:00+00:00,2025-02-03T20:30:00+00:00,2025-02-03,9.345,ENTRY_FORMING,STRONG START,98.0,65.0,0.0,DISCOVERY,VALE,VALE-PR-0008,O:VALE250214C00009500,CALL,9.5,2025-02-14,11,-1.6315789473684146,14,0.0,1.6315789473684146,NEAR_ATM,WITHIN_TOLERANCE,208,bars/O_VALE250214C00009500.json,True,2025-01-27,2025-02-14
2025-02-03T20:15:00+00:00,2025-02-03T20:30:00+00:00,2025-02-03,9.345,ENTRY_FORMING,STRONG START,98.0,65.0,0.0,DISCOVERY,VALE,VALE-PR-0008,O:VALE250214P00009500,PUT,9.5,2025-02-14,11,1.6315789473684146,14,0.0,1.6315789473684146,NEAR_ATM,WITHIN_TOLERANCE,100,bars/O_VALE250214P00009500.json,False,2025-01-27,2025-02-14
2025-02-03T20:15:00+00:00,2025-02-03T20:30:00+00:00,2025-02-03,9.345,ENTRY_FORMING,STRONG START,98.0,65.0,0.0,DISCOVERY,VALE,VALE-PR-0008,O:VALE250307C00009500,CALL,9.5,2025-03-07,32,-1.6315789473684146,30,0.0,1.6315789473684146,NEAR_ATM,WITHIN_TOLERANCE,195,bars/O_VALE250307C00009500.json,False,2025-01-27,2025-03-07
2025-02-03T20:15:00+00:00,2025-02-03T20:30:00+00:00,2025-02-03,9.345,ENTRY_FORMING,STRONG START,98.0,65.0,0.0,DISCOVERY,VALE,VALE-PR-0008,O:VALE250307P00009500,PUT,9.5,2025-03-07,32,1.6315789473684146,30,0.0,1.6315789473684146,NEAR_ATM,WITHIN_TOLERANCE,169,bars/O_VALE250307P00009500.json,False,2025-01-27,2025-03-07
2025-02-03T20:30:00+00:00,2025-02-03T20:45:00+00:00,2025-02-03,89.255,ENTRY_FORMING,STRONG START,95.0,64.0,0.0,DISCOVERY,PYPL,PYPL-PR-0012,O:PYPL250214C00089000,CALL,89.0,2025-02-14,11,0.28651685393257914,14,0.0,0.28651685393257914,NEAR_ATM,WITHIN_TOLERANCE,104,bars/O_PYPL250214C00089000.json,True,2025-01-27,2025-02-14
2025-02-03T20:30:00+00:00,2025-02-03T20:45:00+00:00,2025-02-03,89.255,ENTRY_FORMING,STRONG START,95.0,64.0,0.0,DISCOVERY,PYPL,PYPL-PR-0012,O:PYPL250214P00089000,PUT,89.0,2025-02-14,11,-0.28651685393257914,14,0.0,0.28651685393257914,NEAR_ATM,WITHIN_TOLERANCE,86,bars/O_PYPL250214P00089000.json,False,2025-01-27,2025-02-14
2025-02-03T20:30:00+00:00,2025-02-03T20:45:00+00:00,2025-02-03,89.255,ENTRY_FORMING,STRONG START,95.0,64.0,0.0,DISCOVERY,PYPL,PYPL-PR-0012,O:PYPL250307C00089000,CALL,89.0,2025-03-07,32,0.28651685393257914,30,0.0,0.28651685393257914,NEAR_ATM,WITHIN_TOLERANCE,58,bars/O_PYPL250307C00089000.json,False,2025-01-27,2025-02-24
2025-02-03T20:30:00+00:00,2025-02-03T20:45:00+00:00,2025-02-03,89.255,ENTRY_FORMING,STRONG START,95.0,64.0,0.0,DISCOVERY,PYPL,PYPL-PR-0012,O:PYPL250307P00089000,PUT,89.0,2025-03-07,32,-0.28651685393257914,30,0.0,0.28651685393257914,NEAR_ATM,WITHIN_TOLERANCE,12,bars/O_PYPL250307P00089000.json,False,2025-01-27,2025-02-24
2025-02-04T14:30:00+00:00,2025-02-04T14:45:00+00:00,2025-02-04,415.635,ENTRY_FORMING,STRONG START,90.0,62.0,0.0,DISCOVERY,LULU,LULU-PR-0009,O:LULU250221C00415000,CALL,415.0,2025-02-21,17,0.1530120481927689,14,0.0,0.1530120481927689,NEAR_ATM,WITHIN_TOLERANCE,217,bars/O_LULU250221C00415000.json,True,2025-01-28,2025-02-21
2025-02-04T14:30:00+00:00,2025-02-04T14:45:00+00:00,2025-02-04,415.635,ENTRY_FORMING,STRONG START,90.0,62.0,0.0,DISCOVERY,LULU,LULU-PR-0009,O:LULU250221P00415000,PUT,415.0,2025-02-21,17,-0.1530120481927689,14,0.0,0.1530120481927689,NEAR_ATM,WITHIN_TOLERANCE,67,bars/O_LULU250221P00415000.json,False,2025-01-28,2025-02-21
2025-02-04T14:30:00+00:00,2025-02-04T14:45:00+00:00,2025-02-04,415.635,ENTRY_FORMING,STRONG START,90.0,62.0,0.0,DISCOVERY,LULU,LULU-PR-0009,O:LULU250307C00415000,CALL,415.0,2025-03-07,31,0.1530120481927689,30,0.0,0.1530120481927689,NEAR_ATM,WITHIN_TOLERANCE,40,bars/O_LULU250307C00415000.json,False,2025-01-28,2025-02-25
2025-02-04T14:30:00+00:00,2025-02-04T14:45:00+00:00,2025-02-04,415.635,ENTRY_FORMING,STRONG START,90.0,62.0,0.0,DISCOVERY,LULU,LULU-PR-0009,O:LULU250307P00415000,PUT,415.0,2025-03-07,31,-0.1530120481927689,30,0.0,0.1530120481927689,NEAR_ATM,WITHIN_TOLERANCE,14,bars/O_LULU250307P00415000.json,False,2025-01-28,2025-02-25
2025-02-04T16:00:00+00:00,2025-02-04T16:15:00+00:00,2025-02-04,9.385,CONTINUATION,ADD,93.0,65.0,0.0,DISCOVERY,VALE,VALE-PR-0009,O:VALE250221C00009500,CALL,9.5,2025-02-21,17,-1.210526315789476,14,0.0,1.210526315789476,NEAR_ATM,WITHIN_TOLERANCE,264,bars/O_VALE250221C00009500.json,False,2025-01-28,2025-02-21
2025-02-04T16:00:00+00:00,2025-02-04T16:15:00+00:00,2025-02-04,9.385,CONTINUATION,ADD,93.0,65.0,0.0,DISCOVERY,VALE,VALE-PR-0009,O:VALE250221P00009500,PUT,9.5,2025-02-21,17,1.210526315789476,14,0.0,1.210526315789476,NEAR_ATM,WITHIN_TOLERANCE,156,bars/O_VALE250221P00009500.json,False,2025-01-28,2025-02-21
2025-02-04T16:00:00+00:00,2025-02-04T16:15:00+00:00,2025-02-04,9.385,CONTINUATION,ADD,93.0,65.0,0.0,DISCOVERY,VALE,VALE-PR-0009,O:VALE250307C00009500,CALL,9.5,2025-03-07,31,-1.210526315789476,30,0.0,1.210526315789476,NEAR_ATM,WITHIN_TOLERANCE,195,bars/O_VALE250307C00009500.json,False,2025-01-27,2025-03-07
2025-02-04T16:00:00+00:00,2025-02-04T16:15:00+00:00,2025-02-04,9.385,CONTINUATION,ADD,93.0,65.0,0.0,DISCOVERY,VALE,VALE-PR-0009,O:VALE250307P00009500,PUT,9.5,2025-03-07,31,1.210526315789476,30,0.0,1.210526315789476,NEAR_ATM,WITHIN_TOLERANCE,169,bars/O_VALE250307P00009500.json,False,2025-01-27,2025-03-07
2025-02-10T14:30:00+00:00,2025-02-10T14:45:00+00:00,2025-02-10,21.35,ENTRY_FORMING,STRONG START,77.0,54.0,0.0,DISCOVERY,U,U-PR-0010,O:U250221C00021500,CALL,21.5,2025-02-21,11,-0.6976744186046445,14,0.0,0.6976744186046445,NEAR_ATM,WITHIN_TOLERANCE,192,bars/O_U250221C00021500.json,True,2025-02-03,2025-02-21
2025-02-10T14:30:00+00:00,2025-02-10T14:45:00+00:00,2025-02-10,21.35,ENTRY_FORMING,STRONG START,77.0,54.0,0.0,DISCOVERY,U,U-PR-0010,O:U250221P00021500,PUT,21.5,2025-02-21,11,0.6976744186046445,14,0.0,0.6976744186046445,NEAR_ATM,WITHIN_TOLERANCE,115,bars/O_U250221P00021500.json,False,2025-02-03,2025-02-21
2025-02-10T14:30:00+00:00,2025-02-10T14:45:00+00:00,2025-02-10,21.35,ENTRY_FORMING,STRONG START,77.0,54.0,0.0,DISCOVERY,U,U-PR-0010,O:U250314C00021500,CALL,21.5,2025-03-14,32,-0.6976744186046445,30,0.0,0.6976744186046445,NEAR_ATM,WITHIN_TOLERANCE,30,bars/O_U250314C00021500.json,False,2025-02-03,2025-03-03
2025-02-10T14:30:00+00:00,2025-02-10T14:45:00+00:00,2025-02-10,21.35,ENTRY_FORMING,STRONG START,77.0,54.0,0.0,DISCOVERY,U,U-PR-0010,O:U250314P00021500,PUT,21.5,2025-03-14,32,0.6976744186046445,30,0.0,0.6976744186046445,NEAR_ATM,WITHIN_TOLERANCE,14,bars/O_U250314P00021500.json,False,2025-02-03,2025-03-03
2025-02-11T19:45:00+00:00,2025-02-11T20:00:00+00:00,2025-02-11,66.09,ENTRY_FORMING,STRONG START,88.0,59.0,0.0,DISCOVERY,RBLX,RBLX-PR-0011,O:RBLX250228C00066000,CALL,66.0,2025-02-28,17,0.13636363636364154,14,0.0,0.13636363636364154,NEAR_ATM,WITHIN_TOLERANCE,199,bars/O_RBLX250228C00066000.json,False,2025-02-04,2025-02-28
2025-02-11T19:45:00+00:00,2025-02-11T20:00:00+00:00,2025-02-11,66.09,ENTRY_FORMING,STRONG START,88.0,59.0,0.0,DISCOVERY,RBLX,RBLX-PR-0011,O:RBLX250228P00066000,PUT,66.0,2025-02-28,17,-0.13636363636364154,14,0.0,0.13636363636364154,NEAR_ATM,WITHIN_TOLERANCE,71,bars/O_RBLX250228P00066000.json,False,2025-02-04,2025-02-28
2025-02-11T19:45:00+00:00,2025-02-11T20:00:00+00:00,2025-02-11,66.09,ENTRY_FORMING,STRONG START,88.0,59.0,0.0,DISCOVERY,RBLX,RBLX-PR-0011,O:RBLX250314C00066000,CALL,66.0,2025-03-14,31,0.13636363636364154,30,0.0,0.13636363636364154,NEAR_ATM,WITHIN_TOLERANCE,81,bars/O_RBLX250314C00066000.json,False,2025-02-04,2025-03-04
2025-02-11T19:45:00+00:00,2025-02-11T20:00:00+00:00,2025-02-11,66.09,ENTRY_FORMING,STRONG START,88.0,59.0,0.0,DISCOVERY,RBLX,RBLX-PR-0011,O:RBLX250314P00066000,PUT,66.0,2025-03-14,31,-0.13636363636364154,30,0.0,0.13636363636364154,NEAR_ATM,WITHIN_TOLERANCE,22,bars/O_RBLX250314P00066000.json,False,2025-02-04,2025-03-04
2025-02-14T18:30:00+00:00,2025-02-14T18:45:00+00:00,2025-02-14,353.61,CONTINUATION,RELOAD,32.0,27.0,5.0,DISCOVERY,TSLA,TSLA-PR-0010,O:TSLA250228C00352500,CALL,352.5,2025-02-28,14,0.31489361702128044,14,0.0,0.31489361702128044,NEAR_ATM,WITHIN_TOLERANCE,351,bars/O_TSLA250228C00352500.json,False,2025-02-07,2025-02-28
2025-02-14T18:30:00+00:00,2025-02-14T18:45:00+00:00,2025-02-14,353.61,CONTINUATION,RELOAD,32.0,27.0,5.0,DISCOVERY,TSLA,TSLA-PR-0010,O:TSLA250228P00352500,PUT,352.5,2025-02-28,14,-0.31489361702128044,14,0.0,0.31489361702128044,NEAR_ATM,WITHIN_TOLERANCE,311,bars/O_TSLA250228P00352500.json,False,2025-02-07,2025-02-28
2025-02-14T18:30:00+00:00,2025-02-14T18:45:00+00:00,2025-02-14,353.61,CONTINUATION,RELOAD,32.0,27.0,5.0,DISCOVERY,TSLA,TSLA-PR-0010,O:TSLA250314C00355000,CALL,355.0,2025-03-14,28,-0.3915492957746441,30,0.0,0.3915492957746441,NEAR_ATM,WITHIN_TOLERANCE,473,bars/O_TSLA250314C00355000.json,False,2025-02-07,2025-03-07
2025-02-14T18:30:00+00:00,2025-02-14T18:45:00+00:00,2025-02-14,353.61,CONTINUATION,RELOAD,32.0,27.0,5.0,DISCOVERY,TSLA,TSLA-PR-0010,O:TSLA250314P00355000,PUT,355.0,2025-03-14,28,0.3915492957746441,30,0.0,0.3915492957746441,NEAR_ATM,WITHIN_TOLERANCE,336,bars/O_TSLA250314P00355000.json,False,2025-02-07,2025-03-07
2025-02-19T19:00:00+00:00,2025-02-19T19:15:00+00:00,2025-02-19,9.74,CONTINUATION,RELOAD,34.0,38.0,0.0,DISCOVERY,VALE,VALE-PR-0010,O:VALE250307C00009500,CALL,9.5,2025-03-07,16,2.5263157894736867,14,0.0,2.5263157894736867,NEAR_ATM,WITHIN_TOLERANCE,195,bars/O_VALE250307C00009500.json,False,2025-01-27,2025-03-07
2025-02-19T19:00:00+00:00,2025-02-19T19:15:00+00:00,2025-02-19,9.74,CONTINUATION,RELOAD,34.0,38.0,0.0,DISCOVERY,VALE,VALE-PR-0010,O:VALE250307P00009500,PUT,9.5,2025-03-07,16,-2.5263157894736867,14,0.0,2.5263157894736867,NEAR_ATM,WITHIN_TOLERANCE,169,bars/O_VALE250307P00009500.json,False,2025-01-27,2025-03-07
2025-02-19T19:00:00+00:00,2025-02-19T19:15:00+00:00,2025-02-19,9.74,CONTINUATION,RELOAD,34.0,38.0,0.0,DISCOVERY,VALE,VALE-PR-0010,O:VALE250321C00010000,CALL,10.0,2025-03-21,30,-2.599999999999998,30,0.0,2.599999999999998,NEAR_ATM,WITHIN_TOLERANCE,367,bars/O_VALE250321C00010000.json,False,2025-02-12,2025-03-12
2025-02-19T19:00:00+00:00,2025-02-19T19:15:00+00:00,2025-02-19,9.74,CONTINUATION,RELOAD,34.0,38.0,0.0,DISCOVERY,VALE,VALE-PR-0010,O:VALE250321P00010000,PUT,10.0,2025-03-21,30,2.599999999999998,30,0.0,2.599999999999998,NEAR_ATM,WITHIN_TOLERANCE,190,bars/O_VALE250321P00010000.json,False,2025-02-12,2025-03-12
2025-02-20T18:00:00+00:00,2025-02-20T18:15:00+00:00,2025-02-20,363.66,CONTINUATION,RELOAD,18.0,23.0,0.0,DISCOVERY,LULU,LULU-PR-0010,O:LULU250307C00365000,CALL,365.0,2025-03-07,15,-0.367123287671226,14,0.0,0.367123287671226,NEAR_ATM,WITHIN_TOLERANCE,113,bars/O_LULU250307C00365000.json,True,2025-02-13,2025-03-07
2025-02-20T18:00:00+00:00,2025-02-20T18:15:00+00:00,2025-02-20,363.66,CONTINUATION,RELOAD,18.0,23.0,0.0,DISCOVERY,LULU,LULU-PR-0010,O:LULU250307P00365000,PUT,365.0,2025-03-07,15,0.367123287671226,14,0.0,0.367123287671226,NEAR_ATM,WITHIN_TOLERANCE,98,bars/O_LULU250307P00365000.json,False,2025-02-13,2025-03-07
2025-02-20T18:00:00+00:00,2025-02-20T18:15:00+00:00,2025-02-20,363.66,CONTINUATION,RELOAD,18.0,23.0,0.0,DISCOVERY,LULU,LULU-PR-0010,O:LULU250321C00360000,CALL,360.0,2025-03-21,29,1.0166666666666737,30,0.0,1.0166666666666737,NEAR_ATM,WITHIN_TOLERANCE,160,bars/O_LULU250321C00360000.json,False,2025-02-13,2025-03-13
2025-02-20T18:00:00+00:00,2025-02-20T18:15:00+00:00,2025-02-20,363.66,CONTINUATION,RELOAD,18.0,23.0,0.0,DISCOVERY,LULU,LULU-PR-0010,O:LULU250321P00360000,PUT,360.0,2025-03-21,29,-1.0166666666666737,30,0.0,1.0166666666666737,NEAR_ATM,WITHIN_TOLERANCE,206,bars/O_LULU250321P00360000.json,False,2025-02-13,2025-03-13
2025-02-20T19:45:00+00:00,2025-02-20T20:00:00+00:00,2025-02-20,609.86,ENTRY_FORMING,STRONG START,84.0,59.0,0.0,DISCOVERY,SPY,SPY-PR-0011,O:SPY250306C00610000,CALL,610.0,2025-03-06,14,-0.022950819672128912,14,0.0,0.022950819672128912,NEAR_ATM,WITHIN_TOLERANCE,232,bars/O_SPY250306C00610000.json,False,2025-02-13,2025-03-06
2025-02-20T19:45:00+00:00,2025-02-20T20:00:00+00:00,2025-02-20,609.86,ENTRY_FORMING,STRONG START,84.0,59.0,0.0,DISCOVERY,SPY,SPY-PR-0011,O:SPY250306P00610000,PUT,610.0,2025-03-06,14,0.022950819672128912,14,0.0,0.022950819672128912,NEAR_ATM,WITHIN_TOLERANCE,48,bars/O_SPY250306P00610000.json,False,2025-02-13,2025-03-06
2025-02-20T19:45:00+00:00,2025-02-20T20:00:00+00:00,2025-02-20,609.86,ENTRY_FORMING,STRONG START,84.0,59.0,0.0,DISCOVERY,SPY,SPY-PR-0011,O:SPY250321C00610000,CALL,610.0,2025-03-21,29,-0.022950819672128912,30,0.0,0.022950819672128912,NEAR_ATM,WITHIN_TOLERANCE,537,bars/O_SPY250321C00610000.json,False,2025-02-13,2025-03-13
2025-02-20T19:45:00+00:00,2025-02-20T20:00:00+00:00,2025-02-20,609.86,ENTRY_FORMING,STRONG START,84.0,59.0,0.0,DISCOVERY,SPY,SPY-PR-0011,O:SPY250321P00610000,PUT,610.0,2025-03-21,29,0.022950819672128912,30,0.0,0.022950819672128912,NEAR_ATM,WITHIN_TOLERANCE,419,bars/O_SPY250321P00610000.json,False,2025-02-13,2025-03-13
2025-02-27T15:15:00+00:00,2025-02-27T15:30:00+00:00,2025-02-27,25.12,ENTRY_FORMING,STRONG START,81.0,53.0,0.0,DISCOVERY,GME,GME-PR-0011,O:GME250314C00025000,CALL,25.0,2025-03-14,15,0.4800000000000039,14,0.0,0.4800000000000039,NEAR_ATM,WITHIN_TOLERANCE,371,bars/O_GME250314C00025000.json,False,2025-02-20,2025-03-14
2025-02-27T15:15:00+00:00,2025-02-27T15:30:00+00:00,2025-02-27,25.12,ENTRY_FORMING,STRONG START,81.0,53.0,0.0,DISCOVERY,GME,GME-PR-0011,O:GME250314P00025000,PUT,25.0,2025-03-14,15,-0.4800000000000039,14,0.0,0.4800000000000039,NEAR_ATM,WITHIN_TOLERANCE,254,bars/O_GME250314P00025000.json,False,2025-02-20,2025-03-14
2025-02-27T15:15:00+00:00,2025-02-27T15:30:00+00:00,2025-02-27,25.12,ENTRY_FORMING,STRONG START,81.0,53.0,0.0,DISCOVERY,GME,GME-PR-0011,O:GME250328C00025000,CALL,25.0,2025-03-28,29,0.4800000000000039,30,0.0,0.4800000000000039,NEAR_ATM,WITHIN_TOLERANCE,447,bars/O_GME250328C00025000.json,False,2025-02-20,2025-03-20
2025-02-27T15:15:00+00:00,2025-02-27T15:30:00+00:00,2025-02-27,25.12,ENTRY_FORMING,STRONG START,81.0,53.0,0.0,DISCOVERY,GME,GME-PR-0011,O:GME250328P00025000,PUT,25.0,2025-03-28,29,-0.4800000000000039,30,0.0,0.4800000000000039,NEAR_ATM,WITHIN_TOLERANCE,213,bars/O_GME250328P00025000.json,False,2025-02-20,2025-03-20
2025-03-05T18:00:00+00:00,2025-03-05T18:15:00+00:00,2025-03-05,68.74,ENTRY_FORMING,CAMPAIGN START,78.0,50.0,0.0,DISCOVERY,PYPL,PYPL-PR-0013,O:PYPL250321C00069000,CALL,69.0,2025-03-21,16,-0.37681159420290594,14,0.0,0.37681159420290594,NEAR_ATM,WITHIN_TOLERANCE,301,bars/O_PYPL250321C00069000.json,False,2025-02-26,2025-03-21
2025-03-05T18:00:00+00:00,2025-03-05T18:15:00+00:00,2025-03-05,68.74,ENTRY_FORMING,CAMPAIGN START,78.0,50.0,0.0,DISCOVERY,PYPL,PYPL-PR-0013,O:PYPL250321P00069000,PUT,69.0,2025-03-21,16,0.37681159420290594,14,0.0,0.37681159420290594,NEAR_ATM,WITHIN_TOLERANCE,267,bars/O_PYPL250321P00069000.json,False,2025-02-26,2025-03-21
2025-03-05T18:00:00+00:00,2025-03-05T18:15:00+00:00,2025-03-05,68.74,ENTRY_FORMING,CAMPAIGN START,78.0,50.0,0.0,DISCOVERY,PYPL,PYPL-PR-0013,O:PYPL250404C00069000,CALL,69.0,2025-04-04,30,-0.37681159420290594,30,0.0,0.37681159420290594,NEAR_ATM,WITHIN_TOLERANCE,157,bars/O_PYPL250404C00069000.json,False,2025-02-26,2025-03-26
2025-03-05T18:00:00+00:00,2025-03-05T18:15:00+00:00,2025-03-05,68.74,ENTRY_FORMING,CAMPAIGN START,78.0,50.0,0.0,DISCOVERY,PYPL,PYPL-PR-0013,O:PYPL250404P00069000,PUT,69.0,2025-04-04,30,0.37681159420290594,30,0.0,0.37681159420290594,NEAR_ATM,WITHIN_TOLERANCE,129,bars/O_PYPL250404P00069000.json,False,2025-02-26,2025-03-26
2025-03-05T20:30:00+00:00,2025-03-05T20:45:00+00:00,2025-03-05,63.23,CONTINUATION,ADD,99.0,72.0,0.0,DISCOVERY,RBLX,RBLX-PR-0012,O:RBLX250321C00063000,CALL,63.0,2025-03-21,16,0.3650793650793601,14,0.0,0.3650793650793601,NEAR_ATM,WITHIN_TOLERANCE,95,bars/O_RBLX250321C00063000.json,False,2025-02-26,2025-03-21
2025-03-05T20:30:00+00:00,2025-03-05T20:45:00+00:00,2025-03-05,63.23,CONTINUATION,ADD,99.0,72.0,0.0,DISCOVERY,RBLX,RBLX-PR-0012,O:RBLX250321P00063000,PUT,63.0,2025-03-21,16,-0.3650793650793601,14,0.0,0.3650793650793601,NEAR_ATM,WITHIN_TOLERANCE,53,bars/O_RBLX250321P00063000.json,False,2025-02-26,2025-03-21
2025-03-05T20:30:00+00:00,2025-03-05T20:45:00+00:00,2025-03-05,63.23,CONTINUATION,ADD,99.0,72.0,0.0,DISCOVERY,RBLX,RBLX-PR-0012,O:RBLX250404C00063000,CALL,63.0,2025-04-04,30,0.3650793650793601,30,0.0,0.3650793650793601,NEAR_ATM,WITHIN_TOLERANCE,79,bars/O_RBLX250404C00063000.json,False,2025-02-26,2025-03-26
2025-03-05T20:30:00+00:00,2025-03-05T20:45:00+00:00,2025-03-05,63.23,CONTINUATION,ADD,99.0,72.0,0.0,DISCOVERY,RBLX,RBLX-PR-0012,O:RBLX250404P00063000,PUT,63.0,2025-04-04,30,-0.3650793650793601,30,0.0,0.3650793650793601,NEAR_ATM,WITHIN_TOLERANCE,21,bars/O_RBLX250404P00063000.json,False,2025-02-26,2025-03-26
2025-03-12T19:30:00+00:00,2025-03-12T19:45:00+00:00,2025-03-12,21.77,ENTRY_FORMING,STRONG START,20.0,10.0,10.0,DISCOVERY,U,U-PR-0011,O:U250328C00022000,CALL,22.0,2025-03-28,16,-1.0454545454545474,14,0.0,1.0454545454545474,NEAR_ATM,WITHIN_TOLERANCE,193,bars/O_U250328C00022000.json,False,2025-03-05,2025-03-28
2025-03-12T19:30:00+00:00,2025-03-12T19:45:00+00:00,2025-03-12,21.77,ENTRY_FORMING,STRONG START,20.0,10.0,10.0,DISCOVERY,U,U-PR-0011,O:U250328P00022000,PUT,22.0,2025-03-28,16,1.0454545454545474,14,0.0,1.0454545454545474,NEAR_ATM,WITHIN_TOLERANCE,101,bars/O_U250328P00022000.json,False,2025-03-05,2025-03-28
2025-03-12T19:30:00+00:00,2025-03-12T19:45:00+00:00,2025-03-12,21.77,ENTRY_FORMING,STRONG START,20.0,10.0,10.0,DISCOVERY,U,U-PR-0011,O:U250411C00022000,CALL,22.0,2025-04-11,30,-1.0454545454545474,30,0.0,1.0454545454545474,NEAR_ATM,WITHIN_TOLERANCE,68,bars/O_U250411C00022000.json,False,2025-03-05,2025-04-02
2025-03-12T19:30:00+00:00,2025-03-12T19:45:00+00:00,2025-03-12,21.77,ENTRY_FORMING,STRONG START,20.0,10.0,10.0,DISCOVERY,U,U-PR-0011,O:U250411P00022000,PUT,22.0,2025-04-11,30,1.0454545454545474,30,0.0,1.0454545454545474,NEAR_ATM,WITHIN_TOLERANCE,27,bars/O_U250411P00022000.json,False,2025-03-05,2025-04-02
2025-03-12T19:45:00+00:00,2025-03-12T20:00:00+00:00,2025-03-12,248.28,ENTRY_FORMING,STRONG START,93.0,64.0,0.0,DISCOVERY,TSLA,TSLA-PR-0011,O:TSLA250328C00247500,CALL,247.5,2025-03-28,16,0.3151515151515156,14,0.0,0.3151515151515156,NEAR_ATM,WITHIN_TOLERANCE,388,bars/O_TSLA250328C00247500.json,True,2025-03-05,2025-03-28
2025-03-12T19:45:00+00:00,2025-03-12T20:00:00+00:00,2025-03-12,248.28,ENTRY_FORMING,STRONG START,93.0,64.0,0.0,DISCOVERY,TSLA,TSLA-PR-0011,O:TSLA250328P00247500,PUT,247.5,2025-03-28,16,-0.3151515151515156,14,0.0,0.3151515151515156,NEAR_ATM,WITHIN_TOLERANCE,373,bars/O_TSLA250328P00247500.json,False,2025-03-05,2025-03-28
2025-03-12T19:45:00+00:00,2025-03-12T20:00:00+00:00,2025-03-12,248.28,ENTRY_FORMING,STRONG START,93.0,64.0,0.0,DISCOVERY,TSLA,TSLA-PR-0011,O:TSLA250411C00250000,CALL,250.0,2025-04-11,30,-0.6879999999999995,30,0.0,0.6879999999999995,NEAR_ATM,WITHIN_TOLERANCE,478,bars/O_TSLA250411C00250000.json,False,2025-03-05,2025-04-02
2025-03-12T19:45:00+00:00,2025-03-12T20:00:00+00:00,2025-03-12,248.28,ENTRY_FORMING,STRONG START,93.0,64.0,0.0,DISCOVERY,TSLA,TSLA-PR-0011,O:TSLA250411P00250000,PUT,250.0,2025-04-11,30,0.6879999999999995,30,0.0,0.6879999999999995,NEAR_ATM,WITHIN_TOLERANCE,477,bars/O_TSLA250411P00250000.json,False,2025-03-05,2025-04-02
2025-03-17T19:45:00+00:00,2025-03-17T20:00:00+00:00,2025-03-17,327.01,ENTRY_FORMING,STRONG START,97.0,65.0,0.0,DISCOVERY,LULU,LULU-PR-0011,O:LULU250328C00327500,CALL,327.5,2025-03-28,11,-0.1496183206106898,14,0.0,0.1496183206106898,NEAR_ATM,WITHIN_TOLERANCE,58,bars/O_LULU250328C00327500.json,False,2025-03-10,2025-03-28
2025-03-17T19:45:00+00:00,2025-03-17T20:00:00+00:00,2025-03-17,327.01,ENTRY_FORMING,STRONG START,97.0,65.0,0.0,DISCOVERY,LULU,LULU-PR-0011,O:LULU250328P00327500,PUT,327.5,2025-03-28,11,0.1496183206106898,14,0.0,0.1496183206106898,NEAR_ATM,WITHIN_TOLERANCE,83,bars/O_LULU250328P00327500.json,False,2025-03-10,2025-03-28
2025-03-17T19:45:00+00:00,2025-03-17T20:00:00+00:00,2025-03-17,327.01,ENTRY_FORMING,STRONG START,97.0,65.0,0.0,DISCOVERY,LULU,LULU-PR-0011,O:LULU250417C00330000,CALL,330.0,2025-04-17,31,-0.9060606060606089,30,0.0,0.9060606060606089,NEAR_ATM,WITHIN_TOLERANCE,160,bars/O_LULU250417C00330000.json,False,2025-03-10,2025-04-07
2025-03-17T19:45:00+00:00,2025-03-17T20:00:00+00:00,2025-03-17,327.01,ENTRY_FORMING,STRONG START,97.0,65.0,0.0,DISCOVERY,LULU,LULU-PR-0011,O:LULU250417P00330000,PUT,330.0,2025-04-17,31,0.9060606060606089,30,0.0,0.9060606060606089,NEAR_ATM,WITHIN_TOLERANCE,126,bars/O_LULU250417P00330000.json,False,2025-03-10,2025-04-07
2025-03-18T16:15:00+00:00,2025-03-18T16:30:00+00:00,2025-03-18,10.0913,CONTINUATION,ADD,97.0,84.0,0.0,DISCOVERY,VALE,VALE-PR-0011,O:VALE250404C00010000,CALL,10.0,2025-04-04,17,0.9130000000000037,14,0.0,0.9130000000000037,NEAR_ATM,WITHIN_TOLERANCE,205,bars/O_VALE250404C00010000.json,False,2025-03-11,2025-04-04
2025-03-18T16:15:00+00:00,2025-03-18T16:30:00+00:00,2025-03-18,10.0913,CONTINUATION,ADD,97.0,84.0,0.0,DISCOVERY,VALE,VALE-PR-0011,O:VALE250404P00010000,PUT,10.0,2025-04-04,17,-0.9130000000000037,14,0.0,0.9130000000000037,NEAR_ATM,WITHIN_TOLERANCE,121,bars/O_VALE250404P00010000.json,False,2025-03-11,2025-04-04
2025-03-18T16:15:00+00:00,2025-03-18T16:30:00+00:00,2025-03-18,10.0913,CONTINUATION,ADD,97.0,84.0,0.0,DISCOVERY,VALE,VALE-PR-0011,O:VALE250417C00010000,CALL,10.0,2025-04-17,30,0.9130000000000037,30,0.0,0.9130000000000037,NEAR_ATM,WITHIN_TOLERANCE,418,bars/O_VALE250417C00010000.json,False,2025-03-11,2025-04-17
2025-03-18T16:15:00+00:00,2025-03-18T16:30:00+00:00,2025-03-18,10.0913,CONTINUATION,ADD,97.0,84.0,0.0,DISCOVERY,VALE,VALE-PR-0011,O:VALE250417P00010000,PUT,10.0,2025-04-17,30,-0.9130000000000037,30,0.0,0.9130000000000037,NEAR_ATM,WITHIN_TOLERANCE,248,bars/O_VALE250417P00010000.json,False,2025-03-11,2025-04-17
2025-03-18T17:45:00+00:00,2025-03-18T18:00:00+00:00,2025-03-18,21.245,CONTINUATION,RELOAD,16.0,24.0,0.0,DISCOVERY,U,U-PR-0012,O:U250404C00021000,CALL,21.0,2025-04-04,17,1.1666666666666714,14,0.0,1.1666666666666714,NEAR_ATM,WITHIN_TOLERANCE,123,bars/O_U250404C00021000.json,False,2025-03-11,2025-04-04
2025-03-18T17:45:00+00:00,2025-03-18T18:00:00+00:00,2025-03-18,21.245,CONTINUATION,RELOAD,16.0,24.0,0.0,DISCOVERY,U,U-PR-0012,O:U250404P00021000,PUT,21.0,2025-04-04,17,-1.1666666666666714,14,0.0,1.1666666666666714,NEAR_ATM,WITHIN_TOLERANCE,91,bars/O_U250404P00021000.json,False,2025-03-11,2025-04-04
2025-03-18T17:45:00+00:00,2025-03-18T18:00:00+00:00,2025-03-18,21.245,CONTINUATION,RELOAD,16.0,24.0,0.0,DISCOVERY,U,U-PR-0012,O:U250417C00021000,CALL,21.0,2025-04-17,30,1.1666666666666714,30,0.0,1.1666666666666714,NEAR_ATM,WITHIN_TOLERANCE,158,bars/O_U250417C00021000.json,False,2025-03-11,2025-04-08
2025-03-18T17:45:00+00:00,2025-03-18T18:00:00+00:00,2025-03-18,21.245,CONTINUATION,RELOAD,16.0,24.0,0.0,DISCOVERY,U,U-PR-0012,O:U250417P00021000,PUT,21.0,2025-04-17,30,-1.1666666666666714,30,0.0,1.1666666666666714,NEAR_ATM,WITHIN_TOLERANCE,98,bars/O_U250417P00021000.json,False,2025-03-11,2025-04-08
2025-03-20T14:00:00+00:00,2025-03-20T14:15:00+00:00,2025-03-20,70.6,CONTINUATION,ADD,100.0,81.0,0.0,DISCOVERY,PYPL,PYPL-PR-0014,O:PYPL250404C00071000,CALL,71.0,2025-04-04,15,-0.5633802816901489,14,0.0,0.5633802816901489,NEAR_ATM,WITHIN_TOLERANCE,241,bars/O_PYPL250404C00071000.json,True,2025-03-13,2025-04-04
2025-03-20T14:00:00+00:00,2025-03-20T14:15:00+00:00,2025-03-20,70.6,CONTINUATION,ADD,100.0,81.0,0.0,DISCOVERY,PYPL,PYPL-PR-0014,O:PYPL250404P00071000,PUT,71.0,2025-04-04,15,0.5633802816901489,14,0.0,0.5633802816901489,NEAR_ATM,WITHIN_TOLERANCE,146,bars/O_PYPL250404P00071000.json,False,2025-03-13,2025-04-04
2025-03-20T14:00:00+00:00,2025-03-20T14:15:00+00:00,2025-03-20,70.6,CONTINUATION,ADD,100.0,81.0,0.0,DISCOVERY,PYPL,PYPL-PR-0014,O:PYPL250417C00070000,CALL,70.0,2025-04-17,28,0.857142857142849,30,0.0,0.857142857142849,NEAR_ATM,WITHIN_TOLERANCE,427,bars/O_PYPL250417C00070000.json,False,2025-03-13,2025-04-10
2025-03-20T14:00:00+00:00,2025-03-20T14:15:00+00:00,2025-03-20,70.6,CONTINUATION,ADD,100.0,81.0,0.0,DISCOVERY,PYPL,PYPL-PR-0014,O:PYPL250417P00070000,PUT,70.0,2025-04-17,28,-0.857142857142849,30,0.0,0.857142857142849,NEAR_ATM,WITHIN_TOLERANCE,332,bars/O_PYPL250417P00070000.json,False,2025-03-13,2025-04-10
2025-03-21T13:45:00+00:00,2025-03-21T14:00:00+00:00,2025-03-21,58.87,ENTRY_FORMING,STRONG START,62.0,41.0,5.0,DISCOVERY,RBLX,RBLX-PR-0013,O:RBLX250404C00059000,CALL,59.0,2025-04-04,14,-0.22033898305085178,14,0.0,0.22033898305085178,NEAR_ATM,WITHIN_TOLERANCE,98,bars/O_RBLX250404C00059000.json,True,2025-03-14,2025-04-04
2025-03-21T13:45:00+00:00,2025-03-21T14:00:00+00:00,2025-03-21,58.87,ENTRY_FORMING,STRONG START,62.0,41.0,5.0,DISCOVERY,RBLX,RBLX-PR-0013,O:RBLX250404P00059000,PUT,59.0,2025-04-04,14,0.22033898305085178,14,0.0,0.22033898305085178,NEAR_ATM,WITHIN_TOLERANCE,115,bars/O_RBLX250404P00059000.json,False,2025-03-14,2025-04-04
2025-03-21T13:45:00+00:00,2025-03-21T14:00:00+00:00,2025-03-21,58.87,ENTRY_FORMING,STRONG START,62.0,41.0,5.0,DISCOVERY,RBLX,RBLX-PR-0013,O:RBLX250417C00060000,CALL,60.0,2025-04-17,27,-1.8833333333333375,30,0.0,1.8833333333333375,NEAR_ATM,WITHIN_TOLERANCE,267,bars/O_RBLX250417C00060000.json,False,2025-03-14,2025-04-11
2025-03-21T13:45:00+00:00,2025-03-21T14:00:00+00:00,2025-03-21,58.87,ENTRY_FORMING,STRONG START,62.0,41.0,5.0,DISCOVERY,RBLX,RBLX-PR-0013,O:RBLX250417P00060000,PUT,60.0,2025-04-17,27,1.8833333333333375,30,0.0,1.8833333333333375,NEAR_ATM,WITHIN_TOLERANCE,231,bars/O_RBLX250417P00060000.json,False,2025-03-14,2025-04-11
2025-03-25T19:00:00+00:00,2025-03-25T19:15:00+00:00,2025-03-25,25.433,ENTRY_FORMING,STRONG START,17.0,10.0,11.0,DISCOVERY,GME,GME-PR-0012,O:GME250411C00025500,CALL,25.5,2025-04-11,17,-0.26274509803921636,14,0.0,0.26274509803921636,NEAR_ATM,WITHIN_TOLERANCE,302,bars/O_GME250411C00025500.json,True,2025-03-18,2025-04-11
2025-03-25T19:00:00+00:00,2025-03-25T19:15:00+00:00,2025-03-25,25.433,ENTRY_FORMING,STRONG START,17.0,10.0,11.0,DISCOVERY,GME,GME-PR-0012,O:GME250411P00025500,PUT,25.5,2025-04-11,17,0.26274509803921636,14,0.0,0.26274509803921636,NEAR_ATM,WITHIN_TOLERANCE,161,bars/O_GME250411P00025500.json,False,2025-03-18,2025-04-11
2025-03-25T19:00:00+00:00,2025-03-25T19:15:00+00:00,2025-03-25,25.433,ENTRY_FORMING,STRONG START,17.0,10.0,11.0,DISCOVERY,GME,GME-PR-0012,O:GME250425C00025000,CALL,25.0,2025-04-25,31,1.731999999999999,30,0.0,1.731999999999999,NEAR_ATM,WITHIN_TOLERANCE,470,bars/O_GME250425C00025000.json,False,2025-03-18,2025-04-15
2025-03-25T19:00:00+00:00,2025-03-25T19:15:00+00:00,2025-03-25,25.433,ENTRY_FORMING,STRONG START,17.0,10.0,11.0,DISCOVERY,GME,GME-PR-0012,O:GME250425P00025000,PUT,25.0,2025-04-25,31,-1.731999999999999,30,0.0,1.731999999999999,NEAR_ATM,WITHIN_TOLERANCE,250,bars/O_GME250425P00025000.json,False,2025-03-18,2025-04-15
2025-03-26T13:30:00+00:00,2025-03-26T13:45:00+00:00,2025-03-26,283.44,CONTINUATION,ADD,100.0,81.0,0.0,DISCOVERY,TSLA,TSLA-PR-0012,O:TSLA250411C00282500,CALL,282.5,2025-04-11,16,0.33274336283185757,14,0.0,0.33274336283185757,NEAR_ATM,WITHIN_TOLERANCE,330,bars/O_TSLA250411C00282500.json,True,2025-03-19,2025-04-11
2025-03-26T13:30:00+00:00,2025-03-26T13:45:00+00:00,2025-03-26,283.44,CONTINUATION,ADD,100.0,81.0,0.0,DISCOVERY,TSLA,TSLA-PR-0012,O:TSLA250411P00282500,PUT,282.5,2025-04-11,16,-0.33274336283185757,14,0.0,0.33274336283185757,NEAR_ATM,WITHIN_TOLERANCE,260,bars/O_TSLA250411P00282500.json,False,2025-03-19,2025-04-11
2025-03-26T13:30:00+00:00,2025-03-26T13:45:00+00:00,2025-03-26,283.44,CONTINUATION,ADD,100.0,81.0,0.0,DISCOVERY,TSLA,TSLA-PR-0012,O:TSLA250425C00285000,CALL,285.0,2025-04-25,30,-0.5473684210526324,30,0.0,0.5473684210526324,NEAR_ATM,WITHIN_TOLERANCE,514,bars/O_TSLA250425C00285000.json,False,2025-03-19,2025-04-16
2025-03-26T13:30:00+00:00,2025-03-26T13:45:00+00:00,2025-03-26,283.44,CONTINUATION,ADD,100.0,81.0,0.0,DISCOVERY,TSLA,TSLA-PR-0012,O:TSLA250425P00285000,PUT,285.0,2025-04-25,30,0.5473684210526324,30,0.0,0.5473684210526324,NEAR_ATM,WITHIN_TOLERANCE,318,bars/O_TSLA250425P00285000.json,False,2025-03-19,2025-04-16
2025-04-01T13:30:00+00:00,2025-04-01T13:45:00+00:00,2025-04-01,65.49,ENTRY_FORMING,STRONG START,89.0,58.0,0.0,DISCOVERY,PYPL,PYPL-PR-0015,O:PYPL250417C00065000,CALL,65.0,2025-04-17,16,0.7538461538461461,14,0.0,0.7538461538461461,NEAR_ATM,WITHIN_TOLERANCE,312,bars/O_PYPL250417C00065000.json,True,2025-03-25,2025-04-17
2025-04-01T13:30:00+00:00,2025-04-01T13:45:00+00:00,2025-04-01,65.49,ENTRY_FORMING,STRONG START,89.0,58.0,0.0,DISCOVERY,PYPL,PYPL-PR-0015,O:PYPL250417P00065000,PUT,65.0,2025-04-17,16,-0.7538461538461461,14,0.0,0.7538461538461461,NEAR_ATM,WITHIN_TOLERANCE,329,bars/O_PYPL250417P00065000.json,False,2025-03-25,2025-04-17
2025-04-01T13:30:00+00:00,2025-04-01T13:45:00+00:00,2025-04-01,65.49,ENTRY_FORMING,STRONG START,89.0,58.0,0.0,DISCOVERY,PYPL,PYPL-PR-0015,O:PYPL250502C00065000,CALL,65.0,2025-05-02,31,0.7538461538461461,30,0.0,0.7538461538461461,NEAR_ATM,WITHIN_TOLERANCE,232,bars/O_PYPL250502C00065000.json,False,2025-03-25,2025-04-22
2025-04-01T13:30:00+00:00,2025-04-01T13:45:00+00:00,2025-04-01,65.49,ENTRY_FORMING,STRONG START,89.0,58.0,0.0,DISCOVERY,PYPL,PYPL-PR-0015,O:PYPL250502P00065000,PUT,65.0,2025-05-02,31,-0.7538461538461461,30,0.0,0.7538461538461461,NEAR_ATM,WITHIN_TOLERANCE,110,bars/O_PYPL250502P00065000.json,False,2025-03-25,2025-04-22
2025-04-02T19:30:00+00:00,2025-04-02T19:45:00+00:00,2025-04-02,22.59,CONTINUATION,RELOAD,39.0,36.0,0.0,DISCOVERY,GME,GME-PR-0013,O:GME250417C00022500,CALL,22.5,2025-04-17,15,0.3999999999999994,14,0.0,0.3999999999999994,NEAR_ATM,WITHIN_TOLERANCE,251,bars/O_GME250417C00022500.json,False,2025-03-26,2025-04-17
2025-04-02T19:30:00+00:00,2025-04-02T19:45:00+00:00,2025-04-02,22.59,CONTINUATION,RELOAD,39.0,36.0,0.0,DISCOVERY,GME,GME-PR-0013,O:GME250417P00022500,PUT,22.5,2025-04-17,15,-0.3999999999999994,14,0.0,0.3999999999999994,NEAR_ATM,WITHIN_TOLERANCE,234,bars/O_GME250417P00022500.json,False,2025-03-26,2025-04-17
2025-04-02T19:30:00+00:00,2025-04-02T19:45:00+00:00,2025-04-02,22.59,CONTINUATION,RELOAD,39.0,36.0,0.0,DISCOVERY,GME,GME-PR-0013,O:GME250502C00023000,CALL,23.0,2025-05-02,30,-1.7826086956521745,30,0.0,1.7826086956521745,NEAR_ATM,WITHIN_TOLERANCE,305,bars/O_GME250502C00023000.json,False,2025-03-26,2025-04-23
2025-04-02T19:30:00+00:00,2025-04-02T19:45:00+00:00,2025-04-02,22.59,CONTINUATION,RELOAD,39.0,36.0,0.0,DISCOVERY,GME,GME-PR-0013,O:GME250502P00023000,PUT,23.0,2025-05-02,30,1.7826086956521745,30,0.0,1.7826086956521745,NEAR_ATM,WITHIN_TOLERANCE,231,bars/O_GME250502P00023000.json,False,2025-03-26,2025-04-23
2025-04-02T19:30:00+00:00,2025-04-02T19:45:00+00:00,2025-04-02,10.0299,ENTRY_FORMING,STRONG START,79.0,55.0,0.0,DISCOVERY,VALE,VALE-PR-0012,O:VALE250417C00010000,CALL,10.0,2025-04-17,15,0.29899999999999594,14,0.0,0.29899999999999594,NEAR_ATM,WITHIN_TOLERANCE,418,bars/O_VALE250417C00010000.json,False,2025-03-11,2025-04-17
2025-04-02T19:30:00+00:00,2025-04-02T19:45:00+00:00,2025-04-02,10.0299,ENTRY_FORMING,STRONG START,79.0,55.0,0.0,DISCOVERY,VALE,VALE-PR-0012,O:VALE250417P00010000,PUT,10.0,2025-04-17,15,-0.29899999999999594,14,0.0,0.29899999999999594,NEAR_ATM,WITHIN_TOLERANCE,248,bars/O_VALE250417P00010000.json,False,2025-03-11,2025-04-17
2025-04-02T19:30:00+00:00,2025-04-02T19:45:00+00:00,2025-04-02,10.0299,ENTRY_FORMING,STRONG START,79.0,55.0,0.0,DISCOVERY,VALE,VALE-PR-0012,O:VALE250502C00010000,CALL,10.0,2025-05-02,30,0.29899999999999594,30,0.0,0.29899999999999594,NEAR_ATM,WITHIN_TOLERANCE,49,bars/O_VALE250502C00010000.json,False,2025-03-26,2025-04-23
2025-04-02T19:30:00+00:00,2025-04-02T19:45:00+00:00,2025-04-02,10.0299,ENTRY_FORMING,STRONG START,79.0,55.0,0.0,DISCOVERY,VALE,VALE-PR-0012,O:VALE250502P00010000,PUT,10.0,2025-05-02,30,-0.29899999999999594,30,0.0,0.29899999999999594,NEAR_ATM,WITHIN_TOLERANCE,35,bars/O_VALE250502P00010000.json,False,2025-03-26,2025-04-23
2025-04-07T19:30:00+00:00,2025-04-07T19:45:00+00:00,2025-04-07,262.52,ENTRY_FORMING,CAMPAIGN START,50.0,35.0,5.0,DISCOVERY,LULU,LULU-PR-0012,O:LULU250509C00265000,CALL,265.0,2025-05-09,32,-0.9358490566037804,30,0.0,0.9358490566037804,NEAR_ATM,WITHIN_TOLERANCE,36,bars/O_LULU250509C00265000.json,False,2025-03-31,2025-04-28
2025-04-07T19:30:00+00:00,2025-04-07T19:45:00+00:00,2025-04-07,262.52,ENTRY_FORMING,CAMPAIGN START,50.0,35.0,5.0,DISCOVERY,LULU,LULU-PR-0012,O:LULU250509P00265000,PUT,265.0,2025-05-09,32,0.9358490566037804,30,0.0,0.9358490566037804,NEAR_ATM,WITHIN_TOLERANCE,29,bars/O_LULU250509P00265000.json,False,2025-03-31,2025-04-28
2025-04-09T17:00:00+00:00,2025-04-09T17:15:00+00:00,2025-04-09,17.38,ENTRY_FORMING,STRONG START,87.0,60.0,0.0,DISCOVERY,U,U-PR-0013,O:U250425C00017500,CALL,17.5,2025-04-25,16,-0.6857142857142914,14,0.0,0.6857142857142914,NEAR_ATM,WITHIN_TOLERANCE,27,bars/O_U250425C00017500.json,True,2025-04-02,2025-04-25
2025-04-09T17:00:00+00:00,2025-04-09T17:15:00+00:00,2025-04-09,17.38,ENTRY_FORMING,STRONG START,87.0,60.0,0.0,DISCOVERY,U,U-PR-0013,O:U250425P00017500,PUT,17.5,2025-04-25,16,0.6857142857142914,14,0.0,0.6857142857142914,NEAR_ATM,WITHIN_TOLERANCE,55,bars/O_U250425P00017500.json,False,2025-04-02,2025-04-25
2025-04-09T17:00:00+00:00,2025-04-09T17:15:00+00:00,2025-04-09,17.38,ENTRY_FORMING,STRONG START,87.0,60.0,0.0,DISCOVERY,U,U-PR-0013,O:U250509C00017500,CALL,17.5,2025-05-09,30,-0.6857142857142914,30,0.0,0.6857142857142914,NEAR_ATM,WITHIN_TOLERANCE,4,bars/O_U250509C00017500.json,False,2025-04-02,2025-04-30
2025-04-09T17:00:00+00:00,2025-04-09T17:15:00+00:00,2025-04-09,17.38,ENTRY_FORMING,STRONG START,87.0,60.0,0.0,DISCOVERY,U,U-PR-0013,O:U250509P00017500,PUT,17.5,2025-05-09,30,0.6857142857142914,30,0.0,0.6857142857142914,NEAR_ATM,WITHIN_TOLERANCE,28,bars/O_U250509P00017500.json,False,2025-04-02,2025-04-30
2025-04-11T19:45:00+00:00,2025-04-11T20:00:00+00:00,2025-04-11,252.18,ENTRY_FORMING,STRONG START,86.0,59.0,1.0,DISCOVERY,TSLA,TSLA-PR-0013,O:TSLA250425C00252500,CALL,252.5,2025-04-25,14,-0.12673267326732401,14,0.0,0.12673267326732401,NEAR_ATM,WITHIN_TOLERANCE,352,bars/O_TSLA250425C00252500.json,False,2025-04-04,2025-04-25
2025-04-11T19:45:00+00:00,2025-04-11T20:00:00+00:00,2025-04-11,252.18,ENTRY_FORMING,STRONG START,86.0,59.0,1.0,DISCOVERY,TSLA,TSLA-PR-0013,O:TSLA250425P00252500,PUT,252.5,2025-04-25,14,0.12673267326732401,14,0.0,0.12673267326732401,NEAR_ATM,WITHIN_TOLERANCE,346,bars/O_TSLA250425P00252500.json,False,2025-04-04,2025-04-25
2025-04-11T19:45:00+00:00,2025-04-11T20:00:00+00:00,2025-04-11,252.18,ENTRY_FORMING,STRONG START,86.0,59.0,1.0,DISCOVERY,TSLA,TSLA-PR-0013,O:TSLA250509C00250000,CALL,250.0,2025-05-09,28,0.8720000000000028,30,0.0,0.8720000000000028,NEAR_ATM,WITHIN_TOLERANCE,492,bars/O_TSLA250509C00250000.json,False,2025-04-04,2025-05-02
2025-04-11T19:45:00+00:00,2025-04-11T20:00:00+00:00,2025-04-11,252.18,ENTRY_FORMING,STRONG START,86.0,59.0,1.0,DISCOVERY,TSLA,TSLA-PR-0013,O:TSLA250509P00250000,PUT,250.0,2025-05-09,28,-0.8720000000000028,30,0.0,0.8720000000000028,NEAR_ATM,WITHIN_TOLERANCE,466,bars/O_TSLA250509P00250000.json,False,2025-04-04,2025-05-02
2025-04-14T19:15:00+00:00,2025-04-14T19:30:00+00:00,2025-04-14,260.2,CONTINUATION,ADD,44.0,29.0,5.0,DISCOVERY,LULU,LULU-PR-0013,O:LULU250425C00260000,CALL,260.0,2025-04-25,11,0.07692307692307256,14,0.0,0.07692307692307256,NEAR_ATM,WITHIN_TOLERANCE,167,bars/O_LULU250425C00260000.json,False,2025-04-07,2025-04-25
2025-04-14T19:15:00+00:00,2025-04-14T19:30:00+00:00,2025-04-14,260.2,CONTINUATION,ADD,44.0,29.0,5.0,DISCOVERY,LULU,LULU-PR-0013,O:LULU250425P00260000,PUT,260.0,2025-04-25,11,-0.07692307692307256,14,0.0,0.07692307692307256,NEAR_ATM,WITHIN_TOLERANCE,125,bars/O_LULU250425P00260000.json,False,2025-04-07,2025-04-25
2025-04-14T19:15:00+00:00,2025-04-14T19:30:00+00:00,2025-04-14,260.2,CONTINUATION,ADD,44.0,29.0,5.0,DISCOVERY,LULU,LULU-PR-0013,O:LULU250516C00260000,CALL,260.0,2025-05-16,32,0.07692307692307256,30,0.0,0.07692307692307256,NEAR_ATM,WITHIN_TOLERANCE,129,bars/O_LULU250516C00260000.json,False,2025-04-07,2025-05-05
2025-04-14T19:15:00+00:00,2025-04-14T19:30:00+00:00,2025-04-14,260.2,CONTINUATION,ADD,44.0,29.0,5.0,DISCOVERY,LULU,LULU-PR-0013,O:LULU250516P00260000,PUT,260.0,2025-05-16,32,-0.07692307692307256,30,0.0,0.07692307692307256,NEAR_ATM,WITHIN_TOLERANCE,178,bars/O_LULU250516P00260000.json,False,2025-04-07,2025-05-05
2025-04-15T14:15:00+00:00,2025-04-15T14:30:00+00:00,2025-04-15,59.01,CONTINUATION,ADD,96.0,68.0,0.0,DISCOVERY,RBLX,RBLX-PR-0014,O:RBLX250502C00059000,CALL,59.0,2025-05-02,17,0.01694915254236951,14,0.0,0.01694915254236951,NEAR_ATM,WITHIN_TOLERANCE,56,bars/O_RBLX250502C00059000.json,True,2025-04-08,2025-05-02
2025-04-15T14:15:00+00:00,2025-04-15T14:30:00+00:00,2025-04-15,59.01,CONTINUATION,ADD,96.0,68.0,0.0,DISCOVERY,RBLX,RBLX-PR-0014,O:RBLX250502P00059000,PUT,59.0,2025-05-02,17,-0.01694915254236951,14,0.0,0.01694915254236951,NEAR_ATM,WITHIN_TOLERANCE,80,bars/O_RBLX250502P00059000.json,False,2025-04-08,2025-05-02
2025-04-15T14:15:00+00:00,2025-04-15T14:30:00+00:00,2025-04-15,59.01,CONTINUATION,ADD,96.0,68.0,0.0,DISCOVERY,RBLX,RBLX-PR-0014,O:RBLX250516C00060000,CALL,60.0,2025-05-16,31,-1.6500000000000032,30,0.0,1.6500000000000032,NEAR_ATM,WITHIN_TOLERANCE,153,bars/O_RBLX250516C00060000.json,False,2025-04-08,2025-05-06
2025-04-15T14:15:00+00:00,2025-04-15T14:30:00+00:00,2025-04-15,59.01,CONTINUATION,ADD,96.0,68.0,0.0,DISCOVERY,RBLX,RBLX-PR-0014,O:RBLX250516P00060000,PUT,60.0,2025-05-16,31,1.6500000000000032,30,0.0,1.6500000000000032,NEAR_ATM,WITHIN_TOLERANCE,143,bars/O_RBLX250516P00060000.json,False,2025-04-08,2025-05-06
2025-04-17T13:30:00+00:00,2025-04-17T13:45:00+00:00,2025-04-17,26.45,CONTINUATION,RELOAD,25.0,34.0,0.0,DISCOVERY,GME,GME-PR-0014,O:GME250502C00026500,CALL,26.5,2025-05-02,15,-0.18867924528302155,14,0.0,0.18867924528302155,NEAR_ATM,WITHIN_TOLERANCE,262,bars/O_GME250502C00026500.json,True,2025-04-10,2025-05-02
2025-04-17T13:30:00+00:00,2025-04-17T13:45:00+00:00,2025-04-17,26.45,CONTINUATION,RELOAD,25.0,34.0,0.0,DISCOVERY,GME,GME-PR-0014,O:GME250502P00026500,PUT,26.5,2025-05-02,15,0.18867924528302155,14,0.0,0.18867924528302155,NEAR_ATM,WITHIN_TOLERANCE,252,bars/O_GME250502P00026500.json,False,2025-04-10,2025-05-02
2025-04-17T13:30:00+00:00,2025-04-17T13:45:00+00:00,2025-04-17,26.45,CONTINUATION,RELOAD,25.0,34.0,0.0,DISCOVERY,GME,GME-PR-0014,O:GME250516C00026000,CALL,26.0,2025-05-16,29,1.7307692307692282,30,0.0,1.7307692307692282,NEAR_ATM,WITHIN_TOLERANCE,401,bars/O_GME250516C00026000.json,False,2025-04-10,2025-05-08
2025-04-17T13:30:00+00:00,2025-04-17T13:45:00+00:00,2025-04-17,26.45,CONTINUATION,RELOAD,25.0,34.0,0.0,DISCOVERY,GME,GME-PR-0014,O:GME250516P00026000,PUT,26.0,2025-05-16,29,-1.7307692307692282,30,0.0,1.7307692307692282,NEAR_ATM,WITHIN_TOLERANCE,370,bars/O_GME250516P00026000.json,False,2025-04-10,2025-05-08
2025-04-22T19:45:00+00:00,2025-04-22T20:00:00+00:00,2025-04-22,61.41,ENTRY_FORMING,STRONG START,99.0,67.0,0.0,DISCOVERY,PYPL,PYPL-PR-0016,O:PYPL250509C00061000,CALL,61.0,2025-05-09,17,0.672131147540978,14,0.0,0.672131147540978,NEAR_ATM,WITHIN_TOLERANCE,59,bars/O_PYPL250509C00061000.json,False,2025-04-15,2025-05-09
2025-04-22T19:45:00+00:00,2025-04-22T20:00:00+00:00,2025-04-22,61.41,ENTRY_FORMING,STRONG START,99.0,67.0,0.0,DISCOVERY,PYPL,PYPL-PR-0016,O:PYPL250509P00061000,PUT,61.0,2025-05-09,17,-0.672131147540978,14,0.0,0.672131147540978,NEAR_ATM,WITHIN_TOLERANCE,93,bars/O_PYPL250509P00061000.json,False,2025-04-15,2025-05-09
2025-04-22T19:45:00+00:00,2025-04-22T20:00:00+00:00,2025-04-22,61.41,ENTRY_FORMING,STRONG START,99.0,67.0,0.0,DISCOVERY,PYPL,PYPL-PR-0016,O:PYPL250523C00061000,CALL,61.0,2025-05-23,31,0.672131147540978,30,0.0,0.672131147540978,NEAR_ATM,WITHIN_TOLERANCE,16,bars/O_PYPL250523C00061000.json,False,2025-04-15,2025-05-13
2025-04-22T19:45:00+00:00,2025-04-22T20:00:00+00:00,2025-04-22,61.41,ENTRY_FORMING,STRONG START,99.0,67.0,0.0,DISCOVERY,PYPL,PYPL-PR-0016,O:PYPL250523P00061000,PUT,61.0,2025-05-23,31,-0.672131147540978,30,0.0,0.672131147540978,NEAR_ATM,WITHIN_TOLERANCE,53,bars/O_PYPL250523P00061000.json,False,2025-04-15,2025-05-13
2025-04-24T13:45:00+00:00,2025-04-24T14:00:00+00:00,2025-04-24,21.59,CONTINUATION,ADD,94.0,75.0,1.0,DISCOVERY,U,U-PR-0014,O:U250509C00021500,CALL,21.5,2025-05-09,15,0.41860465116279005,14,0.0,0.41860465116279005,NEAR_ATM,WITHIN_TOLERANCE,155,bars/O_U250509C00021500.json,True,2025-04-17,2025-05-09
2025-04-24T13:45:00+00:00,2025-04-24T14:00:00+00:00,2025-04-24,21.59,CONTINUATION,ADD,94.0,75.0,1.0,DISCOVERY,U,U-PR-0014,O:U250509P00021500,PUT,21.5,2025-05-09,15,-0.41860465116279005,14,0.0,0.41860465116279005,NEAR_ATM,WITHIN_TOLERANCE,98,bars/O_U250509P00021500.json,False,2025-04-17,2025-05-09
2025-04-24T13:45:00+00:00,2025-04-24T14:00:00+00:00,2025-04-24,21.59,CONTINUATION,ADD,94.0,75.0,1.0,DISCOVERY,U,U-PR-0014,O:U250523C00021500,CALL,21.5,2025-05-23,29,0.41860465116279005,30,0.0,0.41860465116279005,NEAR_ATM,WITHIN_TOLERANCE,70,bars/O_U250523C00021500.json,False,2025-04-17,2025-05-15
2025-04-24T13:45:00+00:00,2025-04-24T14:00:00+00:00,2025-04-24,21.59,CONTINUATION,ADD,94.0,75.0,1.0,DISCOVERY,U,U-PR-0014,O:U250523P00021500,PUT,21.5,2025-05-23,29,-0.41860465116279005,30,0.0,0.41860465116279005,NEAR_ATM,WITHIN_TOLERANCE,38,bars/O_U250523P00021500.json,False,2025-04-17,2025-05-15
2025-04-28T13:30:00+00:00,2025-04-28T13:45:00+00:00,2025-04-28,9.5444,CONTINUATION,RELOAD,41.0,36.0,0.0,DISCOVERY,VALE,VALE-PR-0013,O:VALE250509C00009500,CALL,9.5,2025-05-09,11,0.4673684210526268,14,0.0,0.4673684210526268,NEAR_ATM,WITHIN_TOLERANCE,137,bars/O_VALE250509C00009500.json,True,2025-04-21,2025-05-09
2025-04-28T13:30:00+00:00,2025-04-28T13:45:00+00:00,2025-04-28,9.5444,CONTINUATION,RELOAD,41.0,36.0,0.0,DISCOVERY,VALE,VALE-PR-0013,O:VALE250509P00009500,PUT,9.5,2025-05-09,11,-0.4673684210526268,14,0.0,0.4673684210526268,NEAR_ATM,WITHIN_TOLERANCE,64,bars/O_VALE250509P00009500.json,False,2025-04-21,2025-05-09
2025-04-28T13:30:00+00:00,2025-04-28T13:45:00+00:00,2025-04-28,9.5444,CONTINUATION,RELOAD,41.0,36.0,0.0,DISCOVERY,VALE,VALE-PR-0013,O:VALE250530C00009500,CALL,9.5,2025-05-30,32,0.4673684210526268,30,0.0,0.4673684210526268,NEAR_ATM,WITHIN_TOLERANCE,76,bars/O_VALE250530C00009500.json,False,2025-04-21,2025-05-23
2025-04-28T13:30:00+00:00,2025-04-28T13:45:00+00:00,2025-04-28,9.5444,CONTINUATION,RELOAD,41.0,36.0,0.0,DISCOVERY,VALE,VALE-PR-0013,O:VALE250530P00009500,PUT,9.5,2025-05-30,32,-0.4673684210526268,30,0.0,0.4673684210526268,NEAR_ATM,WITHIN_TOLERANCE,50,bars/O_VALE250530P00009500.json,False,2025-04-21,2025-05-23
2025-04-28T19:00:00+00:00,2025-04-28T19:15:00+00:00,2025-04-28,64.645,CONTINUATION,RELOAD,38.0,41.0,0.0,DISCOVERY,PYPL,PYPL-PR-0017,O:PYPL250509C00065000,CALL,65.0,2025-05-09,11,-0.5461538461538523,14,0.0,0.5461538461538523,NEAR_ATM,WITHIN_TOLERANCE,245,bars/O_PYPL250509C00065000.json,True,2025-04-21,2025-05-09
2025-04-28T19:00:00+00:00,2025-04-28T19:15:00+00:00,2025-04-28,64.645,CONTINUATION,RELOAD,38.0,41.0,0.0,DISCOVERY,PYPL,PYPL-PR-0017,O:PYPL250509P00065000,PUT,65.0,2025-05-09,11,0.5461538461538523,14,0.0,0.5461538461538523,NEAR_ATM,WITHIN_TOLERANCE,183,bars/O_PYPL250509P00065000.json,False,2025-04-21,2025-05-09
2025-04-28T19:00:00+00:00,2025-04-28T19:15:00+00:00,2025-04-28,64.645,CONTINUATION,RELOAD,38.0,41.0,0.0,DISCOVERY,PYPL,PYPL-PR-0017,O:PYPL250530C00065000,CALL,65.0,2025-05-30,32,-0.5461538461538523,30,0.0,0.5461538461538523,NEAR_ATM,WITHIN_TOLERANCE,103,bars/O_PYPL250530C00065000.json,False,2025-04-21,2025-05-19
2025-04-28T19:00:00+00:00,2025-04-28T19:15:00+00:00,2025-04-28,64.645,CONTINUATION,RELOAD,38.0,41.0,0.0,DISCOVERY,PYPL,PYPL-PR-0017,O:PYPL250530P00065000,PUT,65.0,2025-05-30,32,0.5461538461538523,30,0.0,0.5461538461538523,NEAR_ATM,WITHIN_TOLERANCE,124,bars/O_PYPL250530P00065000.json,False,2025-04-21,2025-05-19
2025-05-02T19:00:00+00:00,2025-05-02T19:15:00+00:00,2025-05-02,276.1,CONTINUATION,ADD,100.0,82.0,0.0,DISCOVERY,LULU,LULU-PR-0014,O:LULU250516C00275000,CALL,275.0,2025-05-16,14,0.40000000000000824,14,0.0,0.40000000000000824,NEAR_ATM,WITHIN_TOLERANCE,59,bars/O_LULU250516C00275000.json,True,2025-04-25,2025-05-16
2025-05-02T19:00:00+00:00,2025-05-02T19:15:00+00:00,2025-05-02,276.1,CONTINUATION,ADD,100.0,82.0,0.0,DISCOVERY,LULU,LULU-PR-0014,O:LULU250516P00275000,PUT,275.0,2025-05-16,14,-0.40000000000000824,14,0.0,0.40000000000000824,NEAR_ATM,WITHIN_TOLERANCE,55,bars/O_LULU250516P00275000.json,False,2025-04-25,2025-05-16
2025-05-02T19:00:00+00:00,2025-05-02T19:15:00+00:00,2025-05-02,276.1,CONTINUATION,ADD,100.0,82.0,0.0,DISCOVERY,LULU,LULU-PR-0014,O:LULU250530C00275000,CALL,275.0,2025-05-30,28,0.40000000000000824,30,0.0,0.40000000000000824,NEAR_ATM,WITHIN_TOLERANCE,23,bars/O_LULU250530C00275000.json,False,2025-04-25,2025-05-23
2025-05-02T19:00:00+00:00,2025-05-02T19:15:00+00:00,2025-05-02,276.1,CONTINUATION,ADD,100.0,82.0,0.0,DISCOVERY,LULU,LULU-PR-0014,O:LULU250530P00275000,PUT,275.0,2025-05-30,28,-0.40000000000000824,30,0.0,0.40000000000000824,NEAR_ATM,WITHIN_TOLERANCE,22,bars/O_LULU250530P00275000.json,False,2025-04-25,2025-05-23
2025-05-02T19:45:00+00:00,2025-05-02T20:00:00+00:00,2025-05-02,9.37,ENTRY_FORMING,CAMPAIGN START,93.0,60.0,0.0,DISCOVERY,VALE,VALE-PR-0014,O:VALE250516C00009500,CALL,9.5,2025-05-16,14,-1.3684210526315872,14,0.0,1.3684210526315872,NEAR_ATM,WITHIN_TOLERANCE,178,bars/O_VALE250516C00009500.json,True,2025-04-25,2025-05-16
2025-05-02T19:45:00+00:00,2025-05-02T20:00:00+00:00,2025-05-02,9.37,ENTRY_FORMING,CAMPAIGN START,93.0,60.0,0.0,DISCOVERY,VALE,VALE-PR-0014,O:VALE250516P00009500,PUT,9.5,2025-05-16,14,1.3684210526315872,14,0.0,1.3684210526315872,NEAR_ATM,WITHIN_TOLERANCE,97,bars/O_VALE250516P00009500.json,False,2025-04-25,2025-05-16
2025-05-02T19:45:00+00:00,2025-05-02T20:00:00+00:00,2025-05-02,9.37,ENTRY_FORMING,CAMPAIGN START,93.0,60.0,0.0,DISCOVERY,VALE,VALE-PR-0014,O:VALE250530C00009500,CALL,9.5,2025-05-30,28,-1.3684210526315872,30,0.0,1.3684210526315872,NEAR_ATM,WITHIN_TOLERANCE,76,bars/O_VALE250530C00009500.json,False,2025-04-21,2025-05-23
2025-05-02T19:45:00+00:00,2025-05-02T20:00:00+00:00,2025-05-02,9.37,ENTRY_FORMING,CAMPAIGN START,93.0,60.0,0.0,DISCOVERY,VALE,VALE-PR-0014,O:VALE250530P00009500,PUT,9.5,2025-05-30,28,1.3684210526315872,30,0.0,1.3684210526315872,NEAR_ATM,WITHIN_TOLERANCE,50,bars/O_VALE250530P00009500.json,False,2025-04-21,2025-05-23
2025-05-06T18:15:00+00:00,2025-05-06T18:30:00+00:00,2025-05-06,275.0,CONTINUATION,RELOAD,58.0,39.0,0.0,DISCOVERY,TSLA,TSLA-PR-0014,O:TSLA250523C00275000,CALL,275.0,2025-05-23,17,0.0,14,0.0,0.0,NEAR_ATM,WITHIN_TOLERANCE,395,bars/O_TSLA250523C00275000.json,False,2025-04-29,2025-05-23
2025-05-06T18:15:00+00:00,2025-05-06T18:30:00+00:00,2025-05-06,275.0,CONTINUATION,RELOAD,58.0,39.0,0.0,DISCOVERY,TSLA,TSLA-PR-0014,O:TSLA250523P00275000,PUT,275.0,2025-05-23,17,-0.0,14,0.0,0.0,NEAR_ATM,WITHIN_TOLERANCE,463,bars/O_TSLA250523P00275000.json,False,2025-04-29,2025-05-23
2025-05-06T18:15:00+00:00,2025-05-06T18:30:00+00:00,2025-05-06,275.0,CONTINUATION,RELOAD,58.0,39.0,0.0,DISCOVERY,TSLA,TSLA-PR-0014,O:TSLA250606C00275000,CALL,275.0,2025-06-06,31,0.0,30,0.0,0.0,NEAR_ATM,WITHIN_TOLERANCE,296,bars/O_TSLA250606C00275000.json,False,2025-04-29,2025-05-27
2025-05-06T18:15:00+00:00,2025-05-06T18:30:00+00:00,2025-05-06,275.0,CONTINUATION,RELOAD,58.0,39.0,0.0,DISCOVERY,TSLA,TSLA-PR-0014,O:TSLA250606P00275000,PUT,275.0,2025-06-06,31,-0.0,30,0.0,0.0,NEAR_ATM,WITHIN_TOLERANCE,443,bars/O_TSLA250606P00275000.json,False,2025-04-29,2025-05-27
2025-05-08T13:30:00+00:00,2025-05-08T13:45:00+00:00,2025-05-08,26.322,ENTRY_FORMING,STRONG START,77.0,53.0,0.0,DISCOVERY,GME,GME-PR-0015,O:GME250523C00026500,CALL,26.5,2025-05-23,15,-0.6716981132075502,14,0.0,0.6716981132075502,NEAR_ATM,WITHIN_TOLERANCE,228,bars/O_GME250523C00026500.json,False,2025-05-01,2025-05-23
2025-05-08T13:30:00+00:00,2025-05-08T13:45:00+00:00,2025-05-08,26.322,ENTRY_FORMING,STRONG START,77.0,53.0,0.0,DISCOVERY,GME,GME-PR-0015,O:GME250523P00026500,PUT,26.5,2025-05-23,15,0.6716981132075502,14,0.0,0.6716981132075502,NEAR_ATM,WITHIN_TOLERANCE,227,bars/O_GME250523P00026500.json,False,2025-05-01,2025-05-23
2025-05-08T13:30:00+00:00,2025-05-08T13:45:00+00:00,2025-05-08,26.322,ENTRY_FORMING,STRONG START,77.0,53.0,0.0,DISCOVERY,GME,GME-PR-0015,O:GME250606C00026500,CALL,26.5,2025-06-06,29,-0.6716981132075502,30,0.0,0.6716981132075502,NEAR_ATM,WITHIN_TOLERANCE,93,bars/O_GME250606C00026500.json,False,2025-05-01,2025-05-29
2025-05-08T13:30:00+00:00,2025-05-08T13:45:00+00:00,2025-05-08,26.322,ENTRY_FORMING,STRONG START,77.0,53.0,0.0,DISCOVERY,GME,GME-PR-0015,O:GME250606P00026500,PUT,26.5,2025-06-06,29,0.6716981132075502,30,0.0,0.6716981132075502,NEAR_ATM,WITHIN_TOLERANCE,126,bars/O_GME250606P00026500.json,False,2025-05-01,2025-05-29
2025-05-09T19:45:00+00:00,2025-05-09T20:00:00+00:00,2025-05-09,298.1017,ENTRY_FORMING,STRONG START,100.0,82.0,0.0,DISCOVERY,TSLA,TSLA-PR-0015,O:TSLA250523C00297500,CALL,297.5,2025-05-23,14,0.20225210084033407,14,0.0,0.20225210084033407,NEAR_ATM,WITHIN_TOLERANCE,266,bars/O_TSLA250523C00297500.json,True,2025-05-02,2025-05-23
2025-05-09T19:45:00+00:00,2025-05-09T20:00:00+00:00,2025-05-09,298.1017,ENTRY_FORMING,STRONG START,100.0,82.0,0.0,DISCOVERY,TSLA,TSLA-PR-0015,O:TSLA250523P00297500,PUT,297.5,2025-05-23,14,-0.20225210084033407,14,0.0,0.20225210084033407,NEAR_ATM,WITHIN_TOLERANCE,325,bars/O_TSLA250523P00297500.json,False,2025-05-02,2025-05-23
2025-05-09T19:45:00+00:00,2025-05-09T20:00:00+00:00,2025-05-09,298.1017,ENTRY_FORMING,STRONG START,100.0,82.0,0.0,DISCOVERY,TSLA,TSLA-PR-0015,O:TSLA250606C00300000,CALL,300.0,2025-06-06,28,-0.6327666666666687,30,0.0,0.6327666666666687,NEAR_ATM,WITHIN_TOLERANCE,488,bars/O_TSLA250606C00300000.json,False,2025-05-02,2025-05-30
2025-05-09T19:45:00+00:00,2025-05-09T20:00:00+00:00,2025-05-09,298.1017,ENTRY_FORMING,STRONG START,100.0,82.0,0.0,DISCOVERY,TSLA,TSLA-PR-0015,O:TSLA250606P00300000,PUT,300.0,2025-06-06,28,0.6327666666666687,30,0.0,0.6327666666666687,NEAR_ATM,WITHIN_TOLERANCE,461,bars/O_TSLA250606P00300000.json,False,2025-05-02,2025-05-30
2025-05-12T13:30:00+00:00,2025-05-12T13:45:00+00:00,2025-05-12,72.135,ENTRY_FORMING,STRONG START,94.0,64.0,0.0,DISCOVERY,RBLX,RBLX-PR-0015,O:RBLX250523C00072000,CALL,72.0,2025-05-23,11,0.1875000000000071,14,0.0,0.1875000000000071,NEAR_ATM,WITHIN_TOLERANCE,90,bars/O_RBLX250523C00072000.json,False,2025-05-05,2025-05-23
2025-05-12T13:30:00+00:00,2025-05-12T13:45:00+00:00,2025-05-12,72.135,ENTRY_FORMING,STRONG START,94.0,64.0,0.0,DISCOVERY,RBLX,RBLX-PR-0015,O:RBLX250523P00072000,PUT,72.0,2025-05-23,11,-0.1875000000000071,14,0.0,0.1875000000000071,NEAR_ATM,WITHIN_TOLERANCE,63,bars/O_RBLX250523P00072000.json,False,2025-05-05,2025-05-23
2025-05-12T13:30:00+00:00,2025-05-12T13:45:00+00:00,2025-05-12,72.135,ENTRY_FORMING,STRONG START,94.0,64.0,0.0,DISCOVERY,RBLX,RBLX-PR-0015,O:RBLX250613C00072000,CALL,72.0,2025-06-13,32,0.1875000000000071,30,0.0,0.1875000000000071,NEAR_ATM,WITHIN_TOLERANCE,36,bars/O_RBLX250613C00072000.json,False,2025-05-05,2025-06-02
2025-05-12T13:30:00+00:00,2025-05-12T13:45:00+00:00,2025-05-12,72.135,ENTRY_FORMING,STRONG START,94.0,64.0,0.0,DISCOVERY,RBLX,RBLX-PR-0015,O:RBLX250613P00072000,PUT,72.0,2025-06-13,32,-0.1875000000000071,30,0.0,0.1875000000000071,NEAR_ATM,WITHIN_TOLERANCE,25,bars/O_RBLX250613P00072000.json,False,2025-05-05,2025-06-02
2025-05-12T13:30:00+00:00,2025-05-12T13:45:00+00:00,2025-05-12,21.82,CONTINUATION,RELOAD,5.0,23.0,0.0,DISCOVERY,U,U-PR-0015,O:U250523C00022000,CALL,22.0,2025-05-23,11,-0.8181818181818169,14,0.0,0.8181818181818169,NEAR_ATM,WITHIN_TOLERANCE,250,bars/O_U250523C00022000.json,False,2025-05-05,2025-05-23
2025-05-12T13:30:00+00:00,2025-05-12T13:45:00+00:00,2025-05-12,21.82,CONTINUATION,RELOAD,5.0,23.0,0.0,DISCOVERY,U,U-PR-0015,O:U250523P00022000,PUT,22.0,2025-05-23,11,0.8181818181818169,14,0.0,0.8181818181818169,NEAR_ATM,WITHIN_TOLERANCE,112,bars/O_U250523P00022000.json,False,2025-05-05,2025-05-23
2025-05-12T13:30:00+00:00,2025-05-12T13:45:00+00:00,2025-05-12,21.82,CONTINUATION,RELOAD,5.0,23.0,0.0,DISCOVERY,U,U-PR-0015,O:U250613C00022000,CALL,22.0,2025-06-13,32,-0.8181818181818169,30,0.0,0.8181818181818169,NEAR_ATM,WITHIN_TOLERANCE,104,bars/O_U250613C00022000.json,False,2025-05-05,2025-06-02
2025-05-12T13:30:00+00:00,2025-05-12T13:45:00+00:00,2025-05-12,21.82,CONTINUATION,RELOAD,5.0,23.0,0.0,DISCOVERY,U,U-PR-0015,O:U250613P00022000,PUT,22.0,2025-06-13,32,0.8181818181818169,30,0.0,0.8181818181818169,NEAR_ATM,WITHIN_TOLERANCE,57,bars/O_U250613P00022000.json,False,2025-05-05,2025-06-02
2025-05-12T19:30:00+00:00,2025-05-12T19:45:00+00:00,2025-05-12,73.61,CONTINUATION,ADD,98.0,71.0,0.0,DISCOVERY,RBLX,RBLX-PR-0016,O:RBLX250523C00074000,CALL,74.0,2025-05-23,11,-0.5270270270270278,14,0.0,0.5270270270270278,NEAR_ATM,WITHIN_TOLERANCE,94,bars/O_RBLX250523C00074000.json,False,2025-05-05,2025-05-23
2025-05-12T19:30:00+00:00,2025-05-12T19:45:00+00:00,2025-05-12,73.61,CONTINUATION,ADD,98.0,71.0,0.0,DISCOVERY,RBLX,RBLX-PR-0016,O:RBLX250523P00074000,PUT,74.0,2025-05-23,11,0.5270270270270278,14,0.0,0.5270270270270278,NEAR_ATM,WITHIN_TOLERANCE,55,bars/O_RBLX250523P00074000.json,False,2025-05-05,2025-05-23
2025-05-12T19:30:00+00:00,2025-05-12T19:45:00+00:00,2025-05-12,73.61,CONTINUATION,ADD,98.0,71.0,0.0,DISCOVERY,RBLX,RBLX-PR-0016,O:RBLX250613C00074000,CALL,74.0,2025-06-13,32,-0.5270270270270278,30,0.0,0.5270270270270278,NEAR_ATM,WITHIN_TOLERANCE,35,bars/O_RBLX250613C00074000.json,False,2025-05-05,2025-06-02
2025-05-12T19:30:00+00:00,2025-05-12T19:45:00+00:00,2025-05-12,73.61,CONTINUATION,ADD,98.0,71.0,0.0,DISCOVERY,RBLX,RBLX-PR-0016,O:RBLX250613P00074000,PUT,74.0,2025-06-13,32,0.5270270270270278,30,0.0,0.5270270270270278,NEAR_ATM,WITHIN_TOLERANCE,12,bars/O_RBLX250613P00074000.json,False,2025-05-05,2025-06-02
2025-05-15T19:00:00+00:00,2025-05-15T19:15:00+00:00,2025-05-15,317.7,CONTINUATION,ADD,96.0,84.0,0.0,DISCOVERY,LULU,LULU-PR-0015,O:LULU250530C00320000,CALL,320.0,2025-05-30,15,-0.7187500000000036,14,0.0,0.7187500000000036,NEAR_ATM,WITHIN_TOLERANCE,168,bars/O_LULU250530C00320000.json,False,2025-05-08,2025-05-30
2025-05-15T19:00:00+00:00,2025-05-15T19:15:00+00:00,2025-05-15,317.7,CONTINUATION,ADD,96.0,84.0,0.0,DISCOVERY,LULU,LULU-PR-0015,O:LULU250530P00320000,PUT,320.0,2025-05-30,15,0.7187500000000036,14,0.0,0.7187500000000036,NEAR_ATM,WITHIN_TOLERANCE,121,bars/O_LULU250530P00320000.json,False,2025-05-08,2025-05-30
2025-05-15T19:00:00+00:00,2025-05-15T19:15:00+00:00,2025-05-15,317.7,CONTINUATION,ADD,96.0,84.0,0.0,DISCOVERY,LULU,LULU-PR-0015,O:LULU250613C00320000,CALL,320.0,2025-06-13,29,-0.7187500000000036,30,0.0,0.7187500000000036,NEAR_ATM,WITHIN_TOLERANCE,93,bars/O_LULU250613C00320000.json,False,2025-05-08,2025-06-05
2025-05-15T19:00:00+00:00,2025-05-15T19:15:00+00:00,2025-05-15,317.7,CONTINUATION,ADD,96.0,84.0,0.0,DISCOVERY,LULU,LULU-PR-0015,O:LULU250613P00320000,PUT,320.0,2025-06-13,29,0.7187500000000036,30,0.0,0.7187500000000036,NEAR_ATM,WITHIN_TOLERANCE,78,bars/O_LULU250613P00320000.json,False,2025-05-08,2025-06-05
2025-05-16T14:00:00+00:00,2025-05-16T14:15:00+00:00,2025-05-16,21.48,ENTRY_FORMING,STRONG START,89.0,58.0,0.0,DISCOVERY,U,U-PR-0016,O:U250530C00021500,CALL,21.5,2025-05-30,14,-0.09302325581395152,14,0.0,0.09302325581395152,NEAR_ATM,WITHIN_TOLERANCE,141,bars/O_U250530C00021500.json,False,2025-05-09,2025-05-30
2025-05-16T14:00:00+00:00,2025-05-16T14:15:00+00:00,2025-05-16,21.48,ENTRY_FORMING,STRONG START,89.0,58.0,0.0,DISCOVERY,U,U-PR-0016,O:U250530P00021500,PUT,21.5,2025-05-30,14,0.09302325581395152,14,0.0,0.09302325581395152,NEAR_ATM,WITHIN_TOLERANCE,90,bars/O_U250530P00021500.json,False,2025-05-09,2025-05-30
2025-05-16T14:00:00+00:00,2025-05-16T14:15:00+00:00,2025-05-16,21.48,ENTRY_FORMING,STRONG START,89.0,58.0,0.0,DISCOVERY,U,U-PR-0016,O:U250613C00021500,CALL,21.5,2025-06-13,28,-0.09302325581395152,30,0.0,0.09302325581395152,NEAR_ATM,WITHIN_TOLERANCE,44,bars/O_U250613C00021500.json,False,2025-05-09,2025-06-06
2025-05-16T14:00:00+00:00,2025-05-16T14:15:00+00:00,2025-05-16,21.48,ENTRY_FORMING,STRONG START,89.0,58.0,0.0,DISCOVERY,U,U-PR-0016,O:U250613P00021500,PUT,21.5,2025-06-13,28,0.09302325581395152,30,0.0,0.09302325581395152,NEAR_ATM,WITHIN_TOLERANCE,74,bars/O_U250613P00021500.json,False,2025-05-09,2025-06-06
2025-05-20T13:30:00+00:00,2025-05-20T13:45:00+00:00,2025-05-20,350.08,CONTINUATION,RELOAD,93.0,63.0,0.0,DISCOVERY,TSLA,TSLA-PR-0016,O:TSLA250606C00350000,CALL,350.0,2025-06-06,17,0.02285714285713831,14,0.0,0.02285714285713831,NEAR_ATM,WITHIN_TOLERANCE,469,bars/O_TSLA250606C00350000.json,True,2025-05-13,2025-06-06
2025-05-20T13:30:00+00:00,2025-05-20T13:45:00+00:00,2025-05-20,350.08,CONTINUATION,RELOAD,93.0,63.0,0.0,DISCOVERY,TSLA,TSLA-PR-0016,O:TSLA250606P00350000,PUT,350.0,2025-06-06,17,-0.02285714285713831,14,0.0,0.02285714285713831,NEAR_ATM,WITHIN_TOLERANCE,426,bars/O_TSLA250606P00350000.json,False,2025-05-13,2025-06-06
2025-05-20T13:30:00+00:00,2025-05-20T13:45:00+00:00,2025-05-20,350.08,CONTINUATION,RELOAD,93.0,63.0,0.0,DISCOVERY,TSLA,TSLA-PR-0016,O:TSLA250620C00350000,CALL,350.0,2025-06-20,31,0.02285714285713831,30,0.0,0.02285714285713831,NEAR_ATM,WITHIN_TOLERANCE,522,bars/O_TSLA250620C00350000.json,False,2025-05-13,2025-06-10
2025-05-20T13:30:00+00:00,2025-05-20T13:45:00+00:00,2025-05-20,350.08,CONTINUATION,RELOAD,93.0,63.0,0.0,DISCOVERY,TSLA,TSLA-PR-0016,O:TSLA250620P00350000,PUT,350.0,2025-06-20,31,-0.02285714285713831,30,0.0,0.02285714285713831,NEAR_ATM,WITHIN_TOLERANCE,510,bars/O_TSLA250620P00350000.json,False,2025-05-13,2025-06-10
2025-05-21T13:45:00+00:00,2025-05-21T14:00:00+00:00,2025-05-21,72.81,CONTINUATION,RELOAD,68.0,53.0,1.0,DISCOVERY,PYPL,PYPL-PR-0018,O:PYPL250606C00073000,CALL,73.0,2025-06-06,16,-0.2602739726027366,14,0.0,0.2602739726027366,NEAR_ATM,WITHIN_TOLERANCE,291,bars/O_PYPL250606C00073000.json,False,2025-05-14,2025-06-06
2025-05-21T13:45:00+00:00,2025-05-21T14:00:00+00:00,2025-05-21,72.81,CONTINUATION,RELOAD,68.0,53.0,1.0,DISCOVERY,PYPL,PYPL-PR-0018,O:PYPL250606P00073000,PUT,73.0,2025-06-06,16,0.2602739726027366,14,0.0,0.2602739726027366,NEAR_ATM,WITHIN_TOLERANCE,80,bars/O_PYPL250606P00073000.json,False,2025-05-14,2025-06-06
2025-05-21T13:45:00+00:00,2025-05-21T14:00:00+00:00,2025-05-21,72.81,CONTINUATION,RELOAD,68.0,53.0,1.0,DISCOVERY,PYPL,PYPL-PR-0018,O:PYPL250620C00073000,CALL,73.0,2025-06-20,30,-0.2602739726027366,30,0.0,0.2602739726027366,NEAR_ATM,WITHIN_TOLERANCE,239,bars/O_PYPL250620C00073000.json,False,2025-05-14,2025-06-11
2025-05-21T13:45:00+00:00,2025-05-21T14:00:00+00:00,2025-05-21,72.81,CONTINUATION,RELOAD,68.0,53.0,1.0,DISCOVERY,PYPL,PYPL-PR-0018,O:PYPL250620P00073000,PUT,73.0,2025-06-20,30,0.2602739726027366,30,0.0,0.2602739726027366,NEAR_ATM,WITHIN_TOLERANCE,125,bars/O_PYPL250620P00073000.json,False,2025-05-14,2025-06-11
2025-05-21T15:00:00+00:00,2025-05-21T15:15:00+00:00,2025-05-21,591.985,CONTINUATION,RELOAD,29.0,32.0,0.0,DISCOVERY,SPY,SPY-PR-0016,O:SPY250604C00590000,CALL,590.0,2025-06-04,14,0.336440677966104,14,0.0,0.336440677966104,NEAR_ATM,WITHIN_TOLERANCE,266,bars/O_SPY250604C00590000.json,False,2025-05-14,2025-06-04
2025-05-21T15:00:00+00:00,2025-05-21T15:15:00+00:00,2025-05-21,591.985,CONTINUATION,RELOAD,29.0,32.0,0.0,DISCOVERY,SPY,SPY-PR-0016,O:SPY250604P00590000,PUT,590.0,2025-06-04,14,-0.336440677966104,14,0.0,0.336440677966104,NEAR_ATM,WITHIN_TOLERANCE,218,bars/O_SPY250604P00590000.json,False,2025-05-14,2025-06-04
2025-05-21T15:00:00+00:00,2025-05-21T15:15:00+00:00,2025-05-21,591.985,CONTINUATION,RELOAD,29.0,32.0,0.0,DISCOVERY,SPY,SPY-PR-0016,O:SPY250620C00592000,CALL,592.0,2025-06-20,30,-0.0025337837837814793,30,0.0,0.0025337837837814793,NEAR_ATM,WITHIN_TOLERANCE,460,bars/O_SPY250620C00592000.json,False,2025-05-14,2025-06-11
2025-05-21T15:00:00+00:00,2025-05-21T15:15:00+00:00,2025-05-21,591.985,CONTINUATION,RELOAD,29.0,32.0,0.0,DISCOVERY,SPY,SPY-PR-0016,O:SPY250620P00592000,PUT,592.0,2025-06-20,30,0.0025337837837814793,30,0.0,0.0025337837837814793,NEAR_ATM,WITHIN_TOLERANCE,471,bars/O_SPY250620P00592000.json,False,2025-05-14,2025-06-11
2025-05-27T13:45:00+00:00,2025-05-27T14:00:00+00:00,2025-05-27,33.72,CONTINUATION,ADD,100.0,81.0,0.0,DISCOVERY,GME,GME-PR-0016,O:GME250613C00033500,CALL,33.5,2025-06-13,17,0.6567164179104443,14,0.0,0.6567164179104443,NEAR_ATM,WITHIN_TOLERANCE,247,bars/O_GME250613C00033500.json,False,2025-05-20,2025-06-13
2025-05-27T13:45:00+00:00,2025-05-27T14:00:00+00:00,2025-05-27,33.72,CONTINUATION,ADD,100.0,81.0,0.0,DISCOVERY,GME,GME-PR-0016,O:GME250613P00033500,PUT,33.5,2025-06-13,17,-0.6567164179104443,14,0.0,0.6567164179104443,NEAR_ATM,WITHIN_TOLERANCE,47,bars/O_GME250613P00033500.json,False,2025-05-20,2025-06-13
2025-05-27T13:45:00+00:00,2025-05-27T14:00:00+00:00,2025-05-27,33.72,CONTINUATION,ADD,100.0,81.0,0.0,DISCOVERY,GME,GME-PR-0016,O:GME250627C00034000,CALL,34.0,2025-06-27,31,-0.8235294117647093,30,0.0,0.8235294117647093,NEAR_ATM,WITHIN_TOLERANCE,209,bars/O_GME250627C00034000.json,False,2025-05-20,2025-06-17
2025-05-27T13:45:00+00:00,2025-05-27T14:00:00+00:00,2025-05-27,33.72,CONTINUATION,ADD,100.0,81.0,0.0,DISCOVERY,GME,GME-PR-0016,O:GME250627P00034000,PUT,34.0,2025-06-27,31,0.8235294117647093,30,0.0,0.8235294117647093,NEAR_ATM,WITHIN_TOLERANCE,30,bars/O_GME250627P00034000.json,False,2025-05-20,2025-06-17
2025-05-30T19:30:00+00:00,2025-05-30T19:45:00+00:00,2025-05-30,317.13,ENTRY_FORMING,STRONG START,85.0,58.0,0.0,DISCOVERY,LULU,LULU-PR-0016,O:LULU250613C00317500,CALL,317.5,2025-06-13,14,-0.11653543307086757,14,0.0,0.11653543307086757,NEAR_ATM,WITHIN_TOLERANCE,26,bars/O_LULU250613C00317500.json,False,2025-05-23,2025-06-13
2025-05-30T19:30:00+00:00,2025-05-30T19:45:00+00:00,2025-05-30,317.13,ENTRY_FORMING,STRONG START,85.0,58.0,0.0,DISCOVERY,LULU,LULU-PR-0016,O:LULU250613P00317500,PUT,317.5,2025-06-13,14,0.11653543307086757,14,0.0,0.11653543307086757,NEAR_ATM,WITHIN_TOLERANCE,28,bars/O_LULU250613P00317500.json,False,2025-05-23,2025-06-13
2025-05-30T19:30:00+00:00,2025-05-30T19:45:00+00:00,2025-05-30,317.13,ENTRY_FORMING,STRONG START,85.0,58.0,0.0,DISCOVERY,LULU,LULU-PR-0016,O:LULU250627C00315000,CALL,315.0,2025-06-27,28,0.6761904761904748,30,0.0,0.6761904761904748,NEAR_ATM,WITHIN_TOLERANCE,45,bars/O_LULU250627C00315000.json,False,2025-05-23,2025-06-20
2025-05-30T19:30:00+00:00,2025-05-30T19:45:00+00:00,2025-05-30,317.13,ENTRY_FORMING,STRONG START,85.0,58.0,0.0,DISCOVERY,LULU,LULU-PR-0016,O:LULU250627P00315000,PUT,315.0,2025-06-27,28,-0.6761904761904748,30,0.0,0.6761904761904748,NEAR_ATM,WITHIN_TOLERANCE,20,bars/O_LULU250627P00315000.json,False,2025-05-23,2025-06-20
2025-06-02T19:45:00+00:00,2025-06-02T20:00:00+00:00,2025-06-02,9.275,ENTRY_FORMING,STRONG START,87.0,59.0,0.0,DISCOVERY,VALE,VALE-PR-0015,O:VALE250613C00009500,CALL,9.5,2025-06-13,11,-2.368421052631575,14,0.0,2.368421052631575,NEAR_ATM,WITHIN_TOLERANCE,139,bars/O_VALE250613C00009500.json,False,2025-05-26,2025-06-13
2025-06-02T19:45:00+00:00,2025-06-02T20:00:00+00:00,2025-06-02,9.275,ENTRY_FORMING,STRONG START,87.0,59.0,0.0,DISCOVERY,VALE,VALE-PR-0015,O:VALE250613P00009500,PUT,9.5,2025-06-13,11,2.368421052631575,14,0.0,2.368421052631575,NEAR_ATM,WITHIN_TOLERANCE,98,bars/O_VALE250613P00009500.json,False,2025-05-26,2025-06-13
2025-06-02T19:45:00+00:00,2025-06-02T20:00:00+00:00,2025-06-02,9.275,ENTRY_FORMING,STRONG START,87.0,59.0,0.0,DISCOVERY,VALE,VALE-PR-0015,O:VALE250703C00009500,CALL,9.5,2025-07-03,31,-2.368421052631575,30,0.0,2.368421052631575,NEAR_ATM,WITHIN_TOLERANCE,84,bars/O_VALE250703C00009500.json,False,2025-05-26,2025-06-23
2025-06-02T19:45:00+00:00,2025-06-02T20:00:00+00:00,2025-06-02,9.275,ENTRY_FORMING,STRONG START,87.0,59.0,0.0,DISCOVERY,VALE,VALE-PR-0015,O:VALE250703P00009500,PUT,9.5,2025-07-03,31,2.368421052631575,30,0.0,2.368421052631575,NEAR_ATM,WITHIN_TOLERANCE,34,bars/O_VALE250703P00009500.json,False,2025-05-26,2025-06-23
2025-06-03T18:45:00+00:00,2025-06-03T19:00:00+00:00,2025-06-03,89.94,CONTINUATION,ADD,100.0,80.0,0.0,DISCOVERY,RBLX,RBLX-PR-0017,O:RBLX250620C00090000,CALL,90.0,2025-06-20,17,-0.06666666666666919,14,0.0,0.06666666666666919,NEAR_ATM,WITHIN_TOLERANCE,277,bars/O_RBLX250620C00090000.json,True,2025-05-27,2025-06-20
2025-06-03T18:45:00+00:00,2025-06-03T19:00:00+00:00,2025-06-03,89.94,CONTINUATION,ADD,100.0,80.0,0.0,DISCOVERY,RBLX,RBLX-PR-0017,O:RBLX250620P00090000,PUT,90.0,2025-06-20,17,0.06666666666666919,14,0.0,0.06666666666666919,NEAR_ATM,WITHIN_TOLERANCE,209,bars/O_RBLX250620P00090000.json,False,2025-05-27,2025-06-20
2025-06-03T18:45:00+00:00,2025-06-03T19:00:00+00:00,2025-06-03,89.94,CONTINUATION,ADD,100.0,80.0,0.0,DISCOVERY,RBLX,RBLX-PR-0017,O:RBLX250703C00090000,CALL,90.0,2025-07-03,30,-0.06666666666666919,30,0.0,0.06666666666666919,NEAR_ATM,WITHIN_TOLERANCE,43,bars/O_RBLX250703C00090000.json,False,2025-05-27,2025-06-24
2025-06-03T18:45:00+00:00,2025-06-03T19:00:00+00:00,2025-06-03,89.94,CONTINUATION,ADD,100.0,80.0,0.0,DISCOVERY,RBLX,RBLX-PR-0017,O:RBLX250703P00090000,PUT,90.0,2025-07-03,30,0.06666666666666919,30,0.0,0.06666666666666919,NEAR_ATM,WITHIN_TOLERANCE,98,bars/O_RBLX250703P00090000.json,False,2025-05-27,2025-06-24
2025-06-03T19:30:00+00:00,2025-06-03T19:45:00+00:00,2025-06-03,595.94,ENTRY_FORMING,STRONG START,100.0,67.0,0.0,DISCOVERY,SPY,SPY-PR-0017,O:SPY250617C00595000,CALL,595.0,2025-06-17,14,0.1579831932773201,14,0.0,0.1579831932773201,NEAR_ATM,WITHIN_TOLERANCE,221,bars/O_SPY250617C00595000.json,True,2025-05-27,2025-06-17
2025-06-03T19:30:00+00:00,2025-06-03T19:45:00+00:00,2025-06-03,595.94,ENTRY_FORMING,STRONG START,100.0,67.0,0.0,DISCOVERY,SPY,SPY-PR-0017,O:SPY250617P00595000,PUT,595.0,2025-06-17,14,-0.1579831932773201,14,0.0,0.1579831932773201,NEAR_ATM,WITHIN_TOLERANCE,280,bars/O_SPY250617P00595000.json,False,2025-05-27,2025-06-17
2025-06-03T19:30:00+00:00,2025-06-03T19:45:00+00:00,2025-06-03,595.94,ENTRY_FORMING,STRONG START,100.0,67.0,0.0,DISCOVERY,SPY,SPY-PR-0017,O:SPY250703C00596000,CALL,596.0,2025-07-03,30,-0.010067114093950575,30,0.0,0.010067114093950575,NEAR_ATM,WITHIN_TOLERANCE,299,bars/O_SPY250703C00596000.json,False,2025-05-27,2025-06-24
2025-06-03T19:30:00+00:00,2025-06-03T19:45:00+00:00,2025-06-03,595.94,ENTRY_FORMING,STRONG START,100.0,67.0,0.0,DISCOVERY,SPY,SPY-PR-0017,O:SPY250703P00596000,PUT,596.0,2025-07-03,30,0.010067114093950575,30,0.0,0.010067114093950575,NEAR_ATM,WITHIN_TOLERANCE,270,bars/O_SPY250703P00596000.json,False,2025-05-27,2025-06-24
2025-06-11T19:15:00+00:00,2025-06-11T19:30:00+00:00,2025-06-11,95.8,ENTRY_FORMING,STRONG START,96.0,65.0,0.0,DISCOVERY,RBLX,RBLX-PR-0018,O:RBLX250627C00096000,CALL,96.0,2025-06-27,16,-0.20833333333333628,14,0.0,0.20833333333333628,NEAR_ATM,WITHIN_TOLERANCE,108,bars/O_RBLX250627C00096000.json,True,2025-06-04,2025-06-27
2025-06-11T19:15:00+00:00,2025-06-11T19:30:00+00:00,2025-06-11,95.8,ENTRY_FORMING,STRONG START,96.0,65.0,0.0,DISCOVERY,RBLX,RBLX-PR-0018,O:RBLX250627P00096000,PUT,96.0,2025-06-27,16,0.20833333333333628,14,0.0,0.20833333333333628,NEAR_ATM,WITHIN_TOLERANCE,121,bars/O_RBLX250627P00096000.json,False,2025-06-04,2025-06-27
2025-06-11T19:15:00+00:00,2025-06-11T19:30:00+00:00,2025-06-11,95.8,ENTRY_FORMING,STRONG START,96.0,65.0,0.0,DISCOVERY,RBLX,RBLX-PR-0018,O:RBLX250711C00096000,CALL,96.0,2025-07-11,30,-0.20833333333333628,30,0.0,0.20833333333333628,NEAR_ATM,WITHIN_TOLERANCE,46,bars/O_RBLX250711C00096000.json,False,2025-06-04,2025-07-02
2025-06-11T19:15:00+00:00,2025-06-11T19:30:00+00:00,2025-06-11,95.8,ENTRY_FORMING,STRONG START,96.0,65.0,0.0,DISCOVERY,RBLX,RBLX-PR-0018,O:RBLX250711P00096000,PUT,96.0,2025-07-11,30,0.20833333333333628,30,0.0,0.20833333333333628,NEAR_ATM,WITHIN_TOLERANCE,92,bars/O_RBLX250711P00096000.json,False,2025-06-04,2025-07-02
2025-06-12T16:00:00+00:00,2025-06-12T16:15:00+00:00,2025-06-12,329.9299,ENTRY_FORMING,STRONG START,98.0,66.0,0.0,DISCOVERY,TSLA,TSLA-PR-0017,O:TSLA250627C00330000,CALL,330.0,2025-06-27,15,-0.021242424242431793,14,0.0,0.021242424242431793,NEAR_ATM,WITHIN_TOLERANCE,416,bars/O_TSLA250627C00330000.json,False,2025-06-05,2025-06-27
2025-06-12T16:00:00+00:00,2025-06-12T16:15:00+00:00,2025-06-12,329.9299,ENTRY_FORMING,STRONG START,98.0,66.0,0.0,DISCOVERY,TSLA,TSLA-PR-0017,O:TSLA250627P00330000,PUT,330.0,2025-06-27,15,0.021242424242431793,14,0.0,0.021242424242431793,NEAR_ATM,WITHIN_TOLERANCE,404,bars/O_TSLA250627P00330000.json,False,2025-06-05,2025-06-27
2025-06-12T16:00:00+00:00,2025-06-12T16:15:00+00:00,2025-06-12,329.9299,ENTRY_FORMING,STRONG START,98.0,66.0,0.0,DISCOVERY,TSLA,TSLA-PR-0017,O:TSLA250711C00330000,CALL,330.0,2025-07-11,29,-0.021242424242431793,30,0.0,0.021242424242431793,NEAR_ATM,WITHIN_TOLERANCE,494,bars/O_TSLA250711C00330000.json,False,2025-06-05,2025-07-03
2025-06-12T16:00:00+00:00,2025-06-12T16:15:00+00:00,2025-06-12,329.9299,ENTRY_FORMING,STRONG START,98.0,66.0,0.0,DISCOVERY,TSLA,TSLA-PR-0017,O:TSLA250711P00330000,PUT,330.0,2025-07-11,29,0.021242424242431793,30,0.0,0.021242424242431793,NEAR_ATM,WITHIN_TOLERANCE,435,bars/O_TSLA250711P00330000.json,False,2025-06-05,2025-07-03
2025-06-12T18:30:00+00:00,2025-06-12T18:45:00+00:00,2025-06-12,74.815,ENTRY_FORMING,CAMPAIGN START,93.0,59.0,0.0,DISCOVERY,PYPL,PYPL-PR-0019,O:PYPL250627C00075000,CALL,75.0,2025-06-27,15,-0.2466666666666697,14,0.0,0.2466666666666697,NEAR_ATM,WITHIN_TOLERANCE,352,bars/O_PYPL250627C00075000.json,True,2025-06-05,2025-06-27
2025-06-12T18:30:00+00:00,2025-06-12T18:45:00+00:00,2025-06-12,74.815,ENTRY_FORMING,CAMPAIGN START,93.0,59.0,0.0,DISCOVERY,PYPL,PYPL-PR-0019,O:PYPL250627P00075000,PUT,75.0,2025-06-27,15,0.2466666666666697,14,0.0,0.2466666666666697,NEAR_ATM,WITHIN_TOLERANCE,61,bars/O_PYPL250627P00075000.json,False,2025-06-05,2025-06-27
2025-06-12T18:30:00+00:00,2025-06-12T18:45:00+00:00,2025-06-12,74.815,ENTRY_FORMING,CAMPAIGN START,93.0,59.0,0.0,DISCOVERY,PYPL,PYPL-PR-0019,O:PYPL250711C00075000,CALL,75.0,2025-07-11,29,-0.2466666666666697,30,0.0,0.2466666666666697,NEAR_ATM,WITHIN_TOLERANCE,307,bars/O_PYPL250711C00075000.json,False,2025-06-05,2025-07-03
2025-06-12T18:30:00+00:00,2025-06-12T18:45:00+00:00,2025-06-12,74.815,ENTRY_FORMING,CAMPAIGN START,93.0,59.0,0.0,DISCOVERY,PYPL,PYPL-PR-0019,O:PYPL250711P00075000,PUT,75.0,2025-07-11,29,0.2466666666666697,30,0.0,0.2466666666666697,NEAR_ATM,WITHIN_TOLERANCE,80,bars/O_PYPL250711P00075000.json,False,2025-06-05,2025-07-03
2025-06-23T16:30:00+00:00,2025-06-23T16:45:00+00:00,2025-06-23,350.29,CONTINUATION,ADD,93.0,70.0,0.0,DISCOVERY,TSLA,TSLA-PR-0018,O:TSLA250725C00350000,CALL,350.0,2025-07-25,32,0.08285714285714871,30,0.0,0.08285714285714871,NEAR_ATM,WITHIN_TOLERANCE,473,bars/O_TSLA250725C00350000.json,False,2025-06-16,2025-07-14
2025-06-23T16:30:00+00:00,2025-06-23T16:45:00+00:00,2025-06-23,350.29,CONTINUATION,ADD,93.0,70.0,0.0,DISCOVERY,TSLA,TSLA-PR-0018,O:TSLA250725P00350000,PUT,350.0,2025-07-25,32,-0.08285714285714871,30,0.0,0.08285714285714871,NEAR_ATM,WITHIN_TOLERANCE,274,bars/O_TSLA250725P00350000.json,False,2025-06-16,2025-07-14
2025-06-24T13:30:00+00:00,2025-06-24T13:45:00+00:00,2025-06-24,9.165,ENTRY_FORMING,STRONG START,87.0,55.0,0.0,DISCOVERY,VALE,VALE-PR-0016,O:VALE250711C00009000,CALL,9.0,2025-07-11,17,1.833333333333324,14,0.0,1.833333333333324,NEAR_ATM,WITHIN_TOLERANCE,50,bars/O_VALE250711C00009000.json,True,2025-06-17,2025-07-11
2025-06-24T13:30:00+00:00,2025-06-24T13:45:00+00:00,2025-06-24,9.165,ENTRY_FORMING,STRONG START,87.0,55.0,0.0,DISCOVERY,VALE,VALE-PR-0016,O:VALE250711P00009000,PUT,9.0,2025-07-11,17,-1.833333333333324,14,0.0,1.833333333333324,NEAR_ATM,WITHIN_TOLERANCE,73,bars/O_VALE250711P00009000.json,False,2025-06-17,2025-07-11
2025-06-24T13:30:00+00:00,2025-06-24T13:45:00+00:00,2025-06-24,9.165,ENTRY_FORMING,STRONG START,87.0,55.0,0.0,DISCOVERY,VALE,VALE-PR-0016,O:VALE250725C00009000,CALL,9.0,2025-07-25,31,1.833333333333324,30,0.0,1.833333333333324,NEAR_ATM,WITHIN_TOLERANCE,20,bars/O_VALE250725C00009000.json,False,2025-06-17,2025-07-15
2025-06-24T13:30:00+00:00,2025-06-24T13:45:00+00:00,2025-06-24,9.165,ENTRY_FORMING,STRONG START,87.0,55.0,0.0,DISCOVERY,VALE,VALE-PR-0016,O:VALE250725P00009000,PUT,9.0,2025-07-25,31,-1.833333333333324,30,0.0,1.833333333333324,NEAR_ATM,WITHIN_TOLERANCE,46,bars/O_VALE250725P00009000.json,False,2025-06-17,2025-07-15
2025-06-24T18:45:00+00:00,2025-06-24T19:00:00+00:00,2025-06-24,23.195,ENTRY_FORMING,STRONG START,77.0,57.0,0.0,DISCOVERY,GME,GME-PR-0017,O:GME250711C00023000,CALL,23.0,2025-07-11,17,0.8478260869565231,14,0.0,0.8478260869565231,NEAR_ATM,WITHIN_TOLERANCE,349,bars/O_GME250711C00023000.json,True,2025-06-17,2025-07-11
2025-06-24T18:45:00+00:00,2025-06-24T19:00:00+00:00,2025-06-24,23.195,ENTRY_FORMING,STRONG START,77.0,57.0,0.0,DISCOVERY,GME,GME-PR-0017,O:GME250711P00023000,PUT,23.0,2025-07-11,17,-0.8478260869565231,14,0.0,0.8478260869565231,NEAR_ATM,WITHIN_TOLERANCE,336,bars/O_GME250711P00023000.json,False,2025-06-17,2025-07-11
2025-06-24T18:45:00+00:00,2025-06-24T19:00:00+00:00,2025-06-24,23.195,ENTRY_FORMING,STRONG START,77.0,57.0,0.0,DISCOVERY,GME,GME-PR-0017,O:GME250725C00023000,CALL,23.0,2025-07-25,31,0.8478260869565231,30,0.0,0.8478260869565231,NEAR_ATM,WITHIN_TOLERANCE,365,bars/O_GME250725C00023000.json,False,2025-06-17,2025-07-15
2025-06-24T18:45:00+00:00,2025-06-24T19:00:00+00:00,2025-06-24,23.195,ENTRY_FORMING,STRONG START,77.0,57.0,0.0,DISCOVERY,GME,GME-PR-0017,O:GME250725P00023000,PUT,23.0,2025-07-25,31,-0.8478260869565231,30,0.0,0.8478260869565231,NEAR_ATM,WITHIN_TOLERANCE,257,bars/O_GME250725P00023000.json,False,2025-06-17,2025-07-15
2025-06-24T19:45:00+00:00,2025-06-24T20:00:00+00:00,2025-06-24,24.04,ENTRY_FORMING,STRONG START,99.0,65.0,0.0,DISCOVERY,U,U-PR-0017,O:U250711C00024000,CALL,24.0,2025-07-11,17,0.16666666666666313,14,0.0,0.16666666666666313,NEAR_ATM,WITHIN_TOLERANCE,180,bars/O_U250711C00024000.json,True,2025-06-17,2025-07-11
2025-06-24T19:45:00+00:00,2025-06-24T20:00:00+00:00,2025-06-24,24.04,ENTRY_FORMING,STRONG START,99.0,65.0,0.0,DISCOVERY,U,U-PR-0017,O:U250711P00024000,PUT,24.0,2025-07-11,17,-0.16666666666666313,14,0.0,0.16666666666666313,NEAR_ATM,WITHIN_TOLERANCE,123,bars/O_U250711P00024000.json,False,2025-06-17,2025-07-11
2025-06-24T19:45:00+00:00,2025-06-24T20:00:00+00:00,2025-06-24,24.04,ENTRY_FORMING,STRONG START,99.0,65.0,0.0,DISCOVERY,U,U-PR-0017,O:U250725C00024000,CALL,24.0,2025-07-25,31,0.16666666666666313,30,0.0,0.16666666666666313,NEAR_ATM,WITHIN_TOLERANCE,88,bars/O_U250725C00024000.json,False,2025-06-17,2025-07-18
2025-06-24T19:45:00+00:00,2025-06-24T20:00:00+00:00,2025-06-24,24.04,ENTRY_FORMING,STRONG START,99.0,65.0,0.0,DISCOVERY,U,U-PR-0017,O:U250725P00024000,PUT,24.0,2025-07-25,31,-0.16666666666666313,30,0.0,0.16666666666666313,NEAR_ATM,WITHIN_TOLERANCE,45,bars/O_U250725P00024000.json,False,2025-06-17,2025-07-18
2025-06-26T16:15:00+00:00,2025-06-26T16:30:00+00:00,2025-06-26,231.1638,CONTINUATION,RELOAD,35.0,31.0,0.0,DISCOVERY,LULU,LULU-PR-0017,O:LULU250711C00230000,CALL,230.0,2025-07-11,15,0.5060000000000039,14,0.0,0.5060000000000039,NEAR_ATM,WITHIN_TOLERANCE,150,bars/O_LULU250711C00230000.json,True,2025-06-19,2025-07-11
2025-06-26T16:15:00+00:00,2025-06-26T16:30:00+00:00,2025-06-26,231.1638,CONTINUATION,RELOAD,35.0,31.0,0.0,DISCOVERY,LULU,LULU-PR-0017,O:LULU250711P00230000,PUT,230.0,2025-07-11,15,-0.5060000000000039,14,0.0,0.5060000000000039,NEAR_ATM,WITHIN_TOLERANCE,283,bars/O_LULU250711P00230000.json,False,2025-06-19,2025-07-11
2025-06-26T16:15:00+00:00,2025-06-26T16:30:00+00:00,2025-06-26,231.1638,CONTINUATION,RELOAD,35.0,31.0,0.0,DISCOVERY,LULU,LULU-PR-0017,O:LULU250725C00230000,CALL,230.0,2025-07-25,29,0.5060000000000039,30,0.0,0.5060000000000039,NEAR_ATM,WITHIN_TOLERANCE,205,bars/O_LULU250725C00230000.json,False,2025-06-19,2025-07-17
2025-06-26T16:15:00+00:00,2025-06-26T16:30:00+00:00,2025-06-26,231.1638,CONTINUATION,RELOAD,35.0,31.0,0.0,DISCOVERY,LULU,LULU-PR-0017,O:LULU250725P00230000,PUT,230.0,2025-07-25,29,-0.5060000000000039,30,0.0,0.5060000000000039,NEAR_ATM,WITHIN_TOLERANCE,247,bars/O_LULU250725P00230000.json,False,2025-06-19,2025-07-17
2025-06-27T18:30:00+00:00,2025-06-27T18:45:00+00:00,2025-06-27,24.0225,CONTINUATION,ADD,88.0,68.0,0.0,DISCOVERY,U,U-PR-0018,O:U250711C00024000,CALL,24.0,2025-07-11,14,0.09375000000000355,14,0.0,0.09375000000000355,NEAR_ATM,WITHIN_TOLERANCE,180,bars/O_U250711C00024000.json,True,2025-06-17,2025-07-11
2025-06-27T18:30:00+00:00,2025-06-27T18:45:00+00:00,2025-06-27,24.0225,CONTINUATION,ADD,88.0,68.0,0.0,DISCOVERY,U,U-PR-0018,O:U250711P00024000,PUT,24.0,2025-07-11,14,-0.09375000000000355,14,0.0,0.09375000000000355,NEAR_ATM,WITHIN_TOLERANCE,123,bars/O_U250711P00024000.json,False,2025-06-17,2025-07-11
2025-06-27T18:30:00+00:00,2025-06-27T18:45:00+00:00,2025-06-27,24.0225,CONTINUATION,ADD,88.0,68.0,0.0,DISCOVERY,U,U-PR-0018,O:U250725C00024000,CALL,24.0,2025-07-25,28,0.09375000000000355,30,0.0,0.09375000000000355,NEAR_ATM,WITHIN_TOLERANCE,88,bars/O_U250725C00024000.json,False,2025-06-17,2025-07-18
2025-06-27T18:30:00+00:00,2025-06-27T18:45:00+00:00,2025-06-27,24.0225,CONTINUATION,ADD,88.0,68.0,0.0,DISCOVERY,U,U-PR-0018,O:U250725P00024000,PUT,24.0,2025-07-25,28,-0.09375000000000355,30,0.0,0.09375000000000355,NEAR_ATM,WITHIN_TOLERANCE,45,bars/O_U250725P00024000.json,False,2025-06-17,2025-07-18
2025-06-27T19:15:00+00:00,2025-06-27T19:30:00+00:00,2025-06-27,9.665,CONTINUATION,ADD,94.0,76.0,0.0,DISCOVERY,VALE,VALE-PR-0017,O:VALE250711C00009500,CALL,9.5,2025-07-11,14,1.7368421052631489,14,0.0,1.7368421052631489,NEAR_ATM,WITHIN_TOLERANCE,119,bars/O_VALE250711C00009500.json,False,2025-06-20,2025-07-11
2025-06-27T19:15:00+00:00,2025-06-27T19:30:00+00:00,2025-06-27,9.665,CONTINUATION,ADD,94.0,76.0,0.0,DISCOVERY,VALE,VALE-PR-0017,O:VALE250711P00009500,PUT,9.5,2025-07-11,14,-1.7368421052631489,14,0.0,1.7368421052631489,NEAR_ATM,WITHIN_TOLERANCE,69,bars/O_VALE250711P00009500.json,False,2025-06-20,2025-07-11
2025-06-27T19:15:00+00:00,2025-06-27T19:30:00+00:00,2025-06-27,9.665,CONTINUATION,ADD,94.0,76.0,0.0,DISCOVERY,VALE,VALE-PR-0017,O:VALE250725C00009500,CALL,9.5,2025-07-25,28,1.7368421052631489,30,0.0,1.7368421052631489,NEAR_ATM,WITHIN_TOLERANCE,68,bars/O_VALE250725C00009500.json,False,2025-06-20,2025-07-18
2025-06-27T19:15:00+00:00,2025-06-27T19:30:00+00:00,2025-06-27,9.665,CONTINUATION,ADD,94.0,76.0,0.0,DISCOVERY,VALE,VALE-PR-0017,O:VALE250725P00009500,PUT,9.5,2025-07-25,28,-1.7368421052631489,30,0.0,1.7368421052631489,NEAR_ATM,WITHIN_TOLERANCE,66,bars/O_VALE250725P00009500.json,False,2025-06-20,2025-07-18
2025-06-30T17:30:00+00:00,2025-06-30T17:45:00+00:00,2025-06-30,24.005,CONTINUATION,ADD,97.0,72.0,0.0,DISCOVERY,GME,GME-PR-0018,O:GME250711C00024000,CALL,24.0,2025-07-11,11,0.020833333333329186,14,0.0,0.020833333333329186,NEAR_ATM,WITHIN_TOLERANCE,333,bars/O_GME250711C00024000.json,True,2025-06-23,2025-07-11
2025-06-30T17:30:00+00:00,2025-06-30T17:45:00+00:00,2025-06-30,24.005,CONTINUATION,ADD,97.0,72.0,0.0,DISCOVERY,GME,GME-PR-0018,O:GME250711P00024000,PUT,24.0,2025-07-11,11,-0.020833333333329186,14,0.0,0.020833333333329186,NEAR_ATM,WITHIN_TOLERANCE,221,bars/O_GME250711P00024000.json,False,2025-06-23,2025-07-11
2025-06-30T17:30:00+00:00,2025-06-30T17:45:00+00:00,2025-06-30,24.005,CONTINUATION,ADD,97.0,72.0,0.0,DISCOVERY,GME,GME-PR-0018,O:GME250801C00024000,CALL,24.0,2025-08-01,32,0.020833333333329186,30,0.0,0.020833333333329186,NEAR_ATM,WITHIN_TOLERANCE,400,bars/O_GME250801C00024000.json,False,2025-06-23,2025-07-21
2025-06-30T17:30:00+00:00,2025-06-30T17:45:00+00:00,2025-06-30,24.005,CONTINUATION,ADD,97.0,72.0,0.0,DISCOVERY,GME,GME-PR-0018,O:GME250801P00024000,PUT,24.0,2025-08-01,32,-0.020833333333329186,30,0.0,0.020833333333329186,NEAR_ATM,WITHIN_TOLERANCE,182,bars/O_GME250801P00024000.json,False,2025-06-23,2025-07-21
2025-06-30T18:00:00+00:00,2025-06-30T18:15:00+00:00,2025-06-30,104.5611,CONTINUATION,RELOAD,35.0,36.0,0.0,DISCOVERY,RBLX,RBLX-PR-0019,O:RBLX250711C00105000,CALL,105.0,2025-07-11,11,-0.4180000000000037,14,0.0,0.4180000000000037,NEAR_ATM,WITHIN_TOLERANCE,241,bars/O_RBLX250711C00105000.json,False,2025-06-23,2025-07-11
2025-06-30T18:00:00+00:00,2025-06-30T18:15:00+00:00,2025-06-30,104.5611,CONTINUATION,RELOAD,35.0,36.0,0.0,DISCOVERY,RBLX,RBLX-PR-0019,O:RBLX250711P00105000,PUT,105.0,2025-07-11,11,0.4180000000000037,14,0.0,0.4180000000000037,NEAR_ATM,WITHIN_TOLERANCE,182,bars/O_RBLX250711P00105000.json,False,2025-06-23,2025-07-11
2025-06-30T18:00:00+00:00,2025-06-30T18:15:00+00:00,2025-06-30,104.5611,CONTINUATION,RELOAD,35.0,36.0,0.0,DISCOVERY,RBLX,RBLX-PR-0019,O:RBLX250801C00105000,CALL,105.0,2025-08-01,32,-0.4180000000000037,30,0.0,0.4180000000000037,NEAR_ATM,WITHIN_TOLERANCE,102,bars/O_RBLX250801C00105000.json,False,2025-06-23,2025-07-21
2025-06-30T18:00:00+00:00,2025-06-30T18:15:00+00:00,2025-06-30,104.5611,CONTINUATION,RELOAD,35.0,36.0,0.0,DISCOVERY,RBLX,RBLX-PR-0019,O:RBLX250801P00105000,PUT,105.0,2025-08-01,32,0.4180000000000037,30,0.0,0.4180000000000037,NEAR_ATM,WITHIN_TOLERANCE,109,bars/O_RBLX250801P00105000.json,False,2025-06-23,2025-07-21
2025-07-02T14:45:00+00:00,2025-07-02T15:00:00+00:00,2025-07-02,618.74,CONTINUATION,ADD,99.0,75.0,0.0,DISCOVERY,SPY,SPY-PR-0018,O:SPY250715C00620000,CALL,620.0,2025-07-15,13,-0.20322580645161145,14,0.0,0.20322580645161145,NEAR_ATM,WITHIN_TOLERANCE,246,bars/O_SPY250715C00620000.json,True,2025-06-25,2025-07-15
2025-07-02T14:45:00+00:00,2025-07-02T15:00:00+00:00,2025-07-02,618.74,CONTINUATION,ADD,99.0,75.0,0.0,DISCOVERY,SPY,SPY-PR-0018,O:SPY250715P00620000,PUT,620.0,2025-07-15,13,0.20322580645161145,14,0.0,0.20322580645161145,NEAR_ATM,WITHIN_TOLERANCE,239,bars/O_SPY250715P00620000.json,False,2025-06-25,2025-07-15
2025-07-02T14:45:00+00:00,2025-07-02T15:00:00+00:00,2025-07-02,618.74,CONTINUATION,ADD,99.0,75.0,0.0,DISCOVERY,SPY,SPY-PR-0018,O:SPY250801C00619000,CALL,619.0,2025-08-01,30,-0.04200323101776913,30,0.0,0.04200323101776913,NEAR_ATM,WITHIN_TOLERANCE,196,bars/O_SPY250801C00619000.json,False,2025-06-25,2025-07-23
2025-07-02T14:45:00+00:00,2025-07-02T15:00:00+00:00,2025-07-02,618.74,CONTINUATION,ADD,99.0,75.0,0.0,DISCOVERY,SPY,SPY-PR-0018,O:SPY250801P00619000,PUT,619.0,2025-08-01,30,0.04200323101776913,30,0.0,0.04200323101776913,NEAR_ATM,WITHIN_TOLERANCE,268,bars/O_SPY250801P00619000.json,False,2025-06-25,2025-07-23
2025-07-09T19:15:00+00:00,2025-07-09T19:30:00+00:00,2025-07-09,623.6,ENTRY_FORMING,STRONG START,99.0,67.0,0.0,DISCOVERY,SPY,SPY-PR-0019,O:SPY250722C00625000,CALL,625.0,2025-07-22,13,-0.22399999999999637,14,0.0,0.22399999999999637,NEAR_ATM,WITHIN_TOLERANCE,278,bars/O_SPY250722C00625000.json,False,2025-07-02,2025-07-22
2025-07-09T19:15:00+00:00,2025-07-09T19:30:00+00:00,2025-07-09,623.6,ENTRY_FORMING,STRONG START,99.0,67.0,0.0,DISCOVERY,SPY,SPY-PR-0019,O:SPY250722P00625000,PUT,625.0,2025-07-22,13,0.22399999999999637,14,0.0,0.22399999999999637,NEAR_ATM,WITHIN_TOLERANCE,237,bars/O_SPY250722P00625000.json,False,2025-07-02,2025-07-22
2025-07-09T19:15:00+00:00,2025-07-09T19:30:00+00:00,2025-07-09,623.6,ENTRY_FORMING,STRONG START,99.0,67.0,0.0,DISCOVERY,SPY,SPY-PR-0019,O:SPY250808C00624000,CALL,624.0,2025-08-08,30,-0.06410256410256046,30,0.0,0.06410256410256046,NEAR_ATM,WITHIN_TOLERANCE,293,bars/O_SPY250808C00624000.json,False,2025-07-02,2025-07-30
2025-07-09T19:15:00+00:00,2025-07-09T19:30:00+00:00,2025-07-09,623.6,ENTRY_FORMING,STRONG START,99.0,67.0,0.0,DISCOVERY,SPY,SPY-PR-0019,O:SPY250808P00624000,PUT,624.0,2025-08-08,30,0.06410256410256046,30,0.0,0.06410256410256046,NEAR_ATM,WITHIN_TOLERANCE,388,bars/O_SPY250808P00624000.json,False,2025-07-02,2025-07-30
2025-07-10T14:15:00+00:00,2025-07-10T14:30:00+00:00,2025-07-10,75.41,ENTRY_FORMING,STRONG START,0.0,0.0,19.0,DISCOVERY,PYPL,PYPL-PR-0020,O:PYPL250725C00075000,CALL,75.0,2025-07-25,15,0.5466666666666622,14,0.0,0.5466666666666622,NEAR_ATM,WITHIN_TOLERANCE,343,bars/O_PYPL250725C00075000.json,False,2025-07-03,2025-07-25
2025-07-10T14:15:00+00:00,2025-07-10T14:30:00+00:00,2025-07-10,75.41,ENTRY_FORMING,STRONG START,0.0,0.0,19.0,DISCOVERY,PYPL,PYPL-PR-0020,O:PYPL250725P00075000,PUT,75.0,2025-07-25,15,-0.5466666666666622,14,0.0,0.5466666666666622,NEAR_ATM,WITHIN_TOLERANCE,198,bars/O_PYPL250725P00075000.json,False,2025-07-03,2025-07-25
2025-07-10T14:15:00+00:00,2025-07-10T14:30:00+00:00,2025-07-10,75.41,ENTRY_FORMING,STRONG START,0.0,0.0,19.0,DISCOVERY,PYPL,PYPL-PR-0020,O:PYPL250808C00075000,CALL,75.0,2025-08-08,29,0.5466666666666622,30,0.0,0.5466666666666622,NEAR_ATM,WITHIN_TOLERANCE,195,bars/O_PYPL250808C00075000.json,False,2025-07-03,2025-07-31
2025-07-10T14:15:00+00:00,2025-07-10T14:30:00+00:00,2025-07-10,75.41,ENTRY_FORMING,STRONG START,0.0,0.0,19.0,DISCOVERY,PYPL,PYPL-PR-0020,O:PYPL250808P00075000,PUT,75.0,2025-08-08,29,-0.5466666666666622,30,0.0,0.5466666666666622,NEAR_ATM,WITHIN_TOLERANCE,118,bars/O_PYPL250808P00075000.json,False,2025-07-03,2025-07-31
2025-07-17T19:30:00+00:00,2025-07-17T19:45:00+00:00,2025-07-17,73.955,CONTINUATION,ADD,32.0,34.0,5.0,DISCOVERY,PYPL,PYPL-PR-0021,O:PYPL250801C00074000,CALL,74.0,2025-08-01,15,-0.06081081081081312,14,0.0,0.06081081081081312,NEAR_ATM,WITHIN_TOLERANCE,234,bars/O_PYPL250801C00074000.json,True,2025-07-10,2025-08-01
2025-07-17T19:30:00+00:00,2025-07-17T19:45:00+00:00,2025-07-17,73.955,CONTINUATION,ADD,32.0,34.0,5.0,DISCOVERY,PYPL,PYPL-PR-0021,O:PYPL250801P00074000,PUT,74.0,2025-08-01,15,0.06081081081081312,14,0.0,0.06081081081081312,NEAR_ATM,WITHIN_TOLERANCE,233,bars/O_PYPL250801P00074000.json,False,2025-07-10,2025-08-01
2025-07-17T19:30:00+00:00,2025-07-17T19:45:00+00:00,2025-07-17,73.955,CONTINUATION,ADD,32.0,34.0,5.0,DISCOVERY,PYPL,PYPL-PR-0021,O:PYPL250815C00075000,CALL,75.0,2025-08-15,29,-1.3933333333333358,30,0.0,1.3933333333333358,NEAR_ATM,WITHIN_TOLERANCE,456,bars/O_PYPL250815C00075000.json,False,2025-07-10,2025-08-07
2025-07-17T19:30:00+00:00,2025-07-17T19:45:00+00:00,2025-07-17,73.955,CONTINUATION,ADD,32.0,34.0,5.0,DISCOVERY,PYPL,PYPL-PR-0021,O:PYPL250815P00075000,PUT,75.0,2025-08-15,29,1.3933333333333358,30,0.0,1.3933333333333358,NEAR_ATM,WITHIN_TOLERANCE,272,bars/O_PYPL250815P00075000.json,False,2025-07-10,2025-08-07
2025-07-17T19:45:00+00:00,2025-07-17T20:00:00+00:00,2025-07-17,36.5,ENTRY_FORMING,STRONG START,97.0,66.0,0.0,DISCOVERY,U,U-PR-0019,O:U250801C00037000,CALL,37.0,2025-08-01,15,-1.3513513513513513,14,0.0,1.3513513513513513,NEAR_ATM,WITHIN_TOLERANCE,222,bars/O_U250801C00037000.json,False,2025-07-10,2025-08-01
2025-07-17T19:45:00+00:00,2025-07-17T20:00:00+00:00,2025-07-17,36.5,ENTRY_FORMING,STRONG START,97.0,66.0,0.0,DISCOVERY,U,U-PR-0019,O:U250801P00037000,PUT,37.0,2025-08-01,15,1.3513513513513513,14,0.0,1.3513513513513513,NEAR_ATM,WITHIN_TOLERANCE,51,bars/O_U250801P00037000.json,False,2025-07-10,2025-08-01
2025-07-17T19:45:00+00:00,2025-07-17T20:00:00+00:00,2025-07-17,36.5,ENTRY_FORMING,STRONG START,97.0,66.0,0.0,DISCOVERY,U,U-PR-0019,O:U250815C00037000,CALL,37.0,2025-08-15,29,-1.3513513513513513,30,0.0,1.3513513513513513,NEAR_ATM,WITHIN_TOLERANCE,292,bars/O_U250815C00037000.json,False,2025-07-10,2025-08-07
2025-07-17T19:45:00+00:00,2025-07-17T20:00:00+00:00,2025-07-17,36.5,ENTRY_FORMING,STRONG START,97.0,66.0,0.0,DISCOVERY,U,U-PR-0019,O:U250815P00037000,PUT,37.0,2025-08-15,29,1.3513513513513513,30,0.0,1.3513513513513513,NEAR_ATM,WITHIN_TOLERANCE,68,bars/O_U250815P00037000.json,False,2025-07-10,2025-08-07
2025-07-17T19:45:00+00:00,2025-07-17T20:00:00+00:00,2025-07-17,9.805,ENTRY_FORMING,CAMPAIGN START,0.0,0.0,17.0,DISCOVERY,VALE,VALE-PR-0018,O:VALE250801C00010000,CALL,10.0,2025-08-01,15,-1.9500000000000028,14,0.0,1.9500000000000028,NEAR_ATM,WITHIN_TOLERANCE,200,bars/O_VALE250801C00010000.json,False,2025-07-10,2025-08-01
2025-07-17T19:45:00+00:00,2025-07-17T20:00:00+00:00,2025-07-17,9.805,ENTRY_FORMING,CAMPAIGN START,0.0,0.0,17.0,DISCOVERY,VALE,VALE-PR-0018,O:VALE250801P00010000,PUT,10.0,2025-08-01,15,1.9500000000000028,14,0.0,1.9500000000000028,NEAR_ATM,WITHIN_TOLERANCE,102,bars/O_VALE250801P00010000.json,False,2025-07-10,2025-08-01
2025-07-17T19:45:00+00:00,2025-07-17T20:00:00+00:00,2025-07-17,9.805,ENTRY_FORMING,CAMPAIGN START,0.0,0.0,17.0,DISCOVERY,VALE,VALE-PR-0018,O:VALE250815C00010000,CALL,10.0,2025-08-15,29,-1.9500000000000028,30,0.0,1.9500000000000028,NEAR_ATM,WITHIN_TOLERANCE,312,bars/O_VALE250815C00010000.json,False,2025-07-10,2025-08-07
2025-07-17T19:45:00+00:00,2025-07-17T20:00:00+00:00,2025-07-17,9.805,ENTRY_FORMING,CAMPAIGN START,0.0,0.0,17.0,DISCOVERY,VALE,VALE-PR-0018,O:VALE250815P00010000,PUT,10.0,2025-08-15,29,1.9500000000000028,30,0.0,1.9500000000000028,NEAR_ATM,WITHIN_TOLERANCE,182,bars/O_VALE250815P00010000.json,False,2025-07-10,2025-08-07
2025-07-23T14:15:00+00:00,2025-07-23T14:30:00+00:00,2025-07-23,225.9035,ENTRY_FORMING,STRONG START,86.0,58.0,0.0,DISCOVERY,LULU,LULU-PR-0018,O:LULU250808C00225000,CALL,225.0,2025-08-08,16,0.40155555555555916,14,0.0,0.40155555555555916,NEAR_ATM,WITHIN_TOLERANCE,191,bars/O_LULU250808C00225000.json,True,2025-07-16,2025-08-08
2025-07-23T14:15:00+00:00,2025-07-23T14:30:00+00:00,2025-07-23,225.9035,ENTRY_FORMING,STRONG START,86.0,58.0,0.0,DISCOVERY,LULU,LULU-PR-0018,O:LULU250808P00225000,PUT,225.0,2025-08-08,16,-0.40155555555555916,14,0.0,0.40155555555555916,NEAR_ATM,WITHIN_TOLERANCE,152,bars/O_LULU250808P00225000.json,False,2025-07-16,2025-08-08
2025-07-23T14:15:00+00:00,2025-07-23T14:30:00+00:00,2025-07-23,225.9035,ENTRY_FORMING,STRONG START,86.0,58.0,0.0,DISCOVERY,LULU,LULU-PR-0018,O:LULU250822C00225000,CALL,225.0,2025-08-22,30,0.40155555555555916,30,0.0,0.40155555555555916,NEAR_ATM,WITHIN_TOLERANCE,191,bars/O_LULU250822C00225000.json,False,2025-07-16,2025-08-13
2025-07-23T14:15:00+00:00,2025-07-23T14:30:00+00:00,2025-07-23,225.9035,ENTRY_FORMING,STRONG START,86.0,58.0,0.0,DISCOVERY,LULU,LULU-PR-0018,O:LULU250822P00225000,PUT,225.0,2025-08-22,30,-0.40155555555555916,30,0.0,0.40155555555555916,NEAR_ATM,WITHIN_TOLERANCE,211,bars/O_LULU250822P00225000.json,False,2025-07-16,2025-08-13
2025-07-23T19:45:00+00:00,2025-07-23T20:00:00+00:00,2025-07-23,333.0,ENTRY_FORMING,STRONG START,100.0,67.0,0.0,DISCOVERY,TSLA,TSLA-PR-0019,O:TSLA250808C00332500,CALL,332.5,2025-08-08,16,0.15037593984962408,14,0.0,0.15037593984962408,NEAR_ATM,WITHIN_TOLERANCE,385,bars/O_TSLA250808C00332500.json,True,2025-07-16,2025-08-08
2025-07-23T19:45:00+00:00,2025-07-23T20:00:00+00:00,2025-07-23,333.0,ENTRY_FORMING,STRONG START,100.0,67.0,0.0,DISCOVERY,TSLA,TSLA-PR-0019,O:TSLA250808P00332500,PUT,332.5,2025-08-08,16,-0.15037593984962408,14,0.0,0.15037593984962408,NEAR_ATM,WITHIN_TOLERANCE,297,bars/O_TSLA250808P00332500.json,False,2025-07-16,2025-08-08
2025-07-23T19:45:00+00:00,2025-07-23T20:00:00+00:00,2025-07-23,333.0,ENTRY_FORMING,STRONG START,100.0,67.0,0.0,DISCOVERY,TSLA,TSLA-PR-0019,O:TSLA250822C00335000,CALL,335.0,2025-08-22,30,-0.5970149253731344,30,0.0,0.5970149253731344,NEAR_ATM,WITHIN_TOLERANCE,499,bars/O_TSLA250822C00335000.json,False,2025-07-16,2025-08-13
2025-07-23T19:45:00+00:00,2025-07-23T20:00:00+00:00,2025-07-23,333.0,ENTRY_FORMING,STRONG START,100.0,67.0,0.0,DISCOVERY,TSLA,TSLA-PR-0019,O:TSLA250822P00335000,PUT,335.0,2025-08-22,30,0.5970149253731344,30,0.0,0.5970149253731344,NEAR_ATM,WITHIN_TOLERANCE,274,bars/O_TSLA250822P00335000.json,False,2025-07-16,2025-08-13
2025-07-25T19:30:00+00:00,2025-07-25T19:45:00+00:00,2025-07-25,637.28,CONTINUATION,ADD,96.0,80.0,0.0,DISCOVERY,SPY,SPY-PR-0020,O:SPY250808C00637000,CALL,637.0,2025-08-08,14,0.04395604395603967,14,0.0,0.04395604395603967,NEAR_ATM,WITHIN_TOLERANCE,395,bars/O_SPY250808C00637000.json,False,2025-07-18,2025-08-08
2025-07-25T19:30:00+00:00,2025-07-25T19:45:00+00:00,2025-07-25,637.28,CONTINUATION,ADD,96.0,80.0,0.0,DISCOVERY,SPY,SPY-PR-0020,O:SPY250808P00637000,PUT,637.0,2025-08-08,14,-0.04395604395603967,14,0.0,0.04395604395603967,NEAR_ATM,WITHIN_TOLERANCE,304,bars/O_SPY250808P00637000.json,False,2025-07-18,2025-08-08
2025-07-25T19:30:00+00:00,2025-07-25T19:45:00+00:00,2025-07-25,637.28,CONTINUATION,ADD,96.0,80.0,0.0,DISCOVERY,SPY,SPY-PR-0020,O:SPY250822C00637000,CALL,637.0,2025-08-22,28,0.04395604395603967,30,0.0,0.04395604395603967,NEAR_ATM,WITHIN_TOLERANCE,451,bars/O_SPY250822C00637000.json,False,2025-07-18,2025-08-15
2025-07-25T19:30:00+00:00,2025-07-25T19:45:00+00:00,2025-07-25,637.28,CONTINUATION,ADD,96.0,80.0,0.0,DISCOVERY,SPY,SPY-PR-0020,O:SPY250822P00637000,PUT,637.0,2025-08-22,28,-0.04395604395603967,30,0.0,0.04395604395603967,NEAR_ATM,WITHIN_TOLERANCE,375,bars/O_SPY250822P00637000.json,False,2025-07-18,2025-08-15
2025-07-28T17:00:00+00:00,2025-07-28T17:15:00+00:00,2025-07-28,119.42,CONTINUATION,RELOAD,84.0,57.0,0.0,DISCOVERY,RBLX,RBLX-PR-0020,O:RBLX250808C00119000,CALL,119.0,2025-08-08,11,0.3529411764705897,14,0.0,0.3529411764705897,NEAR_ATM,WITHIN_TOLERANCE,82,bars/O_RBLX250808C00119000.json,True,2025-07-21,2025-08-08
2025-07-28T17:00:00+00:00,2025-07-28T17:15:00+00:00,2025-07-28,119.42,CONTINUATION,RELOAD,84.0,57.0,0.0,DISCOVERY,RBLX,RBLX-PR-0020,O:RBLX250808P00119000,PUT,119.0,2025-08-08,11,-0.3529411764705897,14,0.0,0.3529411764705897,NEAR_ATM,WITHIN_TOLERANCE,74,bars/O_RBLX250808P00119000.json,False,2025-07-21,2025-08-08
2025-07-28T17:00:00+00:00,2025-07-28T17:15:00+00:00,2025-07-28,119.42,CONTINUATION,RELOAD,84.0,57.0,0.0,DISCOVERY,RBLX,RBLX-PR-0020,O:RBLX250829C00119000,CALL,119.0,2025-08-29,32,0.3529411764705897,30,0.0,0.3529411764705897,NEAR_ATM,WITHIN_TOLERANCE,56,bars/O_RBLX250829C00119000.json,False,2025-07-21,2025-08-18
2025-07-28T17:00:00+00:00,2025-07-28T17:15:00+00:00,2025-07-28,119.42,CONTINUATION,RELOAD,84.0,57.0,0.0,DISCOVERY,RBLX,RBLX-PR-0020,O:RBLX250829P00119000,PUT,119.0,2025-08-29,32,-0.3529411764705897,30,0.0,0.3529411764705897,NEAR_ATM,WITHIN_TOLERANCE,56,bars/O_RBLX250829P00119000.json,False,2025-07-21,2025-08-18
2025-07-30T19:30:00+00:00,2025-07-30T19:45:00+00:00,2025-07-30,124.19,ENTRY_FORMING,STRONG START,99.0,64.0,0.0,DISCOVERY,RBLX,RBLX-PR-0021,O:RBLX250815C00124000,CALL,124.0,2025-08-15,16,0.15322580645161107,14,0.0,0.15322580645161107,NEAR_ATM,WITHIN_TOLERANCE,106,bars/O_RBLX250815C00124000.json,False,2025-07-23,2025-08-15
2025-07-30T19:30:00+00:00,2025-07-30T19:45:00+00:00,2025-07-30,124.19,ENTRY_FORMING,STRONG START,99.0,64.0,0.0,DISCOVERY,RBLX,RBLX-PR-0021,O:RBLX250815P00124000,PUT,124.0,2025-08-15,16,-0.15322580645161107,14,0.0,0.15322580645161107,NEAR_ATM,WITHIN_TOLERANCE,181,bars/O_RBLX250815P00124000.json,False,2025-07-23,2025-08-15
2025-07-30T19:30:00+00:00,2025-07-30T19:45:00+00:00,2025-07-30,124.19,ENTRY_FORMING,STRONG START,99.0,64.0,0.0,DISCOVERY,RBLX,RBLX-PR-0021,O:RBLX250829C00124000,CALL,124.0,2025-08-29,30,0.15322580645161107,30,0.0,0.15322580645161107,NEAR_ATM,WITHIN_TOLERANCE,93,bars/O_RBLX250829C00124000.json,False,2025-07-23,2025-08-20
2025-07-30T19:30:00+00:00,2025-07-30T19:45:00+00:00,2025-07-30,124.19,ENTRY_FORMING,STRONG START,99.0,64.0,0.0,DISCOVERY,RBLX,RBLX-PR-0021,O:RBLX250829P00124000,PUT,124.0,2025-08-29,30,-0.15322580645161107,30,0.0,0.15322580645161107,NEAR_ATM,WITHIN_TOLERANCE,57,bars/O_RBLX250829P00124000.json,False,2025-07-23,2025-08-20
2025-08-04T19:15:00+00:00,2025-08-04T19:30:00+00:00,2025-08-04,630.265,ENTRY_FORMING,STRONG START,95.0,64.0,0.0,DISCOVERY,SPY,SPY-PR-0021,O:SPY250818C00630000,CALL,630.0,2025-08-18,14,0.042063492063489895,14,0.0,0.042063492063489895,NEAR_ATM,WITHIN_TOLERANCE,205,bars/O_SPY250818C00630000.json,True,2025-07-28,2025-08-18
2025-08-04T19:15:00+00:00,2025-08-04T19:30:00+00:00,2025-08-04,630.265,ENTRY_FORMING,STRONG START,95.0,64.0,0.0,DISCOVERY,SPY,SPY-PR-0021,O:SPY250818P00630000,PUT,630.0,2025-08-18,14,-0.042063492063489895,14,0.0,0.042063492063489895,NEAR_ATM,WITHIN_TOLERANCE,293,bars/O_SPY250818P00630000.json,False,2025-07-28,2025-08-18
2025-08-04T19:15:00+00:00,2025-08-04T19:30:00+00:00,2025-08-04,630.265,ENTRY_FORMING,STRONG START,95.0,64.0,0.0,DISCOVERY,SPY,SPY-PR-0021,O:SPY250905C00630000,CALL,630.0,2025-09-05,32,0.042063492063489895,30,0.0,0.042063492063489895,NEAR_ATM,WITHIN_TOLERANCE,356,bars/O_SPY250905C00630000.json,False,2025-07-28,2025-08-25
2025-08-04T19:15:00+00:00,2025-08-04T19:30:00+00:00,2025-08-04,630.265,ENTRY_FORMING,STRONG START,95.0,64.0,0.0,DISCOVERY,SPY,SPY-PR-0021,O:SPY250905P00630000,PUT,630.0,2025-09-05,32,-0.042063492063489895,30,0.0,0.042063492063489895,NEAR_ATM,WITHIN_TOLERANCE,547,bars/O_SPY250905P00630000.json,False,2025-07-28,2025-08-25
2025-08-05T19:45:00+00:00,2025-08-05T20:00:00+00:00,2025-08-05,22.8,ENTRY_FORMING,STRONG START,96.0,65.0,0.0,DISCOVERY,GME,GME-PR-0019,O:GME250822C00023000,CALL,23.0,2025-08-22,17,-0.8695652173913012,14,0.0,0.8695652173913012,NEAR_ATM,WITHIN_TOLERANCE,417,bars/O_GME250822C00023000.json,False,2025-07-29,2025-08-22
2025-08-05T19:45:00+00:00,2025-08-05T20:00:00+00:00,2025-08-05,22.8,ENTRY_FORMING,STRONG START,96.0,65.0,0.0,DISCOVERY,GME,GME-PR-0019,O:GME250822P00023000,PUT,23.0,2025-08-22,17,0.8695652173913012,14,0.0,0.8695652173913012,NEAR_ATM,WITHIN_TOLERANCE,294,bars/O_GME250822P00023000.json,False,2025-07-29,2025-08-22
2025-08-05T19:45:00+00:00,2025-08-05T20:00:00+00:00,2025-08-05,22.8,ENTRY_FORMING,STRONG START,96.0,65.0,0.0,DISCOVERY,GME,GME-PR-0019,O:GME250905C00023000,CALL,23.0,2025-09-05,31,-0.8695652173913012,30,0.0,0.8695652173913012,NEAR_ATM,WITHIN_TOLERANCE,373,bars/O_GME250905C00023000.json,False,2025-07-29,2025-08-26
2025-08-05T19:45:00+00:00,2025-08-05T20:00:00+00:00,2025-08-05,22.8,ENTRY_FORMING,STRONG START,96.0,65.0,0.0,DISCOVERY,GME,GME-PR-0019,O:GME250905P00023000,PUT,23.0,2025-09-05,31,0.8695652173913012,30,0.0,0.8695652173913012,NEAR_ATM,WITHIN_TOLERANCE,228,bars/O_GME250905P00023000.json,False,2025-07-29,2025-08-26
2025-08-06T18:00:00+00:00,2025-08-06T18:15:00+00:00,2025-08-06,31.955,CONTINUATION,RELOAD,54.0,37.0,0.0,DISCOVERY,U,U-PR-0020,O:U250822C00032000,CALL,32.0,2025-08-22,16,-0.14062500000000533,14,0.0,0.14062500000000533,NEAR_ATM,WITHIN_TOLERANCE,71,bars/O_U250822C00032000.json,False,2025-07-30,2025-08-22
2025-08-06T18:00:00+00:00,2025-08-06T18:15:00+00:00,2025-08-06,31.955,CONTINUATION,RELOAD,54.0,37.0,0.0,DISCOVERY,U,U-PR-0020,O:U250822P00032000,PUT,32.0,2025-08-22,16,0.14062500000000533,14,0.0,0.14062500000000533,NEAR_ATM,WITHIN_TOLERANCE,96,bars/O_U250822P00032000.json,False,2025-07-30,2025-08-22
2025-08-06T18:00:00+00:00,2025-08-06T18:15:00+00:00,2025-08-06,31.955,CONTINUATION,RELOAD,54.0,37.0,0.0,DISCOVERY,U,U-PR-0020,O:U250905C00032000,CALL,32.0,2025-09-05,30,-0.14062500000000533,30,0.0,0.14062500000000533,NEAR_ATM,WITHIN_TOLERANCE,11,bars/O_U250905C00032000.json,False,2025-07-30,2025-08-27
2025-08-06T18:00:00+00:00,2025-08-06T18:15:00+00:00,2025-08-06,31.955,CONTINUATION,RELOAD,54.0,37.0,0.0,DISCOVERY,U,U-PR-0020,O:U250905P00032000,PUT,32.0,2025-09-05,30,0.14062500000000533,30,0.0,0.14062500000000533,NEAR_ATM,WITHIN_TOLERANCE,48,bars/O_U250905P00032000.json,False,2025-07-30,2025-08-27
2025-08-06T19:15:00+00:00,2025-08-06T19:30:00+00:00,2025-08-06,319.2952,CONTINUATION,ADD,97.0,76.0,0.0,DISCOVERY,TSLA,TSLA-PR-0020,O:TSLA250822C00320000,CALL,320.0,2025-08-22,16,-0.22024999999999292,14,0.0,0.22024999999999292,NEAR_ATM,WITHIN_TOLERANCE,464,bars/O_TSLA250822C00320000.json,True,2025-07-30,2025-08-22
2025-08-06T19:15:00+00:00,2025-08-06T19:30:00+00:00,2025-08-06,319.2952,CONTINUATION,ADD,97.0,76.0,0.0,DISCOVERY,TSLA,TSLA-PR-0020,O:TSLA250822P00320000,PUT,320.0,2025-08-22,16,0.22024999999999292,14,0.0,0.22024999999999292,NEAR_ATM,WITHIN_TOLERANCE,443,bars/O_TSLA250822P00320000.json,False,2025-07-30,2025-08-22
2025-08-06T19:15:00+00:00,2025-08-06T19:30:00+00:00,2025-08-06,319.2952,CONTINUATION,ADD,97.0,76.0,0.0,DISCOVERY,TSLA,TSLA-PR-0020,O:TSLA250905C00320000,CALL,320.0,2025-09-05,30,-0.22024999999999292,30,0.0,0.22024999999999292,NEAR_ATM,WITHIN_TOLERANCE,499,bars/O_TSLA250905C00320000.json,False,2025-07-30,2025-08-27
2025-08-06T19:15:00+00:00,2025-08-06T19:30:00+00:00,2025-08-06,319.2952,CONTINUATION,ADD,97.0,76.0,0.0,DISCOVERY,TSLA,TSLA-PR-0020,O:TSLA250905P00320000,PUT,320.0,2025-09-05,30,0.22024999999999292,30,0.0,0.22024999999999292,NEAR_ATM,WITHIN_TOLERANCE,479,bars/O_TSLA250905P00320000.json,False,2025-07-30,2025-08-27
2025-08-07T13:30:00+00:00,2025-08-07T13:45:00+00:00,2025-08-07,9.955,CONTINUATION,RELOAD,66.0,54.0,0.0,DISCOVERY,VALE,VALE-PR-0019,O:VALE250822C00010000,CALL,10.0,2025-08-22,15,-0.4499999999999993,14,0.0,0.4499999999999993,NEAR_ATM,WITHIN_TOLERANCE,174,bars/O_VALE250822C00010000.json,True,2025-07-31,2025-08-22
2025-08-07T13:30:00+00:00,2025-08-07T13:45:00+00:00,2025-08-07,9.955,CONTINUATION,RELOAD,66.0,54.0,0.0,DISCOVERY,VALE,VALE-PR-0019,O:VALE250822P00010000,PUT,10.0,2025-08-22,15,0.4499999999999993,14,0.0,0.4499999999999993,NEAR_ATM,WITHIN_TOLERANCE,97,bars/O_VALE250822P00010000.json,False,2025-07-31,2025-08-22
2025-08-07T13:30:00+00:00,2025-08-07T13:45:00+00:00,2025-08-07,9.955,CONTINUATION,RELOAD,66.0,54.0,0.0,DISCOVERY,VALE,VALE-PR-0019,O:VALE250905C00010000,CALL,10.0,2025-09-05,29,-0.4499999999999993,30,0.0,0.4499999999999993,NEAR_ATM,WITHIN_TOLERANCE,72,bars/O_VALE250905C00010000.json,False,2025-07-31,2025-08-28
2025-08-07T13:30:00+00:00,2025-08-07T13:45:00+00:00,2025-08-07,9.955,CONTINUATION,RELOAD,66.0,54.0,0.0,DISCOVERY,VALE,VALE-PR-0019,O:VALE250905P00010000,PUT,10.0,2025-09-05,29,0.4499999999999993,30,0.0,0.4499999999999993,NEAR_ATM,WITHIN_TOLERANCE,76,bars/O_VALE250905P00010000.json,False,2025-07-31,2025-08-28
2025-08-12T19:45:00+00:00,2025-08-12T20:00:00+00:00,2025-08-12,340.71,ENTRY_FORMING,STRONG START,100.0,67.0,0.0,DISCOVERY,TSLA,TSLA-PR-0021,O:TSLA250829C00340000,CALL,340.0,2025-08-29,17,0.2088235294117587,14,0.0,0.2088235294117587,NEAR_ATM,WITHIN_TOLERANCE,496,bars/O_TSLA250829C00340000.json,False,2025-08-05,2025-08-29
2025-08-12T19:45:00+00:00,2025-08-12T20:00:00+00:00,2025-08-12,340.71,ENTRY_FORMING,STRONG START,100.0,67.0,0.0,DISCOVERY,TSLA,TSLA-PR-0021,O:TSLA250829P00340000,PUT,340.0,2025-08-29,17,-0.2088235294117587,14,0.0,0.2088235294117587,NEAR_ATM,WITHIN_TOLERANCE,424,bars/O_TSLA250829P00340000.json,False,2025-08-05,2025-08-29
2025-08-12T19:45:00+00:00,2025-08-12T20:00:00+00:00,2025-08-12,340.71,ENTRY_FORMING,STRONG START,100.0,67.0,0.0,DISCOVERY,TSLA,TSLA-PR-0021,O:TSLA250912C00340000,CALL,340.0,2025-09-12,31,0.2088235294117587,30,0.0,0.2088235294117587,NEAR_ATM,WITHIN_TOLERANCE,494,bars/O_TSLA250912C00340000.json,False,2025-08-05,2025-09-02
2025-08-12T19:45:00+00:00,2025-08-12T20:00:00+00:00,2025-08-12,340.71,ENTRY_FORMING,STRONG START,100.0,67.0,0.0,DISCOVERY,TSLA,TSLA-PR-0021,O:TSLA250912P00340000,PUT,340.0,2025-09-12,31,-0.2088235294117587,30,0.0,0.2088235294117587,NEAR_ATM,WITHIN_TOLERANCE,361,bars/O_TSLA250912P00340000.json,False,2025-08-05,2025-09-02
2025-08-13T19:00:00+00:00,2025-08-13T19:15:00+00:00,2025-08-13,22.98,CONTINUATION,ADD,99.0,83.0,0.0,DISCOVERY,GME,GME-PR-0020,O:GME250829C00023000,CALL,23.0,2025-08-29,16,-0.08695652173912859,14,0.0,0.08695652173912859,NEAR_ATM,WITHIN_TOLERANCE,431,bars/O_GME250829C00023000.json,False,2025-08-06,2025-08-29
2025-08-13T19:00:00+00:00,2025-08-13T19:15:00+00:00,2025-08-13,22.98,CONTINUATION,ADD,99.0,83.0,0.0,DISCOVERY,GME,GME-PR-0020,O:GME250829P00023000,PUT,23.0,2025-08-29,16,0.08695652173912859,14,0.0,0.08695652173912859,NEAR_ATM,WITHIN_TOLERANCE,309,bars/O_GME250829P00023000.json,False,2025-08-06,2025-08-29
2025-08-13T19:00:00+00:00,2025-08-13T19:15:00+00:00,2025-08-13,22.98,CONTINUATION,ADD,99.0,83.0,0.0,DISCOVERY,GME,GME-PR-0020,O:GME250912C00023000,CALL,23.0,2025-09-12,30,-0.08695652173912859,30,0.0,0.08695652173912859,NEAR_ATM,WITHIN_TOLERANCE,364,bars/O_GME250912C00023000.json,False,2025-08-06,2025-09-03
2025-08-13T19:00:00+00:00,2025-08-13T19:15:00+00:00,2025-08-13,22.98,CONTINUATION,ADD,99.0,83.0,0.0,DISCOVERY,GME,GME-PR-0020,O:GME250912P00023000,PUT,23.0,2025-09-12,30,0.08695652173912859,30,0.0,0.08695652173912859,NEAR_ATM,WITHIN_TOLERANCE,213,bars/O_GME250912P00023000.json,False,2025-08-06,2025-09-03
2025-08-14T18:45:00+00:00,2025-08-14T19:00:00+00:00,2025-08-14,194.78,ENTRY_FORMING,CAMPAIGN START,80.0,54.0,0.0,DISCOVERY,LULU,LULU-PR-0019,O:LULU250829C00195000,CALL,195.0,2025-08-29,15,-0.11282051282051225,14,0.0,0.11282051282051225,NEAR_ATM,WITHIN_TOLERANCE,302,bars/O_LULU250829C00195000.json,False,2025-08-07,2025-08-29
2025-08-14T18:45:00+00:00,2025-08-14T19:00:00+00:00,2025-08-14,194.78,ENTRY_FORMING,CAMPAIGN START,80.0,54.0,0.0,DISCOVERY,LULU,LULU-PR-0019,O:LULU250829P00195000,PUT,195.0,2025-08-29,15,0.11282051282051225,14,0.0,0.11282051282051225,NEAR_ATM,WITHIN_TOLERANCE,288,bars/O_LULU250829P00195000.json,False,2025-08-07,2025-08-29
2025-08-14T18:45:00+00:00,2025-08-14T19:00:00+00:00,2025-08-14,194.78,ENTRY_FORMING,CAMPAIGN START,80.0,54.0,0.0,DISCOVERY,LULU,LULU-PR-0019,O:LULU250912C00195000,CALL,195.0,2025-09-12,29,-0.11282051282051225,30,0.0,0.11282051282051225,NEAR_ATM,WITHIN_TOLERANCE,103,bars/O_LULU250912C00195000.json,False,2025-08-07,2025-09-04
2025-08-14T18:45:00+00:00,2025-08-14T19:00:00+00:00,2025-08-14,194.78,ENTRY_FORMING,CAMPAIGN START,80.0,54.0,0.0,DISCOVERY,LULU,LULU-PR-0019,O:LULU250912P00195000,PUT,195.0,2025-09-12,29,0.11282051282051225,30,0.0,0.11282051282051225,NEAR_ATM,WITHIN_TOLERANCE,150,bars/O_LULU250912P00195000.json,False,2025-08-07,2025-09-04
2025-08-14T19:30:00+00:00,2025-08-14T19:45:00+00:00,2025-08-14,69.36,ENTRY_FORMING,STRONG START,100.0,67.0,0.0,DISCOVERY,PYPL,PYPL-PR-0022,O:PYPL250829C00069000,CALL,69.0,2025-08-29,15,0.5217391304347818,14,0.0,0.5217391304347818,NEAR_ATM,WITHIN_TOLERANCE,306,bars/O_PYPL250829C00069000.json,True,2025-08-07,2025-08-29
2025-08-14T19:30:00+00:00,2025-08-14T19:45:00+00:00,2025-08-14,69.36,ENTRY_FORMING,STRONG START,100.0,67.0,0.0,DISCOVERY,PYPL,PYPL-PR-0022,O:PYPL250829P00069000,PUT,69.0,2025-08-29,15,-0.5217391304347818,14,0.0,0.5217391304347818,NEAR_ATM,WITHIN_TOLERANCE,294,bars/O_PYPL250829P00069000.json,False,2025-08-07,2025-08-29
2025-08-14T19:30:00+00:00,2025-08-14T19:45:00+00:00,2025-08-14,69.36,ENTRY_FORMING,STRONG START,100.0,67.0,0.0,DISCOVERY,PYPL,PYPL-PR-0022,O:PYPL250912C00069000,CALL,69.0,2025-09-12,29,0.5217391304347818,30,0.0,0.5217391304347818,NEAR_ATM,WITHIN_TOLERANCE,175,bars/O_PYPL250912C00069000.json,False,2025-08-07,2025-09-04
2025-08-14T19:30:00+00:00,2025-08-14T19:45:00+00:00,2025-08-14,69.36,ENTRY_FORMING,STRONG START,100.0,67.0,0.0,DISCOVERY,PYPL,PYPL-PR-0022,O:PYPL250912P00069000,PUT,69.0,2025-09-12,29,-0.5217391304347818,30,0.0,0.5217391304347818,NEAR_ATM,WITHIN_TOLERANCE,112,bars/O_PYPL250912P00069000.json,False,2025-08-07,2025-09-04
2025-08-15T18:00:00+00:00,2025-08-15T18:15:00+00:00,2025-08-15,198.41,CONTINUATION,ADD,100.0,75.0,0.0,DISCOVERY,LULU,LULU-PR-0020,O:LULU250829C00197500,CALL,197.5,2025-08-29,14,0.46075949367088437,14,0.0,0.46075949367088437,NEAR_ATM,WITHIN_TOLERANCE,219,bars/O_LULU250829C00197500.json,True,2025-08-08,2025-08-29
2025-08-15T18:00:00+00:00,2025-08-15T18:15:00+00:00,2025-08-15,198.41,CONTINUATION,ADD,100.0,75.0,0.0,DISCOVERY,LULU,LULU-PR-0020,O:LULU250829P00197500,PUT,197.5,2025-08-29,14,-0.46075949367088437,14,0.0,0.46075949367088437,NEAR_ATM,WITHIN_TOLERANCE,220,bars/O_LULU250829P00197500.json,False,2025-08-08,2025-08-29
2025-08-15T18:00:00+00:00,2025-08-15T18:15:00+00:00,2025-08-15,198.41,CONTINUATION,ADD,100.0,75.0,0.0,DISCOVERY,LULU,LULU-PR-0020,O:LULU250912C00200000,CALL,200.0,2025-09-12,28,-0.7950000000000018,30,0.0,0.7950000000000018,NEAR_ATM,WITHIN_TOLERANCE,266,bars/O_LULU250912C00200000.json,False,2025-08-08,2025-09-05
2025-08-15T18:00:00+00:00,2025-08-15T18:15:00+00:00,2025-08-15,198.41,CONTINUATION,ADD,100.0,75.0,0.0,DISCOVERY,LULU,LULU-PR-0020,O:LULU250912P00200000,PUT,200.0,2025-09-12,28,0.7950000000000018,30,0.0,0.7950000000000018,NEAR_ATM,WITHIN_TOLERANCE,152,bars/O_LULU250912P00200000.json,False,2025-08-08,2025-09-05
2025-08-18T18:30:00+00:00,2025-08-18T18:45:00+00:00,2025-08-18,643.115,CONTINUATION,RELOAD,22.0,29.0,0.0,DISCOVERY,SPY,SPY-PR-0022,O:SPY250902C00645000,CALL,645.0,2025-09-02,15,-0.29224806201550246,14,0.0,0.29224806201550246,NEAR_ATM,WITHIN_TOLERANCE,287,bars/O_SPY250902C00645000.json,True,2025-08-11,2025-09-02
2025-08-18T18:30:00+00:00,2025-08-18T18:45:00+00:00,2025-08-18,643.115,CONTINUATION,RELOAD,22.0,29.0,0.0,DISCOVERY,SPY,SPY-PR-0022,O:SPY250902P00645000,PUT,645.0,2025-09-02,15,0.29224806201550246,14,0.0,0.29224806201550246,NEAR_ATM,WITHIN_TOLERANCE,234,bars/O_SPY250902P00645000.json,False,2025-08-11,2025-09-02
2025-08-18T18:30:00+00:00,2025-08-18T18:45:00+00:00,2025-08-18,643.115,CONTINUATION,RELOAD,22.0,29.0,0.0,DISCOVERY,SPY,SPY-PR-0022,O:SPY250919C00643000,CALL,643.0,2025-09-19,32,0.01788491446345398,30,0.0,0.01788491446345398,NEAR_ATM,WITHIN_TOLERANCE,321,bars/O_SPY250919C00643000.json,False,2025-08-11,2025-09-08
2025-08-18T18:30:00+00:00,2025-08-18T18:45:00+00:00,2025-08-18,643.115,CONTINUATION,RELOAD,22.0,29.0,0.0,DISCOVERY,SPY,SPY-PR-0022,O:SPY250919P00643000,PUT,643.0,2025-09-19,32,-0.01788491446345398,30,0.0,0.01788491446345398,NEAR_ATM,WITHIN_TOLERANCE,387,bars/O_SPY250919P00643000.json,False,2025-08-11,2025-09-08
2025-08-18T19:45:00+00:00,2025-08-18T20:00:00+00:00,2025-08-18,38.33,ENTRY_FORMING,CAMPAIGN START,98.0,77.0,0.0,DISCOVERY,U,U-PR-0021,O:U250829C00038000,CALL,38.0,2025-08-29,11,0.8684210526315744,14,0.0,0.8684210526315744,NEAR_ATM,WITHIN_TOLERANCE,238,bars/O_U250829C00038000.json,True,2025-08-11,2025-08-29
2025-08-18T19:45:00+00:00,2025-08-18T20:00:00+00:00,2025-08-18,38.33,ENTRY_FORMING,CAMPAIGN START,98.0,77.0,0.0,DISCOVERY,U,U-PR-0021,O:U250829P00038000,PUT,38.0,2025-08-29,11,-0.8684210526315744,14,0.0,0.8684210526315744,NEAR_ATM,WITHIN_TOLERANCE,157,bars/O_U250829P00038000.json,False,2025-08-11,2025-08-29
2025-08-18T19:45:00+00:00,2025-08-18T20:00:00+00:00,2025-08-18,38.33,ENTRY_FORMING,CAMPAIGN START,98.0,77.0,0.0,DISCOVERY,U,U-PR-0021,O:U250919C00038000,CALL,38.0,2025-09-19,32,0.8684210526315744,30,0.0,0.8684210526315744,NEAR_ATM,WITHIN_TOLERANCE,255,bars/O_U250919C00038000.json,False,2025-08-11,2025-09-08
2025-08-18T19:45:00+00:00,2025-08-18T20:00:00+00:00,2025-08-18,38.33,ENTRY_FORMING,CAMPAIGN START,98.0,77.0,0.0,DISCOVERY,U,U-PR-0021,O:U250919P00038000,PUT,38.0,2025-09-19,32,-0.8684210526315744,30,0.0,0.8684210526315744,NEAR_ATM,WITHIN_TOLERANCE,156,bars/O_U250919P00038000.json,False,2025-08-11,2025-09-08
2025-08-20T15:30:00+00:00,2025-08-20T15:45:00+00:00,2025-08-20,118.46,ENTRY_FORMING,STRONG START,78.0,52.0,0.0,DISCOVERY,RBLX,RBLX-PR-0022,O:RBLX250905C00118000,CALL,118.0,2025-09-05,16,0.389830508474571,14,0.0,0.389830508474571,NEAR_ATM,WITHIN_TOLERANCE,61,bars/O_RBLX250905C00118000.json,True,2025-08-13,2025-09-05
2025-08-20T15:30:00+00:00,2025-08-20T15:45:00+00:00,2025-08-20,118.46,ENTRY_FORMING,STRONG START,78.0,52.0,0.0,DISCOVERY,RBLX,RBLX-PR-0022,O:RBLX250905P00118000,PUT,118.0,2025-09-05,16,-0.389830508474571,14,0.0,0.389830508474571,NEAR_ATM,WITHIN_TOLERANCE,195,bars/O_RBLX250905P00118000.json,False,2025-08-13,2025-09-05
2025-08-20T15:30:00+00:00,2025-08-20T15:45:00+00:00,2025-08-20,118.46,ENTRY_FORMING,STRONG START,78.0,52.0,0.0,DISCOVERY,RBLX,RBLX-PR-0022,O:RBLX250919C00118000,CALL,118.0,2025-09-19,30,0.389830508474571,30,0.0,0.389830508474571,NEAR_ATM,WITHIN_TOLERANCE,69,bars/O_RBLX250919C00118000.json,False,2025-08-13,2025-09-10
2025-08-20T15:30:00+00:00,2025-08-20T15:45:00+00:00,2025-08-20,118.46,ENTRY_FORMING,STRONG START,78.0,52.0,0.0,DISCOVERY,RBLX,RBLX-PR-0022,O:RBLX250919P00118000,PUT,118.0,2025-09-19,30,-0.389830508474571,30,0.0,0.389830508474571,NEAR_ATM,WITHIN_TOLERANCE,121,bars/O_RBLX250919P00118000.json,False,2025-08-13,2025-09-10
2025-08-26T13:45:00+00:00,2025-08-26T14:00:00+00:00,2025-08-26,70.05,CONTINUATION,ADD,71.0,57.0,4.0,DISCOVERY,PYPL,PYPL-PR-0023,O:PYPL250912C00070000,CALL,70.0,2025-09-12,17,0.07142857142856737,14,0.0,0.07142857142856737,NEAR_ATM,WITHIN_TOLERANCE,342,bars/O_PYPL250912C00070000.json,False,2025-08-19,2025-09-12
2025-08-26T13:45:00+00:00,2025-08-26T14:00:00+00:00,2025-08-26,70.05,CONTINUATION,ADD,71.0,57.0,4.0,DISCOVERY,PYPL,PYPL-PR-0023,O:PYPL250912P00070000,PUT,70.0,2025-09-12,17,-0.07142857142856737,14,0.0,0.07142857142856737,NEAR_ATM,WITHIN_TOLERANCE,191,bars/O_PYPL250912P00070000.json,False,2025-08-19,2025-09-12
2025-08-26T13:45:00+00:00,2025-08-26T14:00:00+00:00,2025-08-26,70.05,CONTINUATION,ADD,71.0,57.0,4.0,DISCOVERY,PYPL,PYPL-PR-0023,O:PYPL250926C00070000,CALL,70.0,2025-09-26,31,0.07142857142856737,30,0.0,0.07142857142856737,NEAR_ATM,WITHIN_TOLERANCE,295,bars/O_PYPL250926C00070000.json,False,2025-08-19,2025-09-16
2025-08-26T13:45:00+00:00,2025-08-26T14:00:00+00:00,2025-08-26,70.05,CONTINUATION,ADD,71.0,57.0,4.0,DISCOVERY,PYPL,PYPL-PR-0023,O:PYPL250926P00070000,PUT,70.0,2025-09-26,31,-0.07142857142856737,30,0.0,0.07142857142856737,NEAR_ATM,WITHIN_TOLERANCE,97,bars/O_PYPL250926P00070000.json,False,2025-08-19,2025-09-16
2025-08-26T13:45:00+00:00,2025-08-26T14:00:00+00:00,2025-08-26,10.185,ENTRY_FORMING,STRONG START,99.0,67.0,0.0,DISCOVERY,VALE,VALE-PR-0020,O:VALE250912C00010000,CALL,10.0,2025-09-12,17,1.8500000000000052,14,0.0,1.8500000000000052,NEAR_ATM,WITHIN_TOLERANCE,78,bars/O_VALE250912C00010000.json,True,2025-08-19,2025-09-12
2025-08-26T13:45:00+00:00,2025-08-26T14:00:00+00:00,2025-08-26,10.185,ENTRY_FORMING,STRONG START,99.0,67.0,0.0,DISCOVERY,VALE,VALE-PR-0020,O:VALE250912P00010000,PUT,10.0,2025-09-12,17,-1.8500000000000052,14,0.0,1.8500000000000052,NEAR_ATM,WITHIN_TOLERANCE,67,bars/O_VALE250912P00010000.json,False,2025-08-19,2025-09-12
2025-08-26T13:45:00+00:00,2025-08-26T14:00:00+00:00,2025-08-26,10.185,ENTRY_FORMING,STRONG START,99.0,67.0,0.0,DISCOVERY,VALE,VALE-PR-0020,O:VALE250926C00010000,CALL,10.0,2025-09-26,31,1.8500000000000052,30,0.0,1.8500000000000052,NEAR_ATM,WITHIN_TOLERANCE,60,bars/O_VALE250926C00010000.json,False,2025-08-19,2025-09-16
2025-08-26T13:45:00+00:00,2025-08-26T14:00:00+00:00,2025-08-26,10.185,ENTRY_FORMING,STRONG START,99.0,67.0,0.0,DISCOVERY,VALE,VALE-PR-0020,O:VALE250926P00010000,PUT,10.0,2025-09-26,31,-1.8500000000000052,30,0.0,1.8500000000000052,NEAR_ATM,WITHIN_TOLERANCE,40,bars/O_VALE250926P00010000.json,False,2025-08-19,2025-09-16
2025-08-29T18:15:00+00:00,2025-08-29T18:30:00+00:00,2025-08-29,22.72,ENTRY_FORMING,STRONG START,98.0,66.0,0.0,DISCOVERY,GME,GME-PR-0021,O:GME250912C00022500,CALL,22.5,2025-09-12,14,0.9777777777777727,14,0.0,0.9777777777777727,NEAR_ATM,WITHIN_TOLERANCE,308,bars/O_GME250912C00022500.json,True,2025-08-22,2025-09-12
2025-08-29T18:15:00+00:00,2025-08-29T18:30:00+00:00,2025-08-29,22.72,ENTRY_FORMING,STRONG START,98.0,66.0,0.0,DISCOVERY,GME,GME-PR-0021,O:GME250912P00022500,PUT,22.5,2025-09-12,14,-0.9777777777777727,14,0.0,0.9777777777777727,NEAR_ATM,WITHIN_TOLERANCE,324,bars/O_GME250912P00022500.json,False,2025-08-22,2025-09-12
2025-08-29T18:15:00+00:00,2025-08-29T18:30:00+00:00,2025-08-29,22.72,ENTRY_FORMING,STRONG START,98.0,66.0,0.0,DISCOVERY,GME,GME-PR-0021,O:GME250926C00022500,CALL,22.5,2025-09-26,28,0.9777777777777727,30,0.0,0.9777777777777727,NEAR_ATM,WITHIN_TOLERANCE,149,bars/O_GME250926C00022500.json,False,2025-08-22,2025-09-19
2025-08-29T18:15:00+00:00,2025-08-29T18:30:00+00:00,2025-08-29,22.72,ENTRY_FORMING,STRONG START,98.0,66.0,0.0,DISCOVERY,GME,GME-PR-0021,O:GME250926P00022500,PUT,22.5,2025-09-26,28,-0.9777777777777727,30,0.0,0.9777777777777727,NEAR_ATM,WITHIN_TOLERANCE,172,bars/O_GME250926P00022500.json,False,2025-08-22,2025-09-19
2025-09-02T19:15:00+00:00,2025-09-02T19:30:00+00:00,2025-09-02,128.38,CONTINUATION,ADD,98.0,79.0,0.0,DISCOVERY,RBLX,RBLX-PR-0023,O:RBLX250919C00128000,CALL,128.0,2025-09-19,17,0.29687499999999645,14,0.0,0.29687499999999645,NEAR_ATM,WITHIN_TOLERANCE,161,bars/O_RBLX250919C00128000.json,False,2025-08-26,2025-09-19
2025-09-02T19:15:00+00:00,2025-09-02T19:30:00+00:00,2025-09-02,128.38,CONTINUATION,ADD,98.0,79.0,0.0,DISCOVERY,RBLX,RBLX-PR-0023,O:RBLX250919P00128000,PUT,128.0,2025-09-19,17,-0.29687499999999645,14,0.0,0.29687499999999645,NEAR_ATM,WITHIN_TOLERANCE,175,bars/O_RBLX250919P00128000.json,False,2025-08-26,2025-09-19
2025-09-02T19:15:00+00:00,2025-09-02T19:30:00+00:00,2025-09-02,128.38,CONTINUATION,ADD,98.0,79.0,0.0,DISCOVERY,RBLX,RBLX-PR-0023,O:RBLX251003C00128000,CALL,128.0,2025-10-03,31,0.29687499999999645,30,0.0,0.29687499999999645,NEAR_ATM,WITHIN_TOLERANCE,29,bars/O_RBLX251003C00128000.json,False,2025-08-26,2025-09-23
2025-09-02T19:15:00+00:00,2025-09-02T19:30:00+00:00,2025-09-02,128.38,CONTINUATION,ADD,98.0,79.0,0.0,DISCOVERY,RBLX,RBLX-PR-0023,O:RBLX251003P00128000,PUT,128.0,2025-10-03,31,-0.29687499999999645,30,0.0,0.29687499999999645,NEAR_ATM,WITHIN_TOLERANCE,24,bars/O_RBLX251003P00128000.json,False,2025-08-26,2025-09-23
2025-09-03T13:45:00+00:00,2025-09-03T14:00:00+00:00,2025-09-03,23.485,CONTINUATION,ADD,94.0,70.0,0.0,DISCOVERY,GME,GME-PR-0022,O:GME250919C00023500,CALL,23.5,2025-09-19,16,-0.06382978723404496,14,0.0,0.06382978723404496,NEAR_ATM,WITHIN_TOLERANCE,328,bars/O_GME250919C00023500.json,True,2025-08-27,2025-09-19
2025-09-03T13:45:00+00:00,2025-09-03T14:00:00+00:00,2025-09-03,23.485,CONTINUATION,ADD,94.0,70.0,0.0,DISCOVERY,GME,GME-PR-0022,O:GME250919P00023500,PUT,23.5,2025-09-19,16,0.06382978723404496,14,0.0,0.06382978723404496,NEAR_ATM,WITHIN_TOLERANCE,206,bars/O_GME250919P00023500.json,False,2025-08-27,2025-09-19
2025-09-03T13:45:00+00:00,2025-09-03T14:00:00+00:00,2025-09-03,23.485,CONTINUATION,ADD,94.0,70.0,0.0,DISCOVERY,GME,GME-PR-0022,O:GME251003C00023500,CALL,23.5,2025-10-03,30,-0.06382978723404496,30,0.0,0.06382978723404496,NEAR_ATM,WITHIN_TOLERANCE,134,bars/O_GME251003C00023500.json,False,2025-08-27,2025-09-24
2025-09-03T13:45:00+00:00,2025-09-03T14:00:00+00:00,2025-09-03,23.485,CONTINUATION,ADD,94.0,70.0,0.0,DISCOVERY,GME,GME-PR-0022,O:GME251003P00023500,PUT,23.5,2025-10-03,30,0.06382978723404496,30,0.0,0.06382978723404496,NEAR_ATM,WITHIN_TOLERANCE,55,bars/O_GME251003P00023500.json,False,2025-08-27,2025-09-24
2025-09-04T18:15:00+00:00,2025-09-04T18:30:00+00:00,2025-09-04,10.265,CONTINUATION,ADD,99.0,77.0,0.0,DISCOVERY,VALE,VALE-PR-0021,O:VALE250919C00010500,CALL,10.5,2025-09-19,15,-2.238095238095233,14,0.0,2.238095238095233,NEAR_ATM,WITHIN_TOLERANCE,247,bars/O_VALE250919C00010500.json,False,2025-08-28,2025-09-19
2025-09-04T18:15:00+00:00,2025-09-04T18:30:00+00:00,2025-09-04,10.265,CONTINUATION,ADD,99.0,77.0,0.0,DISCOVERY,VALE,VALE-PR-0021,O:VALE250919P00010500,PUT,10.5,2025-09-19,15,2.238095238095233,14,0.0,2.238095238095233,NEAR_ATM,WITHIN_TOLERANCE,99,bars/O_VALE250919P00010500.json,False,2025-08-28,2025-09-19
2025-09-04T18:15:00+00:00,2025-09-04T18:30:00+00:00,2025-09-04,10.265,CONTINUATION,ADD,99.0,77.0,0.0,DISCOVERY,VALE,VALE-PR-0021,O:VALE251003C00010500,CALL,10.5,2025-10-03,29,-2.238095238095233,30,0.0,2.238095238095233,NEAR_ATM,WITHIN_TOLERANCE,62,bars/O_VALE251003C00010500.json,False,2025-08-28,2025-09-25
2025-09-04T18:15:00+00:00,2025-09-04T18:30:00+00:00,2025-09-04,10.265,CONTINUATION,ADD,99.0,77.0,0.0,DISCOVERY,VALE,VALE-PR-0021,O:VALE251003P00010500,PUT,10.5,2025-10-03,29,2.238095238095233,30,0.0,2.238095238095233,NEAR_ATM,WITHIN_TOLERANCE,41,bars/O_VALE251003P00010500.json,False,2025-08-28,2025-09-25
2025-09-12T19:45:00+00:00,2025-09-12T20:00:00+00:00,2025-09-12,43.55,ENTRY_FORMING,STRONG START,90.0,63.0,0.0,DISCOVERY,U,U-PR-0022,O:U250926C00043500,CALL,43.5,2025-09-26,14,0.11494252873562566,14,0.0,0.11494252873562566,NEAR_ATM,WITHIN_TOLERANCE,84,bars/O_U250926C00043500.json,False,2025-09-05,2025-09-26
2025-09-12T19:45:00+00:00,2025-09-12T20:00:00+00:00,2025-09-12,43.55,ENTRY_FORMING,STRONG START,90.0,63.0,0.0,DISCOVERY,U,U-PR-0022,O:U250926P00043500,PUT,43.5,2025-09-26,14,-0.11494252873562566,14,0.0,0.11494252873562566,NEAR_ATM,WITHIN_TOLERANCE,114,bars/O_U250926P00043500.json,False,2025-09-05,2025-09-26
2025-09-12T19:45:00+00:00,2025-09-12T20:00:00+00:00,2025-09-12,43.55,ENTRY_FORMING,STRONG START,90.0,63.0,0.0,DISCOVERY,U,U-PR-0022,O:U251010C00043500,CALL,43.5,2025-10-10,28,0.11494252873562566,30,0.0,0.11494252873562566,NEAR_ATM,WITHIN_TOLERANCE,64,bars/O_U251010C00043500.json,False,2025-09-05,2025-10-03
2025-09-12T19:45:00+00:00,2025-09-12T20:00:00+00:00,2025-09-12,43.55,ENTRY_FORMING,STRONG START,90.0,63.0,0.0,DISCOVERY,U,U-PR-0022,O:U251010P00043500,PUT,43.5,2025-10-10,28,-0.11494252873562566,30,0.0,0.11494252873562566,NEAR_ATM,WITHIN_TOLERANCE,25,bars/O_U251010P00043500.json,False,2025-09-05,2025-10-03
2025-09-15T19:00:00+00:00,2025-09-15T19:15:00+00:00,2025-09-15,45.87,CONTINUATION,ADD,100.0,77.0,0.0,DISCOVERY,U,U-PR-0023,O:U250926C00046000,CALL,46.0,2025-09-26,11,-0.2826086956521795,14,0.0,0.2826086956521795,NEAR_ATM,WITHIN_TOLERANCE,224,bars/O_U250926C00046000.json,True,2025-09-08,2025-09-26
2025-09-15T19:00:00+00:00,2025-09-15T19:15:00+00:00,2025-09-15,45.87,CONTINUATION,ADD,100.0,77.0,0.0,DISCOVERY,U,U-PR-0023,O:U250926P00046000,PUT,46.0,2025-09-26,11,0.2826086956521795,14,0.0,0.2826086956521795,NEAR_ATM,WITHIN_TOLERANCE,99,bars/O_U250926P00046000.json,False,2025-09-08,2025-09-26
2025-09-15T19:00:00+00:00,2025-09-15T19:15:00+00:00,2025-09-15,45.87,CONTINUATION,ADD,100.0,77.0,0.0,DISCOVERY,U,U-PR-0023,O:U251017C00046000,CALL,46.0,2025-10-17,32,-0.2826086956521795,30,0.0,0.2826086956521795,NEAR_ATM,WITHIN_TOLERANCE,263,bars/O_U251017C00046000.json,False,2025-09-08,2025-10-06
2025-09-15T19:00:00+00:00,2025-09-15T19:15:00+00:00,2025-09-15,45.87,CONTINUATION,ADD,100.0,77.0,0.0,DISCOVERY,U,U-PR-0023,O:U251017P00046000,PUT,46.0,2025-10-17,32,0.2826086956521795,30,0.0,0.2826086956521795,NEAR_ATM,WITHIN_TOLERANCE,89,bars/O_U251017P00046000.json,False,2025-09-08,2025-10-06
2025-09-16T13:45:00+00:00,2025-09-16T14:00:00+00:00,2025-09-16,415.99,ENTRY_FORMING,IGNITION,99.0,67.0,0.0,DISCOVERY,TSLA,TSLA-PR-0022,O:TSLA251003C00415000,CALL,415.0,2025-10-03,17,0.23855421686747205,14,0.0,0.23855421686747205,NEAR_ATM,WITHIN_TOLERANCE,464,bars/O_TSLA251003C00415000.json,True,2025-09-09,2025-10-03
2025-09-16T13:45:00+00:00,2025-09-16T14:00:00+00:00,2025-09-16,415.99,ENTRY_FORMING,IGNITION,99.0,67.0,0.0,DISCOVERY,TSLA,TSLA-PR-0022,O:TSLA251003P00415000,PUT,415.0,2025-10-03,17,-0.23855421686747205,14,0.0,0.23855421686747205,NEAR_ATM,WITHIN_TOLERANCE,399,bars/O_TSLA251003P00415000.json,False,2025-09-09,2025-10-03
2025-09-16T13:45:00+00:00,2025-09-16T14:00:00+00:00,2025-09-16,415.99,ENTRY_FORMING,IGNITION,99.0,67.0,0.0,DISCOVERY,TSLA,TSLA-PR-0022,O:TSLA251017C00415000,CALL,415.0,2025-10-17,31,0.23855421686747205,30,0.0,0.23855421686747205,NEAR_ATM,WITHIN_TOLERANCE,490,bars/O_TSLA251017C00415000.json,False,2025-09-09,2025-10-07
2025-09-16T13:45:00+00:00,2025-09-16T14:00:00+00:00,2025-09-16,415.99,ENTRY_FORMING,IGNITION,99.0,67.0,0.0,DISCOVERY,TSLA,TSLA-PR-0022,O:TSLA251017P00415000,PUT,415.0,2025-10-17,31,-0.23855421686747205,30,0.0,0.23855421686747205,NEAR_ATM,WITHIN_TOLERANCE,445,bars/O_TSLA251017P00415000.json,False,2025-09-09,2025-10-07
2025-09-17T18:00:00+00:00,2025-09-17T18:15:00+00:00,2025-09-17,67.98,ENTRY_FORMING,STRONG START,85.0,59.0,1.0,DISCOVERY,PYPL,PYPL-PR-0024,O:PYPL251003C00068000,CALL,68.0,2025-10-03,16,-0.0294117647058765,14,0.0,0.0294117647058765,NEAR_ATM,WITHIN_TOLERANCE,345,bars/O_PYPL251003C00068000.json,False,2025-09-10,2025-10-03
2025-09-17T18:00:00+00:00,2025-09-17T18:15:00+00:00,2025-09-17,67.98,ENTRY_FORMING,STRONG START,85.0,59.0,1.0,DISCOVERY,PYPL,PYPL-PR-0024,O:PYPL251003P00068000,PUT,68.0,2025-10-03,16,0.0294117647058765,14,0.0,0.0294117647058765,NEAR_ATM,WITHIN_TOLERANCE,259,bars/O_PYPL251003P00068000.json,False,2025-09-10,2025-10-03
2025-09-17T18:00:00+00:00,2025-09-17T18:15:00+00:00,2025-09-17,67.98,ENTRY_FORMING,STRONG START,85.0,59.0,1.0,DISCOVERY,PYPL,PYPL-PR-0024,O:PYPL251017C00067500,CALL,67.5,2025-10-17,30,0.711111111111117,30,0.0,0.711111111111117,NEAR_ATM,WITHIN_TOLERANCE,430,bars/O_PYPL251017C00067500.json,False,2025-09-10,2025-10-08
2025-09-17T18:00:00+00:00,2025-09-17T18:15:00+00:00,2025-09-17,67.98,ENTRY_FORMING,STRONG START,85.0,59.0,1.0,DISCOVERY,PYPL,PYPL-PR-0024,O:PYPL251017P00067500,PUT,67.5,2025-10-17,30,-0.711111111111117,30,0.0,0.711111111111117,NEAR_ATM,WITHIN_TOLERANCE,414,bars/O_PYPL251017P00067500.json,False,2025-09-10,2025-10-08
2025-09-19T19:15:00+00:00,2025-09-19T19:30:00+00:00,2025-09-19,10.915,CONTINUATION,ADD,99.0,74.0,0.0,DISCOVERY,VALE,VALE-PR-0022,O:VALE251003C00011000,CALL,11.0,2025-10-03,14,-0.7727272727272805,14,0.0,0.7727272727272805,NEAR_ATM,WITHIN_TOLERANCE,179,bars/O_VALE251003C00011000.json,True,2025-09-12,2025-10-03
2025-09-19T19:15:00+00:00,2025-09-19T19:30:00+00:00,2025-09-19,10.915,CONTINUATION,ADD,99.0,74.0,0.0,DISCOVERY,VALE,VALE-PR-0022,O:VALE251003P00011000,PUT,11.0,2025-10-03,14,0.7727272727272805,14,0.0,0.7727272727272805,NEAR_ATM,WITHIN_TOLERANCE,72,bars/O_VALE251003P00011000.json,False,2025-09-12,2025-10-03
2025-09-19T19:15:00+00:00,2025-09-19T19:30:00+00:00,2025-09-19,10.915,CONTINUATION,ADD,99.0,74.0,0.0,DISCOVERY,VALE,VALE-PR-0022,O:VALE251017C00011000,CALL,11.0,2025-10-17,28,-0.7727272727272805,30,0.0,0.7727272727272805,NEAR_ATM,WITHIN_TOLERANCE,327,bars/O_VALE251017C00011000.json,False,2025-09-12,2025-10-10
2025-09-19T19:15:00+00:00,2025-09-19T19:30:00+00:00,2025-09-19,10.915,CONTINUATION,ADD,99.0,74.0,0.0,DISCOVERY,VALE,VALE-PR-0022,O:VALE251017P00011000,PUT,11.0,2025-10-17,28,0.7727272727272805,30,0.0,0.7727272727272805,NEAR_ATM,WITHIN_TOLERANCE,165,bars/O_VALE251017P00011000.json,False,2025-09-12,2025-10-10
2025-09-23T14:30:00+00:00,2025-09-23T14:45:00+00:00,2025-09-23,174.93,CONTINUATION,ADD,95.0,88.0,0.0,DISCOVERY,LULU,LULU-PR-0021,O:LULU251010C00175000,CALL,175.0,2025-10-10,17,-0.0399999999999961,14,0.0,0.0399999999999961,NEAR_ATM,WITHIN_TOLERANCE,403,bars/O_LULU251010C00175000.json,True,2025-09-16,2025-10-10
2025-09-23T14:30:00+00:00,2025-09-23T14:45:00+00:00,2025-09-23,174.93,CONTINUATION,ADD,95.0,88.0,0.0,DISCOVERY,LULU,LULU-PR-0021,O:LULU251010P00175000,PUT,175.0,2025-10-10,17,0.0399999999999961,14,0.0,0.0399999999999961,NEAR_ATM,WITHIN_TOLERANCE,279,bars/O_LULU251010P00175000.json,False,2025-09-16,2025-10-10
2025-09-23T14:30:00+00:00,2025-09-23T14:45:00+00:00,2025-09-23,174.93,CONTINUATION,ADD,95.0,88.0,0.0,DISCOVERY,LULU,LULU-PR-0021,O:LULU251024C00175000,CALL,175.0,2025-10-24,31,-0.0399999999999961,30,0.0,0.0399999999999961,NEAR_ATM,WITHIN_TOLERANCE,381,bars/O_LULU251024C00175000.json,False,2025-09-16,2025-10-17
2025-09-23T14:30:00+00:00,2025-09-23T14:45:00+00:00,2025-09-23,174.93,CONTINUATION,ADD,95.0,88.0,0.0,DISCOVERY,LULU,LULU-PR-0021,O:LULU251024P00175000,PUT,175.0,2025-10-24,31,0.0399999999999961,30,0.0,0.0399999999999961,NEAR_ATM,WITHIN_TOLERANCE,169,bars/O_LULU251024P00175000.json,False,2025-09-16,2025-10-17
2025-09-24T13:30:00+00:00,2025-09-24T13:45:00+00:00,2025-09-24,26.89,ENTRY_FORMING,STRONG START,57.0,43.0,6.0,DISCOVERY,GME,GME-PR-0023,O:GME251010C00027000,CALL,27.0,2025-10-10,16,-0.4074074074074053,14,0.0,0.4074074074074053,NEAR_ATM,WITHIN_TOLERANCE,287,bars/O_GME251010C00027000.json,False,2025-09-17,2025-10-10
2025-09-24T13:30:00+00:00,2025-09-24T13:45:00+00:00,2025-09-24,26.89,ENTRY_FORMING,STRONG START,57.0,43.0,6.0,DISCOVERY,GME,GME-PR-0023,O:GME251010P00027000,PUT,27.0,2025-10-10,16,0.4074074074074053,14,0.0,0.4074074074074053,NEAR_ATM,WITHIN_TOLERANCE,164,bars/O_GME251010P00027000.json,False,2025-09-17,2025-10-10
2025-09-24T13:30:00+00:00,2025-09-24T13:45:00+00:00,2025-09-24,26.89,ENTRY_FORMING,STRONG START,57.0,43.0,6.0,DISCOVERY,GME,GME-PR-0023,O:GME251024C00040000,CALL,40.0,2025-10-24,30,-32.775,30,0.0,32.775,FAR,NEAREST_REGULAR_STRIKE,95,bars/O_GME251024C00040000.json,False,2025-09-17,2025-10-15
2025-09-24T13:30:00+00:00,2025-09-24T13:45:00+00:00,2025-09-24,26.89,ENTRY_FORMING,STRONG START,57.0,43.0,6.0,DISCOVERY,GME,GME-PR-0023,O:GME251024P00040000,PUT,40.0,2025-10-24,30,32.775,30,0.0,32.775,FAR,NEAREST_REGULAR_STRIKE,0,bars/O_GME251024P00040000.json,False,2025-09-17,2025-10-15
2025-09-24T13:30:00+00:00,2025-09-24T13:45:00+00:00,2025-09-24,134.3675,CONTINUATION,RELOAD,36.0,34.0,0.0,DISCOVERY,RBLX,RBLX-PR-0024,O:RBLX251010C00134000,CALL,134.0,2025-10-10,16,0.2742537313432887,14,0.0,0.2742537313432887,NEAR_ATM,WITHIN_TOLERANCE,152,bars/O_RBLX251010C00134000.json,True,2025-09-17,2025-10-10
2025-09-24T13:30:00+00:00,2025-09-24T13:45:00+00:00,2025-09-24,134.3675,CONTINUATION,RELOAD,36.0,34.0,0.0,DISCOVERY,RBLX,RBLX-PR-0024,O:RBLX251010P00134000,PUT,134.0,2025-10-10,16,-0.2742537313432887,14,0.0,0.2742537313432887,NEAR_ATM,WITHIN_TOLERANCE,94,bars/O_RBLX251010P00134000.json,False,2025-09-17,2025-10-10
2025-09-24T13:30:00+00:00,2025-09-24T13:45:00+00:00,2025-09-24,134.3675,CONTINUATION,RELOAD,36.0,34.0,0.0,DISCOVERY,RBLX,RBLX-PR-0024,O:RBLX251024C00134000,CALL,134.0,2025-10-24,30,0.2742537313432887,30,0.0,0.2742537313432887,NEAR_ATM,WITHIN_TOLERANCE,105,bars/O_RBLX251024C00134000.json,False,2025-09-17,2025-10-15
2025-09-24T13:30:00+00:00,2025-09-24T13:45:00+00:00,2025-09-24,134.3675,CONTINUATION,RELOAD,36.0,34.0,0.0,DISCOVERY,RBLX,RBLX-PR-0024,O:RBLX251024P00134000,PUT,134.0,2025-10-24,30,-0.2742537313432887,30,0.0,0.2742537313432887,NEAR_ATM,WITHIN_TOLERANCE,72,bars/O_RBLX251024P00134000.json,False,2025-09-17,2025-10-15
2025-09-26T19:30:00+00:00,2025-09-26T19:45:00+00:00,2025-09-26,176.135,ENTRY_FORMING,STRONG START,100.0,67.0,0.0,DISCOVERY,LULU,LULU-PR-0022,O:LULU251010C00175000,CALL,175.0,2025-10-10,14,0.6485714285714234,14,0.0,0.6485714285714234,NEAR_ATM,WITHIN_TOLERANCE,403,bars/O_LULU251010C00175000.json,True,2025-09-16,2025-10-10
2025-09-26T19:30:00+00:00,2025-09-26T19:45:00+00:00,2025-09-26,176.135,ENTRY_FORMING,STRONG START,100.0,67.0,0.0,DISCOVERY,LULU,LULU-PR-0022,O:LULU251010P00175000,PUT,175.0,2025-10-10,14,-0.6485714285714234,14,0.0,0.6485714285714234,NEAR_ATM,WITHIN_TOLERANCE,279,bars/O_LULU251010P00175000.json,False,2025-09-16,2025-10-10
2025-09-26T19:30:00+00:00,2025-09-26T19:45:00+00:00,2025-09-26,176.135,ENTRY_FORMING,STRONG START,100.0,67.0,0.0,DISCOVERY,LULU,LULU-PR-0022,O:LULU251024C00175000,CALL,175.0,2025-10-24,28,0.6485714285714234,30,0.0,0.6485714285714234,NEAR_ATM,WITHIN_TOLERANCE,381,bars/O_LULU251024C00175000.json,False,2025-09-16,2025-10-17
2025-09-26T19:30:00+00:00,2025-09-26T19:45:00+00:00,2025-09-26,176.135,ENTRY_FORMING,STRONG START,100.0,67.0,0.0,DISCOVERY,LULU,LULU-PR-0022,O:LULU251024P00175000,PUT,175.0,2025-10-24,28,-0.6485714285714234,30,0.0,0.6485714285714234,NEAR_ATM,WITHIN_TOLERANCE,169,bars/O_LULU251024P00175000.json,False,2025-09-16,2025-10-17
2025-09-29T17:00:00+00:00,2025-09-29T17:15:00+00:00,2025-09-29,69.605,CONTINUATION,ADD,93.0,71.0,0.0,DISCOVERY,PYPL,PYPL-PR-0025,O:PYPL251010C00070000,CALL,70.0,2025-10-10,11,-0.5642857142857086,14,0.0,0.5642857142857086,NEAR_ATM,WITHIN_TOLERANCE,340,bars/O_PYPL251010C00070000.json,True,2025-09-22,2025-10-10
2025-09-29T17:00:00+00:00,2025-09-29T17:15:00+00:00,2025-09-29,69.605,CONTINUATION,ADD,93.0,71.0,0.0,DISCOVERY,PYPL,PYPL-PR-0025,O:PYPL251010P00070000,PUT,70.0,2025-10-10,11,0.5642857142857086,14,0.0,0.5642857142857086,NEAR_ATM,WITHIN_TOLERANCE,223,bars/O_PYPL251010P00070000.json,False,2025-09-22,2025-10-10
2025-09-29T17:00:00+00:00,2025-09-29T17:15:00+00:00,2025-09-29,69.605,CONTINUATION,ADD,93.0,71.0,0.0,DISCOVERY,PYPL,PYPL-PR-0025,O:PYPL251031C00070000,CALL,70.0,2025-10-31,32,-0.5642857142857086,30,0.0,0.5642857142857086,NEAR_ATM,WITHIN_TOLERANCE,457,bars/O_PYPL251031C00070000.json,False,2025-09-22,2025-10-20
2025-09-29T17:00:00+00:00,2025-09-29T17:15:00+00:00,2025-09-29,69.605,CONTINUATION,ADD,93.0,71.0,0.0,DISCOVERY,PYPL,PYPL-PR-0025,O:PYPL251031P00070000,PUT,70.0,2025-10-31,32,0.5642857142857086,30,0.0,0.5642857142857086,NEAR_ATM,WITHIN_TOLERANCE,238,bars/O_PYPL251031P00070000.json,False,2025-09-22,2025-10-20
2025-09-30T19:30:00+00:00,2025-09-30T19:45:00+00:00,2025-09-30,138.6945,ENTRY_FORMING,STRONG START,98.0,66.0,0.0,DISCOVERY,RBLX,RBLX-PR-0025,O:RBLX251017C00139000,CALL,139.0,2025-10-17,17,-0.21978417266186692,14,0.0,0.21978417266186692,NEAR_ATM,WITHIN_TOLERANCE,104,bars/O_RBLX251017C00139000.json,False,2025-09-23,2025-10-17
2025-09-30T19:30:00+00:00,2025-09-30T19:45:00+00:00,2025-09-30,138.6945,ENTRY_FORMING,STRONG START,98.0,66.0,0.0,DISCOVERY,RBLX,RBLX-PR-0025,O:RBLX251017P00139000,PUT,139.0,2025-10-17,17,0.21978417266186692,14,0.0,0.21978417266186692,NEAR_ATM,WITHIN_TOLERANCE,64,bars/O_RBLX251017P00139000.json,False,2025-09-23,2025-10-17
2025-09-30T19:30:00+00:00,2025-09-30T19:45:00+00:00,2025-09-30,138.6945,ENTRY_FORMING,STRONG START,98.0,66.0,0.0,DISCOVERY,RBLX,RBLX-PR-0025,O:RBLX251031C00139000,CALL,139.0,2025-10-31,31,-0.21978417266186692,30,0.0,0.21978417266186692,NEAR_ATM,WITHIN_TOLERANCE,58,bars/O_RBLX251031C00139000.json,False,2025-09-23,2025-10-21
2025-09-30T19:30:00+00:00,2025-09-30T19:45:00+00:00,2025-09-30,138.6945,ENTRY_FORMING,STRONG START,98.0,66.0,0.0,DISCOVERY,RBLX,RBLX-PR-0025,O:RBLX251031P00139000,PUT,139.0,2025-10-31,31,0.21978417266186692,30,0.0,0.21978417266186692,NEAR_ATM,WITHIN_TOLERANCE,17,bars/O_RBLX251031P00139000.json,False,2025-09-23,2025-10-21
2025-10-01T19:45:00+00:00,2025-10-01T20:00:00+00:00,2025-10-01,27.71,CONTINUATION,ADD,100.0,83.0,0.0,DISCOVERY,GME,GME-PR-0024,O:GME251017C00028000,CALL,28.0,2025-10-17,16,-1.0357142857142827,14,0.0,1.0357142857142827,NEAR_ATM,WITHIN_TOLERANCE,396,bars/O_GME251017C00028000.json,False,2025-09-24,2025-10-17
2025-10-01T19:45:00+00:00,2025-10-01T20:00:00+00:00,2025-10-01,27.71,CONTINUATION,ADD,100.0,83.0,0.0,DISCOVERY,GME,GME-PR-0024,O:GME251017P00028000,PUT,28.0,2025-10-17,16,1.0357142857142827,14,0.0,1.0357142857142827,NEAR_ATM,WITHIN_TOLERANCE,127,bars/O_GME251017P00028000.json,False,2025-09-24,2025-10-17
2025-10-01T19:45:00+00:00,2025-10-01T20:00:00+00:00,2025-10-01,27.71,CONTINUATION,ADD,100.0,83.0,0.0,DISCOVERY,GME,GME-PR-0024,O:GME251031C00040000,CALL,40.0,2025-10-31,30,-30.724999999999998,30,0.0,30.724999999999998,FAR,NEAREST_REGULAR_STRIKE,65,bars/O_GME251031C00040000.json,False,2025-09-24,2025-10-22
2025-10-01T19:45:00+00:00,2025-10-01T20:00:00+00:00,2025-10-01,27.71,CONTINUATION,ADD,100.0,83.0,0.0,DISCOVERY,GME,GME-PR-0024,O:GME251031P00040000,PUT,40.0,2025-10-31,30,30.724999999999998,30,0.0,30.724999999999998,FAR,NEAREST_REGULAR_STRIKE,1,bars/O_GME251031P00040000.json,False,2025-09-24,2025-10-22
2025-10-01T19:45:00+00:00,2025-10-01T20:00:00+00:00,2025-10-01,459.47,CONTINUATION,ADD,99.0,75.0,0.0,DISCOVERY,TSLA,TSLA-PR-0023,O:TSLA251017C00460000,CALL,460.0,2025-10-17,16,-0.11521739130434189,14,0.0,0.11521739130434189,NEAR_ATM,WITHIN_TOLERANCE,468,bars/O_TSLA251017C00460000.json,False,2025-09-24,2025-10-17
2025-10-01T19:45:00+00:00,2025-10-01T20:00:00+00:00,2025-10-01,459.47,CONTINUATION,ADD,99.0,75.0,0.0,DISCOVERY,TSLA,TSLA-PR-0023,O:TSLA251017P00460000,PUT,460.0,2025-10-17,16,0.11521739130434189,14,0.0,0.11521739130434189,NEAR_ATM,WITHIN_TOLERANCE,391,bars/O_TSLA251017P00460000.json,False,2025-09-24,2025-10-17
2025-10-01T19:45:00+00:00,2025-10-01T20:00:00+00:00,2025-10-01,459.47,CONTINUATION,ADD,99.0,75.0,0.0,DISCOVERY,TSLA,TSLA-PR-0023,O:TSLA251031C00460000,CALL,460.0,2025-10-31,30,-0.11521739130434189,30,0.0,0.11521739130434189,NEAR_ATM,WITHIN_TOLERANCE,531,bars/O_TSLA251031C00460000.json,False,2025-09-24,2025-10-22
2025-10-01T19:45:00+00:00,2025-10-01T20:00:00+00:00,2025-10-01,459.47,CONTINUATION,ADD,99.0,75.0,0.0,DISCOVERY,TSLA,TSLA-PR-0023,O:TSLA251031P00460000,PUT,460.0,2025-10-31,30,0.11521739130434189,30,0.0,0.11521739130434189,NEAR_ATM,WITHIN_TOLERANCE,291,bars/O_TSLA251031P00460000.json,False,2025-09-24,2025-10-22
2025-10-07T13:30:00+00:00,2025-10-07T13:45:00+00:00,2025-10-07,449.5209,ENTRY_FORMING,STRONG START,99.0,66.0,0.0,DISCOVERY,TSLA,TSLA-PR-0024,O:TSLA251024C00450000,CALL,450.0,2025-10-24,17,-0.10646666666667037,14,0.0,0.10646666666667037,NEAR_ATM,WITHIN_TOLERANCE,494,bars/O_TSLA251024C00450000.json,False,2025-09-30,2025-10-24
2025-10-07T13:30:00+00:00,2025-10-07T13:45:00+00:00,2025-10-07,449.5209,ENTRY_FORMING,STRONG START,99.0,66.0,0.0,DISCOVERY,TSLA,TSLA-PR-0024,O:TSLA251024P00450000,PUT,450.0,2025-10-24,17,0.10646666666667037,14,0.0,0.10646666666667037,NEAR_ATM,WITHIN_TOLERANCE,440,bars/O_TSLA251024P00450000.json,False,2025-09-30,2025-10-24
2025-10-07T13:30:00+00:00,2025-10-07T13:45:00+00:00,2025-10-07,449.5209,ENTRY_FORMING,STRONG START,99.0,66.0,0.0,DISCOVERY,TSLA,TSLA-PR-0024,O:TSLA251107C00450000,CALL,450.0,2025-11-07,31,-0.10646666666667037,30,0.0,0.10646666666667037,NEAR_ATM,WITHIN_TOLERANCE,534,bars/O_TSLA251107C00450000.json,False,2025-09-30,2025-10-28
2025-10-07T13:30:00+00:00,2025-10-07T13:45:00+00:00,2025-10-07,449.5209,ENTRY_FORMING,STRONG START,99.0,66.0,0.0,DISCOVERY,TSLA,TSLA-PR-0024,O:TSLA251107P00450000,PUT,450.0,2025-11-07,31,0.10646666666667037,30,0.0,0.10646666666667037,NEAR_ATM,WITHIN_TOLERANCE,347,bars/O_TSLA251107P00450000.json,False,2025-09-30,2025-10-28
2025-10-09T14:15:00+00:00,2025-10-09T14:30:00+00:00,2025-10-09,11.135,ENTRY_FORMING,CAMPAIGN START,0.0,0.0,17.0,DISCOVERY,VALE,VALE-PR-0023,O:VALE251024C00011000,CALL,11.0,2025-10-24,15,1.2272727272727253,14,0.0,1.2272727272727253,NEAR_ATM,WITHIN_TOLERANCE,161,bars/O_VALE251024C00011000.json,False,2025-10-02,2025-10-24
2025-10-09T14:15:00+00:00,2025-10-09T14:30:00+00:00,2025-10-09,11.135,ENTRY_FORMING,CAMPAIGN START,0.0,0.0,17.0,DISCOVERY,VALE,VALE-PR-0023,O:VALE251024P00011000,PUT,11.0,2025-10-24,15,-1.2272727272727253,14,0.0,1.2272727272727253,NEAR_ATM,WITHIN_TOLERANCE,91,bars/O_VALE251024P00011000.json,False,2025-10-02,2025-10-24
2025-10-09T14:15:00+00:00,2025-10-09T14:30:00+00:00,2025-10-09,11.135,ENTRY_FORMING,CAMPAIGN START,0.0,0.0,17.0,DISCOVERY,VALE,VALE-PR-0023,O:VALE251107C00011000,CALL,11.0,2025-11-07,29,1.2272727272727253,30,0.0,1.2272727272727253,NEAR_ATM,WITHIN_TOLERANCE,95,bars/O_VALE251107C00011000.json,False,2025-10-02,2025-10-30
2025-10-09T14:15:00+00:00,2025-10-09T14:30:00+00:00,2025-10-09,11.135,ENTRY_FORMING,CAMPAIGN START,0.0,0.0,17.0,DISCOVERY,VALE,VALE-PR-0023,O:VALE251107P00011000,PUT,11.0,2025-11-07,29,-1.2272727272727253,30,0.0,1.2272727272727253,NEAR_ATM,WITHIN_TOLERANCE,63,bars/O_VALE251107P00011000.json,False,2025-10-02,2025-10-30
2025-10-15T19:30:00+00:00,2025-10-15T19:45:00+00:00,2025-10-15,664.7788,ENTRY_FORMING,CAMPAIGN START,44.0,29.0,4.0,DISCOVERY,SPY,SPY-PR-0025,O:SPY251028C00665000,CALL,665.0,2025-10-28,13,-0.03326315789472984,14,0.0,0.03326315789472984,NEAR_ATM,WITHIN_TOLERANCE,213,bars/O_SPY251028C00665000.json,True,2025-10-08,2025-10-28
2025-10-15T19:30:00+00:00,2025-10-15T19:45:00+00:00,2025-10-15,664.7788,ENTRY_FORMING,CAMPAIGN START,44.0,29.0,4.0,DISCOVERY,SPY,SPY-PR-0025,O:SPY251028P00665000,PUT,665.0,2025-10-28,13,0.03326315789472984,14,0.0,0.03326315789472984,NEAR_ATM,WITHIN_TOLERANCE,268,bars/O_SPY251028P00665000.json,False,2025-10-08,2025-10-28
2025-10-15T19:30:00+00:00,2025-10-15T19:45:00+00:00,2025-10-15,664.7788,ENTRY_FORMING,CAMPAIGN START,44.0,29.0,4.0,DISCOVERY,SPY,SPY-PR-0025,O:SPY251114C00665000,CALL,665.0,2025-11-14,30,-0.03326315789472984,30,0.0,0.03326315789472984,NEAR_ATM,WITHIN_TOLERANCE,328,bars/O_SPY251114C00665000.json,False,2025-10-08,2025-11-05
2025-10-15T19:30:00+00:00,2025-10-15T19:45:00+00:00,2025-10-15,664.7788,ENTRY_FORMING,CAMPAIGN START,44.0,29.0,4.0,DISCOVERY,SPY,SPY-PR-0025,O:SPY251114P00665000,PUT,665.0,2025-11-14,30,0.03326315789472984,30,0.0,0.03326315789472984,NEAR_ATM,WITHIN_TOLERANCE,514,bars/O_SPY251114P00665000.json,False,2025-10-08,2025-11-05
2025-10-17T19:45:00+00:00,2025-10-17T20:00:00+00:00,2025-10-17,35.245,ENTRY_FORMING,STRONG START,84.0,57.0,0.0,DISCOVERY,U,U-PR-0024,O:U251031C00035000,CALL,35.0,2025-10-31,14,0.6999999999999927,14,0.0,0.6999999999999927,NEAR_ATM,WITHIN_TOLERANCE,95,bars/O_U251031C00035000.json,True,2025-10-10,2025-10-31
2025-10-17T19:45:00+00:00,2025-10-17T20:00:00+00:00,2025-10-17,35.245,ENTRY_FORMING,STRONG START,84.0,57.0,0.0,DISCOVERY,U,U-PR-0024,O:U251031P00035000,PUT,35.0,2025-10-31,14,-0.6999999999999927,14,0.0,0.6999999999999927,NEAR_ATM,WITHIN_TOLERANCE,174,bars/O_U251031P00035000.json,False,2025-10-10,2025-10-31
2025-10-17T19:45:00+00:00,2025-10-17T20:00:00+00:00,2025-10-17,35.245,ENTRY_FORMING,STRONG START,84.0,57.0,0.0,DISCOVERY,U,U-PR-0024,O:U251114C00035000,CALL,35.0,2025-11-14,28,0.6999999999999927,30,0.0,0.6999999999999927,NEAR_ATM,WITHIN_TOLERANCE,43,bars/O_U251114C00035000.json,False,2025-10-10,2025-11-07
2025-10-17T19:45:00+00:00,2025-10-17T20:00:00+00:00,2025-10-17,35.245,ENTRY_FORMING,STRONG START,84.0,57.0,0.0,DISCOVERY,U,U-PR-0024,O:U251114P00035000,PUT,35.0,2025-11-14,28,-0.6999999999999927,30,0.0,0.6999999999999927,NEAR_ATM,WITHIN_TOLERANCE,84,bars/O_U251114P00035000.json,False,2025-10-10,2025-11-07
2025-10-24T14:00:00+00:00,2025-10-24T14:15:00+00:00,2025-10-24,181.25,CONTINUATION,ADD,100.0,73.0,0.0,DISCOVERY,LULU,LULU-PR-0023,O:LULU251107C00182500,CALL,182.5,2025-11-07,14,-0.684931506849315,14,0.0,0.684931506849315,NEAR_ATM,WITHIN_TOLERANCE,210,bars/O_LULU251107C00182500.json,False,2025-10-17,2025-11-07
2025-10-24T14:00:00+00:00,2025-10-24T14:15:00+00:00,2025-10-24,181.25,CONTINUATION,ADD,100.0,73.0,0.0,DISCOVERY,LULU,LULU-PR-0023,O:LULU251107P00182500,PUT,182.5,2025-11-07,14,0.684931506849315,14,0.0,0.684931506849315,NEAR_ATM,WITHIN_TOLERANCE,60,bars/O_LULU251107P00182500.json,False,2025-10-17,2025-11-07
2025-10-24T14:00:00+00:00,2025-10-24T14:15:00+00:00,2025-10-24,181.25,CONTINUATION,ADD,100.0,73.0,0.0,DISCOVERY,LULU,LULU-PR-0023,O:LULU251121C00182500,CALL,182.5,2025-11-21,28,-0.684931506849315,30,0.0,0.684931506849315,NEAR_ATM,WITHIN_TOLERANCE,234,bars/O_LULU251121C00182500.json,False,2025-10-17,2025-11-14
2025-10-24T14:00:00+00:00,2025-10-24T14:15:00+00:00,2025-10-24,181.25,CONTINUATION,ADD,100.0,73.0,0.0,DISCOVERY,LULU,LULU-PR-0023,O:LULU251121P00182500,PUT,182.5,2025-11-21,28,0.684931506849315,30,0.0,0.684931506849315,NEAR_ATM,WITHIN_TOLERANCE,31,bars/O_LULU251121P00182500.json,False,2025-10-17,2025-11-14
2025-10-27T14:00:00+00:00,2025-10-27T14:15:00+00:00,2025-10-27,70.735,ENTRY_FORMING,STRONG START,98.0,66.0,0.0,DISCOVERY,PYPL,PYPL-PR-0026,O:PYPL251107C00071000,CALL,71.0,2025-11-07,11,-0.3732394366197191,14,0.0,0.3732394366197191,NEAR_ATM,WITHIN_TOLERANCE,292,bars/O_PYPL251107C00071000.json,True,2025-10-20,2025-11-07
2025-10-27T14:00:00+00:00,2025-10-27T14:15:00+00:00,2025-10-27,70.735,ENTRY_FORMING,STRONG START,98.0,66.0,0.0,DISCOVERY,PYPL,PYPL-PR-0026,O:PYPL251107P00071000,PUT,71.0,2025-11-07,11,0.3732394366197191,14,0.0,0.3732394366197191,NEAR_ATM,WITHIN_TOLERANCE,154,bars/O_PYPL251107P00071000.json,False,2025-10-20,2025-11-07
2025-10-27T14:00:00+00:00,2025-10-27T14:15:00+00:00,2025-10-27,70.735,ENTRY_FORMING,STRONG START,98.0,66.0,0.0,DISCOVERY,PYPL,PYPL-PR-0026,O:PYPL251128C00071000,CALL,71.0,2025-11-28,32,-0.3732394366197191,30,0.0,0.3732394366197191,NEAR_ATM,WITHIN_TOLERANCE,245,bars/O_PYPL251128C00071000.json,False,2025-10-20,2025-11-17
2025-10-27T14:00:00+00:00,2025-10-27T14:15:00+00:00,2025-10-27,70.735,ENTRY_FORMING,STRONG START,98.0,66.0,0.0,DISCOVERY,PYPL,PYPL-PR-0026,O:PYPL251128P00071000,PUT,71.0,2025-11-28,32,0.3732394366197191,30,0.0,0.3732394366197191,NEAR_ATM,WITHIN_TOLERANCE,60,bars/O_PYPL251128P00071000.json,False,2025-10-20,2025-11-17
2025-10-28T13:30:00+00:00,2025-10-28T13:45:00+00:00,2025-10-28,11.495,ENTRY_FORMING,STRONG START,91.0,63.0,0.0,DISCOVERY,VALE,VALE-PR-0024,O:VALE251114C00011500,CALL,11.5,2025-11-14,17,-0.04347826086957201,14,0.0,0.04347826086957201,NEAR_ATM,WITHIN_TOLERANCE,52,bars/O_VALE251114C00011500.json,True,2025-10-21,2025-11-14
2025-10-28T13:30:00+00:00,2025-10-28T13:45:00+00:00,2025-10-28,11.495,ENTRY_FORMING,STRONG START,91.0,63.0,0.0,DISCOVERY,VALE,VALE-PR-0024,O:VALE251114P00011500,PUT,11.5,2025-11-14,17,0.04347826086957201,14,0.0,0.04347826086957201,NEAR_ATM,WITHIN_TOLERANCE,35,bars/O_VALE251114P00011500.json,False,2025-10-21,2025-11-14
2025-10-28T13:30:00+00:00,2025-10-28T13:45:00+00:00,2025-10-28,11.495,ENTRY_FORMING,STRONG START,91.0,63.0,0.0,DISCOVERY,VALE,VALE-PR-0024,O:VALE251128C00011500,CALL,11.5,2025-11-28,31,-0.04347826086957201,30,0.0,0.04347826086957201,NEAR_ATM,WITHIN_TOLERANCE,37,bars/O_VALE251128C00011500.json,False,2025-10-21,2025-11-18
2025-10-28T13:30:00+00:00,2025-10-28T13:45:00+00:00,2025-10-28,11.495,ENTRY_FORMING,STRONG START,91.0,63.0,0.0,DISCOVERY,VALE,VALE-PR-0024,O:VALE251128P00011500,PUT,11.5,2025-11-28,31,0.04347826086957201,30,0.0,0.04347826086957201,NEAR_ATM,WITHIN_TOLERANCE,22,bars/O_VALE251128P00011500.json,False,2025-10-21,2025-11-18
2025-10-30T17:45:00+00:00,2025-10-30T18:00:00+00:00,2025-10-30,11.89,CONTINUATION,ADD,98.0,85.0,0.0,DISCOVERY,VALE,VALE-PR-0025,O:VALE251114C00012000,CALL,12.0,2025-11-14,15,-0.916666666666662,14,0.0,0.916666666666662,NEAR_ATM,WITHIN_TOLERANCE,132,bars/O_VALE251114C00012000.json,False,2025-10-23,2025-11-14
2025-10-30T17:45:00+00:00,2025-10-30T18:00:00+00:00,2025-10-30,11.89,CONTINUATION,ADD,98.0,85.0,0.0,DISCOVERY,VALE,VALE-PR-0025,O:VALE251114P00012000,PUT,12.0,2025-11-14,15,0.916666666666662,14,0.0,0.916666666666662,NEAR_ATM,WITHIN_TOLERANCE,72,bars/O_VALE251114P00012000.json,False,2025-10-23,2025-11-14
2025-10-30T17:45:00+00:00,2025-10-30T18:00:00+00:00,2025-10-30,11.89,CONTINUATION,ADD,98.0,85.0,0.0,DISCOVERY,VALE,VALE-PR-0025,O:VALE251128C00012000,CALL,12.0,2025-11-28,29,-0.916666666666662,30,0.0,0.916666666666662,NEAR_ATM,WITHIN_TOLERANCE,53,bars/O_VALE251128C00012000.json,False,2025-10-23,2025-11-20
2025-10-30T17:45:00+00:00,2025-10-30T18:00:00+00:00,2025-10-30,11.89,CONTINUATION,ADD,98.0,85.0,0.0,DISCOVERY,VALE,VALE-PR-0025,O:VALE251128P00012000,PUT,12.0,2025-11-28,29,0.916666666666662,30,0.0,0.916666666666662,NEAR_ATM,WITHIN_TOLERANCE,27,bars/O_VALE251128P00012000.json,False,2025-10-23,2025-11-20
2025-10-31T13:30:00+00:00,2025-10-31T13:45:00+00:00,2025-10-31,448.1695,CONTINUATION,RELOAD,29.0,36.0,0.0,DISCOVERY,TSLA,TSLA-PR-0025,O:TSLA251114C00447500,CALL,447.5,2025-11-14,14,0.14960893854749224,14,0.0,0.14960893854749224,NEAR_ATM,WITHIN_TOLERANCE,352,bars/O_TSLA251114C00447500.json,True,2025-10-24,2025-11-14
2025-10-31T13:30:00+00:00,2025-10-31T13:45:00+00:00,2025-10-31,448.1695,CONTINUATION,RELOAD,29.0,36.0,0.0,DISCOVERY,TSLA,TSLA-PR-0025,O:TSLA251114P00447500,PUT,447.5,2025-11-14,14,-0.14960893854749224,14,0.0,0.14960893854749224,NEAR_ATM,WITHIN_TOLERANCE,347,bars/O_TSLA251114P00447500.json,False,2025-10-24,2025-11-14
2025-10-31T13:30:00+00:00,2025-10-31T13:45:00+00:00,2025-10-31,448.1695,CONTINUATION,RELOAD,29.0,36.0,0.0,DISCOVERY,TSLA,TSLA-PR-0025,O:TSLA251128C00450000,CALL,450.0,2025-11-28,28,-0.40677777777777163,30,0.0,0.40677777777777163,NEAR_ATM,WITHIN_TOLERANCE,539,bars/O_TSLA251128C00450000.json,False,2025-10-24,2025-11-21
2025-10-31T13:30:00+00:00,2025-10-31T13:45:00+00:00,2025-10-31,448.1695,CONTINUATION,RELOAD,29.0,36.0,0.0,DISCOVERY,TSLA,TSLA-PR-0025,O:TSLA251128P00450000,PUT,450.0,2025-11-28,28,0.40677777777777163,30,0.0,0.40677777777777163,NEAR_ATM,WITHIN_TOLERANCE,455,bars/O_TSLA251128P00450000.json,False,2025-10-24,2025-11-21
2025-11-05T14:30:00+00:00,2025-11-05T14:45:00+00:00,2025-11-05,39.435,CONTINUATION,RELOAD,77.0,53.0,0.0,DISCOVERY,U,U-PR-0025,O:U251121C00039500,CALL,39.5,2025-11-21,16,-0.1645569620253107,14,0.0,0.1645569620253107,NEAR_ATM,WITHIN_TOLERANCE,155,bars/O_U251121C00039500.json,False,2025-10-29,2025-11-21
2025-11-05T14:30:00+00:00,2025-11-05T14:45:00+00:00,2025-11-05,39.435,CONTINUATION,RELOAD,77.0,53.0,0.0,DISCOVERY,U,U-PR-0025,O:U251121P00039500,PUT,39.5,2025-11-21,16,0.1645569620253107,14,0.0,0.1645569620253107,NEAR_ATM,WITHIN_TOLERANCE,79,bars/O_U251121P00039500.json,False,2025-10-29,2025-11-21
2025-11-05T14:30:00+00:00,2025-11-05T14:45:00+00:00,2025-11-05,39.435,CONTINUATION,RELOAD,77.0,53.0,0.0,DISCOVERY,U,U-PR-0025,O:U251205C00039000,CALL,39.0,2025-12-05,30,1.1153846153846212,30,0.0,1.1153846153846212,NEAR_ATM,WITHIN_TOLERANCE,53,bars/O_U251205C00039000.json,False,2025-10-29,2025-11-26
2025-11-05T14:30:00+00:00,2025-11-05T14:45:00+00:00,2025-11-05,39.435,CONTINUATION,RELOAD,77.0,53.0,0.0,DISCOVERY,U,U-PR-0025,O:U251205P00039000,PUT,39.0,2025-12-05,30,-1.1153846153846212,30,0.0,1.1153846153846212,NEAR_ATM,WITHIN_TOLERANCE,49,bars/O_U251205P00039000.json,False,2025-10-29,2025-11-26
2025-11-05T19:45:00+00:00,2025-11-05T20:00:00+00:00,2025-11-05,22.165,ENTRY_FORMING,CAMPAIGN START,86.0,59.0,0.0,DISCOVERY,GME,GME-PR-0025,O:GME251121C00022000,CALL,22.0,2025-11-21,16,0.7499999999999961,14,0.0,0.7499999999999961,NEAR_ATM,WITHIN_TOLERANCE,413,bars/O_GME251121C00022000.json,True,2025-10-29,2025-11-21
2025-11-05T19:45:00+00:00,2025-11-05T20:00:00+00:00,2025-11-05,22.165,ENTRY_FORMING,CAMPAIGN START,86.0,59.0,0.0,DISCOVERY,GME,GME-PR-0025,O:GME251121P00022000,PUT,22.0,2025-11-21,16,-0.7499999999999961,14,0.0,0.7499999999999961,NEAR_ATM,WITHIN_TOLERANCE,371,bars/O_GME251121P00022000.json,False,2025-10-29,2025-11-21
2025-11-05T19:45:00+00:00,2025-11-05T20:00:00+00:00,2025-11-05,22.165,ENTRY_FORMING,CAMPAIGN START,86.0,59.0,0.0,DISCOVERY,GME,GME-PR-0025,O:GME251205C00022000,CALL,22.0,2025-12-05,30,0.7499999999999961,30,0.0,0.7499999999999961,NEAR_ATM,WITHIN_TOLERANCE,333,bars/O_GME251205C00022000.json,False,2025-10-29,2025-11-26
2025-11-05T19:45:00+00:00,2025-11-05T20:00:00+00:00,2025-11-05,22.165,ENTRY_FORMING,CAMPAIGN START,86.0,59.0,0.0,DISCOVERY,GME,GME-PR-0025,O:GME251205P00022000,PUT,22.0,2025-12-05,30,-0.7499999999999961,30,0.0,0.7499999999999961,NEAR_ATM,WITHIN_TOLERANCE,197,bars/O_GME251205P00022000.json,False,2025-10-29,2025-11-26
2025-11-10T14:30:00+00:00,2025-11-10T14:45:00+00:00,2025-11-10,438.305,ENTRY_FORMING,STRONG START,79.0,56.0,0.0,DISCOVERY,TSLA,TSLA-PR-0026,O:TSLA251121C00437500,CALL,437.5,2025-11-21,11,0.18400000000000158,14,0.0,0.18400000000000158,NEAR_ATM,WITHIN_TOLERANCE,348,bars/O_TSLA251121C00437500.json,True,2025-11-03,2025-11-21
2025-11-10T14:30:00+00:00,2025-11-10T14:45:00+00:00,2025-11-10,438.305,ENTRY_FORMING,STRONG START,79.0,56.0,0.0,DISCOVERY,TSLA,TSLA-PR-0026,O:TSLA251121P00437500,PUT,437.5,2025-11-21,11,-0.18400000000000158,14,0.0,0.18400000000000158,NEAR_ATM,WITHIN_TOLERANCE,314,bars/O_TSLA251121P00437500.json,False,2025-11-03,2025-11-21
2025-11-10T14:30:00+00:00,2025-11-10T14:45:00+00:00,2025-11-10,438.305,ENTRY_FORMING,STRONG START,79.0,56.0,0.0,DISCOVERY,TSLA,TSLA-PR-0026,O:TSLA251212C00440000,CALL,440.0,2025-12-12,32,-0.38522727272727114,30,0.0,0.38522727272727114,NEAR_ATM,WITHIN_TOLERANCE,442,bars/O_TSLA251212C00440000.json,False,2025-11-03,2025-12-01
2025-11-10T14:30:00+00:00,2025-11-10T14:45:00+00:00,2025-11-10,438.305,ENTRY_FORMING,STRONG START,79.0,56.0,0.0,DISCOVERY,TSLA,TSLA-PR-0026,O:TSLA251212P00440000,PUT,440.0,2025-12-12,32,0.38522727272727114,30,0.0,0.38522727272727114,NEAR_ATM,WITHIN_TOLERANCE,288,bars/O_TSLA251212P00440000.json,False,2025-11-03,2025-12-01
2025-11-10T20:00:00+00:00,2025-11-10T20:15:00+00:00,2025-11-10,106.295,ENTRY_FORMING,STRONG START,93.0,60.0,0.0,DISCOVERY,RBLX,RBLX-PR-0026,O:RBLX251121C00106000,CALL,106.0,2025-11-21,11,0.27830188679245443,14,0.0,0.27830188679245443,NEAR_ATM,WITHIN_TOLERANCE,125,bars/O_RBLX251121C00106000.json,True,2025-11-03,2025-11-21
2025-11-10T20:00:00+00:00,2025-11-10T20:15:00+00:00,2025-11-10,106.295,ENTRY_FORMING,STRONG START,93.0,60.0,0.0,DISCOVERY,RBLX,RBLX-PR-0026,O:RBLX251121P00106000,PUT,106.0,2025-11-21,11,-0.27830188679245443,14,0.0,0.27830188679245443,NEAR_ATM,WITHIN_TOLERANCE,37,bars/O_RBLX251121P00106000.json,False,2025-11-03,2025-11-21
2025-11-10T20:00:00+00:00,2025-11-10T20:15:00+00:00,2025-11-10,106.295,ENTRY_FORMING,STRONG START,93.0,60.0,0.0,DISCOVERY,RBLX,RBLX-PR-0026,O:RBLX251212C00106000,CALL,106.0,2025-12-12,32,0.27830188679245443,30,0.0,0.27830188679245443,NEAR_ATM,WITHIN_TOLERANCE,44,bars/O_RBLX251212C00106000.json,False,2025-11-03,2025-12-01
2025-11-10T20:00:00+00:00,2025-11-10T20:15:00+00:00,2025-11-10,106.295,ENTRY_FORMING,STRONG START,93.0,60.0,0.0,DISCOVERY,RBLX,RBLX-PR-0026,O:RBLX251212P00106000,PUT,106.0,2025-12-12,32,-0.27830188679245443,30,0.0,0.27830188679245443,NEAR_ATM,WITHIN_TOLERANCE,7,bars/O_RBLX251212P00106000.json,False,2025-11-03,2025-12-01
2025-11-10T20:45:00+00:00,2025-11-10T21:00:00+00:00,2025-11-10,681.33,CONTINUATION,ADD,93.0,70.0,0.0,DISCOVERY,SPY,SPY-PR-0026,O:SPY251124C00680000,CALL,680.0,2025-11-24,14,0.19558823529412364,14,0.0,0.19558823529412364,NEAR_ATM,WITHIN_TOLERANCE,284,bars/O_SPY251124C00680000.json,True,2025-11-03,2025-11-24
2025-11-10T20:45:00+00:00,2025-11-10T21:00:00+00:00,2025-11-10,681.33,CONTINUATION,ADD,93.0,70.0,0.0,DISCOVERY,SPY,SPY-PR-0026,O:SPY251124P00680000,PUT,680.0,2025-11-24,14,-0.19558823529412364,14,0.0,0.19558823529412364,NEAR_ATM,WITHIN_TOLERANCE,219,bars/O_SPY251124P00680000.json,False,2025-11-03,2025-11-24
2025-11-10T20:45:00+00:00,2025-11-10T21:00:00+00:00,2025-11-10,681.33,CONTINUATION,ADD,93.0,70.0,0.0,DISCOVERY,SPY,SPY-PR-0026,O:SPY251212C00681000,CALL,681.0,2025-12-12,32,0.048458149779741694,30,0.0,0.048458149779741694,NEAR_ATM,WITHIN_TOLERANCE,371,bars/O_SPY251212C00681000.json,False,2025-11-03,2025-12-01
2025-11-10T20:45:00+00:00,2025-11-10T21:00:00+00:00,2025-11-10,681.33,CONTINUATION,ADD,93.0,70.0,0.0,DISCOVERY,SPY,SPY-PR-0026,O:SPY251212P00681000,PUT,681.0,2025-12-12,32,-0.048458149779741694,30,0.0,0.048458149779741694,NEAR_ATM,WITHIN_TOLERANCE,209,bars/O_SPY251212P00681000.json,False,2025-11-03,2025-12-01
2025-11-11T16:45:00+00:00,2025-11-11T17:00:00+00:00,2025-11-11,67.15,CONTINUATION,ADD,88.0,62.0,0.0,DISCOVERY,PYPL,PYPL-PR-0027,O:PYPL251128C00067000,CALL,67.0,2025-11-28,17,0.22388059701493385,14,0.0,0.22388059701493385,NEAR_ATM,WITHIN_TOLERANCE,250,bars/O_PYPL251128C00067000.json,False,2025-11-04,2025-11-28
2025-11-11T16:45:00+00:00,2025-11-11T17:00:00+00:00,2025-11-11,67.15,CONTINUATION,ADD,88.0,62.0,0.0,DISCOVERY,PYPL,PYPL-PR-0027,O:PYPL251128P00067000,PUT,67.0,2025-11-28,17,-0.22388059701493385,14,0.0,0.22388059701493385,NEAR_ATM,WITHIN_TOLERANCE,176,bars/O_PYPL251128P00067000.json,False,2025-11-04,2025-11-28
2025-11-11T16:45:00+00:00,2025-11-11T17:00:00+00:00,2025-11-11,67.15,CONTINUATION,ADD,88.0,62.0,0.0,DISCOVERY,PYPL,PYPL-PR-0027,O:PYPL251212C00067000,CALL,67.0,2025-12-12,31,0.22388059701493385,30,0.0,0.22388059701493385,NEAR_ATM,WITHIN_TOLERANCE,211,bars/O_PYPL251212C00067000.json,False,2025-11-04,2025-12-02
2025-11-11T16:45:00+00:00,2025-11-11T17:00:00+00:00,2025-11-11,67.15,CONTINUATION,ADD,88.0,62.0,0.0,DISCOVERY,PYPL,PYPL-PR-0027,O:PYPL251212P00067000,PUT,67.0,2025-12-12,31,-0.22388059701493385,30,0.0,0.22388059701493385,NEAR_ATM,WITHIN_TOLERANCE,83,bars/O_PYPL251212P00067000.json,False,2025-11-04,2025-12-02
2025-11-11T19:45:00+00:00,2025-11-11T20:00:00+00:00,2025-11-11,171.2601,ENTRY_FORMING,STRONG START,100.0,67.0,0.0,DISCOVERY,LULU,LULU-PR-0024,O:LULU251128C00172500,CALL,172.5,2025-11-28,17,-0.7187826086956556,14,0.0,0.7187826086956556,NEAR_ATM,WITHIN_TOLERANCE,199,bars/O_LULU251128C00172500.json,False,2025-11-04,2025-11-28
2025-11-11T19:45:00+00:00,2025-11-11T20:00:00+00:00,2025-11-11,171.2601,ENTRY_FORMING,STRONG START,100.0,67.0,0.0,DISCOVERY,LULU,LULU-PR-0024,O:LULU251128P00172500,PUT,172.5,2025-11-28,17,0.7187826086956556,14,0.0,0.7187826086956556,NEAR_ATM,WITHIN_TOLERANCE,127,bars/O_LULU251128P00172500.json,False,2025-11-04,2025-11-28
2025-11-11T19:45:00+00:00,2025-11-11T20:00:00+00:00,2025-11-11,171.2601,ENTRY_FORMING,STRONG START,100.0,67.0,0.0,DISCOVERY,LULU,LULU-PR-0024,O:LULU251212C00170000,CALL,170.0,2025-12-12,31,0.7412352941176437,30,0.0,0.7412352941176437,NEAR_ATM,WITHIN_TOLERANCE,165,bars/O_LULU251212C00170000.json,False,2025-11-04,2025-12-02
2025-11-11T19:45:00+00:00,2025-11-11T20:00:00+00:00,2025-11-11,171.2601,ENTRY_FORMING,STRONG START,100.0,67.0,0.0,DISCOVERY,LULU,LULU-PR-0024,O:LULU251212P00170000,PUT,170.0,2025-12-12,31,-0.7412352941176437,30,0.0,0.7412352941176437,NEAR_ATM,WITHIN_TOLERANCE,189,bars/O_LULU251212P00170000.json,False,2025-11-04,2025-12-02
2025-11-14T20:15:00+00:00,2025-11-14T20:30:00+00:00,2025-11-14,102.88,CONTINUATION,RELOAD,95.0,64.0,0.0,DISCOVERY,RBLX,RBLX-PR-0027,O:RBLX251128C00103000,CALL,103.0,2025-11-28,14,-0.11650485436893646,14,0.0,0.11650485436893646,NEAR_ATM,WITHIN_TOLERANCE,60,bars/O_RBLX251128C00103000.json,False,2025-11-07,2025-11-28
2025-11-14T20:15:00+00:00,2025-11-14T20:30:00+00:00,2025-11-14,102.88,CONTINUATION,RELOAD,95.0,64.0,0.0,DISCOVERY,RBLX,RBLX-PR-0027,O:RBLX251128P00103000,PUT,103.0,2025-11-28,14,0.11650485436893646,14,0.0,0.11650485436893646,NEAR_ATM,WITHIN_TOLERANCE,23,bars/O_RBLX251128P00103000.json,False,2025-11-07,2025-11-28
2025-11-14T20:15:00+00:00,2025-11-14T20:30:00+00:00,2025-11-14,102.88,CONTINUATION,RELOAD,95.0,64.0,0.0,DISCOVERY,RBLX,RBLX-PR-0027,O:RBLX251212C00103000,CALL,103.0,2025-12-12,28,-0.11650485436893646,30,0.0,0.11650485436893646,NEAR_ATM,WITHIN_TOLERANCE,50,bars/O_RBLX251212C00103000.json,False,2025-11-07,2025-12-05
2025-11-14T20:15:00+00:00,2025-11-14T20:30:00+00:00,2025-11-14,102.88,CONTINUATION,RELOAD,95.0,64.0,0.0,DISCOVERY,RBLX,RBLX-PR-0027,O:RBLX251212P00103000,PUT,103.0,2025-12-12,28,0.11650485436893646,30,0.0,0.11650485436893646,NEAR_ATM,WITHIN_TOLERANCE,25,bars/O_RBLX251212P00103000.json,False,2025-11-07,2025-12-05
2025-11-21T18:30:00+00:00,2025-11-21T18:45:00+00:00,2025-11-21,169.58,CONTINUATION,ADD,39.0,27.0,7.0,DISCOVERY,LULU,LULU-PR-0025,O:LULU251205C00170000,CALL,170.0,2025-12-05,14,-0.2470588235294044,14,0.0,0.2470588235294044,NEAR_ATM,WITHIN_TOLERANCE,179,bars/O_LULU251205C00170000.json,True,2025-11-14,2025-12-05
2025-11-21T18:30:00+00:00,2025-11-21T18:45:00+00:00,2025-11-21,169.58,CONTINUATION,ADD,39.0,27.0,7.0,DISCOVERY,LULU,LULU-PR-0025,O:LULU251205P00170000,PUT,170.0,2025-12-05,14,0.2470588235294044,14,0.0,0.2470588235294044,NEAR_ATM,WITHIN_TOLERANCE,186,bars/O_LULU251205P00170000.json,False,2025-11-14,2025-12-05
2025-11-21T18:30:00+00:00,2025-11-21T18:45:00+00:00,2025-11-21,169.58,CONTINUATION,ADD,39.0,27.0,7.0,DISCOVERY,LULU,LULU-PR-0025,O:LULU251219C00170000,CALL,170.0,2025-12-19,28,-0.2470588235294044,30,0.0,0.2470588235294044,NEAR_ATM,WITHIN_TOLERANCE,233,bars/O_LULU251219C00170000.json,False,2025-11-14,2025-12-12
2025-11-21T18:30:00+00:00,2025-11-21T18:45:00+00:00,2025-11-21,169.58,CONTINUATION,ADD,39.0,27.0,7.0,DISCOVERY,LULU,LULU-PR-0025,O:LULU251219P00170000,PUT,170.0,2025-12-19,28,0.2470588235294044,30,0.0,0.2470588235294044,NEAR_ATM,WITHIN_TOLERANCE,362,bars/O_LULU251219P00170000.json,False,2025-11-14,2025-12-12
2025-11-25T19:45:00+00:00,2025-11-25T20:00:00+00:00,2025-11-25,12.2125,ENTRY_FORMING,STRONG START,99.0,67.0,0.0,DISCOVERY,VALE,VALE-PR-0026,O:VALE251212C00012000,CALL,12.0,2025-12-12,17,1.7708333333333364,14,0.0,1.7708333333333364,NEAR_ATM,WITHIN_TOLERANCE,31,bars/O_VALE251212C00012000.json,False,2025-11-18,2025-12-12
2025-11-25T19:45:00+00:00,2025-11-25T20:00:00+00:00,2025-11-25,12.2125,ENTRY_FORMING,STRONG START,99.0,67.0,0.0,DISCOVERY,VALE,VALE-PR-0026,O:VALE251212P00012000,PUT,12.0,2025-12-12,17,-1.7708333333333364,14,0.0,1.7708333333333364,NEAR_ATM,WITHIN_TOLERANCE,68,bars/O_VALE251212P00012000.json,False,2025-11-18,2025-12-12
2025-11-25T19:45:00+00:00,2025-11-25T20:00:00+00:00,2025-11-25,12.2125,ENTRY_FORMING,STRONG START,99.0,67.0,0.0,DISCOVERY,VALE,VALE-PR-0026,O:VALE251226C00012000,CALL,12.0,2025-12-26,31,1.7708333333333364,30,0.0,1.7708333333333364,NEAR_ATM,WITHIN_TOLERANCE,27,bars/O_VALE251226C00012000.json,False,2025-11-18,2025-12-16
2025-11-25T19:45:00+00:00,2025-11-25T20:00:00+00:00,2025-11-25,12.2125,ENTRY_FORMING,STRONG START,99.0,67.0,0.0,DISCOVERY,VALE,VALE-PR-0026,O:VALE251226P00012000,PUT,12.0,2025-12-26,31,-1.7708333333333364,30,0.0,1.7708333333333364,NEAR_ATM,WITHIN_TOLERANCE,37,bars/O_VALE251226P00012000.json,False,2025-11-18,2025-12-16
2025-12-01T20:45:00+00:00,2025-12-01T21:00:00+00:00,2025-12-01,22.78,CONTINUATION,ADD,99.0,81.0,0.0,DISCOVERY,GME,GME-PR-0026,O:GME251212C00023000,CALL,23.0,2025-12-12,11,-0.9565217391304299,14,0.0,0.9565217391304299,NEAR_ATM,WITHIN_TOLERANCE,342,bars/O_GME251212C00023000.json,True,2025-11-24,2025-12-12
2025-12-01T20:45:00+00:00,2025-12-01T21:00:00+00:00,2025-12-01,22.78,CONTINUATION,ADD,99.0,81.0,0.0,DISCOVERY,GME,GME-PR-0026,O:GME251212P00023000,PUT,23.0,2025-12-12,11,0.9565217391304299,14,0.0,0.9565217391304299,NEAR_ATM,WITHIN_TOLERANCE,276,bars/O_GME251212P00023000.json,False,2025-11-24,2025-12-12
2025-12-01T20:45:00+00:00,2025-12-01T21:00:00+00:00,2025-12-01,22.78,CONTINUATION,ADD,99.0,81.0,0.0,DISCOVERY,GME,GME-PR-0026,O:GME260102C00023000,CALL,23.0,2026-01-02,32,-0.9565217391304299,30,0.0,0.9565217391304299,NEAR_ATM,WITHIN_TOLERANCE,510,bars/O_GME260102C00023000.json,False,2025-11-24,2026-01-02
2025-12-01T20:45:00+00:00,2025-12-01T21:00:00+00:00,2025-12-01,22.78,CONTINUATION,ADD,99.0,81.0,0.0,DISCOVERY,GME,GME-PR-0026,O:GME260102P00023000,PUT,23.0,2026-01-02,32,0.9565217391304299,30,0.0,0.9565217391304299,NEAR_ATM,WITHIN_TOLERANCE,138,bars/O_GME260102P00023000.json,False,2025-11-24,2026-01-02
2025-12-02T20:45:00+00:00,2025-12-02T21:00:00+00:00,2025-12-02,681.48,ENTRY_FORMING,CAMPAIGN START,99.0,66.0,0.0,DISCOVERY,SPY,SPY-PR-0027,O:SPY251216C00680000,CALL,680.0,2025-12-16,14,0.21764705882353208,14,0.0,0.21764705882353208,NEAR_ATM,WITHIN_TOLERANCE,213,bars/O_SPY251216C00680000.json,False,2025-11-25,2025-12-16
2025-12-02T20:45:00+00:00,2025-12-02T21:00:00+00:00,2025-12-02,681.48,ENTRY_FORMING,CAMPAIGN START,99.0,66.0,0.0,DISCOVERY,SPY,SPY-PR-0027,O:SPY251216P00680000,PUT,680.0,2025-12-16,14,-0.21764705882353208,14,0.0,0.21764705882353208,NEAR_ATM,WITHIN_TOLERANCE,268,bars/O_SPY251216P00680000.json,False,2025-11-25,2025-12-16
2025-12-02T20:45:00+00:00,2025-12-02T21:00:00+00:00,2025-12-02,681.48,ENTRY_FORMING,CAMPAIGN START,99.0,66.0,0.0,DISCOVERY,SPY,SPY-PR-0027,O:SPY251231C00681000,CALL,681.0,2025-12-31,29,0.07048458149780003,30,0.0,0.07048458149780003,NEAR_ATM,WITHIN_TOLERANCE,397,bars/O_SPY251231C00681000.json,False,2025-11-25,2025-12-23
2025-12-02T20:45:00+00:00,2025-12-02T21:00:00+00:00,2025-12-02,681.48,ENTRY_FORMING,CAMPAIGN START,99.0,66.0,0.0,DISCOVERY,SPY,SPY-PR-0027,O:SPY251231P00681000,PUT,681.0,2025-12-31,29,-0.07048458149780003,30,0.0,0.07048458149780003,NEAR_ATM,WITHIN_TOLERANCE,353,bars/O_SPY251231P00681000.json,False,2025-11-25,2025-12-23
2025-12-03T20:30:00+00:00,2025-12-03T20:45:00+00:00,2025-12-03,183.195,ENTRY_FORMING,STRONG START,0.0,0.0,15.0,DISCOVERY,LULU,LULU-PR-0026,O:LULU251219C00182500,CALL,182.5,2025-12-19,16,0.38082191780821545,14,0.0,0.38082191780821545,NEAR_ATM,WITHIN_TOLERANCE,155,bars/O_LULU251219C00182500.json,True,2025-11-26,2025-12-19
2025-12-03T20:30:00+00:00,2025-12-03T20:45:00+00:00,2025-12-03,183.195,ENTRY_FORMING,STRONG START,0.0,0.0,15.0,DISCOVERY,LULU,LULU-PR-0026,O:LULU251219P00182500,PUT,182.5,2025-12-19,16,-0.38082191780821545,14,0.0,0.38082191780821545,NEAR_ATM,WITHIN_TOLERANCE,175,bars/O_LULU251219P00182500.json,False,2025-11-26,2025-12-19
2025-12-03T20:30:00+00:00,2025-12-03T20:45:00+00:00,2025-12-03,183.195,ENTRY_FORMING,STRONG START,0.0,0.0,15.0,DISCOVERY,LULU,LULU-PR-0026,O:LULU260102C00185000,CALL,185.0,2026-01-02,30,-0.9756756756756795,30,0.0,0.9756756756756795,NEAR_ATM,WITHIN_TOLERANCE,106,bars/O_LULU260102C00185000.json,False,2025-11-26,2025-12-24
2025-12-03T20:30:00+00:00,2025-12-03T20:45:00+00:00,2025-12-03,183.195,ENTRY_FORMING,STRONG START,0.0,0.0,15.0,DISCOVERY,LULU,LULU-PR-0026,O:LULU260102P00185000,PUT,185.0,2026-01-02,30,0.9756756756756795,30,0.0,0.9756756756756795,NEAR_ATM,WITHIN_TOLERANCE,73,bars/O_LULU260102P00185000.json,False,2025-11-26,2025-12-24
2025-12-04T16:45:00+00:00,2025-12-04T17:00:00+00:00,2025-12-04,44.3038,CONTINUATION,RELOAD,46.0,40.0,0.0,DISCOVERY,U,U-PR-0026,O:U251219C00044000,CALL,44.0,2025-12-19,15,0.6904545454545511,14,0.0,0.6904545454545511,NEAR_ATM,WITHIN_TOLERANCE,136,bars/O_U251219C00044000.json,True,2025-11-27,2025-12-19
2025-12-04T16:45:00+00:00,2025-12-04T17:00:00+00:00,2025-12-04,44.3038,CONTINUATION,RELOAD,46.0,40.0,0.0,DISCOVERY,U,U-PR-0026,O:U251219P00044000,PUT,44.0,2025-12-19,15,-0.6904545454545511,14,0.0,0.6904545454545511,NEAR_ATM,WITHIN_TOLERANCE,193,bars/O_U251219P00044000.json,False,2025-11-27,2025-12-19
2025-12-04T16:45:00+00:00,2025-12-04T17:00:00+00:00,2025-12-04,44.3038,CONTINUATION,RELOAD,46.0,40.0,0.0,DISCOVERY,U,U-PR-0026,O:U260102C00044000,CALL,44.0,2026-01-02,29,0.6904545454545511,30,0.0,0.6904545454545511,NEAR_ATM,WITHIN_TOLERANCE,33,bars/O_U260102C00044000.json,False,2025-11-27,2025-12-25
2025-12-04T16:45:00+00:00,2025-12-04T17:00:00+00:00,2025-12-04,44.3038,CONTINUATION,RELOAD,46.0,40.0,0.0,DISCOVERY,U,U-PR-0026,O:U260102P00044000,PUT,44.0,2026-01-02,29,-0.6904545454545511,30,0.0,0.6904545454545511,NEAR_ATM,WITHIN_TOLERANCE,80,bars/O_U260102P00044000.json,False,2025-11-27,2025-12-25
2025-12-04T20:45:00+00:00,2025-12-04T21:00:00+00:00,2025-12-04,61.73,ENTRY_FORMING,STRONG START,80.0,55.0,0.0,DISCOVERY,PYPL,PYPL-PR-0028,O:PYPL251219C00062000,CALL,62.0,2025-12-19,15,-0.43548387096774704,14,0.0,0.43548387096774704,NEAR_ATM,WITHIN_TOLERANCE,351,bars/O_PYPL251219C00062000.json,False,2025-11-27,2025-12-19
2025-12-04T20:45:00+00:00,2025-12-04T21:00:00+00:00,2025-12-04,61.73,ENTRY_FORMING,STRONG START,80.0,55.0,0.0,DISCOVERY,PYPL,PYPL-PR-0028,O:PYPL251219P00062000,PUT,62.0,2025-12-19,15,0.43548387096774704,14,0.0,0.43548387096774704,NEAR_ATM,WITHIN_TOLERANCE,272,bars/O_PYPL251219P00062000.json,False,2025-11-27,2025-12-19
2025-12-04T20:45:00+00:00,2025-12-04T21:00:00+00:00,2025-12-04,61.73,ENTRY_FORMING,STRONG START,80.0,55.0,0.0,DISCOVERY,PYPL,PYPL-PR-0028,O:PYPL260102C00062000,CALL,62.0,2026-01-02,29,-0.43548387096774704,30,0.0,0.43548387096774704,NEAR_ATM,WITHIN_TOLERANCE,267,bars/O_PYPL260102C00062000.json,False,2025-11-27,2025-12-25
2025-12-04T20:45:00+00:00,2025-12-04T21:00:00+00:00,2025-12-04,61.73,ENTRY_FORMING,STRONG START,80.0,55.0,0.0,DISCOVERY,PYPL,PYPL-PR-0028,O:PYPL260102P00062000,PUT,62.0,2026-01-02,29,0.43548387096774704,30,0.0,0.43548387096774704,NEAR_ATM,WITHIN_TOLERANCE,117,bars/O_PYPL260102P00062000.json,False,2025-11-27,2025-12-25
2025-12-05T20:45:00+00:00,2025-12-05T21:00:00+00:00,2025-12-05,96.24,ENTRY_FORMING,STRONG START,100.0,67.0,0.0,DISCOVERY,RBLX,RBLX-PR-0028,O:RBLX251219C00096000,CALL,96.0,2025-12-19,14,0.24999999999999467,14,0.0,0.24999999999999467,NEAR_ATM,WITHIN_TOLERANCE,95,bars/O_RBLX251219C00096000.json,False,2025-11-28,2025-12-19
2025-12-05T20:45:00+00:00,2025-12-05T21:00:00+00:00,2025-12-05,96.24,ENTRY_FORMING,STRONG START,100.0,67.0,0.0,DISCOVERY,RBLX,RBLX-PR-0028,O:RBLX251219P00096000,PUT,96.0,2025-12-19,14,-0.24999999999999467,14,0.0,0.24999999999999467,NEAR_ATM,WITHIN_TOLERANCE,55,bars/O_RBLX251219P00096000.json,False,2025-11-28,2025-12-19
2025-12-05T20:45:00+00:00,2025-12-05T21:00:00+00:00,2025-12-05,96.24,ENTRY_FORMING,STRONG START,100.0,67.0,0.0,DISCOVERY,RBLX,RBLX-PR-0028,O:RBLX260102C00096000,CALL,96.0,2026-01-02,28,0.24999999999999467,30,0.0,0.24999999999999467,NEAR_ATM,WITHIN_TOLERANCE,57,bars/O_RBLX260102C00096000.json,False,2025-11-28,2025-12-26
2025-12-05T20:45:00+00:00,2025-12-05T21:00:00+00:00,2025-12-05,96.24,ENTRY_FORMING,STRONG START,100.0,67.0,0.0,DISCOVERY,RBLX,RBLX-PR-0028,O:RBLX260102P00096000,PUT,96.0,2026-01-02,28,-0.24999999999999467,30,0.0,0.24999999999999467,NEAR_ATM,WITHIN_TOLERANCE,16,bars/O_RBLX260102P00096000.json,False,2025-11-28,2025-12-26
2025-12-10T19:00:00+00:00,2025-12-10T19:15:00+00:00,2025-12-10,448.24,ENTRY_FORMING,STRONG START,84.0,60.0,0.0,DISCOVERY,TSLA,TSLA-PR-0027,O:TSLA251226C00447500,CALL,447.5,2025-12-26,16,0.16536312849162216,14,0.0,0.16536312849162216,NEAR_ATM,WITHIN_TOLERANCE,280,bars/O_TSLA251226C00447500.json,False,2025-12-03,2025-12-26
2025-12-10T19:00:00+00:00,2025-12-10T19:15:00+00:00,2025-12-10,448.24,ENTRY_FORMING,STRONG START,84.0,60.0,0.0,DISCOVERY,TSLA,TSLA-PR-0027,O:TSLA251226P00447500,PUT,447.5,2025-12-26,16,-0.16536312849162216,14,0.0,0.16536312849162216,NEAR_ATM,WITHIN_TOLERANCE,324,bars/O_TSLA251226P00447500.json,False,2025-12-03,2025-12-26
2025-12-10T19:00:00+00:00,2025-12-10T19:15:00+00:00,2025-12-10,448.24,ENTRY_FORMING,STRONG START,84.0,60.0,0.0,DISCOVERY,TSLA,TSLA-PR-0027,O:TSLA260109C00450000,CALL,450.0,2026-01-09,30,-0.3911111111111091,30,0.0,0.3911111111111091,NEAR_ATM,WITHIN_TOLERANCE,441,bars/O_TSLA260109C00450000.json,False,2025-12-03,2025-12-31
2025-12-10T19:00:00+00:00,2025-12-10T19:15:00+00:00,2025-12-10,448.24,ENTRY_FORMING,STRONG START,84.0,60.0,0.0,DISCOVERY,TSLA,TSLA-PR-0027,O:TSLA260109P00450000,PUT,450.0,2026-01-09,30,0.3911111111111091,30,0.0,0.3911111111111091,NEAR_ATM,WITHIN_TOLERANCE,452,bars/O_TSLA260109P00450000.json,False,2025-12-03,2025-12-31
2025-12-11T17:30:00+00:00,2025-12-11T17:45:00+00:00,2025-12-11,446.02,CONTINUATION,RELOAD,51.0,43.0,0.0,DISCOVERY,TSLA,TSLA-PR-0028,O:TSLA251226C00445000,CALL,445.0,2025-12-26,15,0.22921348314606332,14,0.0,0.22921348314606332,NEAR_ATM,WITHIN_TOLERANCE,376,bars/O_TSLA251226C00445000.json,False,2025-12-04,2025-12-26
2025-12-11T17:30:00+00:00,2025-12-11T17:45:00+00:00,2025-12-11,446.02,CONTINUATION,RELOAD,51.0,43.0,0.0,DISCOVERY,TSLA,TSLA-PR-0028,O:TSLA251226P00445000,PUT,445.0,2025-12-26,15,-0.22921348314606332,14,0.0,0.22921348314606332,NEAR_ATM,WITHIN_TOLERANCE,395,bars/O_TSLA251226P00445000.json,False,2025-12-04,2025-12-26
2025-12-11T17:30:00+00:00,2025-12-11T17:45:00+00:00,2025-12-11,446.02,CONTINUATION,RELOAD,51.0,43.0,0.0,DISCOVERY,TSLA,TSLA-PR-0028,O:TSLA260109C00445000,CALL,445.0,2026-01-09,29,0.22921348314606332,30,0.0,0.22921348314606332,NEAR_ATM,WITHIN_TOLERANCE,339,bars/O_TSLA260109C00445000.json,False,2025-12-04,2026-01-01
2025-12-11T17:30:00+00:00,2025-12-11T17:45:00+00:00,2025-12-11,446.02,CONTINUATION,RELOAD,51.0,43.0,0.0,DISCOVERY,TSLA,TSLA-PR-0028,O:TSLA260109P00445000,PUT,445.0,2026-01-09,29,-0.22921348314606332,30,0.0,0.22921348314606332,NEAR_ATM,WITHIN_TOLERANCE,412,bars/O_TSLA260109P00445000.json,False,2025-12-04,2026-01-01
2025-12-11T20:30:00+00:00,2025-12-11T20:45:00+00:00,2025-12-11,13.345,CONTINUATION,ADD,98.0,73.0,0.0,DISCOVERY,VALE,VALE-PR-0027,O:VALE251226C00013500,CALL,13.5,2025-12-26,15,-1.1481481481481435,14,0.0,1.1481481481481435,NEAR_ATM,WITHIN_TOLERANCE,83,bars/O_VALE251226C00013500.json,True,2025-12-04,2025-12-26
2025-12-11T20:30:00+00:00,2025-12-11T20:45:00+00:00,2025-12-11,13.345,CONTINUATION,ADD,98.0,73.0,0.0,DISCOVERY,VALE,VALE-PR-0027,O:VALE251226P00013500,PUT,13.5,2025-12-26,15,1.1481481481481435,14,0.0,1.1481481481481435,NEAR_ATM,WITHIN_TOLERANCE,19,bars/O_VALE251226P00013500.json,False,2025-12-04,2025-12-26
2025-12-11T20:30:00+00:00,2025-12-11T20:45:00+00:00,2025-12-11,13.345,CONTINUATION,ADD,98.0,73.0,0.0,DISCOVERY,VALE,VALE-PR-0027,O:VALE260109C00013500,CALL,13.5,2026-01-09,29,-1.1481481481481435,30,0.0,1.1481481481481435,NEAR_ATM,WITHIN_TOLERANCE,53,bars/O_VALE260109C00013500.json,False,2025-12-04,2026-01-01
2025-12-11T20:30:00+00:00,2025-12-11T20:45:00+00:00,2025-12-11,13.345,CONTINUATION,ADD,98.0,73.0,0.0,DISCOVERY,VALE,VALE-PR-0027,O:VALE260109P00013500,PUT,13.5,2026-01-09,29,1.1481481481481435,30,0.0,1.1481481481481435,NEAR_ATM,WITHIN_TOLERANCE,0,bars/O_VALE260109P00013500.json,False,2025-12-04,2026-01-01
2025-12-15T19:45:00+00:00,2025-12-15T20:00:00+00:00,2025-12-15,208.1204,CONTINUATION,ADD,93.0,62.0,1.0,DISCOVERY,LULU,LULU-PR-0027,O:LULU251226C00207500,CALL,207.5,2025-12-26,11,0.2989879518072238,14,0.0,0.2989879518072238,NEAR_ATM,WITHIN_TOLERANCE,135,bars/O_LULU251226C00207500.json,False,2025-12-08,2025-12-26
2025-12-15T19:45:00+00:00,2025-12-15T20:00:00+00:00,2025-12-15,208.1204,CONTINUATION,ADD,93.0,62.0,1.0,DISCOVERY,LULU,LULU-PR-0027,O:LULU251226P00207500,PUT,207.5,2025-12-26,11,-0.2989879518072238,14,0.0,0.2989879518072238,NEAR_ATM,WITHIN_TOLERANCE,166,bars/O_LULU251226P00207500.json,False,2025-12-08,2025-12-26
2025-12-15T19:45:00+00:00,2025-12-15T20:00:00+00:00,2025-12-15,208.1204,CONTINUATION,ADD,93.0,62.0,1.0,DISCOVERY,LULU,LULU-PR-0027,O:LULU260116C00210000,CALL,210.0,2026-01-16,32,-0.8950476190476241,30,0.0,0.8950476190476241,NEAR_ATM,WITHIN_TOLERANCE,394,bars/O_LULU260116C00210000.json,False,2025-12-08,2026-01-05
2025-12-15T19:45:00+00:00,2025-12-15T20:00:00+00:00,2025-12-15,208.1204,CONTINUATION,ADD,93.0,62.0,1.0,DISCOVERY,LULU,LULU-PR-0027,O:LULU260116P00210000,PUT,210.0,2026-01-16,32,0.8950476190476241,30,0.0,0.8950476190476241,NEAR_ATM,WITHIN_TOLERANCE,289,bars/O_LULU260116P00210000.json,False,2025-12-08,2026-01-05
2025-12-17T20:15:00+00:00,2025-12-17T20:30:00+00:00,2025-12-17,22.98,CONTINUATION,ADD,100.0,87.0,0.0,DISCOVERY,GME,GME-PR-0027,O:GME260102C00023000,CALL,23.0,2026-01-02,16,-0.08695652173912859,14,0.0,0.08695652173912859,NEAR_ATM,WITHIN_TOLERANCE,510,bars/O_GME260102C00023000.json,False,2025-11-24,2026-01-02
2025-12-17T20:15:00+00:00,2025-12-17T20:30:00+00:00,2025-12-17,22.98,CONTINUATION,ADD,100.0,87.0,0.0,DISCOVERY,GME,GME-PR-0027,O:GME260102P00023000,PUT,23.0,2026-01-02,16,0.08695652173912859,14,0.0,0.08695652173912859,NEAR_ATM,WITHIN_TOLERANCE,138,bars/O_GME260102P00023000.json,False,2025-11-24,2026-01-02
2025-12-17T20:15:00+00:00,2025-12-17T20:30:00+00:00,2025-12-17,22.98,CONTINUATION,ADD,100.0,87.0,0.0,DISCOVERY,GME,GME-PR-0027,O:GME260116C00023000,CALL,23.0,2026-01-16,30,-0.08695652173912859,30,0.0,0.08695652173912859,NEAR_ATM,WITHIN_TOLERANCE,472,bars/O_GME260116C00023000.json,False,2025-12-10,2026-01-07
2025-12-17T20:15:00+00:00,2025-12-17T20:30:00+00:00,2025-12-17,22.98,CONTINUATION,ADD,100.0,87.0,0.0,DISCOVERY,GME,GME-PR-0027,O:GME260116P00023000,PUT,23.0,2026-01-16,30,0.08695652173912859,30,0.0,0.08695652173912859,NEAR_ATM,WITHIN_TOLERANCE,198,bars/O_GME260116P00023000.json,False,2025-12-10,2026-01-07
2025-12-19T20:00:00+00:00,2025-12-19T20:15:00+00:00,2025-12-19,46.2804,ENTRY_FORMING,STRONG START,97.0,66.0,0.0,DISCOVERY,U,U-PR-0027,O:U260102C00046500,CALL,46.5,2026-01-02,14,-0.4722580645161286,14,0.0,0.4722580645161286,NEAR_ATM,WITHIN_TOLERANCE,96,bars/O_U260102C00046500.json,False,2025-12-12,2026-01-02
2025-12-19T20:00:00+00:00,2025-12-19T20:15:00+00:00,2025-12-19,46.2804,ENTRY_FORMING,STRONG START,97.0,66.0,0.0,DISCOVERY,U,U-PR-0027,O:U260102P00046500,PUT,46.5,2026-01-02,14,0.4722580645161286,14,0.0,0.4722580645161286,NEAR_ATM,WITHIN_TOLERANCE,46,bars/O_U260102P00046500.json,False,2025-12-12,2026-01-02
2025-12-19T20:00:00+00:00,2025-12-19T20:15:00+00:00,2025-12-19,46.2804,ENTRY_FORMING,STRONG START,97.0,66.0,0.0,DISCOVERY,U,U-PR-0027,O:U260116C00046000,CALL,46.0,2026-01-16,28,0.6095652173913048,30,0.0,0.6095652173913048,NEAR_ATM,WITHIN_TOLERANCE,204,bars/O_U260116C00046000.json,False,2025-12-12,2026-01-09
2025-12-19T20:00:00+00:00,2025-12-19T20:15:00+00:00,2025-12-19,46.2804,ENTRY_FORMING,STRONG START,97.0,66.0,0.0,DISCOVERY,U,U-PR-0027,O:U260116P00046000,PUT,46.0,2026-01-16,28,-0.6095652173913048,30,0.0,0.6095652173913048,NEAR_ATM,WITHIN_TOLERANCE,111,bars/O_U260116P00046000.json,False,2025-12-12,2026-01-09
2025-12-23T19:15:00+00:00,2025-12-23T19:30:00+00:00,2025-12-23,211.82,ENTRY_FORMING,CAMPAIGN START,97.0,76.0,0.0,DISCOVERY,LULU,LULU-PR-0028,O:LULU260109C00212500,CALL,212.5,2026-01-09,17,-0.3200000000000032,14,0.0,0.3200000000000032,NEAR_ATM,WITHIN_TOLERANCE,177,bars/O_LULU260109C00212500.json,False,2025-12-16,2026-01-09
2025-12-23T19:15:00+00:00,2025-12-23T19:30:00+00:00,2025-12-23,211.82,ENTRY_FORMING,CAMPAIGN START,97.0,76.0,0.0,DISCOVERY,LULU,LULU-PR-0028,O:LULU260109P00212500,PUT,212.5,2026-01-09,17,0.3200000000000032,14,0.0,0.3200000000000032,NEAR_ATM,WITHIN_TOLERANCE,151,bars/O_LULU260109P00212500.json,False,2025-12-16,2026-01-09
2025-12-23T19:15:00+00:00,2025-12-23T19:30:00+00:00,2025-12-23,211.82,ENTRY_FORMING,CAMPAIGN START,97.0,76.0,0.0,DISCOVERY,LULU,LULU-PR-0028,O:LULU260123C00210000,CALL,210.0,2026-01-23,31,0.8666666666666635,30,0.0,0.8666666666666635,NEAR_ATM,WITHIN_TOLERANCE,130,bars/O_LULU260123C00210000.json,False,2025-12-16,2026-01-13
2025-12-23T19:15:00+00:00,2025-12-23T19:30:00+00:00,2025-12-23,211.82,ENTRY_FORMING,CAMPAIGN START,97.0,76.0,0.0,DISCOVERY,LULU,LULU-PR-0028,O:LULU260123P00210000,PUT,210.0,2026-01-23,31,-0.8666666666666635,30,0.0,0.8666666666666635,NEAR_ATM,WITHIN_TOLERANCE,66,bars/O_LULU260123P00210000.json,False,2025-12-16,2026-01-13
2026-01-02T19:00:00+00:00,2026-01-02T19:15:00+00:00,2026-01-02,44.75,CONTINUATION,RELOAD,23.0,27.0,0.0,DISCOVERY,U,U-PR-0028,O:U260116C00045000,CALL,45.0,2026-01-16,14,-0.5555555555555556,14,0.0,0.5555555555555556,NEAR_ATM,WITHIN_TOLERANCE,288,bars/O_U260116C00045000.json,False,2025-12-26,2026-01-16
2026-01-02T19:00:00+00:00,2026-01-02T19:15:00+00:00,2026-01-02,44.75,CONTINUATION,RELOAD,23.0,27.0,0.0,DISCOVERY,U,U-PR-0028,O:U260116P00045000,PUT,45.0,2026-01-16,14,0.5555555555555556,14,0.0,0.5555555555555556,NEAR_ATM,WITHIN_TOLERANCE,219,bars/O_U260116P00045000.json,False,2025-12-26,2026-01-16
2026-01-02T19:00:00+00:00,2026-01-02T19:15:00+00:00,2026-01-02,44.75,CONTINUATION,RELOAD,23.0,27.0,0.0,DISCOVERY,U,U-PR-0028,O:U260130C00045000,CALL,45.0,2026-01-30,28,-0.5555555555555556,30,0.0,0.5555555555555556,NEAR_ATM,WITHIN_TOLERANCE,187,bars/O_U260130C00045000.json,False,2025-12-26,2026-01-23
2026-01-02T19:00:00+00:00,2026-01-02T19:15:00+00:00,2026-01-02,44.75,CONTINUATION,RELOAD,23.0,27.0,0.0,DISCOVERY,U,U-PR-0028,O:U260130P00045000,PUT,45.0,2026-01-30,28,0.5555555555555556,30,0.0,0.5555555555555556,NEAR_ATM,WITHIN_TOLERANCE,77,bars/O_U260130P00045000.json,False,2025-12-26,2026-01-23
2026-01-02T20:45:00+00:00,2026-01-02T21:00:00+00:00,2026-01-02,20.63,ENTRY_FORMING,CAMPAIGN START,92.0,60.0,0.0,DISCOVERY,GME,GME-PR-0028,O:GME260116C00020500,CALL,20.5,2026-01-16,14,0.6341463414634099,14,0.0,0.6341463414634099,NEAR_ATM,WITHIN_TOLERANCE,269,bars/O_GME260116C00020500.json,False,2025-12-26,2026-01-16
2026-01-02T20:45:00+00:00,2026-01-02T21:00:00+00:00,2026-01-02,20.63,ENTRY_FORMING,CAMPAIGN START,92.0,60.0,0.0,DISCOVERY,GME,GME-PR-0028,O:GME260116P00020500,PUT,20.5,2026-01-16,14,-0.6341463414634099,14,0.0,0.6341463414634099,NEAR_ATM,WITHIN_TOLERANCE,265,bars/O_GME260116P00020500.json,False,2025-12-26,2026-01-16
2026-01-02T20:45:00+00:00,2026-01-02T21:00:00+00:00,2026-01-02,20.63,ENTRY_FORMING,CAMPAIGN START,92.0,60.0,0.0,DISCOVERY,GME,GME-PR-0028,O:GME260130C00021000,CALL,21.0,2026-01-30,28,-1.7619047619047665,30,0.0,1.7619047619047665,NEAR_ATM,WITHIN_TOLERANCE,371,bars/O_GME260130C00021000.json,False,2025-12-26,2026-01-23
2026-01-02T20:45:00+00:00,2026-01-02T21:00:00+00:00,2026-01-02,20.63,ENTRY_FORMING,CAMPAIGN START,92.0,60.0,0.0,DISCOVERY,GME,GME-PR-0028,O:GME260130P00021000,PUT,21.0,2026-01-30,28,1.7619047619047665,30,0.0,1.7619047619047665,NEAR_ATM,WITHIN_TOLERANCE,251,bars/O_GME260130P00021000.json,False,2025-12-26,2026-01-23
2026-01-07T18:30:00+00:00,2026-01-07T18:45:00+00:00,2026-01-07,14.245,CONTINUATION,ADD,97.0,79.0,0.0,DISCOVERY,VALE,VALE-PR-0028,O:VALE260123C00014000,CALL,14.0,2026-01-23,16,1.7499999999999942,14,0.0,1.7499999999999942,NEAR_ATM,WITHIN_TOLERANCE,141,bars/O_VALE260123C00014000.json,False,2025-12-31,2026-01-23
2026-01-07T18:30:00+00:00,2026-01-07T18:45:00+00:00,2026-01-07,14.245,CONTINUATION,ADD,97.0,79.0,0.0,DISCOVERY,VALE,VALE-PR-0028,O:VALE260123P00014000,PUT,14.0,2026-01-23,16,-1.7499999999999942,14,0.0,1.7499999999999942,NEAR_ATM,WITHIN_TOLERANCE,83,bars/O_VALE260123P00014000.json,False,2025-12-31,2026-01-23
2026-01-07T18:30:00+00:00,2026-01-07T18:45:00+00:00,2026-01-07,14.245,CONTINUATION,ADD,97.0,79.0,0.0,DISCOVERY,VALE,VALE-PR-0028,O:VALE260206C00014000,CALL,14.0,2026-02-06,30,1.7499999999999942,30,0.0,1.7499999999999942,NEAR_ATM,WITHIN_TOLERANCE,102,bars/O_VALE260206C00014000.json,False,2025-12-31,2026-01-28
2026-01-07T18:30:00+00:00,2026-01-07T18:45:00+00:00,2026-01-07,14.245,CONTINUATION,ADD,97.0,79.0,0.0,DISCOVERY,VALE,VALE-PR-0028,O:VALE260206P00014000,PUT,14.0,2026-02-06,30,-1.7499999999999942,30,0.0,1.7499999999999942,NEAR_ATM,WITHIN_TOLERANCE,16,bars/O_VALE260206P00014000.json,False,2025-12-31,2026-01-28
2026-01-16T15:30:00+00:00,2026-01-16T15:45:00+00:00,2026-01-16,89.13,CONTINUATION,ADD,95.0,76.0,0.0,DISCOVERY,RBLX,RBLX-PR-0029,O:RBLX260130C00089000,CALL,89.0,2026-01-30,14,0.14606741573033197,14,0.0,0.14606741573033197,NEAR_ATM,WITHIN_TOLERANCE,110,bars/O_RBLX260130C00089000.json,True,2026-01-09,2026-01-30
2026-01-16T15:30:00+00:00,2026-01-16T15:45:00+00:00,2026-01-16,89.13,CONTINUATION,ADD,95.0,76.0,0.0,DISCOVERY,RBLX,RBLX-PR-0029,O:RBLX260130P00089000,PUT,89.0,2026-01-30,14,-0.14606741573033197,14,0.0,0.14606741573033197,NEAR_ATM,WITHIN_TOLERANCE,14,bars/O_RBLX260130P00089000.json,False,2026-01-09,2026-01-30
2026-01-16T15:30:00+00:00,2026-01-16T15:45:00+00:00,2026-01-16,89.13,CONTINUATION,ADD,95.0,76.0,0.0,DISCOVERY,RBLX,RBLX-PR-0029,O:RBLX260213C00089000,CALL,89.0,2026-02-13,28,0.14606741573033197,30,0.0,0.14606741573033197,NEAR_ATM,WITHIN_TOLERANCE,36,bars/O_RBLX260213C00089000.json,False,2026-01-09,2026-02-06
2026-01-16T15:30:00+00:00,2026-01-16T15:45:00+00:00,2026-01-16,89.13,CONTINUATION,ADD,95.0,76.0,0.0,DISCOVERY,RBLX,RBLX-PR-0029,O:RBLX260213P00089000,PUT,89.0,2026-02-13,28,-0.14606741573033197,30,0.0,0.14606741573033197,NEAR_ATM,WITHIN_TOLERANCE,9,bars/O_RBLX260213P00089000.json,False,2026-01-09,2026-02-06
2026-01-16T18:15:00+00:00,2026-01-16T18:30:00+00:00,2026-01-16,440.3501,CONTINUATION,RELOAD,45.0,37.0,0.0,DISCOVERY,TSLA,TSLA-PR-0029,O:TSLA260130C00440000,CALL,440.0,2026-01-30,14,0.07956818181818127,14,0.0,0.07956818181818127,NEAR_ATM,WITHIN_TOLERANCE,386,bars/O_TSLA260130C00440000.json,True,2026-01-09,2026-01-30
2026-01-16T18:15:00+00:00,2026-01-16T18:30:00+00:00,2026-01-16,440.3501,CONTINUATION,RELOAD,45.0,37.0,0.0,DISCOVERY,TSLA,TSLA-PR-0029,O:TSLA260130P00440000,PUT,440.0,2026-01-30,14,-0.07956818181818127,14,0.0,0.07956818181818127,NEAR_ATM,WITHIN_TOLERANCE,389,bars/O_TSLA260130P00440000.json,False,2026-01-09,2026-01-30
2026-01-16T18:15:00+00:00,2026-01-16T18:30:00+00:00,2026-01-16,440.3501,CONTINUATION,RELOAD,45.0,37.0,0.0,DISCOVERY,TSLA,TSLA-PR-0029,O:TSLA260213C00440000,CALL,440.0,2026-02-13,28,0.07956818181818127,30,0.0,0.07956818181818127,NEAR_ATM,WITHIN_TOLERANCE,491,bars/O_TSLA260213C00440000.json,False,2026-01-09,2026-02-06
2026-01-16T18:15:00+00:00,2026-01-16T18:30:00+00:00,2026-01-16,440.3501,CONTINUATION,RELOAD,45.0,37.0,0.0,DISCOVERY,TSLA,TSLA-PR-0029,O:TSLA260213P00440000,PUT,440.0,2026-02-13,28,-0.07956818181818127,30,0.0,0.07956818181818127,NEAR_ATM,WITHIN_TOLERANCE,421,bars/O_TSLA260213P00440000.json,False,2026-01-09,2026-02-06
2026-01-21T15:45:00+00:00,2026-01-21T16:00:00+00:00,2026-01-21,42.415,ENTRY_FORMING,STRONG START,83.0,55.0,0.0,DISCOVERY,U,U-PR-0029,O:U260206C00042500,CALL,42.5,2026-02-06,16,-0.200000000000002,14,0.0,0.200000000000002,NEAR_ATM,WITHIN_TOLERANCE,26,bars/O_U260206C00042500.json,True,2026-01-14,2026-02-06
2026-01-21T15:45:00+00:00,2026-01-21T16:00:00+00:00,2026-01-21,42.415,ENTRY_FORMING,STRONG START,83.0,55.0,0.0,DISCOVERY,U,U-PR-0029,O:U260206P00042500,PUT,42.5,2026-02-06,16,0.200000000000002,14,0.0,0.200000000000002,NEAR_ATM,WITHIN_TOLERANCE,23,bars/O_U260206P00042500.json,False,2026-01-14,2026-02-06
2026-01-21T15:45:00+00:00,2026-01-21T16:00:00+00:00,2026-01-21,42.415,ENTRY_FORMING,STRONG START,83.0,55.0,0.0,DISCOVERY,U,U-PR-0029,O:U260220C00042500,CALL,42.5,2026-02-20,30,-0.200000000000002,30,0.0,0.200000000000002,NEAR_ATM,WITHIN_TOLERANCE,26,bars/O_U260220C00042500.json,False,2026-01-14,2026-02-11
2026-01-21T15:45:00+00:00,2026-01-21T16:00:00+00:00,2026-01-21,42.415,ENTRY_FORMING,STRONG START,83.0,55.0,0.0,DISCOVERY,U,U-PR-0029,O:U260220P00042500,PUT,42.5,2026-02-20,30,0.200000000000002,30,0.0,0.200000000000002,NEAR_ATM,WITHIN_TOLERANCE,6,bars/O_U260220P00042500.json,False,2026-01-14,2026-02-11
2026-01-21T18:45:00+00:00,2026-01-21T19:00:00+00:00,2026-01-21,55.51,CONTINUATION,RELOAD,31.0,28.0,0.0,DISCOVERY,PYPL,PYPL-PR-0029,O:PYPL260206C00056000,CALL,56.0,2026-02-06,16,-0.8750000000000036,14,0.0,0.8750000000000036,NEAR_ATM,WITHIN_TOLERANCE,260,bars/O_PYPL260206C00056000.json,True,2026-01-14,2026-02-06
2026-01-21T18:45:00+00:00,2026-01-21T19:00:00+00:00,2026-01-21,55.51,CONTINUATION,RELOAD,31.0,28.0,0.0,DISCOVERY,PYPL,PYPL-PR-0029,O:PYPL260206P00056000,PUT,56.0,2026-02-06,16,0.8750000000000036,14,0.0,0.8750000000000036,NEAR_ATM,WITHIN_TOLERANCE,273,bars/O_PYPL260206P00056000.json,False,2026-01-14,2026-02-06
2026-01-21T18:45:00+00:00,2026-01-21T19:00:00+00:00,2026-01-21,55.51,CONTINUATION,RELOAD,31.0,28.0,0.0,DISCOVERY,PYPL,PYPL-PR-0029,O:PYPL260220C00056000,CALL,56.0,2026-02-20,30,-0.8750000000000036,30,0.0,0.8750000000000036,NEAR_ATM,WITHIN_TOLERANCE,171,bars/O_PYPL260220C00056000.json,False,2026-01-14,2026-02-11
2026-01-21T18:45:00+00:00,2026-01-21T19:00:00+00:00,2026-01-21,55.51,CONTINUATION,RELOAD,31.0,28.0,0.0,DISCOVERY,PYPL,PYPL-PR-0029,O:PYPL260220P00056000,PUT,56.0,2026-02-20,30,0.8750000000000036,30,0.0,0.8750000000000036,NEAR_ATM,WITHIN_TOLERANCE,114,bars/O_PYPL260220P00056000.json,False,2026-01-14,2026-02-11
2026-01-22T14:30:00+00:00,2026-01-22T14:45:00+00:00,2026-01-22,193.8,ENTRY_FORMING,STRONG START,79.0,54.0,0.0,DISCOVERY,LULU,LULU-PR-0029,O:LULU260206C00195000,CALL,195.0,2026-02-06,15,-0.6153846153846095,14,0.0,0.6153846153846095,NEAR_ATM,WITHIN_TOLERANCE,155,bars/O_LULU260206C00195000.json,True,2026-01-15,2026-02-06
2026-01-22T14:30:00+00:00,2026-01-22T14:45:00+00:00,2026-01-22,193.8,ENTRY_FORMING,STRONG START,79.0,54.0,0.0,DISCOVERY,LULU,LULU-PR-0029,O:LULU260206P00195000,PUT,195.0,2026-02-06,15,0.6153846153846095,14,0.0,0.6153846153846095,NEAR_ATM,WITHIN_TOLERANCE,94,bars/O_LULU260206P00195000.json,False,2026-01-15,2026-02-06
2026-01-22T14:30:00+00:00,2026-01-22T14:45:00+00:00,2026-01-22,193.8,ENTRY_FORMING,STRONG START,79.0,54.0,0.0,DISCOVERY,LULU,LULU-PR-0029,O:LULU260220C00195000,CALL,195.0,2026-02-20,29,-0.6153846153846095,30,0.0,0.6153846153846095,NEAR_ATM,WITHIN_TOLERANCE,246,bars/O_LULU260220C00195000.json,False,2026-01-15,2026-02-12
2026-01-22T14:30:00+00:00,2026-01-22T14:45:00+00:00,2026-01-22,193.8,ENTRY_FORMING,STRONG START,79.0,54.0,0.0,DISCOVERY,LULU,LULU-PR-0029,O:LULU260220P00195000,PUT,195.0,2026-02-20,29,0.6153846153846095,30,0.0,0.6153846153846095,NEAR_ATM,WITHIN_TOLERANCE,179,bars/O_LULU260220P00195000.json,False,2026-01-15,2026-02-12
2026-01-26T15:00:00+00:00,2026-01-26T15:15:00+00:00,2026-01-26,194.97,CONTINUATION,RELOAD,37.0,36.0,0.0,DISCOVERY,LULU,LULU-PR-0030,O:LULU260206C00195000,CALL,195.0,2026-02-06,11,-0.015384615384615968,14,0.0,0.015384615384615968,NEAR_ATM,WITHIN_TOLERANCE,155,bars/O_LULU260206C00195000.json,True,2026-01-15,2026-02-06
2026-01-26T15:00:00+00:00,2026-01-26T15:15:00+00:00,2026-01-26,194.97,CONTINUATION,RELOAD,37.0,36.0,0.0,DISCOVERY,LULU,LULU-PR-0030,O:LULU260206P00195000,PUT,195.0,2026-02-06,11,0.015384615384615968,14,0.0,0.015384615384615968,NEAR_ATM,WITHIN_TOLERANCE,94,bars/O_LULU260206P00195000.json,False,2026-01-15,2026-02-06
2026-01-26T15:00:00+00:00,2026-01-26T15:15:00+00:00,2026-01-26,194.97,CONTINUATION,RELOAD,37.0,36.0,0.0,DISCOVERY,LULU,LULU-PR-0030,O:LULU260227C00195000,CALL,195.0,2026-02-27,32,-0.015384615384615968,30,0.0,0.015384615384615968,NEAR_ATM,WITHIN_TOLERANCE,104,bars/O_LULU260227C00195000.json,False,2026-01-19,2026-02-16
2026-01-26T15:00:00+00:00,2026-01-26T15:15:00+00:00,2026-01-26,194.97,CONTINUATION,RELOAD,37.0,36.0,0.0,DISCOVERY,LULU,LULU-PR-0030,O:LULU260227P00195000,PUT,195.0,2026-02-27,32,0.015384615384615968,30,0.0,0.015384615384615968,NEAR_ATM,WITHIN_TOLERANCE,44,bars/O_LULU260227P00195000.json,False,2026-01-19,2026-02-16
2026-01-26T15:30:00+00:00,2026-01-26T15:45:00+00:00,2026-01-26,56.705,ENTRY_FORMING,CAMPAIGN START,89.0,57.0,0.0,DISCOVERY,PYPL,PYPL-PR-0030,O:PYPL260206C00057000,CALL,57.0,2026-02-06,11,-0.5175438596491259,14,0.0,0.5175438596491259,NEAR_ATM,WITHIN_TOLERANCE,277,bars/O_PYPL260206C00057000.json,True,2026-01-19,2026-02-06
2026-01-26T15:30:00+00:00,2026-01-26T15:45:00+00:00,2026-01-26,56.705,ENTRY_FORMING,CAMPAIGN START,89.0,57.0,0.0,DISCOVERY,PYPL,PYPL-PR-0030,O:PYPL260206P00057000,PUT,57.0,2026-02-06,11,0.5175438596491259,14,0.0,0.5175438596491259,NEAR_ATM,WITHIN_TOLERANCE,178,bars/O_PYPL260206P00057000.json,False,2026-01-19,2026-02-06
2026-01-26T15:30:00+00:00,2026-01-26T15:45:00+00:00,2026-01-26,56.705,ENTRY_FORMING,CAMPAIGN START,89.0,57.0,0.0,DISCOVERY,PYPL,PYPL-PR-0030,O:PYPL260227C00057000,CALL,57.0,2026-02-27,32,-0.5175438596491259,30,0.0,0.5175438596491259,NEAR_ATM,WITHIN_TOLERANCE,95,bars/O_PYPL260227C00057000.json,False,2026-01-19,2026-02-16
2026-01-26T15:30:00+00:00,2026-01-26T15:45:00+00:00,2026-01-26,56.705,ENTRY_FORMING,CAMPAIGN START,89.0,57.0,0.0,DISCOVERY,PYPL,PYPL-PR-0030,O:PYPL260227P00057000,PUT,57.0,2026-02-27,32,0.5175438596491259,30,0.0,0.5175438596491259,NEAR_ATM,WITHIN_TOLERANCE,42,bars/O_PYPL260227P00057000.json,False,2026-01-19,2026-02-16
2026-01-26T17:30:00+00:00,2026-01-26T17:45:00+00:00,2026-01-26,43.62,CONTINUATION,ADD,96.0,73.0,0.0,DISCOVERY,U,U-PR-0030,O:U260206C00043500,CALL,43.5,2026-02-06,11,0.27586206896551135,14,0.0,0.27586206896551135,NEAR_ATM,WITHIN_TOLERANCE,20,bars/O_U260206C00043500.json,True,2026-01-19,2026-02-06
2026-01-26T17:30:00+00:00,2026-01-26T17:45:00+00:00,2026-01-26,43.62,CONTINUATION,ADD,96.0,73.0,0.0,DISCOVERY,U,U-PR-0030,O:U260206P00043500,PUT,43.5,2026-02-06,11,-0.27586206896551135,14,0.0,0.27586206896551135,NEAR_ATM,WITHIN_TOLERANCE,30,bars/O_U260206P00043500.json,False,2026-01-19,2026-02-06
2026-01-26T17:30:00+00:00,2026-01-26T17:45:00+00:00,2026-01-26,43.62,CONTINUATION,ADD,96.0,73.0,0.0,DISCOVERY,U,U-PR-0030,O:U260227C00044000,CALL,44.0,2026-02-27,32,-0.8636363636363694,30,0.0,0.8636363636363694,NEAR_ATM,WITHIN_TOLERANCE,12,bars/O_U260227C00044000.json,False,2026-01-19,2026-02-16
2026-01-26T17:30:00+00:00,2026-01-26T17:45:00+00:00,2026-01-26,43.62,CONTINUATION,ADD,96.0,73.0,0.0,DISCOVERY,U,U-PR-0030,O:U260227P00044000,PUT,44.0,2026-02-27,32,0.8636363636363694,30,0.0,0.8636363636363694,NEAR_ATM,WITHIN_TOLERANCE,6,bars/O_U260227P00044000.json,False,2026-01-19,2026-02-16
2026-01-27T16:00:00+00:00,2026-01-27T16:15:00+00:00,2026-01-27,24.025,CONTINUATION,RELOAD,58.0,44.0,2.0,DISCOVERY,GME,GME-PR-0029,O:GME260213C00024000,CALL,24.0,2026-02-13,17,0.10416666666666075,14,0.0,0.10416666666666075,NEAR_ATM,WITHIN_TOLERANCE,448,bars/O_GME260213C00024000.json,True,2026-01-20,2026-02-13
2026-01-27T16:00:00+00:00,2026-01-27T16:15:00+00:00,2026-01-27,24.025,CONTINUATION,RELOAD,58.0,44.0,2.0,DISCOVERY,GME,GME-PR-0029,O:GME260213P00024000,PUT,24.0,2026-02-13,17,-0.10416666666666075,14,0.0,0.10416666666666075,NEAR_ATM,WITHIN_TOLERANCE,304,bars/O_GME260213P00024000.json,False,2026-01-20,2026-02-13
2026-01-27T16:00:00+00:00,2026-01-27T16:15:00+00:00,2026-01-27,24.025,CONTINUATION,RELOAD,58.0,44.0,2.0,DISCOVERY,GME,GME-PR-0029,O:GME260227C00024000,CALL,24.0,2026-02-27,31,0.10416666666666075,30,0.0,0.10416666666666075,NEAR_ATM,WITHIN_TOLERANCE,450,bars/O_GME260227C00024000.json,False,2026-01-20,2026-02-20
2026-01-27T16:00:00+00:00,2026-01-27T16:15:00+00:00,2026-01-27,24.025,CONTINUATION,RELOAD,58.0,44.0,2.0,DISCOVERY,GME,GME-PR-0029,O:GME260227P00024000,PUT,24.0,2026-02-27,31,-0.10416666666666075,30,0.0,0.10416666666666075,NEAR_ATM,WITHIN_TOLERANCE,178,bars/O_GME260227P00024000.json,False,2026-01-20,2026-02-20
2026-01-28T14:45:00+00:00,2026-01-28T15:00:00+00:00,2026-01-28,437.4795,ENTRY_FORMING,STRONG START,84.0,56.0,0.0,DISCOVERY,TSLA,TSLA-PR-0030,O:TSLA260211C00437500,CALL,437.5,2026-02-11,14,-0.004685714285720418,14,0.0,0.004685714285720418,NEAR_ATM,WITHIN_TOLERANCE,227,bars/O_TSLA260211C00437500.json,True,2026-01-21,2026-02-11
2026-01-28T14:45:00+00:00,2026-01-28T15:00:00+00:00,2026-01-28,437.4795,ENTRY_FORMING,STRONG START,84.0,56.0,0.0,DISCOVERY,TSLA,TSLA-PR-0030,O:TSLA260211P00437500,PUT,437.5,2026-02-11,14,0.004685714285720418,14,0.0,0.004685714285720418,NEAR_ATM,WITHIN_TOLERANCE,95,bars/O_TSLA260211P00437500.json,False,2026-01-21,2026-02-11
2026-01-28T14:45:00+00:00,2026-01-28T15:00:00+00:00,2026-01-28,437.4795,ENTRY_FORMING,STRONG START,84.0,56.0,0.0,DISCOVERY,TSLA,TSLA-PR-0030,O:TSLA260227C00435000,CALL,435.0,2026-02-27,30,0.5699999999999938,30,0.0,0.5699999999999938,NEAR_ATM,WITHIN_TOLERANCE,486,bars/O_TSLA260227C00435000.json,False,2026-01-21,2026-02-18
2026-01-28T14:45:00+00:00,2026-01-28T15:00:00+00:00,2026-01-28,437.4795,ENTRY_FORMING,STRONG START,84.0,56.0,0.0,DISCOVERY,TSLA,TSLA-PR-0030,O:TSLA260227P00435000,PUT,435.0,2026-02-27,30,-0.5699999999999938,30,0.0,0.5699999999999938,NEAR_ATM,WITHIN_TOLERANCE,338,bars/O_TSLA260227P00435000.json,False,2026-01-21,2026-02-18
2026-01-28T19:30:00+00:00,2026-01-28T19:45:00+00:00,2026-01-28,16.62,ENTRY_FORMING,IGNITION,99.0,83.0,0.0,DISCOVERY,VALE,VALE-PR-0029,O:VALE260213C00016500,CALL,16.5,2026-02-13,16,0.7272727272727333,14,0.0,0.7272727272727333,NEAR_ATM,WITHIN_TOLERANCE,156,bars/O_VALE260213C00016500.json,True,2026-01-21,2026-02-13
2026-01-28T19:30:00+00:00,2026-01-28T19:45:00+00:00,2026-01-28,16.62,ENTRY_FORMING,IGNITION,99.0,83.0,0.0,DISCOVERY,VALE,VALE-PR-0029,O:VALE260213P00016500,PUT,16.5,2026-02-13,16,-0.7272727272727333,14,0.0,0.7272727272727333,NEAR_ATM,WITHIN_TOLERANCE,91,bars/O_VALE260213P00016500.json,False,2026-01-21,2026-02-13
2026-01-28T19:30:00+00:00,2026-01-28T19:45:00+00:00,2026-01-28,16.62,ENTRY_FORMING,IGNITION,99.0,83.0,0.0,DISCOVERY,VALE,VALE-PR-0029,O:VALE260227C00016500,CALL,16.5,2026-02-27,30,0.7272727272727333,30,0.0,0.7272727272727333,NEAR_ATM,WITHIN_TOLERANCE,60,bars/O_VALE260227C00016500.json,False,2026-01-21,2026-02-18
2026-01-28T19:30:00+00:00,2026-01-28T19:45:00+00:00,2026-01-28,16.62,ENTRY_FORMING,IGNITION,99.0,83.0,0.0,DISCOVERY,VALE,VALE-PR-0029,O:VALE260227P00016500,PUT,16.5,2026-02-27,30,-0.7272727272727333,30,0.0,0.7272727272727333,NEAR_ATM,WITHIN_TOLERANCE,28,bars/O_VALE260227P00016500.json,False,2026-01-21,2026-02-18
2026-01-29T20:30:00+00:00,2026-01-29T20:45:00+00:00,2026-01-29,74.91,ENTRY_FORMING,STRONG START,93.0,62.0,0.0,DISCOVERY,RBLX,RBLX-PR-0030,O:RBLX260213C00075000,CALL,75.0,2026-02-13,15,-0.12000000000000455,14,0.0,0.12000000000000455,NEAR_ATM,WITHIN_TOLERANCE,214,bars/O_RBLX260213C00075000.json,True,2026-01-22,2026-02-13
2026-01-29T20:30:00+00:00,2026-01-29T20:45:00+00:00,2026-01-29,74.91,ENTRY_FORMING,STRONG START,93.0,62.0,0.0,DISCOVERY,RBLX,RBLX-PR-0030,O:RBLX260213P00075000,PUT,75.0,2026-02-13,15,0.12000000000000455,14,0.0,0.12000000000000455,NEAR_ATM,WITHIN_TOLERANCE,91,bars/O_RBLX260213P00075000.json,False,2026-01-22,2026-02-13
2026-01-29T20:30:00+00:00,2026-01-29T20:45:00+00:00,2026-01-29,74.91,ENTRY_FORMING,STRONG START,93.0,62.0,0.0,DISCOVERY,RBLX,RBLX-PR-0030,O:RBLX260227C00075000,CALL,75.0,2026-02-27,29,-0.12000000000000455,30,0.0,0.12000000000000455,NEAR_ATM,WITHIN_TOLERANCE,112,bars/O_RBLX260227C00075000.json,False,2026-01-22,2026-02-19
2026-01-29T20:30:00+00:00,2026-01-29T20:45:00+00:00,2026-01-29,74.91,ENTRY_FORMING,STRONG START,93.0,62.0,0.0,DISCOVERY,RBLX,RBLX-PR-0030,O:RBLX260227P00075000,PUT,75.0,2026-02-27,29,0.12000000000000455,30,0.0,0.12000000000000455,NEAR_ATM,WITHIN_TOLERANCE,39,bars/O_RBLX260227P00075000.json,False,2026-01-22,2026-02-19
2026-01-29T20:45:00+00:00,2026-01-29T21:00:00+00:00,2026-01-29,16.95,CONTINUATION,ADD,99.0,81.0,0.0,DISCOVERY,VALE,VALE-PR-0030,O:VALE260213C00017000,CALL,17.0,2026-02-13,15,-0.2941176470588277,14,0.0,0.2941176470588277,NEAR_ATM,WITHIN_TOLERANCE,196,bars/O_VALE260213C00017000.json,True,2026-01-22,2026-02-13
2026-01-29T20:45:00+00:00,2026-01-29T21:00:00+00:00,2026-01-29,16.95,CONTINUATION,ADD,99.0,81.0,0.0,DISCOVERY,VALE,VALE-PR-0030,O:VALE260213P00017000,PUT,17.0,2026-02-13,15,0.2941176470588277,14,0.0,0.2941176470588277,NEAR_ATM,WITHIN_TOLERANCE,82,bars/O_VALE260213P00017000.json,False,2026-01-22,2026-02-13
2026-01-29T20:45:00+00:00,2026-01-29T21:00:00+00:00,2026-01-29,16.95,CONTINUATION,ADD,99.0,81.0,0.0,DISCOVERY,VALE,VALE-PR-0030,O:VALE260227C00017000,CALL,17.0,2026-02-27,29,-0.2941176470588277,30,0.0,0.2941176470588277,NEAR_ATM,WITHIN_TOLERANCE,128,bars/O_VALE260227C00017000.json,False,2026-01-22,2026-02-19
2026-01-29T20:45:00+00:00,2026-01-29T21:00:00+00:00,2026-01-29,16.95,CONTINUATION,ADD,99.0,81.0,0.0,DISCOVERY,VALE,VALE-PR-0030,O:VALE260227P00017000,PUT,17.0,2026-02-27,29,0.2941176470588277,30,0.0,0.2941176470588277,NEAR_ATM,WITHIN_TOLERANCE,23,bars/O_VALE260227P00017000.json,False,2026-01-22,2026-02-19
2026-01-30T19:30:00+00:00,2026-01-30T19:45:00+00:00,2026-01-30,23.79,ENTRY_FORMING,STRONG START,99.0,67.0,0.0,DISCOVERY,GME,GME-PR-0030,O:GME260213C00024000,CALL,24.0,2026-02-13,14,-0.8750000000000036,14,0.0,0.8750000000000036,NEAR_ATM,WITHIN_TOLERANCE,448,bars/O_GME260213C00024000.json,True,2026-01-20,2026-02-13
2026-01-30T19:30:00+00:00,2026-01-30T19:45:00+00:00,2026-01-30,23.79,ENTRY_FORMING,STRONG START,99.0,67.0,0.0,DISCOVERY,GME,GME-PR-0030,O:GME260213P00024000,PUT,24.0,2026-02-13,14,0.8750000000000036,14,0.0,0.8750000000000036,NEAR_ATM,WITHIN_TOLERANCE,304,bars/O_GME260213P00024000.json,False,2026-01-20,2026-02-13
2026-01-30T19:30:00+00:00,2026-01-30T19:45:00+00:00,2026-01-30,23.79,ENTRY_FORMING,STRONG START,99.0,67.0,0.0,DISCOVERY,GME,GME-PR-0030,O:GME260227C00024000,CALL,24.0,2026-02-27,28,-0.8750000000000036,30,0.0,0.8750000000000036,NEAR_ATM,WITHIN_TOLERANCE,450,bars/O_GME260227C00024000.json,False,2026-01-20,2026-02-20
2026-01-30T19:30:00+00:00,2026-01-30T19:45:00+00:00,2026-01-30,23.79,ENTRY_FORMING,STRONG START,99.0,67.0,0.0,DISCOVERY,GME,GME-PR-0030,O:GME260227P00024000,PUT,24.0,2026-02-27,28,0.8750000000000036,30,0.0,0.8750000000000036,NEAR_ATM,WITHIN_TOLERANCE,178,bars/O_GME260227P00024000.json,False,2026-01-20,2026-02-20
2026-02-02T14:30:00+00:00,2026-02-02T14:45:00+00:00,2026-02-02,69.115,CONTINUATION,RELOAD,12.0,24.0,0.0,HOLDOUT,RBLX,RBLX-PR-0031,O:RBLX260213C00069000,CALL,69.0,2026-02-13,11,0.16666666666665927,14,0.0,0.16666666666665927,NEAR_ATM,WITHIN_TOLERANCE,125,bars/O_RBLX260213C00069000.json,True,2026-01-26,2026-02-13
2026-02-02T14:30:00+00:00,2026-02-02T14:45:00+00:00,2026-02-02,69.115,CONTINUATION,RELOAD,12.0,24.0,0.0,HOLDOUT,RBLX,RBLX-PR-0031,O:RBLX260213P00069000,PUT,69.0,2026-02-13,11,-0.16666666666665927,14,0.0,0.16666666666665927,NEAR_ATM,WITHIN_TOLERANCE,129,bars/O_RBLX260213P00069000.json,False,2026-01-26,2026-02-13
2026-02-02T14:30:00+00:00,2026-02-02T14:45:00+00:00,2026-02-02,69.115,CONTINUATION,RELOAD,12.0,24.0,0.0,HOLDOUT,RBLX,RBLX-PR-0031,O:RBLX260306C00069000,CALL,69.0,2026-03-06,32,0.16666666666665927,30,0.0,0.16666666666665927,NEAR_ATM,WITHIN_TOLERANCE,33,bars/O_RBLX260306C00069000.json,False,2026-01-26,2026-02-23
2026-02-02T14:30:00+00:00,2026-02-02T14:45:00+00:00,2026-02-02,69.115,CONTINUATION,RELOAD,12.0,24.0,0.0,HOLDOUT,RBLX,RBLX-PR-0031,O:RBLX260306P00069000,PUT,69.0,2026-03-06,32,-0.16666666666665927,30,0.0,0.16666666666665927,NEAR_ATM,WITHIN_TOLERANCE,15,bars/O_RBLX260306P00069000.json,False,2026-01-26,2026-02-23
2026-02-02T14:30:00+00:00,2026-02-02T14:45:00+00:00,2026-02-02,692.59,ENTRY_FORMING,STRONG START,92.0,61.0,0.0,HOLDOUT,SPY,SPY-PR-0031,O:SPY260213C00693000,CALL,693.0,2026-02-13,11,-0.05916305916305457,14,0.0,0.05916305916305457,NEAR_ATM,WITHIN_TOLERANCE,366,bars/O_SPY260213C00693000.json,True,2026-01-26,2026-02-13
2026-02-02T14:30:00+00:00,2026-02-02T14:45:00+00:00,2026-02-02,692.59,ENTRY_FORMING,STRONG START,92.0,61.0,0.0,HOLDOUT,SPY,SPY-PR-0031,O:SPY260213P00693000,PUT,693.0,2026-02-13,11,0.05916305916305457,14,0.0,0.05916305916305457,NEAR_ATM,WITHIN_TOLERANCE,378,bars/O_SPY260213P00693000.json,False,2026-01-26,2026-02-13
2026-02-02T14:30:00+00:00,2026-02-02T14:45:00+00:00,2026-02-02,692.59,ENTRY_FORMING,STRONG START,92.0,61.0,0.0,HOLDOUT,SPY,SPY-PR-0031,O:SPY260306C00693000,CALL,693.0,2026-03-06,32,-0.05916305916305457,30,0.0,0.05916305916305457,NEAR_ATM,WITHIN_TOLERANCE,426,bars/O_SPY260306C00693000.json,False,2026-01-26,2026-02-23
2026-02-02T14:30:00+00:00,2026-02-02T14:45:00+00:00,2026-02-02,692.59,ENTRY_FORMING,STRONG START,92.0,61.0,0.0,HOLDOUT,SPY,SPY-PR-0031,O:SPY260306P00693000,PUT,693.0,2026-03-06,32,0.05916305916305457,30,0.0,0.05916305916305457,NEAR_ATM,WITHIN_TOLERANCE,298,bars/O_SPY260306P00693000.json,False,2026-01-26,2026-02-23
2026-02-02T19:45:00+00:00,2026-02-02T20:00:00+00:00,2026-02-02,25.5925,CONTINUATION,ADD,98.0,74.0,0.0,HOLDOUT,GME,GME-PR-0031,O:GME260213C00025500,CALL,25.5,2026-02-13,11,0.3627450980392201,14,0.0,0.3627450980392201,NEAR_ATM,WITHIN_TOLERANCE,307,bars/O_GME260213C00025500.json,True,2026-01-26,2026-02-13
2026-02-02T19:45:00+00:00,2026-02-02T20:00:00+00:00,2026-02-02,25.5925,CONTINUATION,ADD,98.0,74.0,0.0,HOLDOUT,GME,GME-PR-0031,O:GME260213P00025500,PUT,25.5,2026-02-13,11,-0.3627450980392201,14,0.0,0.3627450980392201,NEAR_ATM,WITHIN_TOLERANCE,100,bars/O_GME260213P00025500.json,False,2026-01-26,2026-02-13
2026-02-02T19:45:00+00:00,2026-02-02T20:00:00+00:00,2026-02-02,25.5925,CONTINUATION,ADD,98.0,74.0,0.0,HOLDOUT,GME,GME-PR-0031,O:GME260306C00025500,CALL,25.5,2026-03-06,32,0.3627450980392201,30,0.0,0.3627450980392201,NEAR_ATM,WITHIN_TOLERANCE,222,bars/O_GME260306C00025500.json,False,2026-01-26,2026-02-23
2026-02-02T19:45:00+00:00,2026-02-02T20:00:00+00:00,2026-02-02,25.5925,CONTINUATION,ADD,98.0,74.0,0.0,HOLDOUT,GME,GME-PR-0031,O:GME260306P00025500,PUT,25.5,2026-03-06,32,-0.3627450980392201,30,0.0,0.3627450980392201,NEAR_ATM,WITHIN_TOLERANCE,12,bars/O_GME260306P00025500.json,False,2026-01-26,2026-02-23
2026-02-02T20:00:00+00:00,2026-02-02T20:15:00+00:00,2026-02-02,177.92,ENTRY_FORMING,CAMPAIGN START,84.0,53.0,0.0,HOLDOUT,LULU,LULU-PR-0031,O:LULU260213C00177500,CALL,177.5,2026-02-13,11,0.23661971830985212,14,0.0,0.23661971830985212,NEAR_ATM,WITHIN_TOLERANCE,138,bars/O_LULU260213C00177500.json,True,2026-01-26,2026-02-13
2026-02-02T20:00:00+00:00,2026-02-02T20:15:00+00:00,2026-02-02,177.92,ENTRY_FORMING,CAMPAIGN START,84.0,53.0,0.0,HOLDOUT,LULU,LULU-PR-0031,O:LULU260213P00177500,PUT,177.5,2026-02-13,11,-0.23661971830985212,14,0.0,0.23661971830985212,NEAR_ATM,WITHIN_TOLERANCE,98,bars/O_LULU260213P00177500.json,False,2026-01-26,2026-02-13
2026-02-02T20:00:00+00:00,2026-02-02T20:15:00+00:00,2026-02-02,177.92,ENTRY_FORMING,CAMPAIGN START,84.0,53.0,0.0,HOLDOUT,LULU,LULU-PR-0031,O:LULU260306C00180000,CALL,180.0,2026-03-06,32,-1.1555555555555626,30,0.0,1.1555555555555626,NEAR_ATM,WITHIN_TOLERANCE,81,bars/O_LULU260306C00180000.json,False,2026-01-26,2026-02-23
2026-02-02T20:00:00+00:00,2026-02-02T20:15:00+00:00,2026-02-02,177.92,ENTRY_FORMING,CAMPAIGN START,84.0,53.0,0.0,HOLDOUT,LULU,LULU-PR-0031,O:LULU260306P00180000,PUT,180.0,2026-03-06,32,1.1555555555555626,30,0.0,1.1555555555555626,NEAR_ATM,WITHIN_TOLERANCE,83,bars/O_LULU260306P00180000.json,False,2026-01-26,2026-02-23
2026-02-03T19:15:00+00:00,2026-02-03T19:30:00+00:00,2026-02-03,16.79,ENTRY_FORMING,STRONG START,99.0,67.0,0.0,HOLDOUT,VALE,VALE-PR-0031,O:VALE260220C00017000,CALL,17.0,2026-02-20,17,-1.2352941176470638,14,0.0,1.2352941176470638,NEAR_ATM,WITHIN_TOLERANCE,303,bars/O_VALE260220C00017000.json,True,2026-01-27,2026-02-20
2026-02-03T19:15:00+00:00,2026-02-03T19:30:00+00:00,2026-02-03,16.79,ENTRY_FORMING,STRONG START,99.0,67.0,0.0,HOLDOUT,VALE,VALE-PR-0031,O:VALE260220P00017000,PUT,17.0,2026-02-20,17,1.2352941176470638,14,0.0,1.2352941176470638,NEAR_ATM,WITHIN_TOLERANCE,113,bars/O_VALE260220P00017000.json,False,2026-01-27,2026-02-20
2026-02-03T19:15:00+00:00,2026-02-03T19:30:00+00:00,2026-02-03,16.79,ENTRY_FORMING,STRONG START,99.0,67.0,0.0,HOLDOUT,VALE,VALE-PR-0031,O:VALE260306C00017000,CALL,17.0,2026-03-06,31,-1.2352941176470638,30,0.0,1.2352941176470638,NEAR_ATM,WITHIN_TOLERANCE,120,bars/O_VALE260306C00017000.json,False,2026-01-27,2026-02-25
2026-02-03T19:15:00+00:00,2026-02-03T19:30:00+00:00,2026-02-03,16.79,ENTRY_FORMING,STRONG START,99.0,67.0,0.0,HOLDOUT,VALE,VALE-PR-0031,O:VALE260306P00017000,PUT,17.0,2026-03-06,31,1.2352941176470638,30,0.0,1.2352941176470638,NEAR_ATM,WITHIN_TOLERANCE,50,bars/O_VALE260306P00017000.json,False,2026-01-27,2026-02-25
2026-02-04T14:30:00+00:00,2026-02-04T14:45:00+00:00,2026-02-04,422.49,ENTRY_FORMING,STRONG START,84.0,58.0,0.0,HOLDOUT,TSLA,TSLA-PR-0031,O:TSLA260218C00425000,CALL,425.0,2026-02-18,14,-0.5905882352941155,14,0.0,0.5905882352941155,NEAR_ATM,WITHIN_TOLERANCE,277,bars/O_TSLA260218C00425000.json,True,2026-01-28,2026-02-18
2026-02-04T14:30:00+00:00,2026-02-04T14:45:00+00:00,2026-02-04,422.49,ENTRY_FORMING,STRONG START,84.0,58.0,0.0,HOLDOUT,TSLA,TSLA-PR-0031,O:TSLA260218P00425000,PUT,425.0,2026-02-18,14,0.5905882352941155,14,0.0,0.5905882352941155,NEAR_ATM,WITHIN_TOLERANCE,213,bars/O_TSLA260218P00425000.json,False,2026-01-28,2026-02-18
2026-02-04T14:30:00+00:00,2026-02-04T14:45:00+00:00,2026-02-04,422.49,ENTRY_FORMING,STRONG START,84.0,58.0,0.0,HOLDOUT,TSLA,TSLA-PR-0031,O:TSLA260306C00425000,CALL,425.0,2026-03-06,30,-0.5905882352941155,30,0.0,0.5905882352941155,NEAR_ATM,WITHIN_TOLERANCE,458,bars/O_TSLA260306C00425000.json,False,2026-01-28,2026-02-25
2026-02-04T14:30:00+00:00,2026-02-04T14:45:00+00:00,2026-02-04,422.49,ENTRY_FORMING,STRONG START,84.0,58.0,0.0,HOLDOUT,TSLA,TSLA-PR-0031,O:TSLA260306P00425000,PUT,425.0,2026-03-06,30,0.5905882352941155,30,0.0,0.5905882352941155,NEAR_ATM,WITHIN_TOLERANCE,349,bars/O_TSLA260306P00425000.json,False,2026-01-28,2026-02-25
2026-02-04T14:45:00+00:00,2026-02-04T15:00:00+00:00,2026-02-04,24.525,ENTRY_FORMING,CAMPAIGN START,59.0,42.0,3.0,HOLDOUT,GME,GME-PR-0032,O:GME260220C00024500,CALL,24.5,2026-02-20,16,0.10204081632652481,14,0.0,0.10204081632652481,NEAR_ATM,WITHIN_TOLERANCE,404,bars/O_GME260220C00024500.json,True,2026-01-28,2026-02-20
2026-02-04T14:45:00+00:00,2026-02-04T15:00:00+00:00,2026-02-04,24.525,ENTRY_FORMING,CAMPAIGN START,59.0,42.0,3.0,HOLDOUT,GME,GME-PR-0032,O:GME260220P00024500,PUT,24.5,2026-02-20,16,-0.10204081632652481,14,0.0,0.10204081632652481,NEAR_ATM,WITHIN_TOLERANCE,173,bars/O_GME260220P00024500.json,False,2026-01-28,2026-02-20
2026-02-04T14:45:00+00:00,2026-02-04T15:00:00+00:00,2026-02-04,24.525,ENTRY_FORMING,CAMPAIGN START,59.0,42.0,3.0,HOLDOUT,GME,GME-PR-0032,O:GME260306C00024500,CALL,24.5,2026-03-06,30,0.10204081632652481,30,0.0,0.10204081632652481,NEAR_ATM,WITHIN_TOLERANCE,259,bars/O_GME260306C00024500.json,False,2026-01-28,2026-02-25
2026-02-04T14:45:00+00:00,2026-02-04T15:00:00+00:00,2026-02-04,24.525,ENTRY_FORMING,CAMPAIGN START,59.0,42.0,3.0,HOLDOUT,GME,GME-PR-0032,O:GME260306P00024500,PUT,24.5,2026-03-06,30,-0.10204081632652481,30,0.0,0.10204081632652481,NEAR_ATM,WITHIN_TOLERANCE,58,bars/O_GME260306P00024500.json,False,2026-01-28,2026-02-25
2026-02-04T15:00:00+00:00,2026-02-04T15:15:00+00:00,2026-02-04,175.8,CONTINUATION,RELOAD,66.0,48.0,0.0,HOLDOUT,LULU,LULU-PR-0032,O:LULU260220C00175000,CALL,175.0,2026-02-20,16,0.4571428571428637,14,0.0,0.4571428571428637,NEAR_ATM,WITHIN_TOLERANCE,206,bars/O_LULU260220C00175000.json,True,2026-01-28,2026-02-20
2026-02-04T15:00:00+00:00,2026-02-04T15:15:00+00:00,2026-02-04,175.8,CONTINUATION,RELOAD,66.0,48.0,0.0,HOLDOUT,LULU,LULU-PR-0032,O:LULU260220P00175000,PUT,175.0,2026-02-20,16,-0.4571428571428637,14,0.0,0.4571428571428637,NEAR_ATM,WITHIN_TOLERANCE,286,bars/O_LULU260220P00175000.json,False,2026-01-28,2026-02-20
2026-02-04T15:00:00+00:00,2026-02-04T15:15:00+00:00,2026-02-04,175.8,CONTINUATION,RELOAD,66.0,48.0,0.0,HOLDOUT,LULU,LULU-PR-0032,O:LULU260306C00175000,CALL,175.0,2026-03-06,30,0.4571428571428637,30,0.0,0.4571428571428637,NEAR_ATM,WITHIN_TOLERANCE,43,bars/O_LULU260306C00175000.json,False,2026-01-28,2026-02-25
2026-02-04T15:00:00+00:00,2026-02-04T15:15:00+00:00,2026-02-04,175.8,CONTINUATION,RELOAD,66.0,48.0,0.0,HOLDOUT,LULU,LULU-PR-0032,O:LULU260306P00175000,PUT,175.0,2026-03-06,30,-0.4571428571428637,30,0.0,0.4571428571428637,NEAR_ATM,WITHIN_TOLERANCE,91,bars/O_LULU260306P00175000.json,False,2026-01-28,2026-02-25
2026-02-04T15:00:00+00:00,2026-02-04T15:15:00+00:00,2026-02-04,16.91,CONTINUATION,ADD,100.0,73.0,0.0,HOLDOUT,VALE,VALE-PR-0032,O:VALE260220C00017000,CALL,17.0,2026-02-20,16,-0.5294117647058816,14,0.0,0.5294117647058816,NEAR_ATM,WITHIN_TOLERANCE,303,bars/O_VALE260220C00017000.json,True,2026-01-27,2026-02-20
2026-02-04T15:00:00+00:00,2026-02-04T15:15:00+00:00,2026-02-04,16.91,CONTINUATION,ADD,100.0,73.0,0.0,HOLDOUT,VALE,VALE-PR-0032,O:VALE260220P00017000,PUT,17.0,2026-02-20,16,0.5294117647058816,14,0.0,0.5294117647058816,NEAR_ATM,WITHIN_TOLERANCE,113,bars/O_VALE260220P00017000.json,False,2026-01-27,2026-02-20
2026-02-04T15:00:00+00:00,2026-02-04T15:15:00+00:00,2026-02-04,16.91,CONTINUATION,ADD,100.0,73.0,0.0,HOLDOUT,VALE,VALE-PR-0032,O:VALE260306C00017000,CALL,17.0,2026-03-06,30,-0.5294117647058816,30,0.0,0.5294117647058816,NEAR_ATM,WITHIN_TOLERANCE,120,bars/O_VALE260306C00017000.json,False,2026-01-27,2026-02-25
2026-02-04T15:00:00+00:00,2026-02-04T15:15:00+00:00,2026-02-04,16.91,CONTINUATION,ADD,100.0,73.0,0.0,HOLDOUT,VALE,VALE-PR-0032,O:VALE260306P00017000,PUT,17.0,2026-03-06,30,0.5294117647058816,30,0.0,0.5294117647058816,NEAR_ATM,WITHIN_TOLERANCE,50,bars/O_VALE260306P00017000.json,False,2026-01-27,2026-02-25
2026-02-04T19:45:00+00:00,2026-02-04T20:00:00+00:00,2026-02-04,409.035,CONTINUATION,RELOAD,0.0,15.0,0.0,HOLDOUT,TSLA,TSLA-PR-0032,O:TSLA260218C00410000,CALL,410.0,2026-02-18,14,-0.2353658536585305,14,0.0,0.2353658536585305,NEAR_ATM,WITHIN_TOLERANCE,245,bars/O_TSLA260218C00410000.json,True,2026-01-28,2026-02-18
2026-02-04T19:45:00+00:00,2026-02-04T20:00:00+00:00,2026-02-04,409.035,CONTINUATION,RELOAD,0.0,15.0,0.0,HOLDOUT,TSLA,TSLA-PR-0032,O:TSLA260218P00410000,PUT,410.0,2026-02-18,14,0.2353658536585305,14,0.0,0.2353658536585305,NEAR_ATM,WITHIN_TOLERANCE,265,bars/O_TSLA260218P00410000.json,False,2026-01-28,2026-02-18
2026-02-04T19:45:00+00:00,2026-02-04T20:00:00+00:00,2026-02-04,409.035,CONTINUATION,RELOAD,0.0,15.0,0.0,HOLDOUT,TSLA,TSLA-PR-0032,O:TSLA260306C00410000,CALL,410.0,2026-03-06,30,-0.2353658536585305,30,0.0,0.2353658536585305,NEAR_ATM,WITHIN_TOLERANCE,367,bars/O_TSLA260306C00410000.json,False,2026-01-28,2026-02-25
2026-02-04T19:45:00+00:00,2026-02-04T20:00:00+00:00,2026-02-04,409.035,CONTINUATION,RELOAD,0.0,15.0,0.0,HOLDOUT,TSLA,TSLA-PR-0032,O:TSLA260306P00410000,PUT,410.0,2026-03-06,30,0.2353658536585305,30,0.0,0.2353658536585305,NEAR_ATM,WITHIN_TOLERANCE,448,bars/O_TSLA260306P00410000.json,False,2026-01-28,2026-02-25
2026-02-04T20:00:00+00:00,2026-02-04T20:15:00+00:00,2026-02-04,64.89,ENTRY_FORMING,STRONG START,85.0,56.0,0.0,HOLDOUT,RBLX,RBLX-PR-0032,O:RBLX260220C00065000,CALL,65.0,2026-02-20,16,-0.16923076923076835,14,0.0,0.16923076923076835,NEAR_ATM,WITHIN_TOLERANCE,276,bars/O_RBLX260220C00065000.json,True,2026-01-28,2026-02-20
2026-02-04T20:00:00+00:00,2026-02-04T20:15:00+00:00,2026-02-04,64.89,ENTRY_FORMING,STRONG START,85.0,56.0,0.0,HOLDOUT,RBLX,RBLX-PR-0032,O:RBLX260220P00065000,PUT,65.0,2026-02-20,16,0.16923076923076835,14,0.0,0.16923076923076835,NEAR_ATM,WITHIN_TOLERANCE,338,bars/O_RBLX260220P00065000.json,False,2026-01-28,2026-02-20
2026-02-04T20:00:00+00:00,2026-02-04T20:15:00+00:00,2026-02-04,64.89,ENTRY_FORMING,STRONG START,85.0,56.0,0.0,HOLDOUT,RBLX,RBLX-PR-0032,O:RBLX260306C00065000,CALL,65.0,2026-03-06,30,-0.16923076923076835,30,0.0,0.16923076923076835,NEAR_ATM,WITHIN_TOLERANCE,86,bars/O_RBLX260306C00065000.json,False,2026-01-28,2026-02-25
2026-02-04T20:00:00+00:00,2026-02-04T20:15:00+00:00,2026-02-04,64.89,ENTRY_FORMING,STRONG START,85.0,56.0,0.0,HOLDOUT,RBLX,RBLX-PR-0032,O:RBLX260306P00065000,PUT,65.0,2026-03-06,30,0.16923076923076835,30,0.0,0.16923076923076835,NEAR_ATM,WITHIN_TOLERANCE,86,bars/O_RBLX260306P00065000.json,False,2026-01-28,2026-02-25
2026-02-06T20:45:00+00:00,2026-02-06T21:00:00+00:00,2026-02-06,40.41,ENTRY_FORMING,STRONG START,85.0,57.0,0.0,HOLDOUT,PYPL,PYPL-PR-0031,O:PYPL260220C00040500,CALL,40.5,2026-02-20,14,-0.22222222222223065,14,0.0,0.22222222222223065,NEAR_ATM,WITHIN_TOLERANCE,223,bars/O_PYPL260220C00040500.json,True,2026-01-30,2026-02-20
2026-02-06T20:45:00+00:00,2026-02-06T21:00:00+00:00,2026-02-06,40.41,ENTRY_FORMING,STRONG START,85.0,57.0,0.0,HOLDOUT,PYPL,PYPL-PR-0031,O:PYPL260220P00040500,PUT,40.5,2026-02-20,14,0.22222222222223065,14,0.0,0.22222222222223065,NEAR_ATM,WITHIN_TOLERANCE,201,bars/O_PYPL260220P00040500.json,False,2026-01-30,2026-02-20
2026-02-06T20:45:00+00:00,2026-02-06T21:00:00+00:00,2026-02-06,40.41,ENTRY_FORMING,STRONG START,85.0,57.0,0.0,HOLDOUT,PYPL,PYPL-PR-0031,O:PYPL260306C00040000,CALL,40.0,2026-03-06,28,1.0249999999999915,30,0.0,1.0249999999999915,NEAR_ATM,WITHIN_TOLERANCE,241,bars/O_PYPL260306C00040000.json,False,2026-01-30,2026-02-27
2026-02-06T20:45:00+00:00,2026-02-06T21:00:00+00:00,2026-02-06,40.41,ENTRY_FORMING,STRONG START,85.0,57.0,0.0,HOLDOUT,PYPL,PYPL-PR-0031,O:PYPL260306P00040000,PUT,40.0,2026-03-06,28,-1.0249999999999915,30,0.0,1.0249999999999915,NEAR_ATM,WITHIN_TOLERANCE,322,bars/O_PYPL260306P00040000.json,False,2026-01-30,2026-02-27
2026-02-06T20:45:00+00:00,2026-02-06T21:00:00+00:00,2026-02-06,25.09,ENTRY_FORMING,STRONG START,96.0,65.0,0.0,HOLDOUT,U,U-PR-0031,O:U260220C00025000,CALL,25.0,2026-02-20,14,0.35999999999999943,14,0.0,0.35999999999999943,NEAR_ATM,WITHIN_TOLERANCE,161,bars/O_U260220C00025000.json,True,2026-01-30,2026-02-20
2026-02-06T20:45:00+00:00,2026-02-06T21:00:00+00:00,2026-02-06,25.09,ENTRY_FORMING,STRONG START,96.0,65.0,0.0,HOLDOUT,U,U-PR-0031,O:U260220P00025000,PUT,25.0,2026-02-20,14,-0.35999999999999943,14,0.0,0.35999999999999943,NEAR_ATM,WITHIN_TOLERANCE,169,bars/O_U260220P00025000.json,False,2026-01-30,2026-02-20
2026-02-06T20:45:00+00:00,2026-02-06T21:00:00+00:00,2026-02-06,25.09,ENTRY_FORMING,STRONG START,96.0,65.0,0.0,HOLDOUT,U,U-PR-0031,O:U260306C00025000,CALL,25.0,2026-03-06,28,0.35999999999999943,30,0.0,0.35999999999999943,NEAR_ATM,WITHIN_TOLERANCE,92,bars/O_U260306C00025000.json,False,2026-01-30,2026-02-27
2026-02-06T20:45:00+00:00,2026-02-06T21:00:00+00:00,2026-02-06,25.09,ENTRY_FORMING,STRONG START,96.0,65.0,0.0,HOLDOUT,U,U-PR-0031,O:U260306P00025000,PUT,25.0,2026-03-06,28,-0.35999999999999943,30,0.0,0.35999999999999943,NEAR_ATM,WITHIN_TOLERANCE,52,bars/O_U260306P00025000.json,False,2026-01-30,2026-02-27
2026-02-10T20:00:00+00:00,2026-02-10T20:15:00+00:00,2026-02-10,28.69,CONTINUATION,ADD,96.0,74.0,0.0,HOLDOUT,U,U-PR-0032,O:U260227C00028500,CALL,28.5,2026-02-27,17,0.6666666666666712,14,0.0,0.6666666666666712,NEAR_ATM,WITHIN_TOLERANCE,17,bars/O_U260227C00028500.json,True,2026-02-03,2026-02-27
2026-02-10T20:00:00+00:00,2026-02-10T20:15:00+00:00,2026-02-10,28.69,CONTINUATION,ADD,96.0,74.0,0.0,HOLDOUT,U,U-PR-0032,O:U260227P00028500,PUT,28.5,2026-02-27,17,-0.6666666666666712,14,0.0,0.6666666666666712,NEAR_ATM,WITHIN_TOLERANCE,8,bars/O_U260227P00028500.json,False,2026-02-03,2026-02-27
2026-02-10T20:00:00+00:00,2026-02-10T20:15:00+00:00,2026-02-10,28.69,CONTINUATION,ADD,96.0,74.0,0.0,HOLDOUT,U,U-PR-0032,O:U260313C00029000,CALL,29.0,2026-03-13,31,-1.068965517241375,30,0.0,1.068965517241375,NEAR_ATM,WITHIN_TOLERANCE,24,bars/O_U260313C00029000.json,False,2026-02-03,2026-03-03
2026-02-10T20:00:00+00:00,2026-02-10T20:15:00+00:00,2026-02-10,28.69,CONTINUATION,ADD,96.0,74.0,0.0,HOLDOUT,U,U-PR-0032,O:U260313P00029000,PUT,29.0,2026-03-13,31,1.068965517241375,30,0.0,1.068965517241375,NEAR_ATM,WITHIN_TOLERANCE,7,bars/O_U260313P00029000.json,False,2026-02-03,2026-03-03
2026-02-20T18:30:00+00:00,2026-02-20T18:45:00+00:00,2026-02-20,42.01,CONTINUATION,ADD,98.0,74.0,0.0,HOLDOUT,PYPL,PYPL-PR-0032,O:PYPL260306C00042000,CALL,42.0,2026-03-06,14,0.023809523809519072,14,0.0,0.023809523809519072,NEAR_ATM,WITHIN_TOLERANCE,222,bars/O_PYPL260306C00042000.json,True,2026-02-13,2026-03-06
2026-02-20T18:30:00+00:00,2026-02-20T18:45:00+00:00,2026-02-20,42.01,CONTINUATION,ADD,98.0,74.0,0.0,HOLDOUT,PYPL,PYPL-PR-0032,O:PYPL260306P00042000,PUT,42.0,2026-03-06,14,-0.023809523809519072,14,0.0,0.023809523809519072,NEAR_ATM,WITHIN_TOLERANCE,206,bars/O_PYPL260306P00042000.json,False,2026-02-13,2026-03-06
2026-02-20T18:30:00+00:00,2026-02-20T18:45:00+00:00,2026-02-20,42.01,CONTINUATION,ADD,98.0,74.0,0.0,HOLDOUT,PYPL,PYPL-PR-0032,O:PYPL260320C00042500,CALL,42.5,2026-03-20,28,-1.1529411764705928,30,0.0,1.1529411764705928,NEAR_ATM,WITHIN_TOLERANCE,325,bars/O_PYPL260320C00042500.json,False,2026-02-13,2026-03-13
2026-02-20T18:30:00+00:00,2026-02-20T18:45:00+00:00,2026-02-20,42.01,CONTINUATION,ADD,98.0,74.0,0.0,HOLDOUT,PYPL,PYPL-PR-0032,O:PYPL260320P00042500,PUT,42.5,2026-03-20,28,1.1529411764705928,30,0.0,1.1529411764705928,NEAR_ATM,WITHIN_TOLERANCE,303,bars/O_PYPL260320P00042500.json,False,2026-02-13,2026-03-13
2026-02-20T20:00:00+00:00,2026-02-20T20:15:00+00:00,2026-02-20,187.535,CONTINUATION,ADD,97.0,88.0,0.0,HOLDOUT,LULU,LULU-PR-0033,O:LULU260306C00187500,CALL,187.5,2026-03-06,14,0.018666666666664847,14,0.0,0.018666666666664847,NEAR_ATM,WITHIN_TOLERANCE,114,bars/O_LULU260306C00187500.json,False,2026-02-13,2026-03-06
2026-02-20T20:00:00+00:00,2026-02-20T20:15:00+00:00,2026-02-20,187.535,CONTINUATION,ADD,97.0,88.0,0.0,HOLDOUT,LULU,LULU-PR-0033,O:LULU260306P00187500,PUT,187.5,2026-03-06,14,-0.018666666666664847,14,0.0,0.018666666666664847,NEAR_ATM,WITHIN_TOLERANCE,37,bars/O_LULU260306P00187500.json,False,2026-02-13,2026-03-06
2026-02-20T20:00:00+00:00,2026-02-20T20:15:00+00:00,2026-02-20,187.535,CONTINUATION,ADD,97.0,88.0,0.0,HOLDOUT,LULU,LULU-PR-0033,O:LULU260320C00190000,CALL,190.0,2026-03-20,28,-1.2973684210526333,30,0.0,1.2973684210526333,NEAR_ATM,WITHIN_TOLERANCE,324,bars/O_LULU260320C00190000.json,False,2026-02-13,2026-03-13
2026-02-20T20:00:00+00:00,2026-02-20T20:15:00+00:00,2026-02-20,187.535,CONTINUATION,ADD,97.0,88.0,0.0,HOLDOUT,LULU,LULU-PR-0033,O:LULU260320P00190000,PUT,190.0,2026-03-20,28,1.2973684210526333,30,0.0,1.2973684210526333,NEAR_ATM,WITHIN_TOLERANCE,129,bars/O_LULU260320P00190000.json,False,2026-02-13,2026-03-13
2026-02-20T20:45:00+00:00,2026-02-20T21:00:00+00:00,2026-02-20,411.78,ENTRY_FORMING,STRONG START,75.0,52.0,0.0,HOLDOUT,TSLA,TSLA-PR-0033,O:TSLA260306C00412500,CALL,412.5,2026-03-06,14,-0.17454545454546117,14,0.0,0.17454545454546117,NEAR_ATM,WITHIN_TOLERANCE,344,bars/O_TSLA260306C00412500.json,False,2026-02-13,2026-03-06
2026-02-20T20:45:00+00:00,2026-02-20T21:00:00+00:00,2026-02-20,411.78,ENTRY_FORMING,STRONG START,75.0,52.0,0.0,HOLDOUT,TSLA,TSLA-PR-0033,O:TSLA260306P00412500,PUT,412.5,2026-03-06,14,0.17454545454546117,14,0.0,0.17454545454546117,NEAR_ATM,WITHIN_TOLERANCE,303,bars/O_TSLA260306P00412500.json,False,2026-02-13,2026-03-06
2026-02-20T20:45:00+00:00,2026-02-20T21:00:00+00:00,2026-02-20,411.78,ENTRY_FORMING,STRONG START,75.0,52.0,0.0,HOLDOUT,TSLA,TSLA-PR-0033,O:TSLA260320C00410000,CALL,410.0,2026-03-20,28,0.43414634146340797,30,0.0,0.43414634146340797,NEAR_ATM,WITHIN_TOLERANCE,517,bars/O_TSLA260320C00410000.json,False,2026-02-13,2026-03-13
2026-02-20T20:45:00+00:00,2026-02-20T21:00:00+00:00,2026-02-20,411.78,ENTRY_FORMING,STRONG START,75.0,52.0,0.0,HOLDOUT,TSLA,TSLA-PR-0033,O:TSLA260320P00410000,PUT,410.0,2026-03-20,28,-0.43414634146340797,30,0.0,0.43414634146340797,NEAR_ATM,WITHIN_TOLERANCE,512,bars/O_TSLA260320P00410000.json,False,2026-02-13,2026-03-13
2026-02-24T19:00:00+00:00,2026-02-24T19:15:00+00:00,2026-02-24,408.77,CONTINUATION,ADD,0.0,2.0,13.0,HOLDOUT,TSLA,TSLA-PR-0034,O:TSLA260309C00410000,CALL,410.0,2026-03-09,13,-0.30000000000000443,14,0.0,0.30000000000000443,NEAR_ATM,WITHIN_TOLERANCE,265,bars/O_TSLA260309C00410000.json,False,2026-02-17,2026-03-09
2026-02-24T19:00:00+00:00,2026-02-24T19:15:00+00:00,2026-02-24,408.77,CONTINUATION,ADD,0.0,2.0,13.0,HOLDOUT,TSLA,TSLA-PR-0034,O:TSLA260309P00410000,PUT,410.0,2026-03-09,13,0.30000000000000443,14,0.0,0.30000000000000443,NEAR_ATM,WITHIN_TOLERANCE,229,bars/O_TSLA260309P00410000.json,False,2026-02-17,2026-03-09
2026-02-24T19:00:00+00:00,2026-02-24T19:15:00+00:00,2026-02-24,408.77,CONTINUATION,ADD,0.0,2.0,13.0,HOLDOUT,TSLA,TSLA-PR-0034,O:TSLA260327C00410000,CALL,410.0,2026-03-27,31,-0.30000000000000443,30,0.0,0.30000000000000443,NEAR_ATM,WITHIN_TOLERANCE,495,bars/O_TSLA260327C00410000.json,False,2026-02-17,2026-03-17
2026-02-24T19:00:00+00:00,2026-02-24T19:15:00+00:00,2026-02-24,408.77,CONTINUATION,ADD,0.0,2.0,13.0,HOLDOUT,TSLA,TSLA-PR-0034,O:TSLA260327P00410000,PUT,410.0,2026-03-27,31,0.30000000000000443,30,0.0,0.30000000000000443,NEAR_ATM,WITHIN_TOLERANCE,407,bars/O_TSLA260327P00410000.json,False,2026-02-17,2026-03-17
2026-02-25T19:45:00+00:00,2026-02-25T20:00:00+00:00,2026-02-25,67.87,CONTINUATION,ADD,100.0,81.0,0.0,HOLDOUT,RBLX,RBLX-PR-0033,O:RBLX260313C00068000,CALL,68.0,2026-03-13,16,-0.1911764705882286,14,0.0,0.1911764705882286,NEAR_ATM,WITHIN_TOLERANCE,110,bars/O_RBLX260313C00068000.json,False,2026-02-18,2026-03-13
2026-02-25T19:45:00+00:00,2026-02-25T20:00:00+00:00,2026-02-25,67.87,CONTINUATION,ADD,100.0,81.0,0.0,HOLDOUT,RBLX,RBLX-PR-0033,O:RBLX260313P00068000,PUT,68.0,2026-03-13,16,0.1911764705882286,14,0.0,0.1911764705882286,NEAR_ATM,WITHIN_TOLERANCE,54,bars/O_RBLX260313P00068000.json,False,2026-02-18,2026-03-13
2026-02-25T19:45:00+00:00,2026-02-25T20:00:00+00:00,2026-02-25,67.87,CONTINUATION,ADD,100.0,81.0,0.0,HOLDOUT,RBLX,RBLX-PR-0033,O:RBLX260327C00068000,CALL,68.0,2026-03-27,30,-0.1911764705882286,30,0.0,0.1911764705882286,NEAR_ATM,WITHIN_TOLERANCE,23,bars/O_RBLX260327C00068000.json,False,2026-02-18,2026-03-18
2026-02-25T19:45:00+00:00,2026-02-25T20:00:00+00:00,2026-02-25,67.87,CONTINUATION,ADD,100.0,81.0,0.0,HOLDOUT,RBLX,RBLX-PR-0033,O:RBLX260327P00068000,PUT,68.0,2026-03-27,30,0.1911764705882286,30,0.0,0.1911764705882286,NEAR_ATM,WITHIN_TOLERANCE,14,bars/O_RBLX260327P00068000.json,False,2026-02-18,2026-03-18
2026-02-25T20:15:00+00:00,2026-02-25T20:30:00+00:00,2026-02-25,24.18,ENTRY_FORMING,STRONG START,99.0,67.0,0.0,HOLDOUT,GME,GME-PR-0033,O:GME260313C00024000,CALL,24.0,2026-03-13,16,0.7499999999999989,14,0.0,0.7499999999999989,NEAR_ATM,WITHIN_TOLERANCE,395,bars/O_GME260313C00024000.json,False,2026-02-18,2026-03-13
2026-02-25T20:15:00+00:00,2026-02-25T20:30:00+00:00,2026-02-25,24.18,ENTRY_FORMING,STRONG START,99.0,67.0,0.0,HOLDOUT,GME,GME-PR-0033,O:GME260313P00024000,PUT,24.0,2026-03-13,16,-0.7499999999999989,14,0.0,0.7499999999999989,NEAR_ATM,WITHIN_TOLERANCE,264,bars/O_GME260313P00024000.json,False,2026-02-18,2026-03-13
2026-02-25T20:15:00+00:00,2026-02-25T20:30:00+00:00,2026-02-25,24.18,ENTRY_FORMING,STRONG START,99.0,67.0,0.0,HOLDOUT,GME,GME-PR-0033,O:GME260327C00024000,CALL,24.0,2026-03-27,30,0.7499999999999989,30,0.0,0.7499999999999989,NEAR_ATM,WITHIN_TOLERANCE,358,bars/O_GME260327C00024000.json,False,2026-02-18,2026-03-18
2026-02-25T20:15:00+00:00,2026-02-25T20:30:00+00:00,2026-02-25,24.18,ENTRY_FORMING,STRONG START,99.0,67.0,0.0,HOLDOUT,GME,GME-PR-0033,O:GME260327P00024000,PUT,24.0,2026-03-27,30,-0.7499999999999989,30,0.0,0.7499999999999989,NEAR_ATM,WITHIN_TOLERANCE,170,bars/O_GME260327P00024000.json,False,2026-02-18,2026-03-18
2026-02-27T20:30:00+00:00,2026-02-27T20:45:00+00:00,2026-02-27,46.225,ENTRY_FORMING,STRONG START,65.0,46.0,3.0,HOLDOUT,PYPL,PYPL-PR-0033,O:PYPL260313C00046000,CALL,46.0,2026-03-13,14,0.48913043478261176,14,0.0,0.48913043478261176,NEAR_ATM,WITHIN_TOLERANCE,294,bars/O_PYPL260313C00046000.json,False,2026-02-20,2026-03-13
2026-02-27T20:30:00+00:00,2026-02-27T20:45:00+00:00,2026-02-27,46.225,ENTRY_FORMING,STRONG START,65.0,46.0,3.0,HOLDOUT,PYPL,PYPL-PR-0033,O:PYPL260313P00046000,PUT,46.0,2026-03-13,14,-0.48913043478261176,14,0.0,0.48913043478261176,NEAR_ATM,WITHIN_TOLERANCE,135,bars/O_PYPL260313P00046000.json,False,2026-02-20,2026-03-13
2026-02-27T20:30:00+00:00,2026-02-27T20:45:00+00:00,2026-02-27,46.225,ENTRY_FORMING,STRONG START,65.0,46.0,3.0,HOLDOUT,PYPL,PYPL-PR-0033,O:PYPL260327C00046000,CALL,46.0,2026-03-27,28,0.48913043478261176,30,0.0,0.48913043478261176,NEAR_ATM,WITHIN_TOLERANCE,274,bars/O_PYPL260327C00046000.json,False,2026-02-20,2026-03-20
2026-02-27T20:30:00+00:00,2026-02-27T20:45:00+00:00,2026-02-27,46.225,ENTRY_FORMING,STRONG START,65.0,46.0,3.0,HOLDOUT,PYPL,PYPL-PR-0033,O:PYPL260327P00046000,PUT,46.0,2026-03-27,28,-0.48913043478261176,30,0.0,0.48913043478261176,NEAR_ATM,WITHIN_TOLERANCE,90,bars/O_PYPL260327P00046000.json,False,2026-02-20,2026-03-20
2026-03-05T15:00:00+00:00,2026-03-05T15:15:00+00:00,2026-03-05,68.5326,ENTRY_FORMING,STRONG START,97.0,66.0,0.0,HOLDOUT,RBLX,RBLX-PR-0034,O:RBLX260320C00069000,CALL,69.0,2026-03-20,15,-0.6773913043478229,14,0.0,0.6773913043478229,NEAR_ATM,WITHIN_TOLERANCE,54,bars/O_RBLX260320C00069000.json,False,2026-02-26,2026-03-20
2026-03-05T15:00:00+00:00,2026-03-05T15:15:00+00:00,2026-03-05,68.5326,ENTRY_FORMING,STRONG START,97.0,66.0,0.0,HOLDOUT,RBLX,RBLX-PR-0034,O:RBLX260320P00069000,PUT,69.0,2026-03-20,15,0.6773913043478229,14,0.0,0.6773913043478229,NEAR_ATM,WITHIN_TOLERANCE,29,bars/O_RBLX260320P00069000.json,False,2026-02-26,2026-03-20
2026-03-05T15:00:00+00:00,2026-03-05T15:15:00+00:00,2026-03-05,68.5326,ENTRY_FORMING,STRONG START,97.0,66.0,0.0,HOLDOUT,RBLX,RBLX-PR-0034,O:RBLX260402C00069000,CALL,69.0,2026-04-02,28,-0.6773913043478229,30,0.0,0.6773913043478229,NEAR_ATM,WITHIN_TOLERANCE,34,bars/O_RBLX260402C00069000.json,False,2026-02-26,2026-03-26
2026-03-05T15:00:00+00:00,2026-03-05T15:15:00+00:00,2026-03-05,68.5326,ENTRY_FORMING,STRONG START,97.0,66.0,0.0,HOLDOUT,RBLX,RBLX-PR-0034,O:RBLX260402P00069000,PUT,69.0,2026-04-02,28,0.6773913043478229,30,0.0,0.6773913043478229,NEAR_ATM,WITHIN_TOLERANCE,8,bars/O_RBLX260402P00069000.json,False,2026-02-26,2026-03-26
2026-03-05T20:00:00+00:00,2026-03-05T20:15:00+00:00,2026-03-05,20.53,CONTINUATION,RELOAD,69.0,56.0,0.0,HOLDOUT,U,U-PR-0033,O:U260320C00020500,CALL,20.5,2026-03-20,15,0.1463414634146397,14,0.0,0.1463414634146397,NEAR_ATM,WITHIN_TOLERANCE,217,bars/O_U260320C00020500.json,False,2026-02-26,2026-03-20
2026-03-05T20:00:00+00:00,2026-03-05T20:15:00+00:00,2026-03-05,20.53,CONTINUATION,RELOAD,69.0,56.0,0.0,HOLDOUT,U,U-PR-0033,O:U260320P00020500,PUT,20.5,2026-03-20,15,-0.1463414634146397,14,0.0,0.1463414634146397,NEAR_ATM,WITHIN_TOLERANCE,81,bars/O_U260320P00020500.json,False,2026-02-26,2026-03-20
2026-03-05T20:00:00+00:00,2026-03-05T20:15:00+00:00,2026-03-05,20.53,CONTINUATION,RELOAD,69.0,56.0,0.0,HOLDOUT,U,U-PR-0033,O:U260402C00021000,CALL,21.0,2026-04-02,28,-2.238095238095233,30,0.0,2.238095238095233,NEAR_ATM,WITHIN_TOLERANCE,122,bars/O_U260402C00021000.json,False,2026-02-26,2026-03-26
2026-03-05T20:00:00+00:00,2026-03-05T20:15:00+00:00,2026-03-05,20.53,CONTINUATION,RELOAD,69.0,56.0,0.0,HOLDOUT,U,U-PR-0033,O:U260402P00021000,PUT,21.0,2026-04-02,28,2.238095238095233,30,0.0,2.238095238095233,NEAR_ATM,WITHIN_TOLERANCE,29,bars/O_U260402P00021000.json,False,2026-02-26,2026-03-26
2026-03-06T20:15:00+00:00,2026-03-06T20:30:00+00:00,2026-03-06,24.115,CONTINUATION,ADD,100.0,79.0,0.0,HOLDOUT,GME,GME-PR-0034,O:GME260320C00024000,CALL,24.0,2026-03-20,14,0.47916666666666013,14,0.0,0.47916666666666013,NEAR_ATM,WITHIN_TOLERANCE,403,bars/O_GME260320C00024000.json,False,2026-02-27,2026-03-20
2026-03-06T20:15:00+00:00,2026-03-06T20:30:00+00:00,2026-03-06,24.115,CONTINUATION,ADD,100.0,79.0,0.0,HOLDOUT,GME,GME-PR-0034,O:GME260320P00024000,PUT,24.0,2026-03-20,14,-0.47916666666666013,14,0.0,0.47916666666666013,NEAR_ATM,WITHIN_TOLERANCE,292,bars/O_GME260320P00024000.json,False,2026-02-27,2026-03-20
2026-03-06T20:15:00+00:00,2026-03-06T20:30:00+00:00,2026-03-06,24.115,CONTINUATION,ADD,100.0,79.0,0.0,HOLDOUT,GME,GME-PR-0034,O:GME260402C00024000,CALL,24.0,2026-04-02,27,0.47916666666666013,30,0.0,0.47916666666666013,NEAR_ATM,WITHIN_TOLERANCE,350,bars/O_GME260402C00024000.json,False,2026-02-27,2026-03-27
2026-03-06T20:15:00+00:00,2026-03-06T20:30:00+00:00,2026-03-06,24.115,CONTINUATION,ADD,100.0,79.0,0.0,HOLDOUT,GME,GME-PR-0034,O:GME260402P00024000,PUT,24.0,2026-04-02,27,-0.47916666666666013,30,0.0,0.47916666666666013,NEAR_ATM,WITHIN_TOLERANCE,101,bars/O_GME260402P00024000.json,False,2026-02-27,2026-03-27
2026-03-09T15:15:00+00:00,2026-03-09T15:30:00+00:00,2026-03-09,20.3,ENTRY_FORMING,CAMPAIGN START,4.0,0.0,13.0,HOLDOUT,U,U-PR-0034,O:U260320C00020500,CALL,20.5,2026-03-20,11,-0.9756097560975575,14,0.0,0.9756097560975575,NEAR_ATM,WITHIN_TOLERANCE,217,bars/O_U260320C00020500.json,False,2026-02-26,2026-03-20
2026-03-09T15:15:00+00:00,2026-03-09T15:30:00+00:00,2026-03-09,20.3,ENTRY_FORMING,CAMPAIGN START,4.0,0.0,13.0,HOLDOUT,U,U-PR-0034,O:U260320P00020500,PUT,20.5,2026-03-20,11,0.9756097560975575,14,0.0,0.9756097560975575,NEAR_ATM,WITHIN_TOLERANCE,81,bars/O_U260320P00020500.json,False,2026-02-26,2026-03-20
2026-03-09T15:15:00+00:00,2026-03-09T15:30:00+00:00,2026-03-09,20.3,ENTRY_FORMING,CAMPAIGN START,4.0,0.0,13.0,HOLDOUT,U,U-PR-0034,O:U260410C00020000,CALL,20.0,2026-04-10,32,1.5000000000000036,30,0.0,1.5000000000000036,NEAR_ATM,WITHIN_TOLERANCE,114,bars/O_U260410C00020000.json,False,2026-03-02,2026-03-30
2026-03-09T15:15:00+00:00,2026-03-09T15:30:00+00:00,2026-03-09,20.3,ENTRY_FORMING,CAMPAIGN START,4.0,0.0,13.0,HOLDOUT,U,U-PR-0034,O:U260410P00020000,PUT,20.0,2026-04-10,32,-1.5000000000000036,30,0.0,1.5000000000000036,NEAR_ATM,WITHIN_TOLERANCE,62,bars/O_U260410P00020000.json,False,2026-03-02,2026-03-30
2026-03-09T19:15:00+00:00,2026-03-09T19:30:00+00:00,2026-03-09,170.12,ENTRY_FORMING,STRONG START,84.0,57.0,0.0,HOLDOUT,LULU,LULU-PR-0034,O:LULU260320C00170000,CALL,170.0,2026-03-20,11,0.07058823529412032,14,0.0,0.07058823529412032,NEAR_ATM,WITHIN_TOLERANCE,241,bars/O_LULU260320C00170000.json,False,2026-03-02,2026-03-20
2026-03-09T19:15:00+00:00,2026-03-09T19:30:00+00:00,2026-03-09,170.12,ENTRY_FORMING,STRONG START,84.0,57.0,0.0,HOLDOUT,LULU,LULU-PR-0034,O:LULU260320P00170000,PUT,170.0,2026-03-20,11,-0.07058823529412032,14,0.0,0.07058823529412032,NEAR_ATM,WITHIN_TOLERANCE,310,bars/O_LULU260320P00170000.json,False,2026-03-02,2026-03-20
2026-03-09T19:15:00+00:00,2026-03-09T19:30:00+00:00,2026-03-09,170.12,ENTRY_FORMING,STRONG START,84.0,57.0,0.0,HOLDOUT,LULU,LULU-PR-0034,O:LULU260410C00170000,CALL,170.0,2026-04-10,32,0.07058823529412032,30,0.0,0.07058823529412032,NEAR_ATM,WITHIN_TOLERANCE,84,bars/O_LULU260410C00170000.json,False,2026-03-02,2026-03-30
2026-03-09T19:15:00+00:00,2026-03-09T19:30:00+00:00,2026-03-09,170.12,ENTRY_FORMING,STRONG START,84.0,57.0,0.0,HOLDOUT,LULU,LULU-PR-0034,O:LULU260410P00170000,PUT,170.0,2026-04-10,32,-0.07058823529412032,30,0.0,0.07058823529412032,NEAR_ATM,WITHIN_TOLERANCE,39,bars/O_LULU260410P00170000.json,False,2026-03-02,2026-03-30
2026-03-10T18:45:00+00:00,2026-03-10T19:00:00+00:00,2026-03-10,15.615,ENTRY_FORMING,STRONG START,87.0,56.0,0.0,HOLDOUT,VALE,VALE-PR-0033,O:VALE260327C00015500,CALL,15.5,2026-03-27,17,0.7419354838709692,14,0.0,0.7419354838709692,NEAR_ATM,WITHIN_TOLERANCE,158,bars/O_VALE260327C00015500.json,False,2026-03-03,2026-03-27
2026-03-10T18:45:00+00:00,2026-03-10T19:00:00+00:00,2026-03-10,15.615,ENTRY_FORMING,STRONG START,87.0,56.0,0.0,HOLDOUT,VALE,VALE-PR-0033,O:VALE260327P00015500,PUT,15.5,2026-03-27,17,-0.7419354838709692,14,0.0,0.7419354838709692,NEAR_ATM,WITHIN_TOLERANCE,33,bars/O_VALE260327P00015500.json,False,2026-03-03,2026-03-27
2026-03-10T18:45:00+00:00,2026-03-10T19:00:00+00:00,2026-03-10,15.615,ENTRY_FORMING,STRONG START,87.0,56.0,0.0,HOLDOUT,VALE,VALE-PR-0033,O:VALE260410C00015500,CALL,15.5,2026-04-10,31,0.7419354838709692,30,0.0,0.7419354838709692,NEAR_ATM,WITHIN_TOLERANCE,68,bars/O_VALE260410C00015500.json,False,2026-03-03,2026-03-31
2026-03-10T18:45:00+00:00,2026-03-10T19:00:00+00:00,2026-03-10,15.615,ENTRY_FORMING,STRONG START,87.0,56.0,0.0,HOLDOUT,VALE,VALE-PR-0033,O:VALE260410P00015500,PUT,15.5,2026-04-10,31,-0.7419354838709692,30,0.0,0.7419354838709692,NEAR_ATM,WITHIN_TOLERANCE,20,bars/O_VALE260410P00015500.json,False,2026-03-03,2026-03-31
2026-03-11T16:00:00+00:00,2026-03-11T16:15:00+00:00,2026-03-11,45.29,CONTINUATION,RELOAD,27.0,26.0,0.0,HOLDOUT,PYPL,PYPL-PR-0034,O:PYPL260327C00045500,CALL,45.5,2026-03-27,16,-0.4615384615384634,14,0.0,0.4615384615384634,NEAR_ATM,WITHIN_TOLERANCE,199,bars/O_PYPL260327C00045500.json,False,2026-03-04,2026-03-27
2026-03-11T16:00:00+00:00,2026-03-11T16:15:00+00:00,2026-03-11,45.29,CONTINUATION,RELOAD,27.0,26.0,0.0,HOLDOUT,PYPL,PYPL-PR-0034,O:PYPL260327P00045500,PUT,45.5,2026-03-27,16,0.4615384615384634,14,0.0,0.4615384615384634,NEAR_ATM,WITHIN_TOLERANCE,78,bars/O_PYPL260327P00045500.json,False,2026-03-04,2026-03-27
2026-03-11T16:00:00+00:00,2026-03-11T16:15:00+00:00,2026-03-11,45.29,CONTINUATION,RELOAD,27.0,26.0,0.0,HOLDOUT,PYPL,PYPL-PR-0034,O:PYPL260410C00045000,CALL,45.0,2026-04-10,30,0.6444444444444425,30,0.0,0.6444444444444425,NEAR_ATM,WITHIN_TOLERANCE,167,bars/O_PYPL260410C00045000.json,False,2026-03-04,2026-04-01
2026-03-11T16:00:00+00:00,2026-03-11T16:15:00+00:00,2026-03-11,45.29,CONTINUATION,RELOAD,27.0,26.0,0.0,HOLDOUT,PYPL,PYPL-PR-0034,O:PYPL260410P00045000,PUT,45.0,2026-04-10,30,-0.6444444444444425,30,0.0,0.6444444444444425,NEAR_ATM,WITHIN_TOLERANCE,149,bars/O_PYPL260410P00045000.json,False,2026-03-04,2026-04-01
2026-03-12T19:15:00+00:00,2026-03-12T19:30:00+00:00,2026-03-12,15.105,CONTINUATION,RELOAD,35.0,31.0,0.0,HOLDOUT,VALE,VALE-PR-0034,O:VALE260327C00015000,CALL,15.0,2026-03-27,15,0.7000000000000028,14,0.0,0.7000000000000028,NEAR_ATM,WITHIN_TOLERANCE,131,bars/O_VALE260327C00015000.json,False,2026-03-05,2026-03-27
2026-03-12T19:15:00+00:00,2026-03-12T19:30:00+00:00,2026-03-12,15.105,CONTINUATION,RELOAD,35.0,31.0,0.0,HOLDOUT,VALE,VALE-PR-0034,O:VALE260327P00015000,PUT,15.0,2026-03-27,15,-0.7000000000000028,14,0.0,0.7000000000000028,NEAR_ATM,WITHIN_TOLERANCE,82,bars/O_VALE260327P00015000.json,False,2026-03-05,2026-03-27
2026-03-12T19:15:00+00:00,2026-03-12T19:30:00+00:00,2026-03-12,15.105,CONTINUATION,RELOAD,35.0,31.0,0.0,HOLDOUT,VALE,VALE-PR-0034,O:VALE260410C00015000,CALL,15.0,2026-04-10,29,0.7000000000000028,30,0.0,0.7000000000000028,NEAR_ATM,WITHIN_TOLERANCE,115,bars/O_VALE260410C00015000.json,False,2026-03-05,2026-04-02
2026-03-12T19:15:00+00:00,2026-03-12T19:30:00+00:00,2026-03-12,15.105,CONTINUATION,RELOAD,35.0,31.0,0.0,HOLDOUT,VALE,VALE-PR-0034,O:VALE260410P00015000,PUT,15.0,2026-04-10,29,-0.7000000000000028,30,0.0,0.7000000000000028,NEAR_ATM,WITHIN_TOLERANCE,57,bars/O_VALE260410P00015000.json,False,2026-03-05,2026-04-02
2026-03-17T14:30:00+00:00,2026-03-17T14:45:00+00:00,2026-03-17,399.52,ENTRY_FORMING,STRONG START,85.0,59.0,0.0,HOLDOUT,TSLA,TSLA-PR-0035,O:TSLA260330C00400000,CALL,400.0,2026-03-30,13,-0.12000000000000455,14,0.0,0.12000000000000455,NEAR_ATM,WITHIN_TOLERANCE,274,bars/O_TSLA260330C00400000.json,False,2026-03-10,2026-03-30
2026-03-17T14:30:00+00:00,2026-03-17T14:45:00+00:00,2026-03-17,399.52,ENTRY_FORMING,STRONG START,85.0,59.0,0.0,HOLDOUT,TSLA,TSLA-PR-0035,O:TSLA260330P00400000,PUT,400.0,2026-03-30,13,0.12000000000000455,14,0.0,0.12000000000000455,NEAR_ATM,WITHIN_TOLERANCE,205,bars/O_TSLA260330P00400000.json,False,2026-03-10,2026-03-30
2026-03-17T14:30:00+00:00,2026-03-17T14:45:00+00:00,2026-03-17,399.52,ENTRY_FORMING,STRONG START,85.0,59.0,0.0,HOLDOUT,TSLA,TSLA-PR-0035,O:TSLA260417C00400000,CALL,400.0,2026-04-17,31,-0.12000000000000455,30,0.0,0.12000000000000455,NEAR_ATM,WITHIN_TOLERANCE,546,bars/O_TSLA260417C00400000.json,False,2026-03-10,2026-04-08
2026-03-17T14:30:00+00:00,2026-03-17T14:45:00+00:00,2026-03-17,399.52,ENTRY_FORMING,STRONG START,85.0,59.0,0.0,HOLDOUT,TSLA,TSLA-PR-0035,O:TSLA260417P00400000,PUT,400.0,2026-04-17,31,0.12000000000000455,30,0.0,0.12000000000000455,NEAR_ATM,WITHIN_TOLERANCE,520,bars/O_TSLA260417P00400000.json,False,2026-03-10,2026-04-08
2026-03-18T13:30:00+00:00,2026-03-18T13:45:00+00:00,2026-03-18,59.305,CONTINUATION,RELOAD,66.0,47.0,0.0,HOLDOUT,RBLX,RBLX-PR-0035,O:RBLX260402C00059000,CALL,59.0,2026-04-02,15,0.5169491525423724,14,0.0,0.5169491525423724,NEAR_ATM,WITHIN_TOLERANCE,140,bars/O_RBLX260402C00059000.json,False,2026-03-11,2026-04-02
2026-03-18T13:30:00+00:00,2026-03-18T13:45:00+00:00,2026-03-18,59.305,CONTINUATION,RELOAD,66.0,47.0,0.0,HOLDOUT,RBLX,RBLX-PR-0035,O:RBLX260402P00059000,PUT,59.0,2026-04-02,15,-0.5169491525423724,14,0.0,0.5169491525423724,NEAR_ATM,WITHIN_TOLERANCE,88,bars/O_RBLX260402P00059000.json,False,2026-03-11,2026-04-02
2026-03-18T13:30:00+00:00,2026-03-18T13:45:00+00:00,2026-03-18,59.305,CONTINUATION,RELOAD,66.0,47.0,0.0,HOLDOUT,RBLX,RBLX-PR-0035,O:RBLX260417C00060000,CALL,60.0,2026-04-17,30,-1.1583333333333339,30,0.0,1.1583333333333339,NEAR_ATM,WITHIN_TOLERANCE,328,bars/O_RBLX260417C00060000.json,False,2026-03-11,2026-04-08
2026-03-18T13:30:00+00:00,2026-03-18T13:45:00+00:00,2026-03-18,59.305,CONTINUATION,RELOAD,66.0,47.0,0.0,HOLDOUT,RBLX,RBLX-PR-0035,O:RBLX260417P00060000,PUT,60.0,2026-04-17,30,1.1583333333333339,30,0.0,1.1583333333333339,NEAR_ATM,WITHIN_TOLERANCE,222,bars/O_RBLX260417P00060000.json,False,2026-03-11,2026-04-08
2026-03-18T13:30:00+00:00,2026-03-18T13:45:00+00:00,2026-03-18,401.86,CONTINUATION,ADD,96.0,72.0,0.0,HOLDOUT,TSLA,TSLA-PR-0036,O:TSLA260401C00402500,CALL,402.5,2026-04-01,14,-0.15900621118012084,14,0.0,0.15900621118012084,NEAR_ATM,WITHIN_TOLERANCE,176,bars/O_TSLA260401C00402500.json,False,2026-03-11,2026-04-01
2026-03-18T13:30:00+00:00,2026-03-18T13:45:00+00:00,2026-03-18,401.86,CONTINUATION,ADD,96.0,72.0,0.0,HOLDOUT,TSLA,TSLA-PR-0036,O:TSLA260401P00402500,PUT,402.5,2026-04-01,14,0.15900621118012084,14,0.0,0.15900621118012084,NEAR_ATM,WITHIN_TOLERANCE,67,bars/O_TSLA260401P00402500.json,False,2026-03-11,2026-04-01
2026-03-18T13:30:00+00:00,2026-03-18T13:45:00+00:00,2026-03-18,401.86,CONTINUATION,ADD,96.0,72.0,0.0,HOLDOUT,TSLA,TSLA-PR-0036,O:TSLA260417C00400000,CALL,400.0,2026-04-17,30,0.4650000000000034,30,0.0,0.4650000000000034,NEAR_ATM,WITHIN_TOLERANCE,546,bars/O_TSLA260417C00400000.json,False,2026-03-10,2026-04-08
2026-03-18T13:30:00+00:00,2026-03-18T13:45:00+00:00,2026-03-18,401.86,CONTINUATION,ADD,96.0,72.0,0.0,HOLDOUT,TSLA,TSLA-PR-0036,O:TSLA260417P00400000,PUT,400.0,2026-04-17,30,-0.4650000000000034,30,0.0,0.4650000000000034,NEAR_ATM,WITHIN_TOLERANCE,520,bars/O_TSLA260417P00400000.json,False,2026-03-10,2026-04-08
2026-03-18T18:30:00+00:00,2026-03-18T18:45:00+00:00,2026-03-18,168.39,CONTINUATION,ADD,94.0,70.0,0.0,HOLDOUT,LULU,LULU-PR-0035,O:LULU260402C00167500,CALL,167.5,2026-04-02,15,0.5313432835820814,14,0.0,0.5313432835820814,NEAR_ATM,WITHIN_TOLERANCE,110,bars/O_LULU260402C00167500.json,False,2026-03-11,2026-04-02
2026-03-18T18:30:00+00:00,2026-03-18T18:45:00+00:00,2026-03-18,168.39,CONTINUATION,ADD,94.0,70.0,0.0,HOLDOUT,LULU,LULU-PR-0035,O:LULU260402P00167500,PUT,167.5,2026-04-02,15,-0.5313432835820814,14,0.0,0.5313432835820814,NEAR_ATM,WITHIN_TOLERANCE,48,bars/O_LULU260402P00167500.json,False,2026-03-11,2026-04-02
2026-03-18T18:30:00+00:00,2026-03-18T18:45:00+00:00,2026-03-18,168.39,CONTINUATION,ADD,94.0,70.0,0.0,HOLDOUT,LULU,LULU-PR-0035,O:LULU260417C00170000,CALL,170.0,2026-04-17,30,-0.9470588235294197,30,0.0,0.9470588235294197,NEAR_ATM,WITHIN_TOLERANCE,319,bars/O_LULU260417C00170000.json,False,2026-03-11,2026-04-08
2026-03-18T18:30:00+00:00,2026-03-18T18:45:00+00:00,2026-03-18,168.39,CONTINUATION,ADD,94.0,70.0,0.0,HOLDOUT,LULU,LULU-PR-0035,O:LULU260417P00170000,PUT,170.0,2026-04-17,30,0.9470588235294197,30,0.0,0.9470588235294197,NEAR_ATM,WITHIN_TOLERANCE,191,bars/O_LULU260417P00170000.json,False,2026-03-11,2026-04-08
2026-03-23T14:15:00+00:00,2026-03-23T14:30:00+00:00,2026-03-23,57.4,ENTRY_FORMING,STRONG START,83.0,56.0,0.0,HOLDOUT,RBLX,RBLX-PR-0036,O:RBLX260424C00057000,CALL,57.0,2026-04-24,32,0.7017543859649098,30,0.0,0.7017543859649098,NEAR_ATM,WITHIN_TOLERANCE,122,bars/O_RBLX260424C00057000.json,False,2026-03-16,2026-04-24
2026-03-23T14:15:00+00:00,2026-03-23T14:30:00+00:00,2026-03-23,57.4,ENTRY_FORMING,STRONG START,83.0,56.0,0.0,HOLDOUT,RBLX,RBLX-PR-0036,O:RBLX260424P00057000,PUT,57.0,2026-04-24,32,-0.7017543859649098,30,0.0,0.7017543859649098,NEAR_ATM,WITHIN_TOLERANCE,190,bars/O_RBLX260424P00057000.json,False,2026-03-16,2026-04-24
2026-03-23T19:45:00+00:00,2026-03-23T20:00:00+00:00,2026-03-23,23.03,ENTRY_FORMING,STRONG START,93.0,60.0,0.0,HOLDOUT,GME,GME-PR-0035,O:GME260424C00023000,CALL,23.0,2026-04-24,32,0.1304347826087006,30,0.0,0.1304347826087006,NEAR_ATM,WITHIN_TOLERANCE,249,bars/O_GME260424C00023000.json,False,2026-03-16,2026-04-13
2026-03-23T19:45:00+00:00,2026-03-23T20:00:00+00:00,2026-03-23,23.03,ENTRY_FORMING,STRONG START,93.0,60.0,0.0,HOLDOUT,GME,GME-PR-0035,O:GME260424P00023000,PUT,23.0,2026-04-24,32,-0.1304347826087006,30,0.0,0.1304347826087006,NEAR_ATM,WITHIN_TOLERANCE,182,bars/O_GME260424P00023000.json,False,2026-03-16,2026-04-13
2026-03-30T19:45:00+00:00,2026-03-30T20:00:00+00:00,2026-03-30,22.27,CONTINUATION,RELOAD,52.0,42.0,0.0,HOLDOUT,GME,GME-PR-0036,O:GME260410C00022500,CALL,22.5,2026-04-10,11,-1.0222222222222241,14,0.0,1.0222222222222241,NEAR_ATM,WITHIN_TOLERANCE,251,bars/O_GME260410C00022500.json,True,2026-03-23,2026-04-10
2026-03-30T19:45:00+00:00,2026-03-30T20:00:00+00:00,2026-03-30,22.27,CONTINUATION,RELOAD,52.0,42.0,0.0,HOLDOUT,GME,GME-PR-0036,O:GME260410P00022500,PUT,22.5,2026-04-10,11,1.0222222222222241,14,0.0,1.0222222222222241,NEAR_ATM,WITHIN_TOLERANCE,253,bars/O_GME260410P00022500.json,False,2026-03-23,2026-04-10
2026-03-30T19:45:00+00:00,2026-03-30T20:00:00+00:00,2026-03-30,22.27,CONTINUATION,RELOAD,52.0,42.0,0.0,HOLDOUT,GME,GME-PR-0036,O:GME260501C00022500,CALL,22.5,2026-05-01,32,-1.0222222222222241,30,0.0,1.0222222222222241,NEAR_ATM,WITHIN_TOLERANCE,115,bars/O_GME260501C00022500.json,False,2026-03-23,2026-04-20
2026-03-30T19:45:00+00:00,2026-03-30T20:00:00+00:00,2026-03-30,22.27,CONTINUATION,RELOAD,52.0,42.0,0.0,HOLDOUT,GME,GME-PR-0036,O:GME260501P00022500,PUT,22.5,2026-05-01,32,1.0222222222222241,30,0.0,1.0222222222222241,NEAR_ATM,WITHIN_TOLERANCE,105,bars/O_GME260501P00022500.json,False,2026-03-23,2026-04-20
2026-03-31T14:00:00+00:00,2026-03-31T14:15:00+00:00,2026-03-31,15.64,CONTINUATION,RELOAD,52.0,39.0,2.0,HOLDOUT,VALE,VALE-PR-0035,O:VALE260417C00015500,CALL,15.5,2026-04-17,17,0.9032258064516167,14,0.0,0.9032258064516167,NEAR_ATM,WITHIN_TOLERANCE,82,bars/O_VALE260417C00015500.json,False,2026-03-24,2026-04-17
2026-03-31T14:00:00+00:00,2026-03-31T14:15:00+00:00,2026-03-31,15.64,CONTINUATION,RELOAD,52.0,39.0,2.0,HOLDOUT,VALE,VALE-PR-0035,O:VALE260417P00015500,PUT,15.5,2026-04-17,17,-0.9032258064516167,14,0.0,0.9032258064516167,NEAR_ATM,WITHIN_TOLERANCE,49,bars/O_VALE260417P00015500.json,False,2026-03-24,2026-04-17
2026-03-31T14:00:00+00:00,2026-03-31T14:15:00+00:00,2026-03-31,15.64,CONTINUATION,RELOAD,52.0,39.0,2.0,HOLDOUT,VALE,VALE-PR-0035,O:VALE260501C00015500,CALL,15.5,2026-05-01,31,0.9032258064516167,30,0.0,0.9032258064516167,NEAR_ATM,WITHIN_TOLERANCE,8,bars/O_VALE260501C00015500.json,False,2026-03-24,2026-04-21
2026-03-31T14:00:00+00:00,2026-03-31T14:15:00+00:00,2026-03-31,15.64,CONTINUATION,RELOAD,52.0,39.0,2.0,HOLDOUT,VALE,VALE-PR-0035,O:VALE260501P00015500,PUT,15.5,2026-05-01,31,-0.9032258064516167,30,0.0,0.9032258064516167,NEAR_ATM,WITHIN_TOLERANCE,7,bars/O_VALE260501P00015500.json,False,2026-03-24,2026-04-21
2026-03-31T16:30:00+00:00,2026-03-31T16:45:00+00:00,2026-03-31,45.15,CONTINUATION,ADD,97.0,64.0,0.0,HOLDOUT,PYPL,PYPL-PR-0035,O:PYPL260417C00045000,CALL,45.0,2026-04-17,17,0.3333333333333302,14,0.0,0.3333333333333302,NEAR_ATM,WITHIN_TOLERANCE,421,bars/O_PYPL260417C00045000.json,False,2026-03-24,2026-04-17
2026-03-31T16:30:00+00:00,2026-03-31T16:45:00+00:00,2026-03-31,45.15,CONTINUATION,ADD,97.0,64.0,0.0,HOLDOUT,PYPL,PYPL-PR-0035,O:PYPL260417P00045000,PUT,45.0,2026-04-17,17,-0.3333333333333302,14,0.0,0.3333333333333302,NEAR_ATM,WITHIN_TOLERANCE,326,bars/O_PYPL260417P00045000.json,False,2026-03-24,2026-04-17
2026-03-31T16:30:00+00:00,2026-03-31T16:45:00+00:00,2026-03-31,45.15,CONTINUATION,ADD,97.0,64.0,0.0,HOLDOUT,PYPL,PYPL-PR-0035,O:PYPL260501C00045000,CALL,45.0,2026-05-01,31,0.3333333333333302,30,0.0,0.3333333333333302,NEAR_ATM,WITHIN_TOLERANCE,82,bars/O_PYPL260501C00045000.json,False,2026-03-24,2026-04-21
2026-03-31T16:30:00+00:00,2026-03-31T16:45:00+00:00,2026-03-31,45.15,CONTINUATION,ADD,97.0,64.0,0.0,HOLDOUT,PYPL,PYPL-PR-0035,O:PYPL260501P00045000,PUT,45.0,2026-05-01,31,-0.3333333333333302,30,0.0,0.3333333333333302,NEAR_ATM,WITHIN_TOLERANCE,124,bars/O_PYPL260501P00045000.json,False,2026-03-24,2026-04-21
2026-03-31T19:30:00+00:00,2026-03-31T19:45:00+00:00,2026-03-31,45.355,ENTRY_FORMING,STRONG START,100.0,73.0,0.0,HOLDOUT,PYPL,PYPL-PR-0036,O:PYPL260417C00045500,CALL,45.5,2026-04-17,17,-0.31868131868132554,14,0.0,0.31868131868132554,NEAR_ATM,WITHIN_TOLERANCE,178,bars/O_PYPL260417C00045500.json,False,2026-03-24,2026-04-17
2026-03-31T19:30:00+00:00,2026-03-31T19:45:00+00:00,2026-03-31,45.355,ENTRY_FORMING,STRONG START,100.0,73.0,0.0,HOLDOUT,PYPL,PYPL-PR-0036,O:PYPL260417P00045500,PUT,45.5,2026-04-17,17,0.31868131868132554,14,0.0,0.31868131868132554,NEAR_ATM,WITHIN_TOLERANCE,114,bars/O_PYPL260417P00045500.json,False,2026-03-24,2026-04-17
2026-03-31T19:30:00+00:00,2026-03-31T19:45:00+00:00,2026-03-31,45.355,ENTRY_FORMING,STRONG START,100.0,73.0,0.0,HOLDOUT,PYPL,PYPL-PR-0036,O:PYPL260501C00045000,CALL,45.0,2026-05-01,31,0.7888888888888819,30,0.0,0.7888888888888819,NEAR_ATM,WITHIN_TOLERANCE,82,bars/O_PYPL260501C00045000.json,False,2026-03-24,2026-04-21
2026-03-31T19:30:00+00:00,2026-03-31T19:45:00+00:00,2026-03-31,45.355,ENTRY_FORMING,STRONG START,100.0,73.0,0.0,HOLDOUT,PYPL,PYPL-PR-0036,O:PYPL260501P00045000,PUT,45.0,2026-05-01,31,-0.7888888888888819,30,0.0,0.7888888888888819,NEAR_ATM,WITHIN_TOLERANCE,124,bars/O_PYPL260501P00045000.json,False,2026-03-24,2026-04-21
2026-04-01T19:30:00+00:00,2026-04-01T19:45:00+00:00,2026-04-01,158.52,ENTRY_FORMING,STRONG START,99.0,67.0,0.0,HOLDOUT,LULU,LULU-PR-0036,O:LULU260417C00157500,CALL,157.5,2026-04-17,16,0.6476190476190542,14,0.0,0.6476190476190542,NEAR_ATM,WITHIN_TOLERANCE,98,bars/O_LULU260417C00157500.json,False,2026-03-25,2026-04-17
2026-04-01T19:30:00+00:00,2026-04-01T19:45:00+00:00,2026-04-01,158.52,ENTRY_FORMING,STRONG START,99.0,67.0,0.0,HOLDOUT,LULU,LULU-PR-0036,O:LULU260417P00157500,PUT,157.5,2026-04-17,16,-0.6476190476190542,14,0.0,0.6476190476190542,NEAR_ATM,WITHIN_TOLERANCE,166,bars/O_LULU260417P00157500.json,False,2026-03-25,2026-04-17
2026-04-01T19:30:00+00:00,2026-04-01T19:45:00+00:00,2026-04-01,158.52,ENTRY_FORMING,STRONG START,99.0,67.0,0.0,HOLDOUT,LULU,LULU-PR-0036,O:LULU260501C00160000,CALL,160.0,2026-05-01,30,-0.9249999999999935,30,0.0,0.9249999999999935,NEAR_ATM,WITHIN_TOLERANCE,107,bars/O_LULU260501C00160000.json,False,2026-03-25,2026-04-22
2026-04-01T19:30:00+00:00,2026-04-01T19:45:00+00:00,2026-04-01,158.52,ENTRY_FORMING,STRONG START,99.0,67.0,0.0,HOLDOUT,LULU,LULU-PR-0036,O:LULU260501P00160000,PUT,160.0,2026-05-01,30,0.9249999999999935,30,0.0,0.9249999999999935,NEAR_ATM,WITHIN_TOLERANCE,119,bars/O_LULU260501P00160000.json,False,2026-03-25,2026-04-22
2026-04-02T15:00:00+00:00,2026-04-02T15:15:00+00:00,2026-04-02,22.5,ENTRY_FORMING,IGNITION,98.0,66.0,0.0,HOLDOUT,U,U-PR-0035,O:U260417C00022500,CALL,22.5,2026-04-17,15,0.0,14,0.0,0.0,NEAR_ATM,WITHIN_TOLERANCE,184,bars/O_U260417C00022500.json,False,2026-03-26,2026-04-17
2026-04-02T15:00:00+00:00,2026-04-02T15:15:00+00:00,2026-04-02,22.5,ENTRY_FORMING,IGNITION,98.0,66.0,0.0,HOLDOUT,U,U-PR-0035,O:U260417P00022500,PUT,22.5,2026-04-17,15,-0.0,14,0.0,0.0,NEAR_ATM,WITHIN_TOLERANCE,85,bars/O_U260417P00022500.json,False,2026-03-26,2026-04-17
2026-04-02T15:00:00+00:00,2026-04-02T15:15:00+00:00,2026-04-02,22.5,ENTRY_FORMING,IGNITION,98.0,66.0,0.0,HOLDOUT,U,U-PR-0035,O:U260501C00023000,CALL,23.0,2026-05-01,29,-2.1739130434782608,30,0.0,2.1739130434782608,NEAR_ATM,WITHIN_TOLERANCE,80,bars/O_U260501C00023000.json,False,2026-03-26,2026-04-23
2026-04-02T15:00:00+00:00,2026-04-02T15:15:00+00:00,2026-04-02,22.5,ENTRY_FORMING,IGNITION,98.0,66.0,0.0,HOLDOUT,U,U-PR-0035,O:U260501P00023000,PUT,23.0,2026-05-01,29,2.1739130434782608,30,0.0,2.1739130434782608,NEAR_ATM,WITHIN_TOLERANCE,71,bars/O_U260501P00023000.json,False,2026-03-26,2026-04-23
2026-04-06T15:00:00+00:00,2026-04-06T15:15:00+00:00,2026-04-06,16.1134,ENTRY_FORMING,IGNITION,97.0,84.0,0.0,HOLDOUT,VALE,VALE-PR-0036,O:VALE260417C00016000,CALL,16.0,2026-04-17,11,0.7087499999999913,14,0.0,0.7087499999999913,NEAR_ATM,WITHIN_TOLERANCE,213,bars/O_VALE260417C00016000.json,True,2026-03-30,2026-04-17
2026-04-06T15:00:00+00:00,2026-04-06T15:15:00+00:00,2026-04-06,16.1134,ENTRY_FORMING,IGNITION,97.0,84.0,0.0,HOLDOUT,VALE,VALE-PR-0036,O:VALE260417P00016000,PUT,16.0,2026-04-17,11,-0.7087499999999913,14,0.0,0.7087499999999913,NEAR_ATM,WITHIN_TOLERANCE,80,bars/O_VALE260417P00016000.json,False,2026-03-30,2026-04-17
2026-04-06T15:00:00+00:00,2026-04-06T15:15:00+00:00,2026-04-06,16.1134,ENTRY_FORMING,IGNITION,97.0,84.0,0.0,HOLDOUT,VALE,VALE-PR-0036,O:VALE260508C00016000,CALL,16.0,2026-05-08,32,0.7087499999999913,30,0.0,0.7087499999999913,NEAR_ATM,WITHIN_TOLERANCE,18,bars/O_VALE260508C00016000.json,False,2026-03-30,2026-04-27
2026-04-06T15:00:00+00:00,2026-04-06T15:15:00+00:00,2026-04-06,16.1134,ENTRY_FORMING,IGNITION,97.0,84.0,0.0,HOLDOUT,VALE,VALE-PR-0036,O:VALE260508P00016000,PUT,16.0,2026-05-08,32,-0.7087499999999913,30,0.0,0.7087499999999913,NEAR_ATM,WITHIN_TOLERANCE,21,bars/O_VALE260508P00016000.json,False,2026-03-30,2026-04-27
2026-04-07T19:15:00+00:00,2026-04-07T19:30:00+00:00,2026-04-07,57.32,ENTRY_FORMING,STRONG START,93.0,63.0,0.0,HOLDOUT,RBLX,RBLX-PR-0037,O:RBLX260424C00057000,CALL,57.0,2026-04-24,17,0.5614035087719303,14,0.0,0.5614035087719303,NEAR_ATM,WITHIN_TOLERANCE,122,bars/O_RBLX260424C00057000.json,False,2026-03-16,2026-04-24
2026-04-07T19:15:00+00:00,2026-04-07T19:30:00+00:00,2026-04-07,57.32,ENTRY_FORMING,STRONG START,93.0,63.0,0.0,HOLDOUT,RBLX,RBLX-PR-0037,O:RBLX260424P00057000,PUT,57.0,2026-04-24,17,-0.5614035087719303,14,0.0,0.5614035087719303,NEAR_ATM,WITHIN_TOLERANCE,190,bars/O_RBLX260424P00057000.json,False,2026-03-16,2026-04-24
2026-04-07T19:15:00+00:00,2026-04-07T19:30:00+00:00,2026-04-07,57.32,ENTRY_FORMING,STRONG START,93.0,63.0,0.0,HOLDOUT,RBLX,RBLX-PR-0037,O:RBLX260508C00057000,CALL,57.0,2026-05-08,31,0.5614035087719303,30,0.0,0.5614035087719303,NEAR_ATM,WITHIN_TOLERANCE,33,bars/O_RBLX260508C00057000.json,False,2026-03-31,2026-04-28
2026-04-07T19:15:00+00:00,2026-04-07T19:30:00+00:00,2026-04-07,57.32,ENTRY_FORMING,STRONG START,93.0,63.0,0.0,HOLDOUT,RBLX,RBLX-PR-0037,O:RBLX260508P00057000,PUT,57.0,2026-05-08,31,-0.5614035087719303,30,0.0,0.5614035087719303,NEAR_ATM,WITHIN_TOLERANCE,30,bars/O_RBLX260508P00057000.json,False,2026-03-31,2026-04-28
2026-04-09T16:00:00+00:00,2026-04-09T16:15:00+00:00,2026-04-09,23.26,CONTINUATION,RELOAD,91.0,62.0,0.0,HOLDOUT,GME,GME-PR-0037,O:GME260424C00023500,CALL,23.5,2026-04-24,15,-1.021276595744674,14,0.0,1.021276595744674,NEAR_ATM,WITHIN_TOLERANCE,343,bars/O_GME260424C00023500.json,False,2026-04-02,2026-04-24
2026-04-09T16:00:00+00:00,2026-04-09T16:15:00+00:00,2026-04-09,23.26,CONTINUATION,RELOAD,91.0,62.0,0.0,HOLDOUT,GME,GME-PR-0037,O:GME260424P00023500,PUT,23.5,2026-04-24,15,1.021276595744674,14,0.0,1.021276595744674,NEAR_ATM,WITHIN_TOLERANCE,193,bars/O_GME260424P00023500.json,False,2026-04-02,2026-04-24
2026-04-09T16:00:00+00:00,2026-04-09T16:15:00+00:00,2026-04-09,23.26,CONTINUATION,RELOAD,91.0,62.0,0.0,HOLDOUT,GME,GME-PR-0037,O:GME260508C00023500,CALL,23.5,2026-05-08,29,-1.021276595744674,30,0.0,1.021276595744674,NEAR_ATM,WITHIN_TOLERANCE,163,bars/O_GME260508C00023500.json,False,2026-04-02,2026-04-30
2026-04-09T16:00:00+00:00,2026-04-09T16:15:00+00:00,2026-04-09,23.26,CONTINUATION,RELOAD,91.0,62.0,0.0,HOLDOUT,GME,GME-PR-0037,O:GME260508P00023500,PUT,23.5,2026-05-08,29,1.021276595744674,30,0.0,1.021276595744674,NEAR_ATM,WITHIN_TOLERANCE,120,bars/O_GME260508P00023500.json,False,2026-04-02,2026-04-30
2026-04-13T19:30:00+00:00,2026-04-13T19:45:00+00:00,2026-04-13,22.74,CONTINUATION,ADD,97.0,76.0,0.0,HOLDOUT,U,U-PR-0036,O:U260424C00022500,CALL,22.5,2026-04-24,11,1.0666666666666598,14,0.0,1.0666666666666598,NEAR_ATM,WITHIN_TOLERANCE,76,bars/O_U260424C00022500.json,False,2026-04-06,2026-04-24
2026-04-13T19:30:00+00:00,2026-04-13T19:45:00+00:00,2026-04-13,22.74,CONTINUATION,ADD,97.0,76.0,0.0,HOLDOUT,U,U-PR-0036,O:U260424P00022500,PUT,22.5,2026-04-24,11,-1.0666666666666598,14,0.0,1.0666666666666598,NEAR_ATM,WITHIN_TOLERANCE,51,bars/O_U260424P00022500.json,False,2026-04-06,2026-04-24
2026-04-13T19:30:00+00:00,2026-04-13T19:45:00+00:00,2026-04-13,22.74,CONTINUATION,ADD,97.0,76.0,0.0,HOLDOUT,U,U-PR-0036,O:U260515C00023000,CALL,23.0,2026-05-15,32,-1.1304347826087024,30,0.0,1.1304347826087024,NEAR_ATM,WITHIN_TOLERANCE,207,bars/O_U260515C00023000.json,False,2026-04-06,2026-05-04
2026-04-13T19:30:00+00:00,2026-04-13T19:45:00+00:00,2026-04-13,22.74,CONTINUATION,ADD,97.0,76.0,0.0,HOLDOUT,U,U-PR-0036,O:U260515P00023000,PUT,23.0,2026-05-15,32,1.1304347826087024,30,0.0,1.1304347826087024,NEAR_ATM,WITHIN_TOLERANCE,120,bars/O_U260515P00023000.json,False,2026-04-06,2026-05-04
2026-04-14T17:30:00+00:00,2026-04-14T17:45:00+00:00,2026-04-14,58.275,ENTRY_FORMING,STRONG START,40.0,26.0,8.0,HOLDOUT,RBLX,RBLX-PR-0038,O:RBLX260501C00058000,CALL,58.0,2026-05-01,17,0.4741379310344803,14,0.0,0.4741379310344803,NEAR_ATM,WITHIN_TOLERANCE,125,bars/O_RBLX260501C00058000.json,False,2026-04-07,2026-05-01
2026-04-14T17:30:00+00:00,2026-04-14T17:45:00+00:00,2026-04-14,58.275,ENTRY_FORMING,STRONG START,40.0,26.0,8.0,HOLDOUT,RBLX,RBLX-PR-0038,O:RBLX260501P00058000,PUT,58.0,2026-05-01,17,-0.4741379310344803,14,0.0,0.4741379310344803,NEAR_ATM,WITHIN_TOLERANCE,101,bars/O_RBLX260501P00058000.json,False,2026-04-07,2026-05-01
2026-04-14T17:30:00+00:00,2026-04-14T17:45:00+00:00,2026-04-14,58.275,ENTRY_FORMING,STRONG START,40.0,26.0,8.0,HOLDOUT,RBLX,RBLX-PR-0038,O:RBLX260515C00060000,CALL,60.0,2026-05-15,31,-2.875000000000002,30,0.0,2.875000000000002,NEAR_ATM,WITHIN_TOLERANCE,349,bars/O_RBLX260515C00060000.json,False,2026-04-07,2026-05-05
2026-04-14T17:30:00+00:00,2026-04-14T17:45:00+00:00,2026-04-14,58.275,ENTRY_FORMING,STRONG START,40.0,26.0,8.0,HOLDOUT,RBLX,RBLX-PR-0038,O:RBLX260515P00060000,PUT,60.0,2026-05-15,31,2.875000000000002,30,0.0,2.875000000000002,NEAR_ATM,WITHIN_TOLERANCE,198,bars/O_RBLX260515P00060000.json,False,2026-04-07,2026-05-05
2026-04-14T19:00:00+00:00,2026-04-14T19:15:00+00:00,2026-04-14,48.035,ENTRY_FORMING,STRONG START,99.0,67.0,0.0,HOLDOUT,PYPL,PYPL-PR-0037,O:PYPL260501C00048000,CALL,48.0,2026-05-01,17,0.07291666666665955,14,0.0,0.07291666666665955,NEAR_ATM,WITHIN_TOLERANCE,270,bars/O_PYPL260501C00048000.json,False,2026-04-07,2026-05-01
2026-04-14T19:00:00+00:00,2026-04-14T19:15:00+00:00,2026-04-14,48.035,ENTRY_FORMING,STRONG START,99.0,67.0,0.0,HOLDOUT,PYPL,PYPL-PR-0037,O:PYPL260501P00048000,PUT,48.0,2026-05-01,17,-0.07291666666665955,14,0.0,0.07291666666665955,NEAR_ATM,WITHIN_TOLERANCE,189,bars/O_PYPL260501P00048000.json,False,2026-04-07,2026-05-01
2026-04-14T19:00:00+00:00,2026-04-14T19:15:00+00:00,2026-04-14,48.035,ENTRY_FORMING,STRONG START,99.0,67.0,0.0,HOLDOUT,PYPL,PYPL-PR-0037,O:PYPL260515C00047500,CALL,47.5,2026-05-15,31,1.126315789473677,30,0.0,1.126315789473677,NEAR_ATM,WITHIN_TOLERANCE,338,bars/O_PYPL260515C00047500.json,False,2026-04-07,2026-05-05
2026-04-14T19:00:00+00:00,2026-04-14T19:15:00+00:00,2026-04-14,48.035,ENTRY_FORMING,STRONG START,99.0,67.0,0.0,HOLDOUT,PYPL,PYPL-PR-0037,O:PYPL260515P00047500,PUT,47.5,2026-05-15,31,-1.126315789473677,30,0.0,1.126315789473677,NEAR_ATM,WITHIN_TOLERANCE,268,bars/O_PYPL260515P00047500.json,False,2026-04-07,2026-05-05
2026-04-15T19:15:00+00:00,2026-04-15T19:30:00+00:00,2026-04-15,162.97,CONTINUATION,ADD,96.0,72.0,0.0,HOLDOUT,LULU,LULU-PR-0037,O:LULU260501C00162500,CALL,162.5,2026-05-01,16,0.2892307692307685,14,0.0,0.2892307692307685,NEAR_ATM,WITHIN_TOLERANCE,108,bars/O_LULU260501C00162500.json,False,2026-04-08,2026-05-01
2026-04-15T19:15:00+00:00,2026-04-15T19:30:00+00:00,2026-04-15,162.97,CONTINUATION,ADD,96.0,72.0,0.0,HOLDOUT,LULU,LULU-PR-0037,O:LULU260501P00162500,PUT,162.5,2026-05-01,16,-0.2892307692307685,14,0.0,0.2892307692307685,NEAR_ATM,WITHIN_TOLERANCE,49,bars/O_LULU260501P00162500.json,False,2026-04-08,2026-05-01
2026-04-15T19:15:00+00:00,2026-04-15T19:30:00+00:00,2026-04-15,162.97,CONTINUATION,ADD,96.0,72.0,0.0,HOLDOUT,LULU,LULU-PR-0037,O:LULU260515C00165000,CALL,165.0,2026-05-15,30,-1.2303030303030311,30,0.0,1.2303030303030311,NEAR_ATM,WITHIN_TOLERANCE,261,bars/O_LULU260515C00165000.json,False,2026-04-08,2026-05-08
2026-04-15T19:15:00+00:00,2026-04-15T19:30:00+00:00,2026-04-15,162.97,CONTINUATION,ADD,96.0,72.0,0.0,HOLDOUT,LULU,LULU-PR-0037,O:LULU260515P00165000,PUT,165.0,2026-05-15,30,1.2303030303030311,30,0.0,1.2303030303030311,NEAR_ATM,WITHIN_TOLERANCE,153,bars/O_LULU260515P00165000.json,False,2026-04-08,2026-05-08
2026-04-17T15:00:00+00:00,2026-04-17T15:15:00+00:00,2026-04-17,17.8,CONTINUATION,ADD,89.0,62.0,0.0,HOLDOUT,VALE,VALE-PR-0037,O:VALE260501C00018000,CALL,18.0,2026-05-01,14,-1.1111111111111072,14,0.0,1.1111111111111072,NEAR_ATM,WITHIN_TOLERANCE,114,bars/O_VALE260501C00018000.json,False,2026-04-10,2026-05-01
2026-04-17T15:00:00+00:00,2026-04-17T15:15:00+00:00,2026-04-17,17.8,CONTINUATION,ADD,89.0,62.0,0.0,HOLDOUT,VALE,VALE-PR-0037,O:VALE260501P00018000,PUT,18.0,2026-05-01,14,1.1111111111111072,14,0.0,1.1111111111111072,NEAR_ATM,WITHIN_TOLERANCE,21,bars/O_VALE260501P00018000.json,False,2026-04-10,2026-05-01
2026-04-17T15:00:00+00:00,2026-04-17T15:15:00+00:00,2026-04-17,17.8,CONTINUATION,ADD,89.0,62.0,0.0,HOLDOUT,VALE,VALE-PR-0037,O:VALE260515C00018000,CALL,18.0,2026-05-15,28,-1.1111111111111072,30,0.0,1.1111111111111072,NEAR_ATM,WITHIN_TOLERANCE,223,bars/O_VALE260515C00018000.json,False,2026-04-10,2026-05-08
2026-04-17T15:00:00+00:00,2026-04-17T15:15:00+00:00,2026-04-17,17.8,CONTINUATION,ADD,89.0,62.0,0.0,HOLDOUT,VALE,VALE-PR-0037,O:VALE260515P00018000,PUT,18.0,2026-05-15,28,1.1111111111111072,30,0.0,1.1111111111111072,NEAR_ATM,WITHIN_TOLERANCE,51,bars/O_VALE260515P00018000.json,False,2026-04-10,2026-05-08
2026-04-17T19:45:00+00:00,2026-04-17T20:00:00+00:00,2026-04-17,167.33,ENTRY_FORMING,STRONG START,100.0,67.0,0.0,HOLDOUT,LULU,LULU-PR-0038,O:LULU260501C00167500,CALL,167.5,2026-05-01,14,-0.10149253731342536,14,0.0,0.10149253731342536,NEAR_ATM,WITHIN_TOLERANCE,79,bars/O_LULU260501C00167500.json,False,2026-04-10,2026-05-01
2026-04-17T19:45:00+00:00,2026-04-17T20:00:00+00:00,2026-04-17,167.33,ENTRY_FORMING,STRONG START,100.0,67.0,0.0,HOLDOUT,LULU,LULU-PR-0038,O:LULU260501P00167500,PUT,167.5,2026-05-01,14,0.10149253731342536,14,0.0,0.10149253731342536,NEAR_ATM,WITHIN_TOLERANCE,18,bars/O_LULU260501P00167500.json,False,2026-04-10,2026-05-01
2026-04-17T19:45:00+00:00,2026-04-17T20:00:00+00:00,2026-04-17,167.33,ENTRY_FORMING,STRONG START,100.0,67.0,0.0,HOLDOUT,LULU,LULU-PR-0038,O:LULU260515C00165000,CALL,165.0,2026-05-15,28,1.4121212121212197,30,0.0,1.4121212121212197,NEAR_ATM,WITHIN_TOLERANCE,261,bars/O_LULU260515C00165000.json,False,2026-04-08,2026-05-08
2026-04-17T19:45:00+00:00,2026-04-17T20:00:00+00:00,2026-04-17,167.33,ENTRY_FORMING,STRONG START,100.0,67.0,0.0,HOLDOUT,LULU,LULU-PR-0038,O:LULU260515P00165000,PUT,165.0,2026-05-15,28,-1.4121212121212197,30,0.0,1.4121212121212197,NEAR_ATM,WITHIN_TOLERANCE,153,bars/O_LULU260515P00165000.json,False,2026-04-08,2026-05-08
2026-04-20T13:45:00+00:00,2026-04-20T14:00:00+00:00,2026-04-20,60.99,CONTINUATION,RELOAD,83.0,60.0,0.0,HOLDOUT,RBLX,RBLX-PR-0039,O:RBLX260501C00061000,CALL,61.0,2026-05-01,11,-0.01639344262294756,14,0.0,0.01639344262294756,NEAR_ATM,WITHIN_TOLERANCE,158,bars/O_RBLX260501C00061000.json,False,2026-04-13,2026-05-01
2026-04-20T13:45:00+00:00,2026-04-20T14:00:00+00:00,2026-04-20,60.99,CONTINUATION,RELOAD,83.0,60.0,0.0,HOLDOUT,RBLX,RBLX-PR-0039,O:RBLX260501P00061000,PUT,61.0,2026-05-01,11,0.01639344262294756,14,0.0,0.01639344262294756,NEAR_ATM,WITHIN_TOLERANCE,40,bars/O_RBLX260501P00061000.json,False,2026-04-13,2026-05-01
2026-04-20T13:45:00+00:00,2026-04-20T14:00:00+00:00,2026-04-20,60.99,CONTINUATION,RELOAD,83.0,60.0,0.0,HOLDOUT,RBLX,RBLX-PR-0039,O:RBLX260522C00061000,CALL,61.0,2026-05-22,32,-0.01639344262294756,30,0.0,0.01639344262294756,NEAR_ATM,WITHIN_TOLERANCE,39,bars/O_RBLX260522C00061000.json,False,2026-04-13,2026-05-11
2026-04-20T13:45:00+00:00,2026-04-20T14:00:00+00:00,2026-04-20,60.99,CONTINUATION,RELOAD,83.0,60.0,0.0,HOLDOUT,RBLX,RBLX-PR-0039,O:RBLX260522P00061000,PUT,61.0,2026-05-22,32,0.01639344262294756,30,0.0,0.01639344262294756,NEAR_ATM,WITHIN_TOLERANCE,9,bars/O_RBLX260522P00061000.json,False,2026-04-13,2026-05-11
2026-04-20T19:15:00+00:00,2026-04-20T19:30:00+00:00,2026-04-20,17.84,ENTRY_FORMING,STRONG START,98.0,65.0,0.0,HOLDOUT,VALE,VALE-PR-0038,O:VALE260501C00018000,CALL,18.0,2026-05-01,11,-0.8888888888888897,14,0.0,0.8888888888888897,NEAR_ATM,WITHIN_TOLERANCE,114,bars/O_VALE260501C00018000.json,False,2026-04-10,2026-05-01
2026-04-20T19:15:00+00:00,2026-04-20T19:30:00+00:00,2026-04-20,17.84,ENTRY_FORMING,STRONG START,98.0,65.0,0.0,HOLDOUT,VALE,VALE-PR-0038,O:VALE260501P00018000,PUT,18.0,2026-05-01,11,0.8888888888888897,14,0.0,0.8888888888888897,NEAR_ATM,WITHIN_TOLERANCE,21,bars/O_VALE260501P00018000.json,False,2026-04-10,2026-05-01
2026-04-20T19:15:00+00:00,2026-04-20T19:30:00+00:00,2026-04-20,17.84,ENTRY_FORMING,STRONG START,98.0,65.0,0.0,HOLDOUT,VALE,VALE-PR-0038,O:VALE260522C00018000,CALL,18.0,2026-05-22,32,-0.8888888888888897,30,0.0,0.8888888888888897,NEAR_ATM,WITHIN_TOLERANCE,37,bars/O_VALE260522C00018000.json,False,2026-04-13,2026-05-11
2026-04-20T19:15:00+00:00,2026-04-20T19:30:00+00:00,2026-04-20,17.84,ENTRY_FORMING,STRONG START,98.0,65.0,0.0,HOLDOUT,VALE,VALE-PR-0038,O:VALE260522P00018000,PUT,18.0,2026-05-22,32,0.8888888888888897,30,0.0,0.8888888888888897,NEAR_ATM,WITHIN_TOLERANCE,13,bars/O_VALE260522P00018000.json,False,2026-04-13,2026-05-11
2026-04-22T14:00:00+00:00,2026-04-22T14:15:00+00:00,2026-04-22,392.11,ENTRY_FORMING,STRONG START,97.0,64.0,0.0,HOLDOUT,TSLA,TSLA-PR-0037,O:TSLA260506C00390000,CALL,390.0,2026-05-06,14,0.5410256410256445,14,0.0,0.5410256410256445,NEAR_ATM,WITHIN_TOLERANCE,283,bars/O_TSLA260506C00390000.json,False,2026-04-15,2026-05-06
2026-04-22T14:00:00+00:00,2026-04-22T14:15:00+00:00,2026-04-22,392.11,ENTRY_FORMING,STRONG START,97.0,64.0,0.0,HOLDOUT,TSLA,TSLA-PR-0037,O:TSLA260506P00390000,PUT,390.0,2026-05-06,14,-0.5410256410256445,14,0.0,0.5410256410256445,NEAR_ATM,WITHIN_TOLERANCE,189,bars/O_TSLA260506P00390000.json,False,2026-04-15,2026-05-06
2026-04-22T14:00:00+00:00,2026-04-22T14:15:00+00:00,2026-04-22,392.11,ENTRY_FORMING,STRONG START,97.0,64.0,0.0,HOLDOUT,TSLA,TSLA-PR-0037,O:TSLA260522C00390000,CALL,390.0,2026-05-22,30,0.5410256410256445,30,0.0,0.5410256410256445,NEAR_ATM,WITHIN_TOLERANCE,504,bars/O_TSLA260522C00390000.json,False,2026-04-15,2026-05-13
2026-04-22T14:00:00+00:00,2026-04-22T14:15:00+00:00,2026-04-22,392.11,ENTRY_FORMING,STRONG START,97.0,64.0,0.0,HOLDOUT,TSLA,TSLA-PR-0037,O:TSLA260522P00390000,PUT,390.0,2026-05-22,30,-0.5410256410256445,30,0.0,0.5410256410256445,NEAR_ATM,WITHIN_TOLERANCE,409,bars/O_TSLA260522P00390000.json,False,2026-04-15,2026-05-13
2026-04-22T19:30:00+00:00,2026-04-22T19:45:00+00:00,2026-04-22,25.44,CONTINUATION,ADD,98.0,75.0,0.0,HOLDOUT,GME,GME-PR-0038,O:GME260508C00025500,CALL,25.5,2026-05-08,16,-0.23529411764705382,14,0.0,0.23529411764705382,NEAR_ATM,WITHIN_TOLERANCE,375,bars/O_GME260508C00025500.json,False,2026-04-15,2026-05-08
2026-04-22T19:30:00+00:00,2026-04-22T19:45:00+00:00,2026-04-22,25.44,CONTINUATION,ADD,98.0,75.0,0.0,HOLDOUT,GME,GME-PR-0038,O:GME260508P00025500,PUT,25.5,2026-05-08,16,0.23529411764705382,14,0.0,0.23529411764705382,NEAR_ATM,WITHIN_TOLERANCE,180,bars/O_GME260508P00025500.json,False,2026-04-15,2026-05-08
2026-04-22T19:30:00+00:00,2026-04-22T19:45:00+00:00,2026-04-22,25.44,CONTINUATION,ADD,98.0,75.0,0.0,HOLDOUT,GME,GME-PR-0038,O:GME260522C00025500,CALL,25.5,2026-05-22,30,-0.23529411764705382,30,0.0,0.23529411764705382,NEAR_ATM,WITHIN_TOLERANCE,287,bars/O_GME260522C00025500.json,False,2026-04-15,2026-05-13
2026-04-22T19:30:00+00:00,2026-04-22T19:45:00+00:00,2026-04-22,25.44,CONTINUATION,ADD,98.0,75.0,0.0,HOLDOUT,GME,GME-PR-0038,O:GME260522P00025500,PUT,25.5,2026-05-22,30,0.23529411764705382,30,0.0,0.23529411764705382,NEAR_ATM,WITHIN_TOLERANCE,61,bars/O_GME260522P00025500.json,False,2026-04-15,2026-05-13
2026-04-27T19:15:00+00:00,2026-04-27T19:30:00+00:00,2026-04-27,26.615,CONTINUATION,ADD,100.0,77.0,0.0,HOLDOUT,U,U-PR-0037,O:U260508C00026500,CALL,26.5,2026-05-08,11,0.43396226415093747,14,0.0,0.43396226415093747,NEAR_ATM,WITHIN_TOLERANCE,89,bars/O_U260508C00026500.json,False,2026-04-20,2026-05-08
2026-04-27T19:15:00+00:00,2026-04-27T19:30:00+00:00,2026-04-27,26.615,CONTINUATION,ADD,100.0,77.0,0.0,HOLDOUT,U,U-PR-0037,O:U260508P00026500,PUT,26.5,2026-05-08,11,-0.43396226415093747,14,0.0,0.43396226415093747,NEAR_ATM,WITHIN_TOLERANCE,98,bars/O_U260508P00026500.json,False,2026-04-20,2026-05-08
2026-04-27T19:15:00+00:00,2026-04-27T19:30:00+00:00,2026-04-27,26.615,CONTINUATION,ADD,100.0,77.0,0.0,HOLDOUT,U,U-PR-0037,O:U260529C00026500,CALL,26.5,2026-05-29,32,0.43396226415093747,30,0.0,0.43396226415093747,NEAR_ATM,WITHIN_TOLERANCE,31,bars/O_U260529C00026500.json,False,2026-04-20,2026-05-18
2026-04-27T19:15:00+00:00,2026-04-27T19:30:00+00:00,2026-04-27,26.615,CONTINUATION,ADD,100.0,77.0,0.0,HOLDOUT,U,U-PR-0037,O:U260529P00026500,PUT,26.5,2026-05-29,32,-0.43396226415093747,30,0.0,0.43396226415093747,NEAR_ATM,WITHIN_TOLERANCE,22,bars/O_U260529P00026500.json,False,2026-04-20,2026-05-18
2026-05-04T17:15:00+00:00,2026-05-04T17:30:00+00:00,2026-05-04,393.27,CONTINUATION,RELOAD,21.0,19.0,8.0,HOLDOUT,TSLA,TSLA-PR-0038,O:TSLA260518C00395000,CALL,395.0,2026-05-18,14,-0.4379746835443084,14,0.0,0.4379746835443084,NEAR_ATM,WITHIN_TOLERANCE,157,bars/O_TSLA260518C00395000.json,False,2026-04-27,2026-05-18
2026-05-04T17:15:00+00:00,2026-05-04T17:30:00+00:00,2026-05-04,393.27,CONTINUATION,RELOAD,21.0,19.0,8.0,HOLDOUT,TSLA,TSLA-PR-0038,O:TSLA260518P00395000,PUT,395.0,2026-05-18,14,0.4379746835443084,14,0.0,0.4379746835443084,NEAR_ATM,WITHIN_TOLERANCE,211,bars/O_TSLA260518P00395000.json,False,2026-04-27,2026-05-18
2026-05-04T17:15:00+00:00,2026-05-04T17:30:00+00:00,2026-05-04,393.27,CONTINUATION,RELOAD,21.0,19.0,8.0,HOLDOUT,TSLA,TSLA-PR-0038,O:TSLA260605C00395000,CALL,395.0,2026-06-05,32,-0.4379746835443084,30,0.0,0.4379746835443084,NEAR_ATM,WITHIN_TOLERANCE,323,bars/O_TSLA260605C00395000.json,False,2026-04-27,2026-05-25
2026-05-04T17:15:00+00:00,2026-05-04T17:30:00+00:00,2026-05-04,393.27,CONTINUATION,RELOAD,21.0,19.0,8.0,HOLDOUT,TSLA,TSLA-PR-0038,O:TSLA260605P00395000,PUT,395.0,2026-06-05,32,0.4379746835443084,30,0.0,0.4379746835443084,NEAR_ATM,WITHIN_TOLERANCE,333,bars/O_TSLA260605P00395000.json,False,2026-04-27,2026-05-25
2026-05-05T19:30:00+00:00,2026-05-05T19:45:00+00:00,2026-05-05,24.35,ENTRY_FORMING,STRONG START,80.0,55.0,0.0,HOLDOUT,GME,GME-PR-0039,O:GME260522C00024500,CALL,24.5,2026-05-22,17,-0.6122448979591778,14,0.0,0.6122448979591778,NEAR_ATM,WITHIN_TOLERANCE,355,bars/O_GME260522C00024500.json,False,2026-04-28,2026-05-22
2026-05-05T19:30:00+00:00,2026-05-05T19:45:00+00:00,2026-05-05,24.35,ENTRY_FORMING,STRONG START,80.0,55.0,0.0,HOLDOUT,GME,GME-PR-0039,O:GME260522P00024500,PUT,24.5,2026-05-22,17,0.6122448979591778,14,0.0,0.6122448979591778,NEAR_ATM,WITHIN_TOLERANCE,185,bars/O_GME260522P00024500.json,False,2026-04-28,2026-05-22
2026-05-05T19:30:00+00:00,2026-05-05T19:45:00+00:00,2026-05-05,24.35,ENTRY_FORMING,STRONG START,80.0,55.0,0.0,HOLDOUT,GME,GME-PR-0039,O:GME260605C00024500,CALL,24.5,2026-06-05,31,-0.6122448979591778,30,0.0,0.6122448979591778,NEAR_ATM,WITHIN_TOLERANCE,244,bars/O_GME260605C00024500.json,False,2026-04-28,2026-05-26
2026-05-05T19:30:00+00:00,2026-05-05T19:45:00+00:00,2026-05-05,24.35,ENTRY_FORMING,STRONG START,80.0,55.0,0.0,HOLDOUT,GME,GME-PR-0039,O:GME260605P00024500,PUT,24.5,2026-06-05,31,0.6122448979591778,30,0.0,0.6122448979591778,NEAR_ATM,WITHIN_TOLERANCE,61,bars/O_GME260605P00024500.json,False,2026-04-28,2026-05-26
2026-05-06T19:30:00+00:00,2026-05-06T19:45:00+00:00,2026-05-06,27.405,ENTRY_FORMING,STRONG START,97.0,66.0,0.0,HOLDOUT,U,U-PR-0038,O:U260522C00027500,CALL,27.5,2026-05-22,16,-0.34545454545454135,14,0.0,0.34545454545454135,NEAR_ATM,WITHIN_TOLERANCE,103,bars/O_U260522C00027500.json,False,2026-04-29,2026-05-22
2026-05-06T19:30:00+00:00,2026-05-06T19:45:00+00:00,2026-05-06,27.405,ENTRY_FORMING,STRONG START,97.0,66.0,0.0,HOLDOUT,U,U-PR-0038,O:U260522P00027500,PUT,27.5,2026-05-22,16,0.34545454545454135,14,0.0,0.34545454545454135,NEAR_ATM,WITHIN_TOLERANCE,41,bars/O_U260522P00027500.json,False,2026-04-29,2026-05-22
2026-05-06T19:30:00+00:00,2026-05-06T19:45:00+00:00,2026-05-06,27.405,ENTRY_FORMING,STRONG START,97.0,66.0,0.0,HOLDOUT,U,U-PR-0038,O:U260605C00027500,CALL,27.5,2026-06-05,30,-0.34545454545454135,30,0.0,0.34545454545454135,NEAR_ATM,WITHIN_TOLERANCE,69,bars/O_U260605C00027500.json,False,2026-04-29,2026-05-27
2026-05-06T19:30:00+00:00,2026-05-06T19:45:00+00:00,2026-05-06,27.405,ENTRY_FORMING,STRONG START,97.0,66.0,0.0,HOLDOUT,U,U-PR-0038,O:U260605P00027500,PUT,27.5,2026-06-05,30,0.34545454545454135,30,0.0,0.34545454545454135,NEAR_ATM,WITHIN_TOLERANCE,22,bars/O_U260605P00027500.json,False,2026-04-29,2026-05-27
2026-05-07T13:30:00+00:00,2026-05-07T13:45:00+00:00,2026-05-07,46.78,ENTRY_FORMING,STRONG START,82.0,55.0,0.0,HOLDOUT,PYPL,PYPL-PR-0038,O:PYPL260522C00047000,CALL,47.0,2026-05-22,15,-0.46808510638297635,14,0.0,0.46808510638297635,NEAR_ATM,WITHIN_TOLERANCE,245,bars/O_PYPL260522C00047000.json,False,2026-04-30,2026-05-22
2026-05-07T13:30:00+00:00,2026-05-07T13:45:00+00:00,2026-05-07,46.78,ENTRY_FORMING,STRONG START,82.0,55.0,0.0,HOLDOUT,PYPL,PYPL-PR-0038,O:PYPL260522P00047000,PUT,47.0,2026-05-22,15,0.46808510638297635,14,0.0,0.46808510638297635,NEAR_ATM,WITHIN_TOLERANCE,109,bars/O_PYPL260522P00047000.json,False,2026-04-30,2026-05-22
2026-05-07T13:30:00+00:00,2026-05-07T13:45:00+00:00,2026-05-07,46.78,ENTRY_FORMING,STRONG START,82.0,55.0,0.0,HOLDOUT,PYPL,PYPL-PR-0038,O:PYPL260605C00047000,CALL,47.0,2026-06-05,29,-0.46808510638297635,30,0.0,0.46808510638297635,NEAR_ATM,WITHIN_TOLERANCE,200,bars/O_PYPL260605C00047000.json,False,2026-04-30,2026-05-28
2026-05-07T13:30:00+00:00,2026-05-07T13:45:00+00:00,2026-05-07,46.78,ENTRY_FORMING,STRONG START,82.0,55.0,0.0,HOLDOUT,PYPL,PYPL-PR-0038,O:PYPL260605P00047000,PUT,47.0,2026-06-05,29,0.46808510638297635,30,0.0,0.46808510638297635,NEAR_ATM,WITHIN_TOLERANCE,34,bars/O_PYPL260605P00047000.json,False,2026-04-30,2026-05-28
2026-05-11T15:45:00+00:00,2026-05-11T16:00:00+00:00,2026-05-11,437.63,CONTINUATION,ADD,77.0,49.0,2.0,HOLDOUT,TSLA,TSLA-PR-0039,O:TSLA260526C00440000,CALL,440.0,2026-05-26,15,-0.5386363636363647,14,0.0,0.5386363636363647,NEAR_ATM,WITHIN_TOLERANCE,269,bars/O_TSLA260526C00440000.json,False,2026-05-04,2026-05-26
2026-05-11T15:45:00+00:00,2026-05-11T16:00:00+00:00,2026-05-11,437.63,CONTINUATION,ADD,77.0,49.0,2.0,HOLDOUT,TSLA,TSLA-PR-0039,O:TSLA260526P00440000,PUT,440.0,2026-05-26,15,0.5386363636363647,14,0.0,0.5386363636363647,NEAR_ATM,WITHIN_TOLERANCE,167,bars/O_TSLA260526P00440000.json,False,2026-05-04,2026-05-26
2026-05-11T15:45:00+00:00,2026-05-11T16:00:00+00:00,2026-05-11,437.63,CONTINUATION,ADD,77.0,49.0,2.0,HOLDOUT,TSLA,TSLA-PR-0039,O:TSLA260612C00440000,CALL,440.0,2026-06-12,32,-0.5386363636363647,30,0.0,0.5386363636363647,NEAR_ATM,WITHIN_TOLERANCE,484,bars/O_TSLA260612C00440000.json,False,2026-05-04,2026-06-01
2026-05-11T15:45:00+00:00,2026-05-11T16:00:00+00:00,2026-05-11,437.63,CONTINUATION,ADD,77.0,49.0,2.0,HOLDOUT,TSLA,TSLA-PR-0039,O:TSLA260612P00440000,PUT,440.0,2026-06-12,32,0.5386363636363647,30,0.0,0.5386363636363647,NEAR_ATM,WITHIN_TOLERANCE,221,bars/O_TSLA260612P00440000.json,False,2026-05-04,2026-06-01
2026-05-13T19:45:00+00:00,2026-05-13T20:00:00+00:00,2026-05-13,41.95,ENTRY_FORMING,STRONG START,87.0,56.0,0.0,HOLDOUT,RBLX,RBLX-PR-0040,O:RBLX260529C00042000,CALL,42.0,2026-05-29,16,-0.11904761904761227,14,0.0,0.11904761904761227,NEAR_ATM,WITHIN_TOLERANCE,43,bars/O_RBLX260529C00042000.json,False,2026-05-06,2026-05-29
2026-05-13T19:45:00+00:00,2026-05-13T20:00:00+00:00,2026-05-13,41.95,ENTRY_FORMING,STRONG START,87.0,56.0,0.0,HOLDOUT,RBLX,RBLX-PR-0040,O:RBLX260529P00042000,PUT,42.0,2026-05-29,16,0.11904761904761227,14,0.0,0.11904761904761227,NEAR_ATM,WITHIN_TOLERANCE,88,bars/O_RBLX260529P00042000.json,False,2026-05-06,2026-05-29
2026-05-13T19:45:00+00:00,2026-05-13T20:00:00+00:00,2026-05-13,41.95,ENTRY_FORMING,STRONG START,87.0,56.0,0.0,HOLDOUT,RBLX,RBLX-PR-0040,O:RBLX260612C00042000,CALL,42.0,2026-06-12,30,-0.11904761904761227,30,0.0,0.11904761904761227,NEAR_ATM,WITHIN_TOLERANCE,23,bars/O_RBLX260612C00042000.json,False,2026-05-06,2026-06-03
2026-05-13T19:45:00+00:00,2026-05-13T20:00:00+00:00,2026-05-13,41.95,ENTRY_FORMING,STRONG START,87.0,56.0,0.0,HOLDOUT,RBLX,RBLX-PR-0040,O:RBLX260612P00042000,PUT,42.0,2026-06-12,30,0.11904761904761227,30,0.0,0.11904761904761227,NEAR_ATM,WITHIN_TOLERANCE,84,bars/O_RBLX260612P00042000.json,False,2026-05-06,2026-06-03
2026-05-20T14:00:00+00:00,2026-05-20T14:15:00+00:00,2026-05-20,45.31,CONTINUATION,RELOAD,29.0,33.0,0.0,HOLDOUT,RBLX,RBLX-PR-0041,O:RBLX260605C00045500,CALL,45.5,2026-06-05,16,-0.4175824175824126,14,0.0,0.4175824175824126,NEAR_ATM,WITHIN_TOLERANCE,81,bars/O_RBLX260605C00045500.json,False,2026-05-13,2026-06-05
2026-05-20T14:00:00+00:00,2026-05-20T14:15:00+00:00,2026-05-20,45.31,CONTINUATION,RELOAD,29.0,33.0,0.0,HOLDOUT,RBLX,RBLX-PR-0041,O:RBLX260605P00045500,PUT,45.5,2026-06-05,16,0.4175824175824126,14,0.0,0.4175824175824126,NEAR_ATM,WITHIN_TOLERANCE,44,bars/O_RBLX260605P00045500.json,False,2026-05-13,2026-06-05
2026-05-20T14:00:00+00:00,2026-05-20T14:15:00+00:00,2026-05-20,45.31,CONTINUATION,RELOAD,29.0,33.0,0.0,HOLDOUT,RBLX,RBLX-PR-0041,O:RBLX260618C00045500,CALL,45.5,2026-06-18,29,-0.4175824175824126,30,0.0,0.4175824175824126,NEAR_ATM,WITHIN_TOLERANCE,36,bars/O_RBLX260618C00045500.json,False,2026-05-13,2026-06-10
2026-05-20T14:00:00+00:00,2026-05-20T14:15:00+00:00,2026-05-20,45.31,CONTINUATION,RELOAD,29.0,33.0,0.0,HOLDOUT,RBLX,RBLX-PR-0041,O:RBLX260618P00045500,PUT,45.5,2026-06-18,29,0.4175824175824126,30,0.0,0.4175824175824126,NEAR_ATM,WITHIN_TOLERANCE,42,bars/O_RBLX260618P00045500.json,False,2026-05-13,2026-06-10
2026-05-20T14:00:00+00:00,2026-05-20T14:15:00+00:00,2026-05-20,408.095,ENTRY_FORMING,CAMPAIGN START,77.0,60.0,0.0,HOLDOUT,TSLA,TSLA-PR-0040,O:TSLA260603C00410000,CALL,410.0,2026-06-03,14,-0.4646341463414568,14,0.0,0.4646341463414568,NEAR_ATM,WITHIN_TOLERANCE,189,bars/O_TSLA260603C00410000.json,False,2026-05-13,2026-06-03
2026-05-20T14:00:00+00:00,2026-05-20T14:15:00+00:00,2026-05-20,408.095,ENTRY_FORMING,CAMPAIGN START,77.0,60.0,0.0,HOLDOUT,TSLA,TSLA-PR-0040,O:TSLA260603P00410000,PUT,410.0,2026-06-03,14,0.4646341463414568,14,0.0,0.4646341463414568,NEAR_ATM,WITHIN_TOLERANCE,222,bars/O_TSLA260603P00410000.json,False,2026-05-13,2026-06-03
2026-05-20T14:00:00+00:00,2026-05-20T14:15:00+00:00,2026-05-20,408.095,ENTRY_FORMING,CAMPAIGN START,77.0,60.0,0.0,HOLDOUT,TSLA,TSLA-PR-0040,O:TSLA260618C00407500,CALL,407.5,2026-06-18,29,0.146012269938657,30,0.0,0.146012269938657,NEAR_ATM,WITHIN_TOLERANCE,251,bars/O_TSLA260618C00407500.json,False,2026-05-13,2026-06-10
2026-05-20T14:00:00+00:00,2026-05-20T14:15:00+00:00,2026-05-20,408.095,ENTRY_FORMING,CAMPAIGN START,77.0,60.0,0.0,HOLDOUT,TSLA,TSLA-PR-0040,O:TSLA260618P00407500,PUT,407.5,2026-06-18,29,-0.146012269938657,30,0.0,0.146012269938657,NEAR_ATM,WITHIN_TOLERANCE,259,bars/O_TSLA260618P00407500.json,False,2026-05-13,2026-06-10
2026-05-20T14:15:00+00:00,2026-05-20T14:30:00+00:00,2026-05-20,16.185,ENTRY_FORMING,STRONG START,84.0,57.0,0.0,HOLDOUT,VALE,VALE-PR-0039,O:VALE260605C00016000,CALL,16.0,2026-06-05,16,1.156249999999992,14,0.0,1.156249999999992,NEAR_ATM,WITHIN_TOLERANCE,53,bars/O_VALE260605C00016000.json,False,2026-05-13,2026-06-05
2026-05-20T14:15:00+00:00,2026-05-20T14:30:00+00:00,2026-05-20,16.185,ENTRY_FORMING,STRONG START,84.0,57.0,0.0,HOLDOUT,VALE,VALE-PR-0039,O:VALE260605P00016000,PUT,16.0,2026-06-05,16,-1.156249999999992,14,0.0,1.156249999999992,NEAR_ATM,WITHIN_TOLERANCE,89,bars/O_VALE260605P00016000.json,False,2026-05-13,2026-06-05
2026-05-20T14:15:00+00:00,2026-05-20T14:30:00+00:00,2026-05-20,16.185,ENTRY_FORMING,STRONG START,84.0,57.0,0.0,HOLDOUT,VALE,VALE-PR-0039,O:VALE260618C00016000,CALL,16.0,2026-06-18,29,1.156249999999992,30,0.0,1.156249999999992,NEAR_ATM,WITHIN_TOLERANCE,160,bars/O_VALE260618C00016000.json,False,2026-05-13,2026-06-10
2026-05-20T14:15:00+00:00,2026-05-20T14:30:00+00:00,2026-05-20,16.185,ENTRY_FORMING,STRONG START,84.0,57.0,0.0,HOLDOUT,VALE,VALE-PR-0039,O:VALE260618P00016000,PUT,16.0,2026-06-18,29,-1.156249999999992,30,0.0,1.156249999999992,NEAR_ATM,WITHIN_TOLERANCE,246,bars/O_VALE260618P00016000.json,False,2026-05-13,2026-06-10
2026-05-20T19:45:00+00:00,2026-05-20T20:00:00+00:00,2026-05-20,22.54,ENTRY_FORMING,STRONG START,94.0,72.0,0.0,HOLDOUT,GME,GME-PR-0040,O:GME260605C00022500,CALL,22.5,2026-06-05,16,0.17777777777777398,14,0.0,0.17777777777777398,NEAR_ATM,WITHIN_TOLERANCE,321,bars/O_GME260605C00022500.json,False,2026-05-13,2026-06-05
2026-05-20T19:45:00+00:00,2026-05-20T20:00:00+00:00,2026-05-20,22.54,ENTRY_FORMING,STRONG START,94.0,72.0,0.0,HOLDOUT,GME,GME-PR-0040,O:GME260605P00022500,PUT,22.5,2026-06-05,16,-0.17777777777777398,14,0.0,0.17777777777777398,NEAR_ATM,WITHIN_TOLERANCE,186,bars/O_GME260605P00022500.json,False,2026-05-13,2026-06-05
2026-05-20T19:45:00+00:00,2026-05-20T20:00:00+00:00,2026-05-20,22.54,ENTRY_FORMING,STRONG START,94.0,72.0,0.0,HOLDOUT,GME,GME-PR-0040,O:GME260618C00022500,CALL,22.5,2026-06-18,29,0.17777777777777398,30,0.0,0.17777777777777398,NEAR_ATM,WITHIN_TOLERANCE,254,bars/O_GME260618C00022500.json,False,2026-05-13,2026-06-10
2026-05-20T19:45:00+00:00,2026-05-20T20:00:00+00:00,2026-05-20,22.54,ENTRY_FORMING,STRONG START,94.0,72.0,0.0,HOLDOUT,GME,GME-PR-0040,O:GME260618P00022500,PUT,22.5,2026-06-18,29,-0.17777777777777398,30,0.0,0.17777777777777398,NEAR_ATM,WITHIN_TOLERANCE,105,bars/O_GME260618P00022500.json,False,2026-05-13,2026-06-10
2026-05-21T14:00:00+00:00,2026-05-21T14:15:00+00:00,2026-05-21,124.8,CONTINUATION,ADD,92.0,72.0,0.0,HOLDOUT,LULU,LULU-PR-0039,O:LULU260605C00125000,CALL,125.0,2026-06-05,15,-0.16000000000000228,14,0.0,0.16000000000000228,NEAR_ATM,WITHIN_TOLERANCE,167,bars/O_LULU260605C00125000.json,False,2026-05-14,2026-06-05
2026-05-21T14:00:00+00:00,2026-05-21T14:15:00+00:00,2026-05-21,124.8,CONTINUATION,ADD,92.0,72.0,0.0,HOLDOUT,LULU,LULU-PR-0039,O:LULU260605P00125000,PUT,125.0,2026-06-05,15,0.16000000000000228,14,0.0,0.16000000000000228,NEAR_ATM,WITHIN_TOLERANCE,237,bars/O_LULU260605P00125000.json,False,2026-05-14,2026-06-05
2026-05-21T14:00:00+00:00,2026-05-21T14:15:00+00:00,2026-05-21,124.8,CONTINUATION,ADD,92.0,72.0,0.0,HOLDOUT,LULU,LULU-PR-0039,O:LULU260618C00125000,CALL,125.0,2026-06-18,28,-0.16000000000000228,30,0.0,0.16000000000000228,NEAR_ATM,WITHIN_TOLERANCE,285,bars/O_LULU260618C00125000.json,False,2026-05-14,2026-06-11
2026-05-21T14:00:00+00:00,2026-05-21T14:15:00+00:00,2026-05-21,124.8,CONTINUATION,ADD,92.0,72.0,0.0,HOLDOUT,LULU,LULU-PR-0039,O:LULU260618P00125000,PUT,125.0,2026-06-18,28,0.16000000000000228,30,0.0,0.16000000000000228,NEAR_ATM,WITHIN_TOLERANCE,270,bars/O_LULU260618P00125000.json,False,2026-05-14,2026-06-11
2026-05-21T17:45:00+00:00,2026-05-21T18:00:00+00:00,2026-05-21,44.535,CONTINUATION,RELOAD,67.0,51.0,0.0,HOLDOUT,PYPL,PYPL-PR-0039,O:PYPL260605C00044500,CALL,44.5,2026-06-05,15,0.07865168539325076,14,0.0,0.07865168539325076,NEAR_ATM,WITHIN_TOLERANCE,176,bars/O_PYPL260605C00044500.json,True,2026-05-14,2026-06-05
2026-05-21T17:45:00+00:00,2026-05-21T18:00:00+00:00,2026-05-21,44.535,CONTINUATION,RELOAD,67.0,51.0,0.0,HOLDOUT,PYPL,PYPL-PR-0039,O:PYPL260605P00044500,PUT,44.5,2026-06-05,15,-0.07865168539325076,14,0.0,0.07865168539325076,NEAR_ATM,WITHIN_TOLERANCE,171,bars/O_PYPL260605P00044500.json,False,2026-05-14,2026-06-05
2026-05-21T17:45:00+00:00,2026-05-21T18:00:00+00:00,2026-05-21,44.535,CONTINUATION,RELOAD,67.0,51.0,0.0,HOLDOUT,PYPL,PYPL-PR-0039,O:PYPL260618C00044500,CALL,44.5,2026-06-18,28,0.07865168539325076,30,0.0,0.07865168539325076,NEAR_ATM,WITHIN_TOLERANCE,131,bars/O_PYPL260618C00044500.json,False,2026-05-14,2026-06-11
2026-05-21T17:45:00+00:00,2026-05-21T18:00:00+00:00,2026-05-21,44.535,CONTINUATION,RELOAD,67.0,51.0,0.0,HOLDOUT,PYPL,PYPL-PR-0039,O:PYPL260618P00044500,PUT,44.5,2026-06-18,28,-0.07865168539325076,30,0.0,0.07865168539325076,NEAR_ATM,WITHIN_TOLERANCE,109,bars/O_PYPL260618P00044500.json,False,2026-05-14,2026-06-11
2026-05-21T18:45:00+00:00,2026-05-21T19:00:00+00:00,2026-05-21,16.42,CONTINUATION,ADD,88.0,69.0,0.0,HOLDOUT,VALE,VALE-PR-0040,O:VALE260605C00016500,CALL,16.5,2026-06-05,15,-0.48484848484847454,14,0.0,0.48484848484847454,NEAR_ATM,WITHIN_TOLERANCE,111,bars/O_VALE260605C00016500.json,False,2026-05-14,2026-06-05
2026-05-21T18:45:00+00:00,2026-05-21T19:00:00+00:00,2026-05-21,16.42,CONTINUATION,ADD,88.0,69.0,0.0,HOLDOUT,VALE,VALE-PR-0040,O:VALE260605P00016500,PUT,16.5,2026-06-05,15,0.48484848484847454,14,0.0,0.48484848484847454,NEAR_ATM,WITHIN_TOLERANCE,42,bars/O_VALE260605P00016500.json,False,2026-05-14,2026-06-05
2026-05-21T18:45:00+00:00,2026-05-21T19:00:00+00:00,2026-05-21,16.42,CONTINUATION,ADD,88.0,69.0,0.0,HOLDOUT,VALE,VALE-PR-0040,O:VALE260618C00016500,CALL,16.5,2026-06-18,28,-0.48484848484847454,30,0.0,0.48484848484847454,NEAR_ATM,WITHIN_TOLERANCE,108,bars/O_VALE260618C00016500.json,False,2026-05-14,2026-06-11
2026-05-21T18:45:00+00:00,2026-05-21T19:00:00+00:00,2026-05-21,16.42,CONTINUATION,ADD,88.0,69.0,0.0,HOLDOUT,VALE,VALE-PR-0040,O:VALE260618P00016500,PUT,16.5,2026-06-18,28,0.48484848484847454,30,0.0,0.48484848484847454,NEAR_ATM,WITHIN_TOLERANCE,59,bars/O_VALE260618P00016500.json,False,2026-05-14,2026-06-11
2026-05-26T14:00:00+00:00,2026-05-26T14:15:00+00:00,2026-05-26,22.11,CONTINUATION,RELOAD,41.0,35.0,0.0,HOLDOUT,GME,GME-PR-0041,O:GME260612C00022000,CALL,22.0,2026-06-12,17,0.4999999999999974,14,0.0,0.4999999999999974,NEAR_ATM,WITHIN_TOLERANCE,374,bars/O_GME260612C00022000.json,True,2026-05-19,2026-06-12
2026-05-26T14:00:00+00:00,2026-05-26T14:15:00+00:00,2026-05-26,22.11,CONTINUATION,RELOAD,41.0,35.0,0.0,HOLDOUT,GME,GME-PR-0041,O:GME260612P00022000,PUT,22.0,2026-06-12,17,-0.4999999999999974,14,0.0,0.4999999999999974,NEAR_ATM,WITHIN_TOLERANCE,332,bars/O_GME260612P00022000.json,False,2026-05-19,2026-06-12
2026-05-26T14:00:00+00:00,2026-05-26T14:15:00+00:00,2026-05-26,22.11,CONTINUATION,RELOAD,41.0,35.0,0.0,HOLDOUT,GME,GME-PR-0041,O:GME260626C00022000,CALL,22.0,2026-06-26,31,0.4999999999999974,30,0.0,0.4999999999999974,NEAR_ATM,WITHIN_TOLERANCE,305,bars/O_GME260626C00022000.json,False,2026-05-19,2026-06-16
2026-05-26T14:00:00+00:00,2026-05-26T14:15:00+00:00,2026-05-26,22.11,CONTINUATION,RELOAD,41.0,35.0,0.0,HOLDOUT,GME,GME-PR-0041,O:GME260626P00022000,PUT,22.0,2026-06-26,31,-0.4999999999999974,30,0.0,0.4999999999999974,NEAR_ATM,WITHIN_TOLERANCE,177,bars/O_GME260626P00022000.json,False,2026-05-19,2026-06-16
2026-05-28T19:15:00+00:00,2026-05-28T19:30:00+00:00,2026-05-28,443.64,CONTINUATION,ADD,99.0,97.0,0.0,HOLDOUT,TSLA,TSLA-PR-0041,O:TSLA260610C00442500,CALL,442.5,2026-06-10,13,0.2576271186440647,14,0.0,0.2576271186440647,NEAR_ATM,WITHIN_TOLERANCE,197,bars/O_TSLA260610C00442500.json,True,2026-05-21,2026-06-10
2026-05-28T19:15:00+00:00,2026-05-28T19:30:00+00:00,2026-05-28,443.64,CONTINUATION,ADD,99.0,97.0,0.0,HOLDOUT,TSLA,TSLA-PR-0041,O:TSLA260610P00442500,PUT,442.5,2026-06-10,13,-0.2576271186440647,14,0.0,0.2576271186440647,NEAR_ATM,WITHIN_TOLERANCE,32,bars/O_TSLA260610P00442500.json,False,2026-05-21,2026-06-10
2026-05-28T19:15:00+00:00,2026-05-28T19:30:00+00:00,2026-05-28,443.64,CONTINUATION,ADD,99.0,97.0,0.0,HOLDOUT,TSLA,TSLA-PR-0041,O:TSLA260626C00445000,CALL,445.0,2026-06-26,29,-0.305617977528093,30,0.0,0.305617977528093,NEAR_ATM,WITHIN_TOLERANCE,456,bars/O_TSLA260626C00445000.json,False,2026-05-21,2026-06-18
2026-05-28T19:15:00+00:00,2026-05-28T19:30:00+00:00,2026-05-28,443.64,CONTINUATION,ADD,99.0,97.0,0.0,HOLDOUT,TSLA,TSLA-PR-0041,O:TSLA260626P00445000,PUT,445.0,2026-06-26,29,0.305617977528093,30,0.0,0.305617977528093,NEAR_ATM,WITHIN_TOLERANCE,129,bars/O_TSLA260626P00445000.json,False,2026-05-21,2026-06-18
2026-06-01T19:00:00+00:00,2026-06-01T19:15:00+00:00,2026-06-01,32.3478,CONTINUATION,ADD,99.0,81.0,0.0,HOLDOUT,U,U-PR-0039,O:U260612C00032500,CALL,32.5,2026-06-12,11,-0.468307692307694,14,0.0,0.468307692307694,NEAR_ATM,WITHIN_TOLERANCE,76,bars/O_U260612C00032500.json,True,2026-05-25,2026-06-12
2026-06-01T19:00:00+00:00,2026-06-01T19:15:00+00:00,2026-06-01,32.3478,CONTINUATION,ADD,99.0,81.0,0.0,HOLDOUT,U,U-PR-0039,O:U260612P00032500,PUT,32.5,2026-06-12,11,0.468307692307694,14,0.0,0.468307692307694,NEAR_ATM,WITHIN_TOLERANCE,3,bars/O_U260612P00032500.json,False,2026-05-25,2026-06-12
2026-06-01T19:00:00+00:00,2026-06-01T19:15:00+00:00,2026-06-01,32.3478,CONTINUATION,ADD,99.0,81.0,0.0,HOLDOUT,U,U-PR-0039,O:U260702C00032000,CALL,32.0,2026-07-02,31,1.0868749999999983,30,0.0,1.0868749999999983,NEAR_ATM,WITHIN_TOLERANCE,50,bars/O_U260702C00032000.json,False,2026-05-25,2026-06-22
2026-06-01T19:00:00+00:00,2026-06-01T19:15:00+00:00,2026-06-01,32.3478,CONTINUATION,ADD,99.0,81.0,0.0,HOLDOUT,U,U-PR-0039,O:U260702P00032000,PUT,32.0,2026-07-02,31,-1.0868749999999983,30,0.0,1.0868749999999983,NEAR_ATM,WITHIN_TOLERANCE,0,bars/O_U260702P00032000.json,False,2026-05-25,2026-06-22
2026-06-01T19:30:00+00:00,2026-06-01T19:45:00+00:00,2026-06-01,132.38,ENTRY_FORMING,CAMPAIGN START,94.0,60.0,0.0,HOLDOUT,LULU,LULU-PR-0040,O:LULU260612C00132000,CALL,132.0,2026-06-12,11,0.28787878787878446,14,0.0,0.28787878787878446,NEAR_ATM,WITHIN_TOLERANCE,75,bars/O_LULU260612C00132000.json,False,2026-05-25,2026-06-12
2026-06-01T19:30:00+00:00,2026-06-01T19:45:00+00:00,2026-06-01,132.38,ENTRY_FORMING,CAMPAIGN START,94.0,60.0,0.0,HOLDOUT,LULU,LULU-PR-0040,O:LULU260612P00132000,PUT,132.0,2026-06-12,11,-0.28787878787878446,14,0.0,0.28787878787878446,NEAR_ATM,WITHIN_TOLERANCE,27,bars/O_LULU260612P00132000.json,False,2026-05-25,2026-06-12
2026-06-01T19:30:00+00:00,2026-06-01T19:45:00+00:00,2026-06-01,132.38,ENTRY_FORMING,CAMPAIGN START,94.0,60.0,0.0,HOLDOUT,LULU,LULU-PR-0040,O:LULU260702C00130000,CALL,130.0,2026-07-02,31,1.8307692307692272,30,0.0,1.8307692307692272,NEAR_ATM,WITHIN_TOLERANCE,156,bars/O_LULU260702C00130000.json,False,2026-05-25,2026-06-22
2026-06-01T19:30:00+00:00,2026-06-01T19:45:00+00:00,2026-06-01,132.38,ENTRY_FORMING,CAMPAIGN START,94.0,60.0,0.0,HOLDOUT,LULU,LULU-PR-0040,O:LULU260702P00130000,PUT,130.0,2026-07-02,31,-1.8307692307692272,30,0.0,1.8307692307692272,NEAR_ATM,WITHIN_TOLERANCE,50,bars/O_LULU260702P00130000.json,False,2026-05-25,2026-06-22
2026-06-04T13:30:00+00:00,2026-06-04T13:45:00+00:00,2026-06-04,43.36,CONTINUATION,RELOAD,19.0,27.0,0.0,HOLDOUT,PYPL,PYPL-PR-0040,O:PYPL260618C00043500,CALL,43.5,2026-06-18,14,-0.32183908045977144,14,0.0,0.32183908045977144,NEAR_ATM,WITHIN_TOLERANCE,200,bars/O_PYPL260618C00043500.json,False,2026-05-28,2026-06-18
2026-06-04T13:30:00+00:00,2026-06-04T13:45:00+00:00,2026-06-04,43.36,CONTINUATION,RELOAD,19.0,27.0,0.0,HOLDOUT,PYPL,PYPL-PR-0040,O:PYPL260618P00043500,PUT,43.5,2026-06-18,14,0.32183908045977144,14,0.0,0.32183908045977144,NEAR_ATM,WITHIN_TOLERANCE,140,bars/O_PYPL260618P00043500.json,False,2026-05-28,2026-06-18
2026-06-04T13:30:00+00:00,2026-06-04T13:45:00+00:00,2026-06-04,43.36,CONTINUATION,RELOAD,19.0,27.0,0.0,HOLDOUT,PYPL,PYPL-PR-0040,O:PYPL260702C00043000,CALL,43.0,2026-07-02,28,0.8372093023255801,30,0.0,0.8372093023255801,NEAR_ATM,WITHIN_TOLERANCE,168,bars/O_PYPL260702C00043000.json,False,2026-05-28,2026-06-25
2026-06-04T13:30:00+00:00,2026-06-04T13:45:00+00:00,2026-06-04,43.36,CONTINUATION,RELOAD,19.0,27.0,0.0,HOLDOUT,PYPL,PYPL-PR-0040,O:PYPL260702P00043000,PUT,43.0,2026-07-02,28,-0.8372093023255801,30,0.0,0.8372093023255801,NEAR_ATM,WITHIN_TOLERANCE,121,bars/O_PYPL260702P00043000.json,False,2026-05-28,2026-06-25
2026-06-04T18:15:00+00:00,2026-06-04T18:30:00+00:00,2026-06-04,30.205,ENTRY_FORMING,STRONG START,94.0,64.0,0.0,HOLDOUT,U,U-PR-0040,O:U260618C00030000,CALL,30.0,2026-06-18,14,0.6833333333333277,14,0.0,0.6833333333333277,NEAR_ATM,WITHIN_TOLERANCE,344,bars/O_U260618C00030000.json,False,2026-05-28,2026-06-18
2026-06-04T18:15:00+00:00,2026-06-04T18:30:00+00:00,2026-06-04,30.205,ENTRY_FORMING,STRONG START,94.0,64.0,0.0,HOLDOUT,U,U-PR-0040,O:U260618P00030000,PUT,30.0,2026-06-18,14,-0.6833333333333277,14,0.0,0.6833333333333277,NEAR_ATM,WITHIN_TOLERANCE,56,bars/O_U260618P00030000.json,False,2026-05-28,2026-06-18
2026-06-04T18:15:00+00:00,2026-06-04T18:30:00+00:00,2026-06-04,30.205,ENTRY_FORMING,STRONG START,94.0,64.0,0.0,HOLDOUT,U,U-PR-0040,O:U260702C00030000,CALL,30.0,2026-07-02,28,0.6833333333333277,30,0.0,0.6833333333333277,NEAR_ATM,WITHIN_TOLERANCE,114,bars/O_U260702C00030000.json,False,2026-05-28,2026-06-25
2026-06-04T18:15:00+00:00,2026-06-04T18:30:00+00:00,2026-06-04,30.205,ENTRY_FORMING,STRONG START,94.0,64.0,0.0,HOLDOUT,U,U-PR-0040,O:U260702P00030000,PUT,30.0,2026-07-02,28,-0.6833333333333277,30,0.0,0.6833333333333277,NEAR_ATM,WITHIN_TOLERANCE,29,bars/O_U260702P00030000.json,False,2026-05-28,2026-06-25
2026-06-10T19:45:00+00:00,2026-06-10T20:00:00+00:00,2026-06-10,22.43,ENTRY_FORMING,CAMPAIGN START,100.0,66.0,0.0,HOLDOUT,GME,GME-PR-0042,O:GME260626C00022500,CALL,22.5,2026-06-26,16,-0.3111111111111124,14,0.0,0.3111111111111124,NEAR_ATM,WITHIN_TOLERANCE,325,bars/O_GME260626C00022500.json,False,2026-06-03,2026-06-26
2026-06-10T19:45:00+00:00,2026-06-10T20:00:00+00:00,2026-06-10,22.43,ENTRY_FORMING,CAMPAIGN START,100.0,66.0,0.0,HOLDOUT,GME,GME-PR-0042,O:GME260626P00022500,PUT,22.5,2026-06-26,16,0.3111111111111124,14,0.0,0.3111111111111124,NEAR_ATM,WITHIN_TOLERANCE,118,bars/O_GME260626P00022500.json,False,2026-06-03,2026-06-26
2026-06-10T19:45:00+00:00,2026-06-10T20:00:00+00:00,2026-06-10,22.43,ENTRY_FORMING,CAMPAIGN START,100.0,66.0,0.0,HOLDOUT,GME,GME-PR-0042,O:GME260710C00022500,CALL,22.5,2026-07-10,30,-0.3111111111111124,30,0.0,0.3111111111111124,NEAR_ATM,WITHIN_TOLERANCE,275,bars/O_GME260710C00022500.json,False,2026-06-03,2026-07-01
2026-06-10T19:45:00+00:00,2026-06-10T20:00:00+00:00,2026-06-10,22.43,ENTRY_FORMING,CAMPAIGN START,100.0,66.0,0.0,HOLDOUT,GME,GME-PR-0042,O:GME260710P00022500,PUT,22.5,2026-07-10,30,0.3111111111111124,30,0.0,0.3111111111111124,NEAR_ATM,WITHIN_TOLERANCE,58,bars/O_GME260710P00022500.json,False,2026-06-03,2026-07-01
2026-06-12T19:00:00+00:00,2026-06-12T19:15:00+00:00,2026-06-12,41.44,ENTRY_FORMING,STRONG START,94.0,64.0,0.0,HOLDOUT,PYPL,PYPL-PR-0041,O:PYPL260626C00041500,CALL,41.5,2026-06-26,14,-0.1445783132530175,14,0.0,0.1445783132530175,NEAR_ATM,WITHIN_TOLERANCE,102,bars/O_PYPL260626C00041500.json,False,2026-06-05,2026-06-26
2026-06-12T19:00:00+00:00,2026-06-12T19:15:00+00:00,2026-06-12,41.44,ENTRY_FORMING,STRONG START,94.0,64.0,0.0,HOLDOUT,PYPL,PYPL-PR-0041,O:PYPL260626P00041500,PUT,41.5,2026-06-26,14,0.1445783132530175,14,0.0,0.1445783132530175,NEAR_ATM,WITHIN_TOLERANCE,153,bars/O_PYPL260626P00041500.json,False,2026-06-05,2026-06-26
2026-06-12T19:00:00+00:00,2026-06-12T19:15:00+00:00,2026-06-12,41.44,ENTRY_FORMING,STRONG START,94.0,64.0,0.0,HOLDOUT,PYPL,PYPL-PR-0041,O:PYPL260710C00041000,CALL,41.0,2026-07-10,28,1.0731707317073116,30,0.0,1.0731707317073116,NEAR_ATM,WITHIN_TOLERANCE,46,bars/O_PYPL260710C00041000.json,False,2026-06-05,2026-07-03
2026-06-12T19:00:00+00:00,2026-06-12T19:15:00+00:00,2026-06-12,41.44,ENTRY_FORMING,STRONG START,94.0,64.0,0.0,HOLDOUT,PYPL,PYPL-PR-0041,O:PYPL260710P00041000,PUT,41.0,2026-07-10,28,-1.0731707317073116,30,0.0,1.0731707317073116,NEAR_ATM,WITHIN_TOLERANCE,153,bars/O_PYPL260710P00041000.json,False,2026-06-05,2026-07-03
2026-06-15T19:45:00+00:00,2026-06-15T20:00:00+00:00,2026-06-15,411.24,ENTRY_FORMING,STRONG START,98.0,66.0,0.0,HOLDOUT,TSLA,TSLA-PR-0042,O:TSLA260629C00410000,CALL,410.0,2026-06-29,14,0.3024390243902461,14,0.0,0.3024390243902461,NEAR_ATM,WITHIN_TOLERANCE,250,bars/O_TSLA260629C00410000.json,False,2026-06-08,2026-06-29
2026-06-15T19:45:00+00:00,2026-06-15T20:00:00+00:00,2026-06-15,411.24,ENTRY_FORMING,STRONG START,98.0,66.0,0.0,HOLDOUT,TSLA,TSLA-PR-0042,O:TSLA260629P00410000,PUT,410.0,2026-06-29,14,-0.3024390243902461,14,0.0,0.3024390243902461,NEAR_ATM,WITHIN_TOLERANCE,134,bars/O_TSLA260629P00410000.json,False,2026-06-08,2026-06-29
2026-06-15T19:45:00+00:00,2026-06-15T20:00:00+00:00,2026-06-15,411.24,ENTRY_FORMING,STRONG START,98.0,66.0,0.0,HOLDOUT,TSLA,TSLA-PR-0042,O:TSLA260717C00410000,CALL,410.0,2026-07-17,32,0.3024390243902461,30,0.0,0.3024390243902461,NEAR_ATM,WITHIN_TOLERANCE,492,bars/O_TSLA260717C00410000.json,False,2026-06-08,2026-07-06
2026-06-15T19:45:00+00:00,2026-06-15T20:00:00+00:00,2026-06-15,411.24,ENTRY_FORMING,STRONG START,98.0,66.0,0.0,HOLDOUT,TSLA,TSLA-PR-0042,O:TSLA260717P00410000,PUT,410.0,2026-07-17,32,-0.3024390243902461,30,0.0,0.3024390243902461,NEAR_ATM,WITHIN_TOLERANCE,416,bars/O_TSLA260717P00410000.json,False,2026-06-08,2026-07-06
2026-06-18T19:00:00+00:00,2026-06-18T19:15:00+00:00,2026-06-18,51.815,ENTRY_FORMING,IGNITION,100.0,67.0,0.0,HOLDOUT,RBLX,RBLX-PR-0042,O:RBLX260702C00052000,CALL,52.0,2026-07-02,14,-0.35576923076923517,14,0.0,0.35576923076923517,NEAR_ATM,WITHIN_TOLERANCE,223,bars/O_RBLX260702C00052000.json,False,2026-06-11,2026-07-02
2026-06-18T19:00:00+00:00,2026-06-18T19:15:00+00:00,2026-06-18,51.815,ENTRY_FORMING,IGNITION,100.0,67.0,0.0,HOLDOUT,RBLX,RBLX-PR-0042,O:RBLX260702P00052000,PUT,52.0,2026-07-02,14,0.35576923076923517,14,0.0,0.35576923076923517,NEAR_ATM,WITHIN_TOLERANCE,85,bars/O_RBLX260702P00052000.json,False,2026-06-11,2026-07-02
2026-06-18T19:00:00+00:00,2026-06-18T19:15:00+00:00,2026-06-18,51.815,ENTRY_FORMING,IGNITION,100.0,67.0,0.0,HOLDOUT,RBLX,RBLX-PR-0042,O:RBLX260717C00050000,CALL,50.0,2026-07-17,29,3.629999999999996,30,0.0,3.629999999999996,NEAR_ATM,WITHIN_TOLERANCE,366,bars/O_RBLX260717C00050000.json,False,2026-06-11,2026-07-09
2026-06-18T19:00:00+00:00,2026-06-18T19:15:00+00:00,2026-06-18,51.815,ENTRY_FORMING,IGNITION,100.0,67.0,0.0,HOLDOUT,RBLX,RBLX-PR-0042,O:RBLX260717P00050000,PUT,50.0,2026-07-17,29,-3.629999999999996,30,0.0,3.629999999999996,NEAR_ATM,WITHIN_TOLERANCE,211,bars/O_RBLX260717P00050000.json,False,2026-06-11,2026-07-09
2026-06-23T19:45:00+00:00,2026-06-23T20:00:00+00:00,2026-06-23,108.92,ENTRY_FORMING,STRONG START,90.0,59.0,0.0,HOLDOUT,LULU,LULU-PR-0041,O:LULU260710C00109000,CALL,109.0,2026-07-10,17,-0.07339449541284247,14,0.0,0.07339449541284247,NEAR_ATM,WITHIN_TOLERANCE,19,bars/O_LULU260710C00109000.json,False,2026-06-16,2026-07-10
2026-06-23T19:45:00+00:00,2026-06-23T20:00:00+00:00,2026-06-23,108.92,ENTRY_FORMING,STRONG START,90.0,59.0,0.0,HOLDOUT,LULU,LULU-PR-0041,O:LULU260710P00109000,PUT,109.0,2026-07-10,17,0.07339449541284247,14,0.0,0.07339449541284247,NEAR_ATM,WITHIN_TOLERANCE,88,bars/O_LULU260710P00109000.json,False,2026-06-16,2026-07-10
2026-06-23T19:45:00+00:00,2026-06-23T20:00:00+00:00,2026-06-23,108.92,ENTRY_FORMING,STRONG START,90.0,59.0,0.0,HOLDOUT,LULU,LULU-PR-0041,O:LULU260724C00110000,CALL,110.0,2026-07-24,31,-0.9818181818181803,30,0.0,0.9818181818181803,NEAR_ATM,WITHIN_TOLERANCE,23,bars/O_LULU260724C00110000.json,False,2026-06-16,2026-07-14
2026-06-23T19:45:00+00:00,2026-06-23T20:00:00+00:00,2026-06-23,108.92,ENTRY_FORMING,STRONG START,90.0,59.0,0.0,HOLDOUT,LULU,LULU-PR-0041,O:LULU260724P00110000,PUT,110.0,2026-07-24,31,0.9818181818181803,30,0.0,0.9818181818181803,NEAR_ATM,WITHIN_TOLERANCE,92,bars/O_LULU260724P00110000.json,False,2026-06-16,2026-07-14
2026-06-25T19:15:00+00:00,2026-06-25T19:30:00+00:00,2026-06-25,46.29,CONTINUATION,RELOAD,64.0,45.0,0.0,HOLDOUT,RBLX,RBLX-PR-0043,O:RBLX260710C00046500,CALL,46.5,2026-07-10,15,-0.4516129032258083,14,0.0,0.4516129032258083,NEAR_ATM,WITHIN_TOLERANCE,19,bars/O_RBLX260710C00046500.json,False,2026-06-18,2026-07-10
2026-06-25T19:15:00+00:00,2026-06-25T19:30:00+00:00,2026-06-25,46.29,CONTINUATION,RELOAD,64.0,45.0,0.0,HOLDOUT,RBLX,RBLX-PR-0043,O:RBLX260710P00046500,PUT,46.5,2026-07-10,15,0.4516129032258083,14,0.0,0.4516129032258083,NEAR_ATM,WITHIN_TOLERANCE,33,bars/O_RBLX260710P00046500.json,False,2026-06-18,2026-07-10
2026-06-25T19:15:00+00:00,2026-06-25T19:30:00+00:00,2026-06-25,46.29,CONTINUATION,RELOAD,64.0,45.0,0.0,HOLDOUT,RBLX,RBLX-PR-0043,O:RBLX260724C00046000,CALL,46.0,2026-07-24,29,0.6304347826086938,30,0.0,0.6304347826086938,NEAR_ATM,WITHIN_TOLERANCE,15,bars/O_RBLX260724C00046000.json,False,2026-06-18,2026-07-16
2026-06-25T19:15:00+00:00,2026-06-25T19:30:00+00:00,2026-06-25,46.29,CONTINUATION,RELOAD,64.0,45.0,0.0,HOLDOUT,RBLX,RBLX-PR-0043,O:RBLX260724P00046000,PUT,46.0,2026-07-24,29,-0.6304347826086938,30,0.0,0.6304347826086938,NEAR_ATM,WITHIN_TOLERANCE,21,bars/O_RBLX260724P00046000.json,False,2026-06-18,2026-07-16
2026-06-25T19:30:00+00:00,2026-06-25T19:45:00+00:00,2026-06-25,112.53,CONTINUATION,ADD,94.0,66.0,0.0,HOLDOUT,LULU,LULU-PR-0042,O:LULU260710C00113000,CALL,113.0,2026-07-10,15,-0.415929203539822,14,0.0,0.415929203539822,NEAR_ATM,WITHIN_TOLERANCE,87,bars/O_LULU260710C00113000.json,True,2026-06-18,2026-07-10
2026-06-25T19:30:00+00:00,2026-06-25T19:45:00+00:00,2026-06-25,112.53,CONTINUATION,ADD,94.0,66.0,0.0,HOLDOUT,LULU,LULU-PR-0042,O:LULU260710P00113000,PUT,113.0,2026-07-10,15,0.415929203539822,14,0.0,0.415929203539822,NEAR_ATM,WITHIN_TOLERANCE,105,bars/O_LULU260710P00113000.json,False,2026-06-18,2026-07-10
2026-06-25T19:30:00+00:00,2026-06-25T19:45:00+00:00,2026-06-25,112.53,CONTINUATION,ADD,94.0,66.0,0.0,HOLDOUT,LULU,LULU-PR-0042,O:LULU260724C00115000,CALL,115.0,2026-07-24,29,-2.147826086956521,30,0.0,2.147826086956521,NEAR_ATM,WITHIN_TOLERANCE,85,bars/O_LULU260724C00115000.json,False,2026-06-18,2026-07-16
2026-06-25T19:30:00+00:00,2026-06-25T19:45:00+00:00,2026-06-25,112.53,CONTINUATION,ADD,94.0,66.0,0.0,HOLDOUT,LULU,LULU-PR-0042,O:LULU260724P00115000,PUT,115.0,2026-07-24,29,2.147826086956521,30,0.0,2.147826086956521,NEAR_ATM,WITHIN_TOLERANCE,90,bars/O_LULU260724P00115000.json,False,2026-06-18,2026-07-16
2026-06-25T19:45:00+00:00,2026-06-25T20:00:00+00:00,2026-06-25,15.12,ENTRY_FORMING,STRONG START,93.0,64.0,0.0,HOLDOUT,VALE,VALE-PR-0041,O:VALE260710C00015000,CALL,15.0,2026-07-10,15,0.7999999999999948,14,0.0,0.7999999999999948,NEAR_ATM,WITHIN_TOLERANCE,78,bars/O_VALE260710C00015000.json,False,2026-06-18,2026-07-10
2026-06-25T19:45:00+00:00,2026-06-25T20:00:00+00:00,2026-06-25,15.12,ENTRY_FORMING,STRONG START,93.0,64.0,0.0,HOLDOUT,VALE,VALE-PR-0041,O:VALE260710P00015000,PUT,15.0,2026-07-10,15,-0.7999999999999948,14,0.0,0.7999999999999948,NEAR_ATM,WITHIN_TOLERANCE,80,bars/O_VALE260710P00015000.json,False,2026-06-18,2026-07-10
2026-06-25T19:45:00+00:00,2026-06-25T20:00:00+00:00,2026-06-25,15.12,ENTRY_FORMING,STRONG START,93.0,64.0,0.0,HOLDOUT,VALE,VALE-PR-0041,O:VALE260724C00015000,CALL,15.0,2026-07-24,29,0.7999999999999948,30,0.0,0.7999999999999948,NEAR_ATM,WITHIN_TOLERANCE,48,bars/O_VALE260724C00015000.json,False,2026-06-18,2026-07-16
2026-06-25T19:45:00+00:00,2026-06-25T20:00:00+00:00,2026-06-25,15.12,ENTRY_FORMING,STRONG START,93.0,64.0,0.0,HOLDOUT,VALE,VALE-PR-0041,O:VALE260724P00015000,PUT,15.0,2026-07-24,29,-0.7999999999999948,30,0.0,0.7999999999999948,NEAR_ATM,WITHIN_TOLERANCE,44,bars/O_VALE260724P00015000.json,False,2026-06-18,2026-07-16
2026-06-26T19:30:00+00:00,2026-06-26T19:45:00+00:00,2026-06-26,28.1,ENTRY_FORMING,STRONG START,99.0,67.0,0.0,HOLDOUT,U,U-PR-0041,O:U260710C00028000,CALL,28.0,2026-07-10,14,0.3571428571428622,14,0.0,0.3571428571428622,NEAR_ATM,WITHIN_TOLERANCE,59,bars/O_U260710C00028000.json,False,2026-06-19,2026-07-10
2026-06-26T19:30:00+00:00,2026-06-26T19:45:00+00:00,2026-06-26,28.1,ENTRY_FORMING,STRONG START,99.0,67.0,0.0,HOLDOUT,U,U-PR-0041,O:U260710P00028000,PUT,28.0,2026-07-10,14,-0.3571428571428622,14,0.0,0.3571428571428622,NEAR_ATM,WITHIN_TOLERANCE,59,bars/O_U260710P00028000.json,False,2026-06-19,2026-07-10
2026-06-26T19:30:00+00:00,2026-06-26T19:45:00+00:00,2026-06-26,28.1,ENTRY_FORMING,STRONG START,99.0,67.0,0.0,HOLDOUT,U,U-PR-0041,O:U260724C00028000,CALL,28.0,2026-07-24,28,0.3571428571428622,30,0.0,0.3571428571428622,NEAR_ATM,WITHIN_TOLERANCE,25,bars/O_U260724C00028000.json,False,2026-06-19,2026-07-17
2026-06-26T19:30:00+00:00,2026-06-26T19:45:00+00:00,2026-06-26,28.1,ENTRY_FORMING,STRONG START,99.0,67.0,0.0,HOLDOUT,U,U-PR-0041,O:U260724P00028000,PUT,28.0,2026-07-24,28,-0.3571428571428622,30,0.0,0.3571428571428622,NEAR_ATM,WITHIN_TOLERANCE,94,bars/O_U260724P00028000.json,False,2026-06-19,2026-07-17
2026-06-29T18:30:00+00:00,2026-06-29T18:45:00+00:00,2026-06-29,15.005,CONTINUATION,RELOAD,0.0,18.0,0.0,HOLDOUT,VALE,VALE-PR-0042,O:VALE260710C00015000,CALL,15.0,2026-07-10,11,0.033333333333338544,14,0.0,0.033333333333338544,NEAR_ATM,WITHIN_TOLERANCE,78,bars/O_VALE260710C00015000.json,False,2026-06-18,2026-07-10
2026-06-29T18:30:00+00:00,2026-06-29T18:45:00+00:00,2026-06-29,15.005,CONTINUATION,RELOAD,0.0,18.0,0.0,HOLDOUT,VALE,VALE-PR-0042,O:VALE260710P00015000,PUT,15.0,2026-07-10,11,-0.033333333333338544,14,0.0,0.033333333333338544,NEAR_ATM,WITHIN_TOLERANCE,80,bars/O_VALE260710P00015000.json,False,2026-06-18,2026-07-10
2026-06-29T18:30:00+00:00,2026-06-29T18:45:00+00:00,2026-06-29,15.005,CONTINUATION,RELOAD,0.0,18.0,0.0,HOLDOUT,VALE,VALE-PR-0042,O:VALE260731C00015000,CALL,15.0,2026-07-31,32,0.033333333333338544,30,0.0,0.033333333333338544,NEAR_ATM,WITHIN_TOLERANCE,69,bars/O_VALE260731C00015000.json,False,2026-06-22,2026-07-20
2026-06-29T18:30:00+00:00,2026-06-29T18:45:00+00:00,2026-06-29,15.005,CONTINUATION,RELOAD,0.0,18.0,0.0,HOLDOUT,VALE,VALE-PR-0042,O:VALE260731P00015000,PUT,15.0,2026-07-31,32,-0.033333333333338544,30,0.0,0.033333333333338544,NEAR_ATM,WITHIN_TOLERANCE,20,bars/O_VALE260731P00015000.json,False,2026-06-22,2026-07-20
2026-07-01T19:30:00+00:00,2026-07-01T19:45:00+00:00,2026-07-01,427.13,CONTINUATION,ADD,99.0,75.0,0.0,HOLDOUT,TSLA,TSLA-PR-0043,O:TSLA260715C00427500,CALL,427.5,2026-07-15,14,-0.08654970760234024,14,0.0,0.08654970760234024,NEAR_ATM,WITHIN_TOLERANCE,225,bars/O_TSLA260715C00427500.json,False,2026-06-24,2026-07-15
2026-07-01T19:30:00+00:00,2026-07-01T19:45:00+00:00,2026-07-01,427.13,CONTINUATION,ADD,99.0,75.0,0.0,HOLDOUT,TSLA,TSLA-PR-0043,O:TSLA260715P00427500,PUT,427.5,2026-07-15,14,0.08654970760234024,14,0.0,0.08654970760234024,NEAR_ATM,WITHIN_TOLERANCE,47,bars/O_TSLA260715P00427500.json,False,2026-06-24,2026-07-15
2026-07-01T19:30:00+00:00,2026-07-01T19:45:00+00:00,2026-07-01,427.13,CONTINUATION,ADD,99.0,75.0,0.0,HOLDOUT,TSLA,TSLA-PR-0043,O:TSLA260731C00425000,CALL,425.0,2026-07-31,30,0.5011764705882342,30,0.0,0.5011764705882342,NEAR_ATM,WITHIN_TOLERANCE,487,bars/O_TSLA260731C00425000.json,False,2026-06-24,2026-07-22
2026-07-01T19:30:00+00:00,2026-07-01T19:45:00+00:00,2026-07-01,427.13,CONTINUATION,ADD,99.0,75.0,0.0,HOLDOUT,TSLA,TSLA-PR-0043,O:TSLA260731P00425000,PUT,425.0,2026-07-31,30,-0.5011764705882342,30,0.0,0.5011764705882342,NEAR_ATM,WITHIN_TOLERANCE,149,bars/O_TSLA260731P00425000.json,False,2026-06-24,2026-07-22
2026-07-01T19:30:00+00:00,2026-07-01T19:45:00+00:00,2026-07-01,30.52,CONTINUATION,ADD,100.0,79.0,0.0,HOLDOUT,U,U-PR-0042,O:U260717C00030500,CALL,30.5,2026-07-17,16,0.06557377049180188,14,0.0,0.06557377049180188,NEAR_ATM,WITHIN_TOLERANCE,75,bars/O_U260717C00030500.json,False,2026-06-24,2026-07-17
2026-07-01T19:30:00+00:00,2026-07-01T19:45:00+00:00,2026-07-01,30.52,CONTINUATION,ADD,100.0,79.0,0.0,HOLDOUT,U,U-PR-0042,O:U260717P00030500,PUT,30.5,2026-07-17,16,-0.06557377049180188,14,0.0,0.06557377049180188,NEAR_ATM,WITHIN_TOLERANCE,67,bars/O_U260717P00030500.json,False,2026-06-24,2026-07-17
2026-07-01T19:30:00+00:00,2026-07-01T19:45:00+00:00,2026-07-01,30.52,CONTINUATION,ADD,100.0,79.0,0.0,HOLDOUT,U,U-PR-0042,O:U260731C00030500,CALL,30.5,2026-07-31,30,0.06557377049180188,30,0.0,0.06557377049180188,NEAR_ATM,WITHIN_TOLERANCE,29,bars/O_U260731C00030500.json,False,2026-06-24,2026-07-22
2026-07-01T19:30:00+00:00,2026-07-01T19:45:00+00:00,2026-07-01,30.52,CONTINUATION,ADD,100.0,79.0,0.0,HOLDOUT,U,U-PR-0042,O:U260731P00030500,PUT,30.5,2026-07-31,30,-0.06557377049180188,30,0.0,0.06557377049180188,NEAR_ATM,WITHIN_TOLERANCE,4,bars/O_U260731P00030500.json,False,2026-06-24,2026-07-22
2026-07-02T18:45:00+00:00,2026-07-02T19:00:00+00:00,2026-07-02,118.395,CONTINUATION,ADD,99.0,80.0,0.0,HOLDOUT,LULU,LULU-PR-0043,O:LULU260717C00118000,CALL,118.0,2026-07-17,15,0.334745762711861,14,0.0,0.334745762711861,NEAR_ATM,WITHIN_TOLERANCE,151,bars/O_LULU260717C00118000.json,False,2026-06-25,2026-07-17
2026-07-02T18:45:00+00:00,2026-07-02T19:00:00+00:00,2026-07-02,118.395,CONTINUATION,ADD,99.0,80.0,0.0,HOLDOUT,LULU,LULU-PR-0043,O:LULU260717P00118000,PUT,118.0,2026-07-17,15,-0.334745762711861,14,0.0,0.334745762711861,NEAR_ATM,WITHIN_TOLERANCE,100,bars/O_LULU260717P00118000.json,False,2026-06-25,2026-07-17
2026-07-02T18:45:00+00:00,2026-07-02T19:00:00+00:00,2026-07-02,118.395,CONTINUATION,ADD,99.0,80.0,0.0,HOLDOUT,LULU,LULU-PR-0043,O:LULU260731C00120000,CALL,120.0,2026-07-31,29,-1.3375000000000032,30,0.0,1.3375000000000032,NEAR_ATM,WITHIN_TOLERANCE,237,bars/O_LULU260731C00120000.json,False,2026-06-25,2026-07-23
2026-07-02T18:45:00+00:00,2026-07-02T19:00:00+00:00,2026-07-02,118.395,CONTINUATION,ADD,99.0,80.0,0.0,HOLDOUT,LULU,LULU-PR-0043,O:LULU260731P00120000,PUT,120.0,2026-07-31,29,1.3375000000000032,30,0.0,1.3375000000000032,NEAR_ATM,WITHIN_TOLERANCE,34,bars/O_LULU260731P00120000.json,False,2026-06-25,2026-07-23
2026-07-02T19:30:00+00:00,2026-07-02T19:45:00+00:00,2026-07-02,22.77,CONTINUATION,ADD,100.0,80.0,0.0,HOLDOUT,GME,GME-PR-0043,O:GME260717C00023000,CALL,23.0,2026-07-17,15,-1.000000000000002,14,0.0,1.000000000000002,NEAR_ATM,WITHIN_TOLERANCE,415,bars/O_GME260717C00023000.json,False,2026-06-25,2026-07-17
2026-07-02T19:30:00+00:00,2026-07-02T19:45:00+00:00,2026-07-02,22.77,CONTINUATION,ADD,100.0,80.0,0.0,HOLDOUT,GME,GME-PR-0043,O:GME260717P00023000,PUT,23.0,2026-07-17,15,1.000000000000002,14,0.0,1.000000000000002,NEAR_ATM,WITHIN_TOLERANCE,222,bars/O_GME260717P00023000.json,False,2026-06-25,2026-07-17
2026-07-02T19:30:00+00:00,2026-07-02T19:45:00+00:00,2026-07-02,22.77,CONTINUATION,ADD,100.0,80.0,0.0,HOLDOUT,GME,GME-PR-0043,O:GME260731C00023000,CALL,23.0,2026-07-31,29,-1.000000000000002,30,0.0,1.000000000000002,NEAR_ATM,WITHIN_TOLERANCE,418,bars/O_GME260731C00023000.json,False,2026-06-25,2026-07-23
2026-07-02T19:30:00+00:00,2026-07-02T19:45:00+00:00,2026-07-02,22.77,CONTINUATION,ADD,100.0,80.0,0.0,HOLDOUT,GME,GME-PR-0043,O:GME260731P00023000,PUT,23.0,2026-07-31,29,1.000000000000002,30,0.0,1.000000000000002,NEAR_ATM,WITHIN_TOLERANCE,97,bars/O_GME260731P00023000.json,False,2026-06-25,2026-07-23
2026-07-02T19:45:00+00:00,2026-07-02T20:00:00+00:00,2026-07-02,55.41,CONTINUATION,RELOAD,22.0,35.0,0.0,HOLDOUT,RBLX,RBLX-PR-0044,O:RBLX260717C00055000,CALL,55.0,2026-07-17,15,0.7454545454545393,14,0.0,0.7454545454545393,NEAR_ATM,WITHIN_TOLERANCE,341,bars/O_RBLX260717C00055000.json,False,2026-06-25,2026-07-17
2026-07-02T19:45:00+00:00,2026-07-02T20:00:00+00:00,2026-07-02,55.41,CONTINUATION,RELOAD,22.0,35.0,0.0,HOLDOUT,RBLX,RBLX-PR-0044,O:RBLX260717P00055000,PUT,55.0,2026-07-17,15,-0.7454545454545393,14,0.0,0.7454545454545393,NEAR_ATM,WITHIN_TOLERANCE,215,bars/O_RBLX260717P00055000.json,False,2026-06-25,2026-07-17
2026-07-02T19:45:00+00:00,2026-07-02T20:00:00+00:00,2026-07-02,55.41,CONTINUATION,RELOAD,22.0,35.0,0.0,HOLDOUT,RBLX,RBLX-PR-0044,O:RBLX260731C00055000,CALL,55.0,2026-07-31,29,0.7454545454545393,30,0.0,0.7454545454545393,NEAR_ATM,WITHIN_TOLERANCE,138,bars/O_RBLX260731C00055000.json,False,2026-06-25,2026-07-23
2026-07-02T19:45:00+00:00,2026-07-02T20:00:00+00:00,2026-07-02,55.41,CONTINUATION,RELOAD,22.0,35.0,0.0,HOLDOUT,RBLX,RBLX-PR-0044,O:RBLX260731P00055000,PUT,55.0,2026-07-31,29,-0.7454545454545393,30,0.0,0.7454545454545393,NEAR_ATM,WITHIN_TOLERANCE,64,bars/O_RBLX260731P00055000.json,False,2026-06-25,2026-07-23
2026-07-08T19:15:00+00:00,2026-07-08T19:30:00+00:00,2026-07-08,44.405,CONTINUATION,RELOAD,55.0,43.0,0.0,HOLDOUT,PYPL,PYPL-PR-0042,O:PYPL260724C00044500,CALL,44.5,2026-07-24,16,-0.2134831460674132,14,0.0,0.2134831460674132,NEAR_ATM,WITHIN_TOLERANCE,60,bars/O_PYPL260724C00044500.json,False,2026-07-01,2026-07-24
2026-07-08T19:15:00+00:00,2026-07-08T19:30:00+00:00,2026-07-08,44.405,CONTINUATION,RELOAD,55.0,43.0,0.0,HOLDOUT,PYPL,PYPL-PR-0042,O:PYPL260724P00044500,PUT,44.5,2026-07-24,16,0.2134831460674132,14,0.0,0.2134831460674132,NEAR_ATM,WITHIN_TOLERANCE,37,bars/O_PYPL260724P00044500.json,False,2026-07-01,2026-07-24
2026-07-08T19:15:00+00:00,2026-07-08T19:30:00+00:00,2026-07-08,44.405,CONTINUATION,RELOAD,55.0,43.0,0.0,HOLDOUT,PYPL,PYPL-PR-0042,O:PYPL260807C00044000,CALL,44.0,2026-08-07,30,0.9204545454545481,30,0.0,0.9204545454545481,NEAR_ATM,WITHIN_TOLERANCE,34,bars/O_PYPL260807C00044000.json,False,2026-07-01,2026-07-29
2026-07-08T19:15:00+00:00,2026-07-08T19:30:00+00:00,2026-07-08,44.405,CONTINUATION,RELOAD,55.0,43.0,0.0,HOLDOUT,PYPL,PYPL-PR-0042,O:PYPL260807P00044000,PUT,44.0,2026-08-07,30,-0.9204545454545481,30,0.0,0.9204545454545481,NEAR_ATM,WITHIN_TOLERANCE,52,bars/O_PYPL260807P00044000.json,False,2026-07-01,2026-07-29
2026-07-10T19:00:00+00:00,2026-07-10T19:15:00+00:00,2026-07-10,14.52,ENTRY_FORMING,STRONG START,89.0,59.0,0.0,HOLDOUT,VALE,VALE-PR-0043,O:VALE260724C00014500,CALL,14.5,2026-07-24,14,0.13793103448275568,14,0.0,0.13793103448275568,NEAR_ATM,WITHIN_TOLERANCE,97,bars/O_VALE260724C00014500.json,False,2026-07-03,2026-07-24
2026-07-10T19:00:00+00:00,2026-07-10T19:15:00+00:00,2026-07-10,14.52,ENTRY_FORMING,STRONG START,89.0,59.0,0.0,HOLDOUT,VALE,VALE-PR-0043,O:VALE260724P00014500,PUT,14.5,2026-07-24,14,-0.13793103448275568,14,0.0,0.13793103448275568,NEAR_ATM,WITHIN_TOLERANCE,45,bars/O_VALE260724P00014500.json,False,2026-07-03,2026-07-24
2026-07-10T19:00:00+00:00,2026-07-10T19:15:00+00:00,2026-07-10,14.52,ENTRY_FORMING,STRONG START,89.0,59.0,0.0,HOLDOUT,VALE,VALE-PR-0043,O:VALE260807C00014500,CALL,14.5,2026-08-07,28,0.13793103448275568,30,0.0,0.13793103448275568,NEAR_ATM,WITHIN_TOLERANCE,22,bars/O_VALE260807C00014500.json,False,2026-07-03,2026-07-31
2026-07-10T19:00:00+00:00,2026-07-10T19:15:00+00:00,2026-07-10,14.52,ENTRY_FORMING,STRONG START,89.0,59.0,0.0,HOLDOUT,VALE,VALE-PR-0043,O:VALE260807P00014500,PUT,14.5,2026-08-07,28,-0.13793103448275568,30,0.0,0.13793103448275568,NEAR_ATM,WITHIN_TOLERANCE,27,bars/O_VALE260807P00014500.json,False,2026-07-03,2026-07-31
2026-07-10T19:45:00+00:00,2026-07-10T20:00:00+00:00,2026-07-10,407.6812,ENTRY_FORMING,CAMPAIGN START,100.0,67.0,0.0,HOLDOUT,TSLA,TSLA-PR-0044,O:TSLA260724C00407500,CALL,407.5,2026-07-24,14,0.04446625766870915,14,0.0,0.04446625766870915,NEAR_ATM,WITHIN_TOLERANCE,350,bars/O_TSLA260724C00407500.json,False,2026-07-03,2026-07-24
2026-07-10T19:45:00+00:00,2026-07-10T20:00:00+00:00,2026-07-10,407.6812,ENTRY_FORMING,CAMPAIGN START,100.0,67.0,0.0,HOLDOUT,TSLA,TSLA-PR-0044,O:TSLA260724P00407500,PUT,407.5,2026-07-24,14,-0.04446625766870915,14,0.0,0.04446625766870915,NEAR_ATM,WITHIN_TOLERANCE,223,bars/O_TSLA260724P00407500.json,False,2026-07-03,2026-07-24
2026-07-10T19:45:00+00:00,2026-07-10T20:00:00+00:00,2026-07-10,407.6812,ENTRY_FORMING,CAMPAIGN START,100.0,67.0,0.0,HOLDOUT,TSLA,TSLA-PR-0044,O:TSLA260807C00410000,CALL,410.0,2026-08-07,28,-0.5655609756097585,30,0.0,0.5655609756097585,NEAR_ATM,WITHIN_TOLERANCE,415,bars/O_TSLA260807C00410000.json,False,2026-07-03,2026-07-31
2026-07-10T19:45:00+00:00,2026-07-10T20:00:00+00:00,2026-07-10,407.6812,ENTRY_FORMING,CAMPAIGN START,100.0,67.0,0.0,HOLDOUT,TSLA,TSLA-PR-0044,O:TSLA260807P00410000,PUT,410.0,2026-08-07,28,0.5655609756097585,30,0.0,0.5655609756097585,NEAR_ATM,WITHIN_TOLERANCE,172,bars/O_TSLA260807P00410000.json,False,2026-07-03,2026-07-31
2026-07-20T18:00:00+00:00,2026-07-20T18:15:00+00:00,2026-07-20,21.915,ENTRY_FORMING,STRONG START,77.0,54.0,0.0,HOLDOUT,GME,GME-PR-0044,O:GME260731C00022000,CALL,22.0,2026-07-31,11,-0.38636363636364024,14,0.0,0.38636363636364024,NEAR_ATM,WITHIN_TOLERANCE,340,bars/O_GME260731C00022000.json,False,2026-07-13,2026-07-31
2026-07-20T18:00:00+00:00,2026-07-20T18:15:00+00:00,2026-07-20,21.915,ENTRY_FORMING,STRONG START,77.0,54.0,0.0,HOLDOUT,GME,GME-PR-0044,O:GME260731P00022000,PUT,22.0,2026-07-31,11,0.38636363636364024,14,0.0,0.38636363636364024,NEAR_ATM,WITHIN_TOLERANCE,261,bars/O_GME260731P00022000.json,False,2026-07-13,2026-07-31
2026-07-20T18:00:00+00:00,2026-07-20T18:15:00+00:00,2026-07-20,21.915,ENTRY_FORMING,STRONG START,77.0,54.0,0.0,HOLDOUT,GME,GME-PR-0044,O:GME260821C00022000,CALL,22.0,2026-08-21,32,-0.38636363636364024,30,0.0,0.38636363636364024,NEAR_ATM,WITHIN_TOLERANCE,459,bars/O_GME260821C00022000.json,False,2026-07-13,2026-08-10
2026-07-20T18:00:00+00:00,2026-07-20T18:15:00+00:00,2026-07-20,21.915,ENTRY_FORMING,STRONG START,77.0,54.0,0.0,HOLDOUT,GME,GME-PR-0044,O:GME260821P00022000,PUT,22.0,2026-08-21,32,0.38636363636364024,30,0.0,0.38636363636364024,NEAR_ATM,WITHIN_TOLERANCE,264,bars/O_GME260821P00022000.json,False,2026-07-13,2026-08-10
2026-07-20T19:30:00+00:00,2026-07-20T19:45:00+00:00,2026-07-20,56.8733,ENTRY_FORMING,STRONG START,99.0,67.0,0.0,HOLDOUT,PYPL,PYPL-PR-0043,O:PYPL260731C00057000,CALL,57.0,2026-07-31,11,-0.22228070175438525,14,0.0,0.22228070175438525,NEAR_ATM,WITHIN_TOLERANCE,258,bars/O_PYPL260731C00057000.json,False,2026-07-13,2026-07-31
2026-07-20T19:30:00+00:00,2026-07-20T19:45:00+00:00,2026-07-20,56.8733,ENTRY_FORMING,STRONG START,99.0,67.0,0.0,HOLDOUT,PYPL,PYPL-PR-0043,O:PYPL260731P00057000,PUT,57.0,2026-07-31,11,0.22228070175438525,14,0.0,0.22228070175438525,NEAR_ATM,WITHIN_TOLERANCE,143,bars/O_PYPL260731P00057000.json,False,2026-07-13,2026-07-31
2026-07-20T19:30:00+00:00,2026-07-20T19:45:00+00:00,2026-07-20,56.8733,ENTRY_FORMING,STRONG START,99.0,67.0,0.0,HOLDOUT,PYPL,PYPL-PR-0043,O:PYPL260821C00057000,CALL,57.0,2026-08-21,32,-0.22228070175438525,30,0.0,0.22228070175438525,NEAR_ATM,WITHIN_TOLERANCE,117,bars/O_PYPL260821C00057000.json,False,2026-07-13,2026-08-10
2026-07-20T19:30:00+00:00,2026-07-20T19:45:00+00:00,2026-07-20,56.8733,ENTRY_FORMING,STRONG START,99.0,67.0,0.0,HOLDOUT,PYPL,PYPL-PR-0043,O:PYPL260821P00057000,PUT,57.0,2026-08-21,32,0.22228070175438525,30,0.0,0.22228070175438525,NEAR_ATM,WITHIN_TOLERANCE,82,bars/O_PYPL260821P00057000.json,False,2026-07-13,2026-08-10
2026-07-23T19:45:00+00:00,2026-07-23T20:00:00+00:00,2026-07-23,28.93,ENTRY_FORMING,STRONG START,87.0,58.0,0.0,HOLDOUT,U,U-PR-0043,O:U260807C00029000,CALL,29.0,2026-08-07,15,-0.24137931034482857,14,0.0,0.24137931034482857,NEAR_ATM,WITHIN_TOLERANCE,50,bars/O_U260807C00029000.json,False,2026-07-16,2026-08-07
2026-07-23T19:45:00+00:00,2026-07-23T20:00:00+00:00,2026-07-23,28.93,ENTRY_FORMING,STRONG START,87.0,58.0,0.0,HOLDOUT,U,U-PR-0043,O:U260807P00029000,PUT,29.0,2026-08-07,15,0.24137931034482857,14,0.0,0.24137931034482857,NEAR_ATM,WITHIN_TOLERANCE,83,bars/O_U260807P00029000.json,False,2026-07-16,2026-08-07
2026-07-23T19:45:00+00:00,2026-07-23T20:00:00+00:00,2026-07-23,28.93,ENTRY_FORMING,STRONG START,87.0,58.0,0.0,HOLDOUT,U,U-PR-0043,O:U260821C00029000,CALL,29.0,2026-08-21,29,-0.24137931034482857,30,0.0,0.24137931034482857,NEAR_ATM,WITHIN_TOLERANCE,68,bars/O_U260821C00029000.json,False,2026-07-16,2026-08-13
2026-07-23T19:45:00+00:00,2026-07-23T20:00:00+00:00,2026-07-23,28.93,ENTRY_FORMING,STRONG START,87.0,58.0,0.0,HOLDOUT,U,U-PR-0043,O:U260821P00029000,PUT,29.0,2026-08-21,29,0.24137931034482857,30,0.0,0.24137931034482857,NEAR_ATM,WITHIN_TOLERANCE,40,bars/O_U260821P00029000.json,False,2026-07-16,2026-08-13
2026-07-24T19:15:00+00:00,2026-07-24T19:30:00+00:00,2026-07-24,14.8499,ENTRY_FORMING,CAMPAIGN START,98.0,66.0,0.0,HOLDOUT,VALE,VALE-PR-0044,O:VALE260807C00015000,CALL,15.0,2026-08-07,14,-1.0006666666666675,14,0.0,1.0006666666666675,NEAR_ATM,WITHIN_TOLERANCE,120,bars/O_VALE260807C00015000.json,True,2026-07-17,2026-08-07
2026-07-24T19:15:00+00:00,2026-07-24T19:30:00+00:00,2026-07-24,14.8499,ENTRY_FORMING,CAMPAIGN START,98.0,66.0,0.0,HOLDOUT,VALE,VALE-PR-0044,O:VALE260807P00015000,PUT,15.0,2026-08-07,14,1.0006666666666675,14,0.0,1.0006666666666675,NEAR_ATM,WITHIN_TOLERANCE,33,bars/O_VALE260807P00015000.json,False,2026-07-17,2026-08-07
2026-07-24T19:15:00+00:00,2026-07-24T19:30:00+00:00,2026-07-24,14.8499,ENTRY_FORMING,CAMPAIGN START,98.0,66.0,0.0,HOLDOUT,VALE,VALE-PR-0044,O:VALE260821C00015000,CALL,15.0,2026-08-21,28,-1.0006666666666675,30,0.0,1.0006666666666675,NEAR_ATM,WITHIN_TOLERANCE,281,bars/O_VALE260821C00015000.json,False,2026-07-17,2026-08-21
2026-07-24T19:15:00+00:00,2026-07-24T19:30:00+00:00,2026-07-24,14.8499,ENTRY_FORMING,CAMPAIGN START,98.0,66.0,0.0,HOLDOUT,VALE,VALE-PR-0044,O:VALE260821P00015000,PUT,15.0,2026-08-21,28,1.0006666666666675,30,0.0,1.0006666666666675,NEAR_ATM,WITHIN_TOLERANCE,37,bars/O_VALE260821P00015000.json,False,2026-07-17,2026-08-21
2026-07-28T18:45:00+00:00,2026-07-28T19:00:00+00:00,2026-07-28,31.589,CONTINUATION,ADD,96.0,81.0,0.0,HOLDOUT,U,U-PR-0044,O:U260814C00031500,CALL,31.5,2026-08-14,17,0.2825396825396782,14,0.0,0.2825396825396782,NEAR_ATM,WITHIN_TOLERANCE,34,bars/O_U260814C00031500.json,False,2026-07-21,2026-08-14
2026-07-28T18:45:00+00:00,2026-07-28T19:00:00+00:00,2026-07-28,31.589,CONTINUATION,ADD,96.0,81.0,0.0,HOLDOUT,U,U-PR-0044,O:U260814P00031500,PUT,31.5,2026-08-14,17,-0.2825396825396782,14,0.0,0.2825396825396782,NEAR_ATM,WITHIN_TOLERANCE,17,bars/O_U260814P00031500.json,False,2026-07-21,2026-08-14
2026-07-28T18:45:00+00:00,2026-07-28T19:00:00+00:00,2026-07-28,31.589,CONTINUATION,ADD,96.0,81.0,0.0,HOLDOUT,U,U-PR-0044,O:U260828C00032000,CALL,32.0,2026-08-28,31,-1.2843750000000043,30,0.0,1.2843750000000043,NEAR_ATM,WITHIN_TOLERANCE,29,bars/O_U260828C00032000.json,False,2026-07-21,2026-08-18
2026-07-28T18:45:00+00:00,2026-07-28T19:00:00+00:00,2026-07-28,31.589,CONTINUATION,ADD,96.0,81.0,0.0,HOLDOUT,U,U-PR-0044,O:U260828P00032000,PUT,32.0,2026-08-28,31,1.2843750000000043,30,0.0,1.2843750000000043,NEAR_ATM,WITHIN_TOLERANCE,19,bars/O_U260828P00032000.json,False,2026-07-21,2026-08-18
2026-07-28T19:15:00+00:00,2026-07-28T19:30:00+00:00,2026-07-28,14.735,CONTINUATION,RELOAD,55.0,45.0,0.0,HOLDOUT,VALE,VALE-PR-0045,O:VALE260814C00014500,CALL,14.5,2026-08-14,17,1.62068965517241,14,0.0,1.62068965517241,NEAR_ATM,WITHIN_TOLERANCE,55,bars/O_VALE260814C00014500.json,False,2026-07-21,2026-08-14
2026-07-28T19:15:00+00:00,2026-07-28T19:30:00+00:00,2026-07-28,14.735,CONTINUATION,RELOAD,55.0,45.0,0.0,HOLDOUT,VALE,VALE-PR-0045,O:VALE260814P00014500,PUT,14.5,2026-08-14,17,-1.62068965517241,14,0.0,1.62068965517241,NEAR_ATM,WITHIN_TOLERANCE,104,bars/O_VALE260814P00014500.json,False,2026-07-21,2026-08-14
2026-07-28T19:15:00+00:00,2026-07-28T19:30:00+00:00,2026-07-28,14.735,CONTINUATION,RELOAD,55.0,45.0,0.0,HOLDOUT,VALE,VALE-PR-0045,O:VALE260828C00014500,CALL,14.5,2026-08-28,31,1.62068965517241,30,0.0,1.62068965517241,NEAR_ATM,WITHIN_TOLERANCE,19,bars/O_VALE260828C00014500.json,False,2026-07-21,2026-08-18
2026-07-28T19:15:00+00:00,2026-07-28T19:30:00+00:00,2026-07-28,14.735,CONTINUATION,RELOAD,55.0,45.0,0.0,HOLDOUT,VALE,VALE-PR-0045,O:VALE260828P00014500,PUT,14.5,2026-08-28,31,-1.62068965517241,30,0.0,1.62068965517241,NEAR_ATM,WITHIN_TOLERANCE,16,bars/O_VALE260828P00014500.json,False,2026-07-21,2026-08-18
2026-07-28T19:45:00+00:00,2026-07-28T20:00:00+00:00,2026-07-28,22.16,CONTINUATION,ADD,98.0,81.0,0.0,HOLDOUT,GME,GME-PR-0045,O:GME260814C00022000,CALL,22.0,2026-08-14,17,0.7272727272727278,14,0.0,0.7272727272727278,NEAR_ATM,WITHIN_TOLERANCE,313,bars/O_GME260814C00022000.json,True,2026-07-21,2026-08-14
2026-07-28T19:45:00+00:00,2026-07-28T20:00:00+00:00,2026-07-28,22.16,CONTINUATION,ADD,98.0,81.0,0.0,HOLDOUT,GME,GME-PR-0045,O:GME260814P00022000,PUT,22.0,2026-08-14,17,-0.7272727272727278,14,0.0,0.7272727272727278,NEAR_ATM,WITHIN_TOLERANCE,93,bars/O_GME260814P00022000.json,False,2026-07-21,2026-08-14
2026-07-28T19:45:00+00:00,2026-07-28T20:00:00+00:00,2026-07-28,22.16,CONTINUATION,ADD,98.0,81.0,0.0,HOLDOUT,GME,GME-PR-0045,O:GME260828C00022000,CALL,22.0,2026-08-28,31,0.7272727272727278,30,0.0,0.7272727272727278,NEAR_ATM,WITHIN_TOLERANCE,247,bars/O_GME260828C00022000.json,False,2026-07-21,2026-08-18
2026-07-28T19:45:00+00:00,2026-07-28T20:00:00+00:00,2026-07-28,22.16,CONTINUATION,ADD,98.0,81.0,0.0,HOLDOUT,GME,GME-PR-0045,O:GME260828P00022000,PUT,22.0,2026-08-28,31,-0.7272727272727278,30,0.0,0.7272727272727278,NEAR_ATM,WITHIN_TOLERANCE,70,bars/O_GME260828P00022000.json,False,2026-07-21,2026-08-18
2026-07-29T18:00:00+00:00,2026-07-29T18:15:00+00:00,2026-07-29,59.07,CONTINUATION,ADD,100.0,67.0,0.0,HOLDOUT,PYPL,PYPL-PR-0044,O:PYPL260814C00059000,CALL,59.0,2026-08-14,16,0.11864406779661064,14,0.0,0.11864406779661064,NEAR_ATM,WITHIN_TOLERANCE,262,bars/O_PYPL260814C00059000.json,False,2026-07-22,2026-08-14
2026-07-29T18:00:00+00:00,2026-07-29T18:15:00+00:00,2026-07-29,59.07,CONTINUATION,ADD,100.0,67.0,0.0,HOLDOUT,PYPL,PYPL-PR-0044,O:PYPL260814P00059000,PUT,59.0,2026-08-14,16,-0.11864406779661064,14,0.0,0.11864406779661064,NEAR_ATM,WITHIN_TOLERANCE,121,bars/O_PYPL260814P00059000.json,False,2026-07-22,2026-08-14
2026-07-29T18:00:00+00:00,2026-07-29T18:15:00+00:00,2026-07-29,59.07,CONTINUATION,ADD,100.0,67.0,0.0,HOLDOUT,PYPL,PYPL-PR-0044,O:PYPL260828C00059000,CALL,59.0,2026-08-28,30,0.11864406779661064,30,0.0,0.11864406779661064,NEAR_ATM,WITHIN_TOLERANCE,87,bars/O_PYPL260828C00059000.json,False,2026-07-22,2026-08-28
2026-07-29T18:00:00+00:00,2026-07-29T18:15:00+00:00,2026-07-29,59.07,CONTINUATION,ADD,100.0,67.0,0.0,HOLDOUT,PYPL,PYPL-PR-0044,O:PYPL260828P00059000,PUT,59.0,2026-08-28,30,-0.11864406779661064,30,0.0,0.11864406779661064,NEAR_ATM,WITHIN_TOLERANCE,37,bars/O_PYPL260828P00059000.json,False,2026-07-22,2026-08-28
2026-07-29T18:15:00+00:00,2026-07-29T18:30:00+00:00,2026-07-29,119.8707,ENTRY_FORMING,STRONG START,98.0,66.0,0.0,HOLDOUT,LULU,LULU-PR-0044,O:LULU260814C00120000,CALL,120.0,2026-08-14,16,-0.10775000000000053,14,0.0,0.10775000000000053,NEAR_ATM,WITHIN_TOLERANCE,131,bars/O_LULU260814C00120000.json,True,2026-07-22,2026-08-14
2026-07-29T18:15:00+00:00,2026-07-29T18:30:00+00:00,2026-07-29,119.8707,ENTRY_FORMING,STRONG START,98.0,66.0,0.0,HOLDOUT,LULU,LULU-PR-0044,O:LULU260814P00120000,PUT,120.0,2026-08-14,16,0.10775000000000053,14,0.0,0.10775000000000053,NEAR_ATM,WITHIN_TOLERANCE,146,bars/O_LULU260814P00120000.json,False,2026-07-22,2026-08-14
2026-07-29T18:15:00+00:00,2026-07-29T18:30:00+00:00,2026-07-29,119.8707,ENTRY_FORMING,STRONG START,98.0,66.0,0.0,HOLDOUT,LULU,LULU-PR-0044,O:LULU260828C00120000,CALL,120.0,2026-08-28,30,-0.10775000000000053,30,0.0,0.10775000000000053,NEAR_ATM,WITHIN_TOLERANCE,78,bars/O_LULU260828C00120000.json,False,2026-07-22,2026-08-19
2026-07-29T18:15:00+00:00,2026-07-29T18:30:00+00:00,2026-07-29,119.8707,ENTRY_FORMING,STRONG START,98.0,66.0,0.0,HOLDOUT,LULU,LULU-PR-0044,O:LULU260828P00120000,PUT,120.0,2026-08-28,30,0.10775000000000053,30,0.0,0.10775000000000053,NEAR_ATM,WITHIN_TOLERANCE,69,bars/O_LULU260828P00120000.json,False,2026-07-22,2026-08-19
2026-07-31T19:45:00+00:00,2026-07-31T20:00:00+00:00,2026-07-31,311.11,ENTRY_FORMING,STRONG START,94.0,61.0,0.0,HOLDOUT,TSLA,TSLA-PR-0045,O:TSLA260814C00310000,CALL,310.0,2026-08-14,14,0.3580645161290366,14,0.0,0.3580645161290366,NEAR_ATM,WITHIN_TOLERANCE,348,bars/O_TSLA260814C00310000.json,True,2026-07-24,2026-08-14
2026-07-31T19:45:00+00:00,2026-07-31T20:00:00+00:00,2026-07-31,311.11,ENTRY_FORMING,STRONG START,94.0,61.0,0.0,HOLDOUT,TSLA,TSLA-PR-0045,O:TSLA260814P00310000,PUT,310.0,2026-08-14,14,-0.3580645161290366,14,0.0,0.3580645161290366,NEAR_ATM,WITHIN_TOLERANCE,373,bars/O_TSLA260814P00310000.json,False,2026-07-24,2026-08-14
2026-07-31T19:45:00+00:00,2026-07-31T20:00:00+00:00,2026-07-31,311.11,ENTRY_FORMING,STRONG START,94.0,61.0,0.0,HOLDOUT,TSLA,TSLA-PR-0045,O:TSLA260828C00310000,CALL,310.0,2026-08-28,28,0.3580645161290366,30,0.0,0.3580645161290366,NEAR_ATM,WITHIN_TOLERANCE,310,bars/O_TSLA260828C00310000.json,False,2026-07-24,2026-08-21
2026-07-31T19:45:00+00:00,2026-07-31T20:00:00+00:00,2026-07-31,311.11,ENTRY_FORMING,STRONG START,94.0,61.0,0.0,HOLDOUT,TSLA,TSLA-PR-0045,O:TSLA260828P00310000,PUT,310.0,2026-08-28,28,-0.3580645161290366,30,0.0,0.3580645161290366,NEAR_ATM,WITHIN_TOLERANCE,355,bars/O_TSLA260828P00310000.json,False,2026-07-24,2026-08-21
2026-08-04T15:45:00+00:00,2026-08-04T16:00:00+00:00,2026-08-04,37.985,CONTINUATION,RELOAD,78.0,51.0,0.0,HOLDOUT,RBLX,RBLX-PR-0045,O:RBLX260821C00038000,CALL,38.0,2026-08-21,17,-0.03947368421052781,14,0.0,0.03947368421052781,NEAR_ATM,WITHIN_TOLERANCE,143,bars/O_RBLX260821C00038000.json,True,2026-07-28,2026-08-21
2026-08-04T15:45:00+00:00,2026-08-04T16:00:00+00:00,2026-08-04,37.985,CONTINUATION,RELOAD,78.0,51.0,0.0,HOLDOUT,RBLX,RBLX-PR-0045,O:RBLX260821P00038000,PUT,38.0,2026-08-21,17,0.03947368421052781,14,0.0,0.03947368421052781,NEAR_ATM,WITHIN_TOLERANCE,71,bars/O_RBLX260821P00038000.json,False,2026-07-28,2026-08-21
2026-08-04T15:45:00+00:00,2026-08-04T16:00:00+00:00,2026-08-04,37.985,CONTINUATION,RELOAD,78.0,51.0,0.0,HOLDOUT,RBLX,RBLX-PR-0045,O:RBLX260904C00038000,CALL,38.0,2026-09-04,31,-0.03947368421052781,30,0.0,0.03947368421052781,NEAR_ATM,WITHIN_TOLERANCE,60,bars/O_RBLX260904C00038000.json,False,2026-07-28,2026-08-25
2026-08-04T15:45:00+00:00,2026-08-04T16:00:00+00:00,2026-08-04,37.985,CONTINUATION,RELOAD,78.0,51.0,0.0,HOLDOUT,RBLX,RBLX-PR-0045,O:RBLX260904P00038000,PUT,38.0,2026-09-04,31,0.03947368421052781,30,0.0,0.03947368421052781,NEAR_ATM,WITHIN_TOLERANCE,9,bars/O_RBLX260904P00038000.json,False,2026-07-28,2026-08-25
2026-08-06T18:30:00+00:00,2026-08-06T18:45:00+00:00,2026-08-06,59.345,CONTINUATION,ADD,99.0,79.0,0.0,HOLDOUT,PYPL,PYPL-PR-0045,O:PYPL260821C00059000,CALL,59.0,2026-08-21,15,0.5847457627118625,14,0.0,0.5847457627118625,NEAR_ATM,WITHIN_TOLERANCE,175,bars/O_PYPL260821C00059000.json,True,2026-07-30,2026-08-21
2026-08-06T18:30:00+00:00,2026-08-06T18:45:00+00:00,2026-08-06,59.345,CONTINUATION,ADD,99.0,79.0,0.0,HOLDOUT,PYPL,PYPL-PR-0045,O:PYPL260821P00059000,PUT,59.0,2026-08-21,15,-0.5847457627118625,14,0.0,0.5847457627118625,NEAR_ATM,WITHIN_TOLERANCE,90,bars/O_PYPL260821P00059000.json,False,2026-07-30,2026-08-21
2026-08-06T18:30:00+00:00,2026-08-06T18:45:00+00:00,2026-08-06,59.345,CONTINUATION,ADD,99.0,79.0,0.0,HOLDOUT,PYPL,PYPL-PR-0045,O:PYPL260904C00059000,CALL,59.0,2026-09-04,29,0.5847457627118625,30,0.0,0.5847457627118625,NEAR_ATM,WITHIN_TOLERANCE,27,bars/O_PYPL260904C00059000.json,False,2026-07-30,2026-08-27
2026-08-06T18:30:00+00:00,2026-08-06T18:45:00+00:00,2026-08-06,59.345,CONTINUATION,ADD,99.0,79.0,0.0,HOLDOUT,PYPL,PYPL-PR-0045,O:PYPL260904P00059000,PUT,59.0,2026-09-04,29,-0.5847457627118625,30,0.0,0.5847457627118625,NEAR_ATM,WITHIN_TOLERANCE,14,bars/O_PYPL260904P00059000.json,False,2026-07-30,2026-08-27
2026-08-07T14:30:00+00:00,2026-08-07T14:45:00+00:00,2026-08-07,36.95,ENTRY_FORMING,STRONG START,90.0,60.0,0.0,HOLDOUT,RBLX,RBLX-PR-0046,O:RBLX260821C00037000,CALL,37.0,2026-08-21,14,-0.13513513513512745,14,0.0,0.13513513513512745,NEAR_ATM,WITHIN_TOLERANCE,133,bars/O_RBLX260821C00037000.json,True,2026-07-31,2026-08-21
2026-08-07T14:30:00+00:00,2026-08-07T14:45:00+00:00,2026-08-07,36.95,ENTRY_FORMING,STRONG START,90.0,60.0,0.0,HOLDOUT,RBLX,RBLX-PR-0046,O:RBLX260821P00037000,PUT,37.0,2026-08-21,14,0.13513513513512745,14,0.0,0.13513513513512745,NEAR_ATM,WITHIN_TOLERANCE,104,bars/O_RBLX260821P00037000.json,False,2026-07-31,2026-08-21
2026-08-07T14:30:00+00:00,2026-08-07T14:45:00+00:00,2026-08-07,36.95,ENTRY_FORMING,STRONG START,90.0,60.0,0.0,HOLDOUT,RBLX,RBLX-PR-0046,O:RBLX260904C00037000,CALL,37.0,2026-09-04,28,-0.13513513513512745,30,0.0,0.13513513513512745,NEAR_ATM,WITHIN_TOLERANCE,21,bars/O_RBLX260904C00037000.json,False,2026-07-31,2026-08-28
2026-08-07T14:30:00+00:00,2026-08-07T14:45:00+00:00,2026-08-07,36.95,ENTRY_FORMING,STRONG START,90.0,60.0,0.0,HOLDOUT,RBLX,RBLX-PR-0046,O:RBLX260904P00037000,PUT,37.0,2026-09-04,28,0.13513513513512745,30,0.0,0.13513513513512745,NEAR_ATM,WITHIN_TOLERANCE,20,bars/O_RBLX260904P00037000.json,False,2026-07-31,2026-08-28
2026-08-10T13:45:00+00:00,2026-08-10T14:00:00+00:00,2026-08-10,19.185,ENTRY_FORMING,STRONG START,89.0,57.0,0.0,HOLDOUT,GME,GME-PR-0046,O:GME260821C00019000,CALL,19.0,2026-08-21,11,0.973684210526309,14,0.0,0.973684210526309,NEAR_ATM,WITHIN_TOLERANCE,243,bars/O_GME260821C00019000.json,True,2026-08-03,2026-08-21
2026-08-10T13:45:00+00:00,2026-08-10T14:00:00+00:00,2026-08-10,19.185,ENTRY_FORMING,STRONG START,89.0,57.0,0.0,HOLDOUT,GME,GME-PR-0046,O:GME260821P00019000,PUT,19.0,2026-08-21,11,-0.973684210526309,14,0.0,0.973684210526309,NEAR_ATM,WITHIN_TOLERANCE,218,bars/O_GME260821P00019000.json,False,2026-08-03,2026-08-21
2026-08-10T13:45:00+00:00,2026-08-10T14:00:00+00:00,2026-08-10,19.185,ENTRY_FORMING,STRONG START,89.0,57.0,0.0,HOLDOUT,GME,GME-PR-0046,O:GME260911C00019000,CALL,19.0,2026-09-11,32,0.973684210526309,30,0.0,0.973684210526309,NEAR_ATM,WITHIN_TOLERANCE,93,bars/O_GME260911C00019000.json,False,2026-08-03,2026-08-31
2026-08-10T13:45:00+00:00,2026-08-10T14:00:00+00:00,2026-08-10,19.185,ENTRY_FORMING,STRONG START,89.0,57.0,0.0,HOLDOUT,GME,GME-PR-0046,O:GME260911P00019000,PUT,19.0,2026-09-11,32,-0.973684210526309,30,0.0,0.973684210526309,NEAR_ATM,WITHIN_TOLERANCE,52,bars/O_GME260911P00019000.json,False,2026-08-03,2026-08-31
2026-08-10T13:45:00+00:00,2026-08-10T14:00:00+00:00,2026-08-10,42.5301,ENTRY_FORMING,IGNITION,100.0,76.0,0.0,HOLDOUT,U,U-PR-0045,O:U260821C00042500,CALL,42.5,2026-08-21,11,0.07082352941175847,14,0.0,0.07082352941175847,NEAR_ATM,WITHIN_TOLERANCE,14,bars/O_U260821C00042500.json,True,2026-08-03,2026-08-21
2026-08-10T13:45:00+00:00,2026-08-10T14:00:00+00:00,2026-08-10,42.5301,ENTRY_FORMING,IGNITION,100.0,76.0,0.0,HOLDOUT,U,U-PR-0045,O:U260821P00042500,PUT,42.5,2026-08-21,11,-0.07082352941175847,14,0.0,0.07082352941175847,NEAR_ATM,WITHIN_TOLERANCE,23,bars/O_U260821P00042500.json,False,2026-08-03,2026-08-21
2026-08-10T13:45:00+00:00,2026-08-10T14:00:00+00:00,2026-08-10,42.5301,ENTRY_FORMING,IGNITION,100.0,76.0,0.0,HOLDOUT,U,U-PR-0045,O:U260911C00043000,CALL,43.0,2026-09-11,32,-1.0927906976744248,30,0.0,1.0927906976744248,NEAR_ATM,WITHIN_TOLERANCE,19,bars/O_U260911C00043000.json,False,2026-08-03,2026-08-31
2026-08-10T13:45:00+00:00,2026-08-10T14:00:00+00:00,2026-08-10,42.5301,ENTRY_FORMING,IGNITION,100.0,76.0,0.0,HOLDOUT,U,U-PR-0045,O:U260911P00043000,PUT,43.0,2026-09-11,32,1.0927906976744248,30,0.0,1.0927906976744248,NEAR_ATM,WITHIN_TOLERANCE,7,bars/O_U260911P00043000.json,False,2026-08-03,2026-08-31
2026-08-10T17:45:00+00:00,2026-08-10T18:00:00+00:00,2026-08-10,14.825,CONTINUATION,ADD,58.0,47.0,4.0,HOLDOUT,VALE,VALE-PR-0046,O:VALE260821C00015000,CALL,15.0,2026-08-21,11,-1.1666666666666714,14,0.0,1.1666666666666714,NEAR_ATM,WITHIN_TOLERANCE,281,bars/O_VALE260821C00015000.json,False,2026-07-17,2026-08-21
2026-08-10T17:45:00+00:00,2026-08-10T18:00:00+00:00,2026-08-10,14.825,CONTINUATION,ADD,58.0,47.0,4.0,HOLDOUT,VALE,VALE-PR-0046,O:VALE260821P00015000,PUT,15.0,2026-08-21,11,1.1666666666666714,14,0.0,1.1666666666666714,NEAR_ATM,WITHIN_TOLERANCE,37,bars/O_VALE260821P00015000.json,False,2026-07-17,2026-08-21
2026-08-10T17:45:00+00:00,2026-08-10T18:00:00+00:00,2026-08-10,14.825,CONTINUATION,ADD,58.0,47.0,4.0,HOLDOUT,VALE,VALE-PR-0046,O:VALE260911C00015000,CALL,15.0,2026-09-11,32,-1.1666666666666714,30,0.0,1.1666666666666714,NEAR_ATM,WITHIN_TOLERANCE,11,bars/O_VALE260911C00015000.json,False,2026-08-03,2026-08-31
2026-08-10T17:45:00+00:00,2026-08-10T18:00:00+00:00,2026-08-10,14.825,CONTINUATION,ADD,58.0,47.0,4.0,HOLDOUT,VALE,VALE-PR-0046,O:VALE260911P00015000,PUT,15.0,2026-09-11,32,1.1666666666666714,30,0.0,1.1666666666666714,NEAR_ATM,WITHIN_TOLERANCE,1,bars/O_VALE260911P00015000.json,False,2026-08-03,2026-08-31
2026-08-10T19:30:00+00:00,2026-08-10T19:45:00+00:00,2026-08-10,127.93,ENTRY_FORMING,STRONG START,100.0,67.0,0.0,HOLDOUT,LULU,LULU-PR-0045,O:LULU260821C00128000,CALL,128.0,2026-08-21,11,-0.05468749999999467,14,0.0,0.05468749999999467,NEAR_ATM,WITHIN_TOLERANCE,88,bars/O_LULU260821C00128000.json,True,2026-08-03,2026-08-21
2026-08-10T19:30:00+00:00,2026-08-10T19:45:00+00:00,2026-08-10,127.93,ENTRY_FORMING,STRONG START,100.0,67.0,0.0,HOLDOUT,LULU,LULU-PR-0045,O:LULU260821P00128000,PUT,128.0,2026-08-21,11,0.05468749999999467,14,0.0,0.05468749999999467,NEAR_ATM,WITHIN_TOLERANCE,8,bars/O_LULU260821P00128000.json,False,2026-08-03,2026-08-21
2026-08-10T19:30:00+00:00,2026-08-10T19:45:00+00:00,2026-08-10,127.93,ENTRY_FORMING,STRONG START,100.0,67.0,0.0,HOLDOUT,LULU,LULU-PR-0045,O:LULU260911C00128000,CALL,128.0,2026-09-11,32,-0.05468749999999467,30,0.0,0.05468749999999467,NEAR_ATM,WITHIN_TOLERANCE,43,bars/O_LULU260911C00128000.json,False,2026-08-03,2026-08-31
2026-08-10T19:30:00+00:00,2026-08-10T19:45:00+00:00,2026-08-10,127.93,ENTRY_FORMING,STRONG START,100.0,67.0,0.0,HOLDOUT,LULU,LULU-PR-0045,O:LULU260911P00128000,PUT,128.0,2026-09-11,32,0.05468749999999467,30,0.0,0.05468749999999467,NEAR_ATM,WITHIN_TOLERANCE,9,bars/O_LULU260911P00128000.json,False,2026-08-03,2026-08-31
2026-08-11T18:15:00+00:00,2026-08-11T18:30:00+00:00,2026-08-11,125.75,CONTINUATION,RELOAD,23.0,30.0,0.0,HOLDOUT,LULU,LULU-PR-0046,O:LULU260828C00126000,CALL,126.0,2026-08-28,17,-0.1984126984126984,14,0.0,0.1984126984126984,NEAR_ATM,WITHIN_TOLERANCE,29,bars/O_LULU260828C00126000.json,True,2026-08-04,2026-08-28
2026-08-11T18:15:00+00:00,2026-08-11T18:30:00+00:00,2026-08-11,125.75,CONTINUATION,RELOAD,23.0,30.0,0.0,HOLDOUT,LULU,LULU-PR-0046,O:LULU260828P00126000,PUT,126.0,2026-08-28,17,0.1984126984126984,14,0.0,0.1984126984126984,NEAR_ATM,WITHIN_TOLERANCE,10,bars/O_LULU260828P00126000.json,False,2026-08-04,2026-08-28
2026-08-11T18:15:00+00:00,2026-08-11T18:30:00+00:00,2026-08-11,125.75,CONTINUATION,RELOAD,23.0,30.0,0.0,HOLDOUT,LULU,LULU-PR-0046,O:LULU260911C00126000,CALL,126.0,2026-09-11,31,-0.1984126984126984,30,0.0,0.1984126984126984,NEAR_ATM,WITHIN_TOLERANCE,55,bars/O_LULU260911C00126000.json,False,2026-08-04,2026-09-01
2026-08-11T18:15:00+00:00,2026-08-11T18:30:00+00:00,2026-08-11,125.75,CONTINUATION,RELOAD,23.0,30.0,0.0,HOLDOUT,LULU,LULU-PR-0046,O:LULU260911P00126000,PUT,126.0,2026-09-11,31,0.1984126984126984,30,0.0,0.1984126984126984,NEAR_ATM,WITHIN_TOLERANCE,37,bars/O_LULU260911P00126000.json,False,2026-08-04,2026-09-01
2026-08-11T19:30:00+00:00,2026-08-11T19:45:00+00:00,2026-08-11,59.11,ENTRY_FORMING,STRONG START,90.0,63.0,0.0,HOLDOUT,PYPL,PYPL-PR-0046,O:PYPL260828C00059000,CALL,59.0,2026-08-28,17,0.18644067796610073,14,0.0,0.18644067796610073,NEAR_ATM,WITHIN_TOLERANCE,87,bars/O_PYPL260828C00059000.json,False,2026-07-22,2026-08-28
2026-08-11T19:30:00+00:00,2026-08-11T19:45:00+00:00,2026-08-11,59.11,ENTRY_FORMING,STRONG START,90.0,63.0,0.0,HOLDOUT,PYPL,PYPL-PR-0046,O:PYPL260828P00059000,PUT,59.0,2026-08-28,17,-0.18644067796610073,14,0.0,0.18644067796610073,NEAR_ATM,WITHIN_TOLERANCE,37,bars/O_PYPL260828P00059000.json,False,2026-07-22,2026-08-28
2026-08-11T19:30:00+00:00,2026-08-11T19:45:00+00:00,2026-08-11,59.11,ENTRY_FORMING,STRONG START,90.0,63.0,0.0,HOLDOUT,PYPL,PYPL-PR-0046,O:PYPL260911C00059000,CALL,59.0,2026-09-11,31,0.18644067796610073,30,0.0,0.18644067796610073,NEAR_ATM,WITHIN_TOLERANCE,28,bars/O_PYPL260911C00059000.json,False,2026-08-04,2026-09-01
2026-08-11T19:30:00+00:00,2026-08-11T19:45:00+00:00,2026-08-11,59.11,ENTRY_FORMING,STRONG START,90.0,63.0,0.0,HOLDOUT,PYPL,PYPL-PR-0046,O:PYPL260911P00059000,PUT,59.0,2026-09-11,31,-0.18644067796610073,30,0.0,0.18644067796610073,NEAR_ATM,WITHIN_TOLERANCE,4,bars/O_PYPL260911P00059000.json,False,2026-08-04,2026-09-01
2026-08-11T19:30:00+00:00,2026-08-11T19:45:00+00:00,2026-08-11,332.27,CONTINUATION,ADD,96.0,79.0,0.0,HOLDOUT,TSLA,TSLA-PR-0046,O:TSLA260824C00332500,CALL,332.5,2026-08-24,13,-0.06917293233083253,14,0.0,0.06917293233083253,NEAR_ATM,WITHIN_TOLERANCE,61,bars/O_TSLA260824C00332500.json,True,2026-08-04,2026-08-24
2026-08-11T19:30:00+00:00,2026-08-11T19:45:00+00:00,2026-08-11,332.27,CONTINUATION,ADD,96.0,79.0,0.0,HOLDOUT,TSLA,TSLA-PR-0046,O:TSLA260824P00332500,PUT,332.5,2026-08-24,13,0.06917293233083253,14,0.0,0.06917293233083253,NEAR_ATM,WITHIN_TOLERANCE,54,bars/O_TSLA260824P00332500.json,False,2026-08-04,2026-08-24
2026-08-11T19:30:00+00:00,2026-08-11T19:45:00+00:00,2026-08-11,332.27,CONTINUATION,ADD,96.0,79.0,0.0,HOLDOUT,TSLA,TSLA-PR-0046,O:TSLA260911C00330000,CALL,330.0,2026-09-11,31,0.6878787878787823,30,0.0,0.6878787878787823,NEAR_ATM,WITHIN_TOLERANCE,188,bars/O_TSLA260911C00330000.json,False,2026-08-04,2026-09-01
2026-08-11T19:30:00+00:00,2026-08-11T19:45:00+00:00,2026-08-11,332.27,CONTINUATION,ADD,96.0,79.0,0.0,HOLDOUT,TSLA,TSLA-PR-0046,O:TSLA260911P00330000,PUT,330.0,2026-09-11,31,-0.6878787878787823,30,0.0,0.6878787878787823,NEAR_ATM,WITHIN_TOLERANCE,118,bars/O_TSLA260911P00330000.json,False,2026-08-04,2026-09-01
2026-08-11T19:30:00+00:00,2026-08-11T19:45:00+00:00,2026-08-11,43.64,CONTINUATION,ADD,100.0,82.0,0.0,HOLDOUT,U,U-PR-0046,O:U260828C00043500,CALL,43.5,2026-08-28,17,0.32183908045977144,14,0.0,0.32183908045977144,NEAR_ATM,WITHIN_TOLERANCE,13,bars/O_U260828C00043500.json,True,2026-08-04,2026-08-28
2026-08-11T19:30:00+00:00,2026-08-11T19:45:00+00:00,2026-08-11,43.64,CONTINUATION,ADD,100.0,82.0,0.0,HOLDOUT,U,U-PR-0046,O:U260828P00043500,PUT,43.5,2026-08-28,17,-0.32183908045977144,14,0.0,0.32183908045977144,NEAR_ATM,WITHIN_TOLERANCE,2,bars/O_U260828P00043500.json,False,2026-08-04,2026-08-28
2026-08-11T19:30:00+00:00,2026-08-11T19:45:00+00:00,2026-08-11,43.64,CONTINUATION,ADD,100.0,82.0,0.0,HOLDOUT,U,U-PR-0046,O:U260911C00044000,CALL,44.0,2026-09-11,31,-0.8181818181818169,30,0.0,0.8181818181818169,NEAR_ATM,WITHIN_TOLERANCE,4,bars/O_U260911C00044000.json,False,2026-08-04,2026-09-01
2026-08-11T19:30:00+00:00,2026-08-11T19:45:00+00:00,2026-08-11,43.64,CONTINUATION,ADD,100.0,82.0,0.0,HOLDOUT,U,U-PR-0046,O:U260911P00044000,PUT,44.0,2026-09-11,31,0.8181818181818169,30,0.0,0.8181818181818169,NEAR_ATM,WITHIN_TOLERANCE,4,bars/O_U260911P00044000.json,False,2026-08-04,2026-09-01
