episode_id,entry_anchor_id,ticker,contract_type,strike,expiration,dte_target,moneyness_target,partition,entry_event_family,entry_signal_bar_open_utc,entry_decision_available_utc,entry_execution_bar_open_utc,entry_price,execution_status,research_scope,episode_end_utc,symbol
OPT-LONG-b93d0b0aadcd7338,GME-PR-0002,O:GME240920C00023500,CALL,23.5,2024-09-20,14,0.0,DISCOVERY,ENTRY_FORMING,2024-09-04T13:45:00+00:00,2024-09-04T14:00:00+00:00,2024-09-04T14:00:00+00:00,2.2,EXACT_NEXT_BAR_OPEN,SIMULATED_LONG_PREMIUM_NO_COST_MODEL,2024-09-20T23:59:59.999999+00:00,GME
OPT-LONG-d8755edecb4c4e96,GME-PR-0002,O:GME241004C00023500,CALL,23.5,2024-10-04,30,0.0,DISCOVERY,ENTRY_FORMING,2024-09-04T13:45:00+00:00,2024-09-04T14:00:00+00:00,2024-09-04T14:00:00+00:00,2.7,EXACT_NEXT_BAR_OPEN,SIMULATED_LONG_PREMIUM_NO_COST_MODEL,2024-09-25T14:00:00+00:00,GME
OPT-LONG-29f383dd2b896a99,GME-PR-0003,O:GME241011C00022500,CALL,22.5,2024-10-11,14,0.0,DISCOVERY,ENTRY_FORMING,2024-09-26T14:00:00+00:00,2024-09-26T14:15:00+00:00,2024-09-26T14:15:00+00:00,1.34,EXACT_NEXT_BAR_OPEN,SIMULATED_LONG_PREMIUM_NO_COST_MODEL,2024-10-11T23:59:59.999999+00:00,GME
OPT-LONG-a9ecca6ed63b26b8,GME-PR-0003,O:GME241025C00022500,CALL,22.5,2024-10-25,30,0.0,DISCOVERY,ENTRY_FORMING,2024-09-26T14:00:00+00:00,2024-09-26T14:15:00+00:00,2024-09-26T14:15:00+00:00,1.8,EXACT_NEXT_BAR_OPEN,SIMULATED_LONG_PREMIUM_NO_COST_MODEL,2024-10-17T14:15:00+00:00,GME
OPT-LONG-c9b0386b2022e413,GME-PR-0006,O:GME241206C00024500,CALL,24.5,2024-12-06,30,0.0,DISCOVERY,CONTINUATION,2024-11-08T17:30:00+00:00,2024-11-08T17:45:00+00:00,2024-11-08T17:45:00+00:00,2.27,EXACT_NEXT_BAR_OPEN,SIMULATED_LONG_PREMIUM_NO_COST_MODEL,2024-11-29T17:45:00+00:00,GME
OPT-LONG-8a4f93d5e1ecc526,GME-PR-0007,O:GME241227C00031500,CALL,31.5,2024-12-27,30,0.0,DISCOVERY,CONTINUATION,2024-11-27T19:30:00+00:00,2024-11-27T19:45:00+00:00,2024-11-27T19:45:00+00:00,4.55,EXACT_NEXT_BAR_OPEN,SIMULATED_LONG_PREMIUM_NO_COST_MODEL,2024-12-18T19:45:00+00:00,GME
OPT-LONG-dc7fdd36e0920b2e,GME-PR-0008,O:GME241227C00029000,CALL,29.0,2024-12-27,14,0.0,DISCOVERY,ENTRY_FORMING,2024-12-12T14:30:00+00:00,2024-12-12T14:45:00+00:00,2024-12-12T14:45:00+00:00,2.01,EXACT_NEXT_BAR_OPEN,SIMULATED_LONG_PREMIUM_NO_COST_MODEL,2024-12-27T23:59:59.999999+00:00,GME
OPT-LONG-6accba9816bccd3c,GME-PR-0008,O:GME250110C00029000,CALL,29.0,2025-01-10,30,0.0,DISCOVERY,ENTRY_FORMING,2024-12-12T14:30:00+00:00,2024-12-12T14:45:00+00:00,2024-12-12T14:45:00+00:00,3.4,EXACT_NEXT_BAR_OPEN,SIMULATED_LONG_PREMIUM_NO_COST_MODEL,2025-01-02T14:45:00+00:00,GME
OPT-LONG-b5ca08e5cf2cd613,GME-PR-0011,O:GME250328C00025000,CALL,25.0,2025-03-28,30,0.0,DISCOVERY,ENTRY_FORMING,2025-02-27T15:15:00+00:00,2025-02-27T15:30:00+00:00,2025-02-27T15:30:00+00:00,2.58,EXACT_NEXT_BAR_OPEN,SIMULATED_LONG_PREMIUM_NO_COST_MODEL,2025-03-20T15:30:00+00:00,GME
OPT-LONG-2e78716502e78034,GME-PR-0012,O:GME250411C00025500,CALL,25.5,2025-04-11,14,0.0,DISCOVERY,ENTRY_FORMING,2025-03-25T19:00:00+00:00,2025-03-25T19:15:00+00:00,2025-03-25T19:15:00+00:00,1.82,EXACT_NEXT_BAR_OPEN,SIMULATED_LONG_PREMIUM_NO_COST_MODEL,2025-04-11T23:59:59.999999+00:00,GME
OPT-LONG-4d4b2646d8eeecbe,GME-PR-0012,O:GME250425C00025000,CALL,25.0,2025-04-25,30,0.0,DISCOVERY,ENTRY_FORMING,2025-03-25T19:00:00+00:00,2025-03-25T19:15:00+00:00,2025-03-25T19:15:00+00:00,2.46,EXACT_NEXT_BAR_OPEN,SIMULATED_LONG_PREMIUM_NO_COST_MODEL,2025-04-15T19:15:00+00:00,GME
OPT-LONG-e9165add3a935b1d,GME-PR-0012,O:GME250425P00025000,PUT,25.0,2025-04-25,30,0.0,DISCOVERY,ENTRY_FORMING,2025-03-25T19:00:00+00:00,2025-03-25T19:15:00+00:00,2025-03-25T19:15:00+00:00,1.96,EXACT_NEXT_BAR_OPEN,SIMULATED_LONG_PREMIUM_NO_COST_MODEL,2025-04-15T19:15:00+00:00,GME
OPT-LONG-41b6dea2c4c98109,GME-PR-0013,O:GME250417C00022500,CALL,22.5,2025-04-17,14,0.0,DISCOVERY,CONTINUATION,2025-04-02T19:30:00+00:00,2025-04-02T19:45:00+00:00,2025-04-02T19:45:00+00:00,1.4,EXACT_NEXT_BAR_OPEN,SIMULATED_LONG_PREMIUM_NO_COST_MODEL,2025-04-17T23:59:59.999999+00:00,GME
OPT-LONG-aafe219172f17212,GME-PR-0013,O:GME250502C00023000,CALL,23.0,2025-05-02,30,0.0,DISCOVERY,CONTINUATION,2025-04-02T19:30:00+00:00,2025-04-02T19:45:00+00:00,2025-04-02T19:45:00+00:00,1.78,EXACT_NEXT_BAR_OPEN,SIMULATED_LONG_PREMIUM_NO_COST_MODEL,2025-04-23T19:45:00+00:00,GME
OPT-LONG-7aa7e9c3bfa998a7,GME-PR-0014,O:GME250502C00026500,CALL,26.5,2025-05-02,14,0.0,DISCOVERY,CONTINUATION,2025-04-17T13:30:00+00:00,2025-04-17T13:45:00+00:00,2025-04-17T13:45:00+00:00,1.8,EXACT_NEXT_BAR_OPEN,SIMULATED_LONG_PREMIUM_NO_COST_MODEL,2025-05-02T23:59:59.999999+00:00,GME
OPT-LONG-872a11acb95933bc,GME-PR-0014,O:GME250516C00026000,CALL,26.0,2025-05-16,30,0.0,DISCOVERY,CONTINUATION,2025-04-17T13:30:00+00:00,2025-04-17T13:45:00+00:00,2025-04-17T13:45:00+00:00,2.61,EXACT_NEXT_BAR_OPEN,SIMULATED_LONG_PREMIUM_NO_COST_MODEL,2025-05-08T13:45:00+00:00,GME
OPT-LONG-6654d45efb51b322,GME-PR-0014,O:GME250516P00026000,PUT,26.0,2025-05-16,30,0.0,DISCOVERY,CONTINUATION,2025-04-17T13:30:00+00:00,2025-04-17T13:45:00+00:00,2025-04-17T13:45:00+00:00,1.94,EXACT_NEXT_BAR_OPEN,SIMULATED_LONG_PREMIUM_NO_COST_MODEL,2025-05-08T13:45:00+00:00,GME
OPT-LONG-f97fb7798c1eb6ae,GME-PR-0015,O:GME250523C00026500,CALL,26.5,2025-05-23,14,0.0,DISCOVERY,ENTRY_FORMING,2025-05-08T13:30:00+00:00,2025-05-08T13:45:00+00:00,2025-05-08T13:45:00+00:00,1.13,EXACT_NEXT_BAR_OPEN,SIMULATED_LONG_PREMIUM_NO_COST_MODEL,2025-05-23T23:59:59.999999+00:00,GME
OPT-LONG-8260359627a68d98,GME-PR-0015,O:GME250523P00026500,PUT,26.5,2025-05-23,14,0.0,DISCOVERY,ENTRY_FORMING,2025-05-08T13:30:00+00:00,2025-05-08T13:45:00+00:00,2025-05-08T13:45:00+00:00,1.15,EXACT_NEXT_BAR_OPEN,SIMULATED_LONG_PREMIUM_NO_COST_MODEL,2025-05-23T23:59:59.999999+00:00,GME
OPT-LONG-ad56a1ebda549b85,GME-PR-0016,O:GME250613C00033500,CALL,33.5,2025-06-13,14,0.0,DISCOVERY,CONTINUATION,2025-05-27T13:45:00+00:00,2025-05-27T14:00:00+00:00,2025-05-27T14:00:00+00:00,4.35,EXACT_NEXT_BAR_OPEN,SIMULATED_LONG_PREMIUM_NO_COST_MODEL,2025-06-13T23:59:59.999999+00:00,GME
OPT-LONG-64d1c153dc0325a3,GME-PR-0016,O:GME250627C00034000,CALL,34.0,2025-06-27,30,0.0,DISCOVERY,CONTINUATION,2025-05-27T13:45:00+00:00,2025-05-27T14:00:00+00:00,2025-05-27T14:00:00+00:00,4.86,EXACT_NEXT_BAR_OPEN,SIMULATED_LONG_PREMIUM_NO_COST_MODEL,2025-06-17T14:00:00+00:00,GME
OPT-LONG-b4039de6eb1a6fe9,GME-PR-0018,O:GME250711C00024000,CALL,24.0,2025-07-11,14,0.0,DISCOVERY,CONTINUATION,2025-06-30T17:30:00+00:00,2025-06-30T17:45:00+00:00,2025-06-30T17:45:00+00:00,0.75,EXACT_NEXT_BAR_OPEN,SIMULATED_LONG_PREMIUM_NO_COST_MODEL,2025-07-11T23:59:59.999999+00:00,GME
OPT-LONG-017dbda3fa130223,GME-PR-0018,O:GME250711P00024000,PUT,24.0,2025-07-11,14,0.0,DISCOVERY,CONTINUATION,2025-06-30T17:30:00+00:00,2025-06-30T17:45:00+00:00,2025-06-30T17:45:00+00:00,0.68,EXACT_NEXT_BAR_OPEN,SIMULATED_LONG_PREMIUM_NO_COST_MODEL,2025-07-11T23:59:59.999999+00:00,GME
OPT-LONG-9f15a2d01b077253,GME-PR-0020,O:GME250829C00023000,CALL,23.0,2025-08-29,14,0.0,DISCOVERY,CONTINUATION,2025-08-13T19:00:00+00:00,2025-08-13T19:15:00+00:00,2025-08-13T19:15:00+00:00,0.75,EXACT_NEXT_BAR_OPEN,SIMULATED_LONG_PREMIUM_NO_COST_MODEL,2025-08-29T23:59:59.999999+00:00,GME
OPT-LONG-ad0168418ff3f6a6,GME-PR-0021,O:GME250912C00022500,CALL,22.5,2025-09-12,14,0.0,DISCOVERY,ENTRY_FORMING,2025-08-29T18:15:00+00:00,2025-08-29T18:30:00+00:00,2025-08-29T18:30:00+00:00,1.43,EXACT_NEXT_BAR_OPEN,SIMULATED_LONG_PREMIUM_NO_COST_MODEL,2025-09-12T23:59:59.999999+00:00,GME
OPT-LONG-e6e6537f4827c84f,GME-PR-0021,O:GME250912P00022500,PUT,22.5,2025-09-12,14,0.0,DISCOVERY,ENTRY_FORMING,2025-08-29T18:15:00+00:00,2025-08-29T18:30:00+00:00,2025-08-29T18:30:00+00:00,1.16,EXACT_NEXT_BAR_OPEN,SIMULATED_LONG_PREMIUM_NO_COST_MODEL,2025-09-12T23:59:59.999999+00:00,GME
OPT-LONG-f45830647e4f86c5,GME-PR-0022,O:GME250919C00023500,CALL,23.5,2025-09-19,14,0.0,DISCOVERY,CONTINUATION,2025-09-03T13:45:00+00:00,2025-09-03T14:00:00+00:00,2025-09-03T14:00:00+00:00,1.58,EXACT_NEXT_BAR_OPEN,SIMULATED_LONG_PREMIUM_NO_COST_MODEL,2025-09-19T23:59:59.999999+00:00,GME
OPT-LONG-52664e4d61e654ea,GME-PR-0023,O:GME251010C00027000,CALL,27.0,2025-10-10,14,0.0,DISCOVERY,ENTRY_FORMING,2025-09-24T13:30:00+00:00,2025-09-24T13:45:00+00:00,2025-09-24T13:45:00+00:00,1.15,EXACT_NEXT_BAR_OPEN,SIMULATED_LONG_PREMIUM_NO_COST_MODEL,2025-10-10T23:59:59.999999+00:00,GME
OPT-LONG-1b08675fcd5acaab,GME-PR-0023,O:GME251010P00027000,PUT,27.0,2025-10-10,14,0.0,DISCOVERY,ENTRY_FORMING,2025-09-24T13:30:00+00:00,2025-09-24T13:45:00+00:00,2025-09-24T13:45:00+00:00,1.24,EXACT_NEXT_BAR_OPEN,SIMULATED_LONG_PREMIUM_NO_COST_MODEL,2025-10-10T23:59:59.999999+00:00,GME
OPT-LONG-66ca33c1902a5d13,GME-PR-0025,O:GME251121P00022000,PUT,22.0,2025-11-21,14,0.0,DISCOVERY,ENTRY_FORMING,2025-11-05T19:45:00+00:00,2025-11-05T20:00:00+00:00,2025-11-05T20:00:00+00:00,0.89,EXACT_NEXT_BAR_OPEN,SIMULATED_LONG_PREMIUM_NO_COST_MODEL,2025-11-21T23:59:59.999999+00:00,GME
OPT-LONG-038ebd4014f04da6,GME-PR-0027,O:GME260102C00023000,CALL,23.0,2026-01-02,14,0.0,DISCOVERY,CONTINUATION,2025-12-17T20:15:00+00:00,2025-12-17T20:30:00+00:00,2025-12-17T20:30:00+00:00,0.75,EXACT_NEXT_BAR_OPEN,SIMULATED_LONG_PREMIUM_NO_COST_MODEL,2026-01-02T23:59:59.999999+00:00,GME
OPT-LONG-1d43a305348e2712,GME-PR-0027,O:GME260116C00023000,CALL,23.0,2026-01-16,30,0.0,DISCOVERY,CONTINUATION,2025-12-17T20:15:00+00:00,2025-12-17T20:30:00+00:00,2025-12-17T20:30:00+00:00,1.13,EXACT_NEXT_BAR_OPEN,SIMULATED_LONG_PREMIUM_NO_COST_MODEL,2026-01-07T20:30:00+00:00,GME
OPT-LONG-bd65c358d7606d49,GME-PR-0027,O:GME260116P00023000,PUT,23.0,2026-01-16,30,0.0,DISCOVERY,CONTINUATION,2025-12-17T20:15:00+00:00,2025-12-17T20:30:00+00:00,2025-12-17T20:30:00+00:00,1.07,EXACT_NEXT_BAR_OPEN,SIMULATED_LONG_PREMIUM_NO_COST_MODEL,2026-01-07T20:30:00+00:00,GME
OPT-LONG-cc8374c9f71216b0,GME-PR-0029,O:GME260213C00024000,CALL,24.0,2026-02-13,14,0.0,DISCOVERY,CONTINUATION,2026-01-27T16:00:00+00:00,2026-01-27T16:15:00+00:00,2026-01-27T16:15:00+00:00,1.27,EXACT_NEXT_BAR_OPEN,SIMULATED_LONG_PREMIUM_NO_COST_MODEL,2026-02-13T23:59:59.999999+00:00,GME
OPT-LONG-c18b1325f316a4a7,GME-PR-0029,O:GME260227C00024000,CALL,24.0,2026-02-27,30,0.0,DISCOVERY,CONTINUATION,2026-01-27T16:00:00+00:00,2026-01-27T16:15:00+00:00,2026-01-27T16:15:00+00:00,1.64,EXACT_NEXT_BAR_OPEN,SIMULATED_LONG_PREMIUM_NO_COST_MODEL,2026-02-17T16:15:00+00:00,GME
OPT-LONG-eaf2c40b153842ab,GME-PR-0029,O:GME260227P00024000,PUT,24.0,2026-02-27,30,0.0,DISCOVERY,CONTINUATION,2026-01-27T16:00:00+00:00,2026-01-27T16:15:00+00:00,2026-01-27T16:15:00+00:00,1.57,EXACT_NEXT_BAR_OPEN,SIMULATED_LONG_PREMIUM_NO_COST_MODEL,2026-02-17T16:15:00+00:00,GME
OPT-LONG-6071f8587c28b070,GME-PR-0030,O:GME260213C00024000,CALL,24.0,2026-02-13,14,0.0,DISCOVERY,ENTRY_FORMING,2026-01-30T19:30:00+00:00,2026-01-30T19:45:00+00:00,2026-01-30T19:45:00+00:00,0.87,EXACT_NEXT_BAR_OPEN,SIMULATED_LONG_PREMIUM_NO_COST_MODEL,2026-02-13T23:59:59.999999+00:00,GME
OPT-LONG-6d150f9daa2ed334,GME-PR-0030,O:GME260227C00024000,CALL,24.0,2026-02-27,30,0.0,DISCOVERY,ENTRY_FORMING,2026-01-30T19:30:00+00:00,2026-01-30T19:45:00+00:00,2026-01-30T19:45:00+00:00,1.25,EXACT_NEXT_BAR_OPEN,SIMULATED_LONG_PREMIUM_NO_COST_MODEL,2026-02-20T19:45:00+00:00,GME
OPT-LONG-f293ef4d03ea987a,GME-PR-0031,O:GME260213C00025500,CALL,25.5,2026-02-13,14,0.0,HOLDOUT,CONTINUATION,2026-02-02T19:45:00+00:00,2026-02-02T20:00:00+00:00,2026-02-02T20:00:00+00:00,1.19,EXACT_NEXT_BAR_OPEN,SIMULATED_LONG_PREMIUM_NO_COST_MODEL,2026-02-13T23:59:59.999999+00:00,GME
OPT-LONG-aefb65c28fcbd91e,GME-PR-0031,O:GME260213P00025500,PUT,25.5,2026-02-13,14,0.0,HOLDOUT,CONTINUATION,2026-02-02T19:45:00+00:00,2026-02-02T20:00:00+00:00,2026-02-02T20:00:00+00:00,1.04,EXACT_NEXT_BAR_OPEN,SIMULATED_LONG_PREMIUM_NO_COST_MODEL,2026-02-13T23:59:59.999999+00:00,GME
OPT-LONG-a81595c624d6e40a,GME-PR-0031,O:GME260306C00025500,CALL,25.5,2026-03-06,30,0.0,HOLDOUT,CONTINUATION,2026-02-02T19:45:00+00:00,2026-02-02T20:00:00+00:00,2026-02-02T20:00:00+00:00,1.95,EXACT_NEXT_BAR_OPEN,SIMULATED_LONG_PREMIUM_NO_COST_MODEL,2026-02-23T20:00:00+00:00,GME
OPT-LONG-a9a454c6e40c120a,GME-PR-0032,O:GME260220C00024500,CALL,24.5,2026-02-20,14,0.0,HOLDOUT,ENTRY_FORMING,2026-02-04T14:45:00+00:00,2026-02-04T15:00:00+00:00,2026-02-04T15:00:00+00:00,1.16,EXACT_NEXT_BAR_OPEN,SIMULATED_LONG_PREMIUM_NO_COST_MODEL,2026-02-20T23:59:59.999999+00:00,GME
OPT-LONG-511525428c9e08cb,GME-PR-0033,O:GME260313C00024000,CALL,24.0,2026-03-13,14,0.0,HOLDOUT,ENTRY_FORMING,2026-02-25T20:15:00+00:00,2026-02-25T20:30:00+00:00,2026-02-25T20:30:00+00:00,0.98,EXACT_NEXT_BAR_OPEN,SIMULATED_LONG_PREMIUM_NO_COST_MODEL,2026-03-13T23:59:59.999999+00:00,GME
OPT-LONG-54ed56daa6039589,GME-PR-0033,O:GME260313P00024000,PUT,24.0,2026-03-13,14,0.0,HOLDOUT,ENTRY_FORMING,2026-02-25T20:15:00+00:00,2026-02-25T20:30:00+00:00,2026-02-25T20:30:00+00:00,0.73,EXACT_NEXT_BAR_OPEN,SIMULATED_LONG_PREMIUM_NO_COST_MODEL,2026-03-13T23:59:59.999999+00:00,GME
OPT-LONG-7366104bc029eae6,GME-PR-0034,O:GME260320C00024000,CALL,24.0,2026-03-20,14,0.0,HOLDOUT,CONTINUATION,2026-03-06T20:15:00+00:00,2026-03-06T20:30:00+00:00,2026-03-06T20:30:00+00:00,0.92,EXACT_NEXT_BAR_OPEN,SIMULATED_LONG_PREMIUM_NO_COST_MODEL,2026-03-20T23:59:59.999999+00:00,GME
OPT-LONG-1b207d2960677374,GME-PR-0034,O:GME260320P00024000,PUT,24.0,2026-03-20,14,0.0,HOLDOUT,CONTINUATION,2026-03-06T20:15:00+00:00,2026-03-06T20:30:00+00:00,2026-03-06T20:30:00+00:00,0.8,EXACT_NEXT_BAR_OPEN,SIMULATED_LONG_PREMIUM_NO_COST_MODEL,2026-03-20T23:59:59.999999+00:00,GME
OPT-LONG-2cf49459d3551416,GME-PR-0037,O:GME260424C00023500,CALL,23.5,2026-04-24,14,0.0,HOLDOUT,CONTINUATION,2026-04-09T16:00:00+00:00,2026-04-09T16:15:00+00:00,2026-04-09T16:15:00+00:00,0.52,EXACT_NEXT_BAR_OPEN,SIMULATED_LONG_PREMIUM_NO_COST_MODEL,2026-04-24T23:59:59.999999+00:00,GME
OPT-LONG-29b3c0ff4bf244fa,GME-PR-0038,O:GME260508C00025500,CALL,25.5,2026-05-08,14,0.0,HOLDOUT,CONTINUATION,2026-04-22T19:30:00+00:00,2026-04-22T19:45:00+00:00,2026-04-22T19:45:00+00:00,0.92,EXACT_NEXT_BAR_OPEN,SIMULATED_LONG_PREMIUM_NO_COST_MODEL,2026-05-08T23:59:59.999999+00:00,GME
OPT-LONG-09e7202a498da451,GME-PR-0039,O:GME260605C00024500,CALL,24.5,2026-06-05,30,0.0,HOLDOUT,ENTRY_FORMING,2026-05-05T19:30:00+00:00,2026-05-05T19:45:00+00:00,2026-05-05T19:45:00+00:00,1.45,EXACT_NEXT_BAR_OPEN,SIMULATED_LONG_PREMIUM_NO_COST_MODEL,2026-05-26T19:45:00+00:00,GME
OPT-LONG-d5075c52d9119ef2,GME-PR-0041,O:GME260612C00022000,CALL,22.0,2026-06-12,14,0.0,HOLDOUT,CONTINUATION,2026-05-26T14:00:00+00:00,2026-05-26T14:15:00+00:00,2026-05-26T14:15:00+00:00,1.05,EXACT_NEXT_BAR_OPEN,SIMULATED_LONG_PREMIUM_NO_COST_MODEL,2026-06-12T23:59:59.999999+00:00,GME
OPT-LONG-6c24d5f901a5c29a,GME-PR-0043,O:GME260717C00023000,CALL,23.0,2026-07-17,14,0.0,HOLDOUT,CONTINUATION,2026-07-02T19:30:00+00:00,2026-07-02T19:45:00+00:00,2026-07-02T19:45:00+00:00,0.5,EXACT_NEXT_BAR_OPEN,SIMULATED_LONG_PREMIUM_NO_COST_MODEL,2026-07-17T23:59:59.999999+00:00,GME
OPT-LONG-5de882028f637b98,GME-PR-0043,O:GME260717P00023000,PUT,23.0,2026-07-17,14,0.0,HOLDOUT,CONTINUATION,2026-07-02T19:30:00+00:00,2026-07-02T19:45:00+00:00,2026-07-02T19:45:00+00:00,0.71,EXACT_NEXT_BAR_OPEN,SIMULATED_LONG_PREMIUM_NO_COST_MODEL,2026-07-17T23:59:59.999999+00:00,GME
OPT-LONG-e7b254738ef211f3,GME-PR-0043,O:GME260731C00023000,CALL,23.0,2026-07-31,30,0.0,HOLDOUT,CONTINUATION,2026-07-02T19:30:00+00:00,2026-07-02T19:45:00+00:00,2026-07-02T19:45:00+00:00,0.85,EXACT_NEXT_BAR_OPEN,SIMULATED_LONG_PREMIUM_NO_COST_MODEL,2026-07-23T19:45:00+00:00,GME
OPT-LONG-d50c5e4a302ce916,GME-PR-0044,O:GME260731C00022000,CALL,22.0,2026-07-31,14,0.0,HOLDOUT,ENTRY_FORMING,2026-07-20T18:00:00+00:00,2026-07-20T18:15:00+00:00,2026-07-20T18:15:00+00:00,0.4,EXACT_NEXT_BAR_OPEN,SIMULATED_LONG_PREMIUM_NO_COST_MODEL,2026-07-31T23:59:59.999999+00:00,GME
OPT-LONG-dffc5479c7ac5c9f,GME-PR-0044,O:GME260821C00022000,CALL,22.0,2026-08-21,30,0.0,HOLDOUT,ENTRY_FORMING,2026-07-20T18:00:00+00:00,2026-07-20T18:15:00+00:00,2026-07-20T18:15:00+00:00,0.91,EXACT_NEXT_BAR_OPEN,SIMULATED_LONG_PREMIUM_NO_COST_MODEL,2026-08-10T18:15:00+00:00,GME
OPT-LONG-6a69f47a3eed5680,GME-PR-0046,O:GME260821C00019000,CALL,19.0,2026-08-21,14,0.0,HOLDOUT,ENTRY_FORMING,2026-08-10T13:45:00+00:00,2026-08-10T14:00:00+00:00,2026-08-10T14:00:00+00:00,0.5,EXACT_NEXT_BAR_OPEN,SIMULATED_LONG_PREMIUM_NO_COST_MODEL,2026-08-21T23:59:59.999999+00:00,GME
OPT-LONG-1057ff5255b10882,GME-PR-0046,O:GME260821P00019000,PUT,19.0,2026-08-21,14,0.0,HOLDOUT,ENTRY_FORMING,2026-08-10T13:45:00+00:00,2026-08-10T14:00:00+00:00,2026-08-10T14:00:00+00:00,0.3,EXACT_NEXT_BAR_OPEN,SIMULATED_LONG_PREMIUM_NO_COST_MODEL,2026-08-21T23:59:59.999999+00:00,GME
OPT-LONG-6f5c23e04b8c483d,GME-PR-0046,O:GME260911C00019000,CALL,19.0,2026-09-11,30,0.0,HOLDOUT,ENTRY_FORMING,2026-08-10T13:45:00+00:00,2026-08-10T14:00:00+00:00,2026-08-10T14:00:00+00:00,1.29,EXACT_NEXT_BAR_OPEN,SIMULATED_LONG_PREMIUM_NO_COST_MODEL,2026-08-31T14:00:00+00:00,GME
OPT-LONG-97cd94536dee1cb3,GME-PR-0046,O:GME260911P00019000,PUT,19.0,2026-09-11,30,0.0,HOLDOUT,ENTRY_FORMING,2026-08-10T13:45:00+00:00,2026-08-10T14:00:00+00:00,2026-08-10T14:00:00+00:00,0.61,EXACT_NEXT_BAR_OPEN,SIMULATED_LONG_PREMIUM_NO_COST_MODEL,2026-08-31T14:00:00+00:00,GME
OPT-LONG-32b213498197cef1,LULU-PR-0001,O:LULU240906C00267500,CALL,267.5,2024-09-06,14,0.0,DISCOVERY,CONTINUATION,2024-08-23T13:30:00+00:00,2024-08-23T13:45:00+00:00,2024-08-23T13:45:00+00:00,14.98,EXACT_NEXT_BAR_OPEN,SIMULATED_LONG_PREMIUM_NO_COST_MODEL,2024-09-06T23:59:59.999999+00:00,LULU
OPT-LONG-a15e0f42fc4ae1c1,LULU-PR-0001,O:LULU240920P00267500,PUT,267.5,2024-09-20,30,0.0,DISCOVERY,CONTINUATION,2024-08-23T13:30:00+00:00,2024-08-23T13:45:00+00:00,2024-08-23T13:45:00+00:00,16.5,EXACT_NEXT_BAR_OPEN,SIMULATED_LONG_PREMIUM_NO_COST_MODEL,2024-09-13T13:45:00+00:00,LULU
OPT-LONG-513480b7dc9bf367,LULU-PR-0004,O:LULU241115C00305000,CALL,305.0,2024-11-15,14,0.0,DISCOVERY,CONTINUATION,2024-10-29T17:45:00+00:00,2024-10-29T18:00:00+00:00,2024-10-29T18:00:00+00:00,11.45,EXACT_NEXT_BAR_OPEN,SIMULATED_LONG_PREMIUM_NO_COST_MODEL,2024-11-15T23:59:59.999999+00:00,LULU
OPT-LONG-055ace7c3cef0991,LULU-PR-0006,O:LULU241220C00342500,CALL,342.5,2024-12-20,14,0.0,DISCOVERY,CONTINUATION,2024-12-05T17:45:00+00:00,2024-12-05T18:00:00+00:00,2024-12-05T18:00:00+00:00,19.38,EXACT_NEXT_BAR_OPEN,SIMULATED_LONG_PREMIUM_NO_COST_MODEL,2024-12-20T23:59:59.999999+00:00,LULU
OPT-LONG-176bb87506099366,LULU-PR-0007,O:LULU250117P00380000,PUT,380.0,2025-01-17,30,0.0,DISCOVERY,ENTRY_FORMING,2024-12-20T20:30:00+00:00,2024-12-20T20:45:00+00:00,2024-12-20T20:45:00+00:00,14.3,EXACT_NEXT_BAR_OPEN,SIMULATED_LONG_PREMIUM_NO_COST_MODEL,2025-01-10T20:45:00+00:00,LULU
OPT-LONG-e86cebabcff7d1e0,LULU-PR-0009,O:LULU250221C00415000,CALL,415.0,2025-02-21,14,0.0,DISCOVERY,ENTRY_FORMING,2025-02-04T14:30:00+00:00,2025-02-04T14:45:00+00:00,2025-02-04T14:45:00+00:00,10.99,EXACT_NEXT_BAR_OPEN,SIMULATED_LONG_PREMIUM_NO_COST_MODEL,2025-02-21T23:59:59.999999+00:00,LULU
OPT-LONG-11a94e160cc3ca19,LULU-PR-0018,O:LULU250808C00225000,CALL,225.0,2025-08-08,14,0.0,DISCOVERY,ENTRY_FORMING,2025-07-23T14:15:00+00:00,2025-07-23T14:30:00+00:00,2025-07-23T14:30:00+00:00,7.3,EXACT_NEXT_BAR_OPEN,SIMULATED_LONG_PREMIUM_NO_COST_MODEL,2025-08-08T23:59:59.999999+00:00,LULU
OPT-LONG-2bfe71e96bed4072,LULU-PR-0018,O:LULU250822P00225000,PUT,225.0,2025-08-22,30,0.0,DISCOVERY,ENTRY_FORMING,2025-07-23T14:15:00+00:00,2025-07-23T14:30:00+00:00,2025-07-23T14:30:00+00:00,8.75,EXACT_NEXT_BAR_OPEN,SIMULATED_LONG_PREMIUM_NO_COST_MODEL,2025-08-13T14:30:00+00:00,LULU
OPT-LONG-03f5efb9d9d8d0d2,LULU-PR-0019,O:LULU250829C00195000,CALL,195.0,2025-08-29,14,0.0,DISCOVERY,ENTRY_FORMING,2025-08-14T18:45:00+00:00,2025-08-14T19:00:00+00:00,2025-08-14T19:00:00+00:00,7.12,EXACT_NEXT_BAR_OPEN,SIMULATED_LONG_PREMIUM_NO_COST_MODEL,2025-08-29T23:59:59.999999+00:00,LULU
OPT-LONG-1351268f6dde3630,LULU-PR-0019,O:LULU250912C00195000,CALL,195.0,2025-09-12,30,0.0,DISCOVERY,ENTRY_FORMING,2025-08-14T18:45:00+00:00,2025-08-14T19:00:00+00:00,2025-08-14T19:00:00+00:00,14.48,EXACT_NEXT_BAR_OPEN,SIMULATED_LONG_PREMIUM_NO_COST_MODEL,2025-09-04T19:00:00+00:00,LULU
OPT-LONG-107c339b3babaed1,LULU-PR-0020,O:LULU250829C00197500,CALL,197.5,2025-08-29,14,0.0,DISCOVERY,CONTINUATION,2025-08-15T18:00:00+00:00,2025-08-15T18:15:00+00:00,2025-08-15T18:15:00+00:00,7.55,EXACT_NEXT_BAR_OPEN,SIMULATED_LONG_PREMIUM_NO_COST_MODEL,2025-08-29T23:59:59.999999+00:00,LULU
OPT-LONG-5d3cc279e08fb414,LULU-PR-0020,O:LULU250912C00200000,CALL,200.0,2025-09-12,30,0.0,DISCOVERY,CONTINUATION,2025-08-15T18:00:00+00:00,2025-08-15T18:15:00+00:00,2025-08-15T18:15:00+00:00,14.4,EXACT_NEXT_BAR_OPEN,SIMULATED_LONG_PREMIUM_NO_COST_MODEL,2025-09-05T18:15:00+00:00,LULU
OPT-LONG-08750c776c9d8c39,LULU-PR-0021,O:LULU251010C00175000,CALL,175.0,2025-10-10,14,0.0,DISCOVERY,CONTINUATION,2025-09-23T14:30:00+00:00,2025-09-23T14:45:00+00:00,2025-09-23T14:45:00+00:00,6.52,EXACT_NEXT_BAR_OPEN,SIMULATED_LONG_PREMIUM_NO_COST_MODEL,2025-10-10T23:59:59.999999+00:00,LULU
OPT-LONG-0e83e9c533218fd6,LULU-PR-0021,O:LULU251024C00175000,CALL,175.0,2025-10-24,30,0.0,DISCOVERY,CONTINUATION,2025-09-23T14:30:00+00:00,2025-09-23T14:45:00+00:00,2025-09-23T14:45:00+00:00,9.02,EXACT_NEXT_BAR_OPEN,SIMULATED_LONG_PREMIUM_NO_COST_MODEL,2025-10-14T14:45:00+00:00,LULU
OPT-LONG-3b9dbd91d4198c99,LULU-PR-0022,O:LULU251010C00175000,CALL,175.0,2025-10-10,14,0.0,DISCOVERY,ENTRY_FORMING,2025-09-26T19:30:00+00:00,2025-09-26T19:45:00+00:00,2025-09-26T19:45:00+00:00,6.3,EXACT_NEXT_BAR_OPEN,SIMULATED_LONG_PREMIUM_NO_COST_MODEL,2025-10-10T23:59:59.999999+00:00,LULU
OPT-LONG-857c0c7c74fb66ef,LULU-PR-0022,O:LULU251010P00175000,PUT,175.0,2025-10-10,14,0.0,DISCOVERY,ENTRY_FORMING,2025-09-26T19:30:00+00:00,2025-09-26T19:45:00+00:00,2025-09-26T19:45:00+00:00,4.6,EXACT_NEXT_BAR_OPEN,SIMULATED_LONG_PREMIUM_NO_COST_MODEL,2025-10-10T23:59:59.999999+00:00,LULU
OPT-LONG-e77fee089c7d93c4,LULU-PR-0022,O:LULU251024C00175000,CALL,175.0,2025-10-24,30,0.0,DISCOVERY,ENTRY_FORMING,2025-09-26T19:30:00+00:00,2025-09-26T19:45:00+00:00,2025-09-26T19:45:00+00:00,8.75,EXACT_NEXT_BAR_OPEN,SIMULATED_LONG_PREMIUM_NO_COST_MODEL,2025-10-17T19:45:00+00:00,LULU
OPT-LONG-dfe1e763b9cc321b,LULU-PR-0023,O:LULU251107C00182500,CALL,182.5,2025-11-07,14,0.0,DISCOVERY,CONTINUATION,2025-10-24T14:00:00+00:00,2025-10-24T14:15:00+00:00,2025-10-24T14:15:00+00:00,4.7,EXACT_NEXT_BAR_OPEN,SIMULATED_LONG_PREMIUM_NO_COST_MODEL,2025-11-07T23:59:59.999999+00:00,LULU
OPT-LONG-5bffd62af8eefb4b,LULU-PR-0023,O:LULU251121C00182500,CALL,182.5,2025-11-21,30,0.0,DISCOVERY,CONTINUATION,2025-10-24T14:00:00+00:00,2025-10-24T14:15:00+00:00,2025-10-24T14:15:00+00:00,7.46,EXACT_NEXT_BAR_OPEN,SIMULATED_LONG_PREMIUM_NO_COST_MODEL,2025-11-14T14:15:00+00:00,LULU
OPT-LONG-66f5f3ac7958541f,LULU-PR-0025,O:LULU251219C00170000,CALL,170.0,2025-12-19,30,0.0,DISCOVERY,CONTINUATION,2025-11-21T18:30:00+00:00,2025-11-21T18:45:00+00:00,2025-11-21T18:45:00+00:00,13.38,EXACT_NEXT_BAR_OPEN,SIMULATED_LONG_PREMIUM_NO_COST_MODEL,2025-12-12T18:45:00+00:00,LULU
OPT-LONG-bdd77088b2cde155,LULU-PR-0026,O:LULU251219P00182500,PUT,182.5,2025-12-19,14,0.0,DISCOVERY,ENTRY_FORMING,2025-12-03T20:30:00+00:00,2025-12-03T20:45:00+00:00,2025-12-03T20:45:00+00:00,11.95,EXACT_NEXT_BAR_OPEN,SIMULATED_LONG_PREMIUM_NO_COST_MODEL,2025-12-19T23:59:59.999999+00:00,LULU
OPT-LONG-cad4617fe383e542,LULU-PR-0027,O:LULU251226C00207500,CALL,207.5,2025-12-26,14,0.0,DISCOVERY,CONTINUATION,2025-12-15T19:45:00+00:00,2025-12-15T20:00:00+00:00,2025-12-15T20:00:00+00:00,5.81,EXACT_NEXT_BAR_OPEN,SIMULATED_LONG_PREMIUM_NO_COST_MODEL,2025-12-26T23:59:59.999999+00:00,LULU
OPT-LONG-9855b0725b27f04d,LULU-PR-0027,O:LULU260116C00210000,CALL,210.0,2026-01-16,30,0.0,DISCOVERY,CONTINUATION,2025-12-15T19:45:00+00:00,2025-12-15T20:00:00+00:00,2025-12-15T20:00:00+00:00,9.8,EXACT_NEXT_BAR_OPEN,SIMULATED_LONG_PREMIUM_NO_COST_MODEL,2026-01-05T20:00:00+00:00,LULU
OPT-LONG-cbe4ef72aa7205da,LULU-PR-0027,O:LULU260116P00210000,PUT,210.0,2026-01-16,30,0.0,DISCOVERY,CONTINUATION,2025-12-15T19:45:00+00:00,2025-12-15T20:00:00+00:00,2025-12-15T20:00:00+00:00,10.9,EXACT_NEXT_BAR_OPEN,SIMULATED_LONG_PREMIUM_NO_COST_MODEL,2026-01-05T20:00:00+00:00,LULU
OPT-LONG-860877b0a076a8b2,LULU-PR-0029,O:LULU260206C00195000,CALL,195.0,2026-02-06,14,0.0,DISCOVERY,ENTRY_FORMING,2026-01-22T14:30:00+00:00,2026-01-22T14:45:00+00:00,2026-01-22T14:45:00+00:00,5.74,EXACT_NEXT_BAR_OPEN,SIMULATED_LONG_PREMIUM_NO_COST_MODEL,2026-02-06T23:59:59.999999+00:00,LULU
OPT-LONG-0db069f239368425,LULU-PR-0030,O:LULU260206C00195000,CALL,195.0,2026-02-06,14,0.0,DISCOVERY,CONTINUATION,2026-01-26T15:00:00+00:00,2026-01-26T15:15:00+00:00,2026-01-26T15:15:00+00:00,5.5,EXACT_NEXT_BAR_OPEN,SIMULATED_LONG_PREMIUM_NO_COST_MODEL,2026-02-06T23:59:59.999999+00:00,LULU
OPT-LONG-7ad925a2c9a8d265,LULU-PR-0032,O:LULU260220P00175000,PUT,175.0,2026-02-20,14,0.0,HOLDOUT,CONTINUATION,2026-02-04T15:00:00+00:00,2026-02-04T15:15:00+00:00,2026-02-04T15:15:00+00:00,5.75,EXACT_NEXT_BAR_OPEN,SIMULATED_LONG_PREMIUM_NO_COST_MODEL,2026-02-20T23:59:59.999999+00:00,LULU
OPT-LONG-7889388dce9169e7,LULU-PR-0033,O:LULU260320C00190000,CALL,190.0,2026-03-20,30,0.0,HOLDOUT,CONTINUATION,2026-02-20T20:00:00+00:00,2026-02-20T20:15:00+00:00,2026-02-20T20:15:00+00:00,10.92,EXACT_NEXT_BAR_OPEN,SIMULATED_LONG_PREMIUM_NO_COST_MODEL,2026-03-13T20:15:00+00:00,LULU
OPT-LONG-f4f27d27c7ee08ff,LULU-PR-0034,O:LULU260320P00170000,PUT,170.0,2026-03-20,14,0.0,HOLDOUT,ENTRY_FORMING,2026-03-09T19:15:00+00:00,2026-03-09T19:30:00+00:00,2026-03-09T19:30:00+00:00,10.36,EXACT_NEXT_BAR_OPEN,SIMULATED_LONG_PREMIUM_NO_COST_MODEL,2026-03-20T23:59:59.999999+00:00,LULU
OPT-LONG-ec35017a37627014,LULU-PR-0035,O:LULU260417P00170000,PUT,170.0,2026-04-17,30,0.0,HOLDOUT,CONTINUATION,2026-03-18T18:30:00+00:00,2026-03-18T18:45:00+00:00,2026-03-18T18:45:00+00:00,9.5,EXACT_NEXT_BAR_OPEN,SIMULATED_LONG_PREMIUM_NO_COST_MODEL,2026-04-08T18:45:00+00:00,LULU
OPT-LONG-07fa551a03996d7e,LULU-PR-0037,O:LULU260515C00165000,CALL,165.0,2026-05-15,30,0.0,HOLDOUT,CONTINUATION,2026-04-15T19:15:00+00:00,2026-04-15T19:30:00+00:00,2026-04-15T19:30:00+00:00,7.45,EXACT_NEXT_BAR_OPEN,SIMULATED_LONG_PREMIUM_NO_COST_MODEL,2026-05-06T19:30:00+00:00,LULU
OPT-LONG-5b7efd189fc61575,LULU-PR-0039,O:LULU260605C00125000,CALL,125.0,2026-06-05,14,0.0,HOLDOUT,CONTINUATION,2026-05-21T14:00:00+00:00,2026-05-21T14:15:00+00:00,2026-05-21T14:15:00+00:00,7.68,EXACT_NEXT_BAR_OPEN,SIMULATED_LONG_PREMIUM_NO_COST_MODEL,2026-06-05T23:59:59.999999+00:00,LULU
OPT-LONG-03381d6642b04947,LULU-PR-0039,O:LULU260605P00125000,PUT,125.0,2026-06-05,14,0.0,HOLDOUT,CONTINUATION,2026-05-21T14:00:00+00:00,2026-05-21T14:15:00+00:00,2026-05-21T14:15:00+00:00,7.85,EXACT_NEXT_BAR_OPEN,SIMULATED_LONG_PREMIUM_NO_COST_MODEL,2026-06-05T23:59:59.999999+00:00,LULU
OPT-LONG-12c13943902a954d,LULU-PR-0039,O:LULU260618C00125000,CALL,125.0,2026-06-18,30,0.0,HOLDOUT,CONTINUATION,2026-05-21T14:00:00+00:00,2026-05-21T14:15:00+00:00,2026-05-21T14:15:00+00:00,8.9,EXACT_NEXT_BAR_OPEN,SIMULATED_LONG_PREMIUM_NO_COST_MODEL,2026-06-11T14:15:00+00:00,LULU
OPT-LONG-ba98630f4aebeb8a,LULU-PR-0042,O:LULU260724C00115000,CALL,115.0,2026-07-24,30,0.0,HOLDOUT,CONTINUATION,2026-06-25T19:30:00+00:00,2026-06-25T19:45:00+00:00,2026-06-25T19:45:00+00:00,4.5,EXACT_NEXT_BAR_OPEN,SIMULATED_LONG_PREMIUM_NO_COST_MODEL,2026-07-16T19:45:00+00:00,LULU
OPT-LONG-1080f1c1a1141c1d,LULU-PR-0045,O:LULU260821C00128000,CALL,128.0,2026-08-21,14,0.0,HOLDOUT,ENTRY_FORMING,2026-08-10T19:30:00+00:00,2026-08-10T19:45:00+00:00,2026-08-10T19:45:00+00:00,3.91,EXACT_NEXT_BAR_OPEN,SIMULATED_LONG_PREMIUM_NO_COST_MODEL,2026-08-21T23:59:59.999999+00:00,LULU
OPT-LONG-090daea8db0f655b,PYPL-PR-0001,O:PYPL240906C00072000,CALL,72.0,2024-09-06,14,0.0,DISCOVERY,CONTINUATION,2024-08-23T14:15:00+00:00,2024-08-23T14:30:00+00:00,2024-08-23T14:30:00+00:00,1.34,EXACT_NEXT_BAR_OPEN,SIMULATED_LONG_PREMIUM_NO_COST_MODEL,2024-09-06T23:59:59.999999+00:00,PYPL
OPT-LONG-de54471b71772118,PYPL-PR-0001,O:PYPL240906P00072000,PUT,72.0,2024-09-06,14,0.0,DISCOVERY,CONTINUATION,2024-08-23T14:15:00+00:00,2024-08-23T14:30:00+00:00,2024-08-23T14:30:00+00:00,1.68,EXACT_NEXT_BAR_OPEN,SIMULATED_LONG_PREMIUM_NO_COST_MODEL,2024-09-06T23:59:59.999999+00:00,PYPL
OPT-LONG-02c5a8fc9840f62a,PYPL-PR-0001,O:PYPL240920C00072000,CALL,72.0,2024-09-20,30,0.0,DISCOVERY,CONTINUATION,2024-08-23T14:15:00+00:00,2024-08-23T14:30:00+00:00,2024-08-23T14:30:00+00:00,2.03,EXACT_NEXT_BAR_OPEN,SIMULATED_LONG_PREMIUM_NO_COST_MODEL,2024-09-13T14:30:00+00:00,PYPL
OPT-LONG-771437673c25734f,PYPL-PR-0001,O:PYPL240920P00072000,PUT,72.0,2024-09-20,30,0.0,DISCOVERY,CONTINUATION,2024-08-23T14:15:00+00:00,2024-08-23T14:30:00+00:00,2024-08-23T14:30:00+00:00,2.29,EXACT_NEXT_BAR_OPEN,SIMULATED_LONG_PREMIUM_NO_COST_MODEL,2024-09-13T14:30:00+00:00,PYPL
OPT-LONG-ae61b5f866e3cc5c,PYPL-PR-0002,O:PYPL240913C00073000,CALL,73.0,2024-09-13,14,0.0,DISCOVERY,ENTRY_FORMING,2024-08-29T19:15:00+00:00,2024-08-29T19:30:00+00:00,2024-08-29T19:30:00+00:00,2.0,EXACT_NEXT_BAR_OPEN,SIMULATED_LONG_PREMIUM_NO_COST_MODEL,2024-09-13T23:59:59.999999+00:00,PYPL
OPT-LONG-884d0829dc771101,PYPL-PR-0002,O:PYPL240913P00073000,PUT,73.0,2024-09-13,14,0.0,DISCOVERY,ENTRY_FORMING,2024-08-29T19:15:00+00:00,2024-08-29T19:30:00+00:00,2024-08-29T19:30:00+00:00,1.46,EXACT_NEXT_BAR_OPEN,SIMULATED_LONG_PREMIUM_NO_COST_MODEL,2024-09-13T23:59:59.999999+00:00,PYPL
OPT-LONG-e486a7ab54e8fb9d,PYPL-PR-0002,O:PYPL240927C00073000,CALL,73.0,2024-09-27,30,0.0,DISCOVERY,ENTRY_FORMING,2024-08-29T19:15:00+00:00,2024-08-29T19:30:00+00:00,2024-08-29T19:30:00+00:00,2.71,EXACT_NEXT_BAR_OPEN,SIMULATED_LONG_PREMIUM_NO_COST_MODEL,2024-09-19T19:30:00+00:00,PYPL
OPT-LONG-18b36d8036cd09f3,PYPL-PR-0003,O:PYPL241018C00072500,CALL,72.5,2024-10-18,30,0.0,DISCOVERY,CONTINUATION,2024-09-17T13:45:00+00:00,2024-09-17T14:00:00+00:00,2024-09-17T14:00:00+00:00,2.25,EXACT_NEXT_BAR_OPEN,SIMULATED_LONG_PREMIUM_NO_COST_MODEL,2024-10-08T14:00:00+00:00,PYPL
OPT-LONG-f1ee343068624fb5,PYPL-PR-0003,O:PYPL241018P00072500,PUT,72.5,2024-10-18,30,0.0,DISCOVERY,CONTINUATION,2024-09-17T13:45:00+00:00,2024-09-17T14:00:00+00:00,2024-09-17T14:00:00+00:00,2.81,EXACT_NEXT_BAR_OPEN,SIMULATED_LONG_PREMIUM_NO_COST_MODEL,2024-10-08T14:00:00+00:00,PYPL
OPT-LONG-923223711d72e893,PYPL-PR-0004,O:PYPL241025C00080000,CALL,80.0,2024-10-25,14,0.0,DISCOVERY,ENTRY_FORMING,2024-10-11T19:30:00+00:00,2024-10-11T19:45:00+00:00,2024-10-11T19:45:00+00:00,2.02,EXACT_NEXT_BAR_OPEN,SIMULATED_LONG_PREMIUM_NO_COST_MODEL,2024-10-25T23:59:59.999999+00:00,PYPL
OPT-LONG-59267b336db0a5f0,PYPL-PR-0004,O:PYPL241025P00080000,PUT,80.0,2024-10-25,14,0.0,DISCOVERY,ENTRY_FORMING,2024-10-11T19:30:00+00:00,2024-10-11T19:45:00+00:00,2024-10-11T19:45:00+00:00,1.46,EXACT_NEXT_BAR_OPEN,SIMULATED_LONG_PREMIUM_NO_COST_MODEL,2024-10-25T23:59:59.999999+00:00,PYPL
OPT-LONG-f243a27f1bad6c7a,PYPL-PR-0005,O:PYPL241101C00080000,CALL,80.0,2024-11-01,14,0.0,DISCOVERY,CONTINUATION,2024-10-16T13:30:00+00:00,2024-10-16T13:45:00+00:00,2024-10-16T13:45:00+00:00,3.62,EXACT_NEXT_BAR_OPEN,SIMULATED_LONG_PREMIUM_NO_COST_MODEL,2024-11-01T23:59:59.999999+00:00,PYPL
OPT-LONG-8fbaec75923fffee,PYPL-PR-0005,O:PYPL241115C00080000,CALL,80.0,2024-11-15,30,0.0,DISCOVERY,CONTINUATION,2024-10-16T13:30:00+00:00,2024-10-16T13:45:00+00:00,2024-10-16T13:45:00+00:00,4.27,EXACT_NEXT_BAR_OPEN,SIMULATED_LONG_PREMIUM_NO_COST_MODEL,2024-11-06T13:45:00+00:00,PYPL
OPT-LONG-ee051c62f4973611,PYPL-PR-0005,O:PYPL241115P00080000,PUT,80.0,2024-11-15,30,0.0,DISCOVERY,CONTINUATION,2024-10-16T13:30:00+00:00,2024-10-16T13:45:00+00:00,2024-10-16T13:45:00+00:00,4.3,EXACT_NEXT_BAR_OPEN,SIMULATED_LONG_PREMIUM_NO_COST_MODEL,2024-11-06T13:45:00+00:00,PYPL
OPT-LONG-de6c3a98aef50cb6,PYPL-PR-0006,O:PYPL241108C00081000,CALL,81.0,2024-11-08,14,0.0,DISCOVERY,CONTINUATION,2024-10-24T15:45:00+00:00,2024-10-24T16:00:00+00:00,2024-10-24T16:00:00+00:00,4.15,EXACT_NEXT_BAR_OPEN,SIMULATED_LONG_PREMIUM_NO_COST_MODEL,2024-11-08T23:59:59.999999+00:00,PYPL
OPT-LONG-d76253928ea24657,PYPL-PR-0007,O:PYPL241206C00085000,CALL,85.0,2024-12-06,14,0.0,DISCOVERY,ENTRY_FORMING,2024-11-20T20:30:00+00:00,2024-11-20T20:45:00+00:00,2024-11-20T20:45:00+00:00,2.08,EXACT_NEXT_BAR_OPEN,SIMULATED_LONG_PREMIUM_NO_COST_MODEL,2024-12-06T23:59:59.999999+00:00,PYPL
OPT-LONG-fcbd5aeb0c79aee3,PYPL-PR-0007,O:PYPL241220C00085000,CALL,85.0,2024-12-20,30,0.0,DISCOVERY,ENTRY_FORMING,2024-11-20T20:30:00+00:00,2024-11-20T20:45:00+00:00,2024-11-20T20:45:00+00:00,3.0,EXACT_NEXT_BAR_OPEN,SIMULATED_LONG_PREMIUM_NO_COST_MODEL,2024-12-11T20:45:00+00:00,PYPL
OPT-LONG-036651b9081000c5,PYPL-PR-0008,O:PYPL241206C00086000,CALL,86.0,2024-12-06,14,0.0,DISCOVERY,CONTINUATION,2024-11-22T14:30:00+00:00,2024-11-22T14:45:00+00:00,2024-11-22T14:45:00+00:00,1.93,EXACT_NEXT_BAR_OPEN,SIMULATED_LONG_PREMIUM_NO_COST_MODEL,2024-12-06T23:59:59.999999+00:00,PYPL
OPT-LONG-a1293d424311170c,PYPL-PR-0008,O:PYPL241220C00086000,CALL,86.0,2024-12-20,30,0.0,DISCOVERY,CONTINUATION,2024-11-22T14:30:00+00:00,2024-11-22T14:45:00+00:00,2024-11-22T14:45:00+00:00,2.94,EXACT_NEXT_BAR_OPEN,SIMULATED_LONG_PREMIUM_NO_COST_MODEL,2024-12-13T14:45:00+00:00,PYPL
OPT-LONG-362e0261456865ad,PYPL-PR-0009,O:PYPL241227C00091000,CALL,91.0,2024-12-27,14,0.0,DISCOVERY,CONTINUATION,2024-12-11T20:30:00+00:00,2024-12-11T20:45:00+00:00,2024-12-11T20:45:00+00:00,2.22,EXACT_NEXT_BAR_OPEN,SIMULATED_LONG_PREMIUM_NO_COST_MODEL,2024-12-27T23:59:59.999999+00:00,PYPL
OPT-LONG-41539f2eca274426,PYPL-PR-0010,O:PYPL250117C00087500,CALL,87.5,2025-01-17,14,0.0,DISCOVERY,ENTRY_FORMING,2025-01-03T20:30:00+00:00,2025-01-03T20:45:00+00:00,2025-01-03T20:45:00+00:00,1.93,EXACT_NEXT_BAR_OPEN,SIMULATED_LONG_PREMIUM_NO_COST_MODEL,2025-01-17T23:59:59.999999+00:00,PYPL
OPT-LONG-281f91828b9a95bc,PYPL-PR-0010,O:PYPL250117P00087500,PUT,87.5,2025-01-17,14,0.0,DISCOVERY,ENTRY_FORMING,2025-01-03T20:30:00+00:00,2025-01-03T20:45:00+00:00,2025-01-03T20:45:00+00:00,1.77,EXACT_NEXT_BAR_OPEN,SIMULATED_LONG_PREMIUM_NO_COST_MODEL,2025-01-17T23:59:59.999999+00:00,PYPL
OPT-LONG-45237bc396130bd1,PYPL-PR-0011,O:PYPL250228C00090000,CALL,90.0,2025-02-28,30,0.0,DISCOVERY,CONTINUATION,2025-01-30T15:45:00+00:00,2025-01-30T16:00:00+00:00,2025-01-30T16:00:00+00:00,4.85,EXACT_NEXT_BAR_OPEN,SIMULATED_LONG_PREMIUM_NO_COST_MODEL,2025-02-20T16:00:00+00:00,PYPL
OPT-LONG-dd711d8a355f769e,PYPL-PR-0012,O:PYPL250214C00089000,CALL,89.0,2025-02-14,14,0.0,DISCOVERY,ENTRY_FORMING,2025-02-03T20:30:00+00:00,2025-02-03T20:45:00+00:00,2025-02-03T20:45:00+00:00,4.0,EXACT_NEXT_BAR_OPEN,SIMULATED_LONG_PREMIUM_NO_COST_MODEL,2025-02-14T23:59:59.999999+00:00,PYPL
OPT-LONG-6085c34b96666494,PYPL-PR-0012,O:PYPL250214P00089000,PUT,89.0,2025-02-14,14,0.0,DISCOVERY,ENTRY_FORMING,2025-02-03T20:30:00+00:00,2025-02-03T20:45:00+00:00,2025-02-03T20:45:00+00:00,3.61,EXACT_NEXT_BAR_OPEN,SIMULATED_LONG_PREMIUM_NO_COST_MODEL,2025-02-14T23:59:59.999999+00:00,PYPL
OPT-LONG-5a3fef907972db9e,PYPL-PR-0013,O:PYPL250404C00069000,CALL,69.0,2025-04-04,30,0.0,DISCOVERY,ENTRY_FORMING,2025-03-05T18:00:00+00:00,2025-03-05T18:15:00+00:00,2025-03-05T18:15:00+00:00,2.88,EXACT_NEXT_BAR_OPEN,SIMULATED_LONG_PREMIUM_NO_COST_MODEL,2025-03-26T18:15:00+00:00,PYPL
OPT-LONG-21c12103a60e7efb,PYPL-PR-0014,O:PYPL250404C00071000,CALL,71.0,2025-04-04,14,0.0,DISCOVERY,CONTINUATION,2025-03-20T14:00:00+00:00,2025-03-20T14:15:00+00:00,2025-03-20T14:15:00+00:00,1.65,EXACT_NEXT_BAR_OPEN,SIMULATED_LONG_PREMIUM_NO_COST_MODEL,2025-04-04T23:59:59.999999+00:00,PYPL
OPT-LONG-4fa50d738bfd68d4,PYPL-PR-0014,O:PYPL250417C00070000,CALL,70.0,2025-04-17,30,0.0,DISCOVERY,CONTINUATION,2025-03-20T14:00:00+00:00,2025-03-20T14:15:00+00:00,2025-03-20T14:15:00+00:00,2.91,EXACT_NEXT_BAR_OPEN,SIMULATED_LONG_PREMIUM_NO_COST_MODEL,2025-04-10T14:15:00+00:00,PYPL
OPT-LONG-a836d83bc3ebcfec,PYPL-PR-0014,O:PYPL250417P00070000,PUT,70.0,2025-04-17,30,0.0,DISCOVERY,CONTINUATION,2025-03-20T14:00:00+00:00,2025-03-20T14:15:00+00:00,2025-03-20T14:15:00+00:00,2.0,EXACT_NEXT_BAR_OPEN,SIMULATED_LONG_PREMIUM_NO_COST_MODEL,2025-04-10T14:15:00+00:00,PYPL
OPT-LONG-0905900fad1ab491,PYPL-PR-0015,O:PYPL250417C00065000,CALL,65.0,2025-04-17,14,0.0,DISCOVERY,ENTRY_FORMING,2025-04-01T13:30:00+00:00,2025-04-01T13:45:00+00:00,2025-04-01T13:45:00+00:00,2.42,EXACT_NEXT_BAR_OPEN,SIMULATED_LONG_PREMIUM_NO_COST_MODEL,2025-04-17T23:59:59.999999+00:00,PYPL
OPT-LONG-3d2265a087e2dfef,PYPL-PR-0015,O:PYPL250417P00065000,PUT,65.0,2025-04-17,14,0.0,DISCOVERY,ENTRY_FORMING,2025-04-01T13:30:00+00:00,2025-04-01T13:45:00+00:00,2025-04-01T13:45:00+00:00,1.51,EXACT_NEXT_BAR_OPEN,SIMULATED_LONG_PREMIUM_NO_COST_MODEL,2025-04-17T23:59:59.999999+00:00,PYPL
OPT-LONG-53ac5971e4791b64,PYPL-PR-0015,O:PYPL250502P00065000,PUT,65.0,2025-05-02,30,0.0,DISCOVERY,ENTRY_FORMING,2025-04-01T13:30:00+00:00,2025-04-01T13:45:00+00:00,2025-04-01T13:45:00+00:00,3.1,EXACT_NEXT_BAR_OPEN,SIMULATED_LONG_PREMIUM_NO_COST_MODEL,2025-04-22T13:45:00+00:00,PYPL
OPT-LONG-9cb2c5d6b65bb0fc,PYPL-PR-0017,O:PYPL250509C00065000,CALL,65.0,2025-05-09,14,0.0,DISCOVERY,CONTINUATION,2025-04-28T19:00:00+00:00,2025-04-28T19:15:00+00:00,2025-04-28T19:15:00+00:00,2.82,EXACT_NEXT_BAR_OPEN,SIMULATED_LONG_PREMIUM_NO_COST_MODEL,2025-05-09T23:59:59.999999+00:00,PYPL
OPT-LONG-260151512736d17a,PYPL-PR-0017,O:PYPL250509P00065000,PUT,65.0,2025-05-09,14,0.0,DISCOVERY,CONTINUATION,2025-04-28T19:00:00+00:00,2025-04-28T19:15:00+00:00,2025-04-28T19:15:00+00:00,3.05,EXACT_NEXT_BAR_OPEN,SIMULATED_LONG_PREMIUM_NO_COST_MODEL,2025-05-09T23:59:59.999999+00:00,PYPL
OPT-LONG-d56783752293da48,PYPL-PR-0017,O:PYPL250530C00065000,CALL,65.0,2025-05-30,30,0.0,DISCOVERY,CONTINUATION,2025-04-28T19:00:00+00:00,2025-04-28T19:15:00+00:00,2025-04-28T19:15:00+00:00,3.75,EXACT_NEXT_BAR_OPEN,SIMULATED_LONG_PREMIUM_NO_COST_MODEL,2025-05-19T19:15:00+00:00,PYPL
OPT-LONG-6b1efbf954dda49d,PYPL-PR-0018,O:PYPL250620C00073000,CALL,73.0,2025-06-20,30,0.0,DISCOVERY,CONTINUATION,2025-05-21T13:45:00+00:00,2025-05-21T14:00:00+00:00,2025-05-21T14:00:00+00:00,2.46,EXACT_NEXT_BAR_OPEN,SIMULATED_LONG_PREMIUM_NO_COST_MODEL,2025-06-11T14:00:00+00:00,PYPL
OPT-LONG-2a8f16438c01c09a,PYPL-PR-0019,O:PYPL250627C00075000,CALL,75.0,2025-06-27,14,0.0,DISCOVERY,ENTRY_FORMING,2025-06-12T18:30:00+00:00,2025-06-12T18:45:00+00:00,2025-06-12T18:45:00+00:00,1.61,EXACT_NEXT_BAR_OPEN,SIMULATED_LONG_PREMIUM_NO_COST_MODEL,2025-06-27T23:59:59.999999+00:00,PYPL
OPT-LONG-a35958406530fcf4,PYPL-PR-0020,O:PYPL250725C00075000,CALL,75.0,2025-07-25,14,0.0,DISCOVERY,ENTRY_FORMING,2025-07-10T14:15:00+00:00,2025-07-10T14:30:00+00:00,2025-07-10T14:30:00+00:00,2.0,EXACT_NEXT_BAR_OPEN,SIMULATED_LONG_PREMIUM_NO_COST_MODEL,2025-07-25T23:59:59.999999+00:00,PYPL
OPT-LONG-6bf757f7f94403ca,PYPL-PR-0021,O:PYPL250815C00075000,CALL,75.0,2025-08-15,30,0.0,DISCOVERY,CONTINUATION,2025-07-17T19:30:00+00:00,2025-07-17T19:45:00+00:00,2025-07-17T19:45:00+00:00,3.2,EXACT_NEXT_BAR_OPEN,SIMULATED_LONG_PREMIUM_NO_COST_MODEL,2025-08-07T19:45:00+00:00,PYPL
OPT-LONG-e2662de70f551a42,PYPL-PR-0021,O:PYPL250815P00075000,PUT,75.0,2025-08-15,30,0.0,DISCOVERY,CONTINUATION,2025-07-17T19:30:00+00:00,2025-07-17T19:45:00+00:00,2025-07-17T19:45:00+00:00,4.0,EXACT_NEXT_BAR_OPEN,SIMULATED_LONG_PREMIUM_NO_COST_MODEL,2025-08-07T19:45:00+00:00,PYPL
OPT-LONG-fd9ae705d913b523,PYPL-PR-0023,O:PYPL250912C00070000,CALL,70.0,2025-09-12,14,0.0,DISCOVERY,CONTINUATION,2025-08-26T13:45:00+00:00,2025-08-26T14:00:00+00:00,2025-08-26T14:00:00+00:00,1.81,EXACT_NEXT_BAR_OPEN,SIMULATED_LONG_PREMIUM_NO_COST_MODEL,2025-09-12T23:59:59.999999+00:00,PYPL
OPT-LONG-a069224899edc181,PYPL-PR-0024,O:PYPL251003C00068000,CALL,68.0,2025-10-03,14,0.0,DISCOVERY,ENTRY_FORMING,2025-09-17T18:00:00+00:00,2025-09-17T18:15:00+00:00,2025-09-17T18:15:00+00:00,1.9,EXACT_NEXT_BAR_OPEN,SIMULATED_LONG_PREMIUM_NO_COST_MODEL,2025-10-03T23:59:59.999999+00:00,PYPL
OPT-LONG-c70b7a5d9c52ec9d,PYPL-PR-0024,O:PYPL251017C00067500,CALL,67.5,2025-10-17,30,0.0,DISCOVERY,ENTRY_FORMING,2025-09-17T18:00:00+00:00,2025-09-17T18:15:00+00:00,2025-09-17T18:15:00+00:00,2.74,EXACT_NEXT_BAR_OPEN,SIMULATED_LONG_PREMIUM_NO_COST_MODEL,2025-10-08T18:15:00+00:00,PYPL
OPT-LONG-b62c00598305f8f8,PYPL-PR-0024,O:PYPL251017P00067500,PUT,67.5,2025-10-17,30,0.0,DISCOVERY,ENTRY_FORMING,2025-09-17T18:00:00+00:00,2025-09-17T18:15:00+00:00,2025-09-17T18:15:00+00:00,1.95,EXACT_NEXT_BAR_OPEN,SIMULATED_LONG_PREMIUM_NO_COST_MODEL,2025-10-08T18:15:00+00:00,PYPL
OPT-LONG-abc50843ec78b539,PYPL-PR-0025,O:PYPL251010C00070000,CALL,70.0,2025-10-10,14,0.0,DISCOVERY,CONTINUATION,2025-09-29T17:00:00+00:00,2025-09-29T17:15:00+00:00,2025-09-29T17:15:00+00:00,1.72,EXACT_NEXT_BAR_OPEN,SIMULATED_LONG_PREMIUM_NO_COST_MODEL,2025-10-10T23:59:59.999999+00:00,PYPL
OPT-LONG-fdbe452b4dc26b38,PYPL-PR-0025,O:PYPL251010P00070000,PUT,70.0,2025-10-10,14,0.0,DISCOVERY,CONTINUATION,2025-09-29T17:00:00+00:00,2025-09-29T17:15:00+00:00,2025-09-29T17:15:00+00:00,1.62,EXACT_NEXT_BAR_OPEN,SIMULATED_LONG_PREMIUM_NO_COST_MODEL,2025-10-10T23:59:59.999999+00:00,PYPL
OPT-LONG-6e1aac3a21c0f6a6,PYPL-PR-0025,O:PYPL251031C00070000,CALL,70.0,2025-10-31,30,0.0,DISCOVERY,CONTINUATION,2025-09-29T17:00:00+00:00,2025-09-29T17:15:00+00:00,2025-09-29T17:15:00+00:00,3.9,EXACT_NEXT_BAR_OPEN,SIMULATED_LONG_PREMIUM_NO_COST_MODEL,2025-10-20T17:15:00+00:00,PYPL
OPT-LONG-04e343809e9f4700,PYPL-PR-0026,O:PYPL251107C00071000,CALL,71.0,2025-11-07,14,0.0,DISCOVERY,ENTRY_FORMING,2025-10-27T14:00:00+00:00,2025-10-27T14:15:00+00:00,2025-10-27T14:15:00+00:00,3.3,EXACT_NEXT_BAR_OPEN,SIMULATED_LONG_PREMIUM_NO_COST_MODEL,2025-11-07T23:59:59.999999+00:00,PYPL
OPT-LONG-890ae50ba0fca07e,PYPL-PR-0026,O:PYPL251107P00071000,PUT,71.0,2025-11-07,14,0.0,DISCOVERY,ENTRY_FORMING,2025-10-27T14:00:00+00:00,2025-10-27T14:15:00+00:00,2025-10-27T14:15:00+00:00,3.3,EXACT_NEXT_BAR_OPEN,SIMULATED_LONG_PREMIUM_NO_COST_MODEL,2025-11-07T23:59:59.999999+00:00,PYPL
OPT-LONG-b95992d2dfd8eff1,PYPL-PR-0029,O:PYPL260206P00056000,PUT,56.0,2026-02-06,14,0.0,DISCOVERY,CONTINUATION,2026-01-21T18:45:00+00:00,2026-01-21T19:00:00+00:00,2026-01-21T19:00:00+00:00,2.87,EXACT_NEXT_BAR_OPEN,SIMULATED_LONG_PREMIUM_NO_COST_MODEL,2026-02-06T23:59:59.999999+00:00,PYPL
OPT-LONG-b5a1069b0a3e83da,PYPL-PR-0030,O:PYPL260206C00057000,CALL,57.0,2026-02-06,14,0.0,DISCOVERY,ENTRY_FORMING,2026-01-26T15:30:00+00:00,2026-01-26T15:45:00+00:00,2026-01-26T15:45:00+00:00,2.34,EXACT_NEXT_BAR_OPEN,SIMULATED_LONG_PREMIUM_NO_COST_MODEL,2026-02-06T23:59:59.999999+00:00,PYPL
OPT-LONG-d5ef2593a70e6728,PYPL-PR-0032,O:PYPL260320C00042500,CALL,42.5,2026-03-20,30,0.0,HOLDOUT,CONTINUATION,2026-02-20T18:30:00+00:00,2026-02-20T18:45:00+00:00,2026-02-20T18:45:00+00:00,1.5,EXACT_NEXT_BAR_OPEN,SIMULATED_LONG_PREMIUM_NO_COST_MODEL,2026-03-13T18:45:00+00:00,PYPL
OPT-LONG-650d1a0c8adaac2b,PYPL-PR-0033,O:PYPL260313C00046000,CALL,46.0,2026-03-13,14,0.0,HOLDOUT,ENTRY_FORMING,2026-02-27T20:30:00+00:00,2026-02-27T20:45:00+00:00,2026-02-27T20:45:00+00:00,1.71,EXACT_NEXT_BAR_OPEN,SIMULATED_LONG_PREMIUM_NO_COST_MODEL,2026-03-13T23:59:59.999999+00:00,PYPL
OPT-LONG-47cc5531d8112fc7,PYPL-PR-0035,O:PYPL260417C00045000,CALL,45.0,2026-04-17,14,0.0,HOLDOUT,CONTINUATION,2026-03-31T16:30:00+00:00,2026-03-31T16:45:00+00:00,2026-03-31T16:45:00+00:00,1.83,EXACT_NEXT_BAR_OPEN,SIMULATED_LONG_PREMIUM_NO_COST_MODEL,2026-04-17T23:59:59.999999+00:00,PYPL
OPT-LONG-b03eccf0a1d21405,PYPL-PR-0037,O:PYPL260515C00047500,CALL,47.5,2026-05-15,30,0.0,HOLDOUT,ENTRY_FORMING,2026-04-14T19:00:00+00:00,2026-04-14T19:15:00+00:00,2026-04-14T19:15:00+00:00,3.18,EXACT_NEXT_BAR_OPEN,SIMULATED_LONG_PREMIUM_NO_COST_MODEL,2026-05-05T19:15:00+00:00,PYPL
OPT-LONG-cec0bee0f2498bf6,PYPL-PR-0037,O:PYPL260515P00047500,PUT,47.5,2026-05-15,30,0.0,HOLDOUT,ENTRY_FORMING,2026-04-14T19:00:00+00:00,2026-04-14T19:15:00+00:00,2026-04-14T19:15:00+00:00,2.5,EXACT_NEXT_BAR_OPEN,SIMULATED_LONG_PREMIUM_NO_COST_MODEL,2026-05-05T19:15:00+00:00,PYPL
OPT-LONG-8f68c77f52ef7aa9,PYPL-PR-0038,O:PYPL260522P00047000,PUT,47.0,2026-05-22,14,0.0,HOLDOUT,ENTRY_FORMING,2026-05-07T13:30:00+00:00,2026-05-07T13:45:00+00:00,2026-05-07T13:45:00+00:00,1.34,EXACT_NEXT_BAR_OPEN,SIMULATED_LONG_PREMIUM_NO_COST_MODEL,2026-05-22T23:59:59.999999+00:00,PYPL
OPT-LONG-8ea06785ce09f81f,PYPL-PR-0038,O:PYPL260605C00047000,CALL,47.0,2026-06-05,30,0.0,HOLDOUT,ENTRY_FORMING,2026-05-07T13:30:00+00:00,2026-05-07T13:45:00+00:00,2026-05-07T13:45:00+00:00,1.65,EXACT_NEXT_BAR_OPEN,SIMULATED_LONG_PREMIUM_NO_COST_MODEL,2026-05-28T13:45:00+00:00,PYPL
OPT-LONG-87debbfdfe692a8e,PYPL-PR-0039,O:PYPL260618C00044500,CALL,44.5,2026-06-18,30,0.0,HOLDOUT,CONTINUATION,2026-05-21T17:45:00+00:00,2026-05-21T18:00:00+00:00,2026-05-21T18:00:00+00:00,1.64,EXACT_NEXT_BAR_OPEN,SIMULATED_LONG_PREMIUM_NO_COST_MODEL,2026-06-11T18:00:00+00:00,PYPL
OPT-LONG-39721214c29f09f4,PYPL-PR-0040,O:PYPL260618C00043500,CALL,43.5,2026-06-18,14,0.0,HOLDOUT,CONTINUATION,2026-06-04T13:30:00+00:00,2026-06-04T13:45:00+00:00,2026-06-04T13:45:00+00:00,1.2,EXACT_NEXT_BAR_OPEN,SIMULATED_LONG_PREMIUM_NO_COST_MODEL,2026-06-18T23:59:59.999999+00:00,PYPL
OPT-LONG-6d2cc44403d9bdc0,PYPL-PR-0042,O:PYPL260724C00044500,CALL,44.5,2026-07-24,14,0.0,HOLDOUT,CONTINUATION,2026-07-08T19:15:00+00:00,2026-07-08T19:30:00+00:00,2026-07-08T19:30:00+00:00,1.4,EXACT_NEXT_BAR_OPEN,SIMULATED_LONG_PREMIUM_NO_COST_MODEL,2026-07-24T23:59:59.999999+00:00,PYPL
OPT-LONG-28debca069eedf15,PYPL-PR-0043,O:PYPL260731C00057000,CALL,57.0,2026-07-31,14,0.0,HOLDOUT,ENTRY_FORMING,2026-07-20T19:30:00+00:00,2026-07-20T19:45:00+00:00,2026-07-20T19:45:00+00:00,1.97,EXACT_NEXT_BAR_OPEN,SIMULATED_LONG_PREMIUM_NO_COST_MODEL,2026-07-31T23:59:59.999999+00:00,PYPL
OPT-LONG-964e2edf0aa2ce59,PYPL-PR-0044,O:PYPL260814C00059000,CALL,59.0,2026-08-14,14,0.0,HOLDOUT,CONTINUATION,2026-07-29T18:00:00+00:00,2026-07-29T18:15:00+00:00,2026-07-29T18:15:00+00:00,1.75,EXACT_NEXT_BAR_OPEN,SIMULATED_LONG_PREMIUM_NO_COST_MODEL,2026-08-14T23:59:59.999999+00:00,PYPL
OPT-LONG-3d9a0407afbb69a4,PYPL-PR-0045,O:PYPL260821P00059000,PUT,59.0,2026-08-21,14,0.0,HOLDOUT,CONTINUATION,2026-08-06T18:30:00+00:00,2026-08-06T18:45:00+00:00,2026-08-06T18:45:00+00:00,1.13,EXACT_NEXT_BAR_OPEN,SIMULATED_LONG_PREMIUM_NO_COST_MODEL,2026-08-21T23:59:59.999999+00:00,PYPL
OPT-LONG-80277b5a5b775276,RBLX-PR-0003,O:RBLX241025C00041000,CALL,41.0,2024-10-25,14,0.0,DISCOVERY,ENTRY_FORMING,2024-10-09T13:30:00+00:00,2024-10-09T13:45:00+00:00,2024-10-09T13:45:00+00:00,1.78,EXACT_NEXT_BAR_OPEN,SIMULATED_LONG_PREMIUM_NO_COST_MODEL,2024-10-25T23:59:59.999999+00:00,RBLX
OPT-LONG-9a875e4690c0de4b,RBLX-PR-0003,O:RBLX241025P00041000,PUT,41.0,2024-10-25,14,0.0,DISCOVERY,ENTRY_FORMING,2024-10-09T13:30:00+00:00,2024-10-09T13:45:00+00:00,2024-10-09T13:45:00+00:00,1.64,EXACT_NEXT_BAR_OPEN,SIMULATED_LONG_PREMIUM_NO_COST_MODEL,2024-10-25T23:59:59.999999+00:00,RBLX
OPT-LONG-bcb5576ca64f4e76,RBLX-PR-0006,O:RBLX241213C00050000,CALL,50.0,2024-12-13,14,0.0,DISCOVERY,ENTRY_FORMING,2024-11-29T14:30:00+00:00,2024-11-29T14:45:00+00:00,2024-11-29T14:45:00+00:00,1.41,EXACT_NEXT_BAR_OPEN,SIMULATED_LONG_PREMIUM_NO_COST_MODEL,2024-12-13T23:59:59.999999+00:00,RBLX
OPT-LONG-a790dd212ace61d5,RBLX-PR-0006,O:RBLX241213P00050000,PUT,50.0,2024-12-13,14,0.0,DISCOVERY,ENTRY_FORMING,2024-11-29T14:30:00+00:00,2024-11-29T14:45:00+00:00,2024-11-29T14:45:00+00:00,1.34,EXACT_NEXT_BAR_OPEN,SIMULATED_LONG_PREMIUM_NO_COST_MODEL,2024-12-13T23:59:59.999999+00:00,RBLX
OPT-LONG-5e0a05bf5d352332,RBLX-PR-0007,O:RBLX241220P00052500,PUT,52.5,2024-12-20,14,0.0,DISCOVERY,CONTINUATION,2024-12-03T19:30:00+00:00,2024-12-03T19:45:00+00:00,2024-12-03T19:45:00+00:00,1.57,EXACT_NEXT_BAR_OPEN,SIMULATED_LONG_PREMIUM_NO_COST_MODEL,2024-12-20T23:59:59.999999+00:00,RBLX
OPT-LONG-b34462adbe797c9d,RBLX-PR-0008,O:RBLX250117C00060000,CALL,60.0,2025-01-17,30,0.0,DISCOVERY,ENTRY_FORMING,2024-12-20T20:15:00+00:00,2024-12-20T20:30:00+00:00,2024-12-20T20:30:00+00:00,2.5,EXACT_NEXT_BAR_OPEN,SIMULATED_LONG_PREMIUM_NO_COST_MODEL,2025-01-10T20:30:00+00:00,RBLX
OPT-LONG-89238cc1798bb99c,RBLX-PR-0010,O:RBLX250131C00064000,CALL,64.0,2025-01-31,14,0.0,DISCOVERY,ENTRY_FORMING,2025-01-15T20:30:00+00:00,2025-01-15T20:45:00+00:00,2025-01-15T20:45:00+00:00,1.94,EXACT_NEXT_BAR_OPEN,SIMULATED_LONG_PREMIUM_NO_COST_MODEL,2025-01-31T23:59:59.999999+00:00,RBLX
OPT-LONG-795fc6190aeb2b9c,RBLX-PR-0012,O:RBLX250404C00063000,CALL,63.0,2025-04-04,30,0.0,DISCOVERY,CONTINUATION,2025-03-05T20:30:00+00:00,2025-03-05T20:45:00+00:00,2025-03-05T20:45:00+00:00,3.5,EXACT_NEXT_BAR_OPEN,SIMULATED_LONG_PREMIUM_NO_COST_MODEL,2025-03-26T20:45:00+00:00,RBLX
OPT-LONG-5011b4e2bcb35aed,RBLX-PR-0013,O:RBLX250417C00060000,CALL,60.0,2025-04-17,30,0.0,DISCOVERY,ENTRY_FORMING,2025-03-21T13:45:00+00:00,2025-03-21T14:00:00+00:00,2025-03-21T14:00:00+00:00,2.8,EXACT_NEXT_BAR_OPEN,SIMULATED_LONG_PREMIUM_NO_COST_MODEL,2025-04-11T14:00:00+00:00,RBLX
OPT-LONG-ff8400a95012d0dd,RBLX-PR-0014,O:RBLX250516C00060000,CALL,60.0,2025-05-16,30,0.0,DISCOVERY,CONTINUATION,2025-04-15T14:15:00+00:00,2025-04-15T14:30:00+00:00,2025-04-15T14:30:00+00:00,5.03,EXACT_NEXT_BAR_OPEN,SIMULATED_LONG_PREMIUM_NO_COST_MODEL,2025-05-06T14:30:00+00:00,RBLX
OPT-LONG-7c7e09a082675aab,RBLX-PR-0015,O:RBLX250523C00072000,CALL,72.0,2025-05-23,14,0.0,DISCOVERY,ENTRY_FORMING,2025-05-12T13:30:00+00:00,2025-05-12T13:45:00+00:00,2025-05-12T13:45:00+00:00,2.4,EXACT_NEXT_BAR_OPEN,SIMULATED_LONG_PREMIUM_NO_COST_MODEL,2025-05-23T23:59:59.999999+00:00,RBLX
OPT-LONG-188602fbc38114bd,RBLX-PR-0015,O:RBLX250613C00072000,CALL,72.0,2025-06-13,30,0.0,DISCOVERY,ENTRY_FORMING,2025-05-12T13:30:00+00:00,2025-05-12T13:45:00+00:00,2025-05-12T13:45:00+00:00,3.45,EXACT_NEXT_BAR_OPEN,SIMULATED_LONG_PREMIUM_NO_COST_MODEL,2025-06-02T13:45:00+00:00,RBLX
OPT-LONG-456801dfff067db6,RBLX-PR-0015,O:RBLX250613P00072000,PUT,72.0,2025-06-13,30,0.0,DISCOVERY,ENTRY_FORMING,2025-05-12T13:30:00+00:00,2025-05-12T13:45:00+00:00,2025-05-12T13:45:00+00:00,3.08,EXACT_NEXT_BAR_OPEN,SIMULATED_LONG_PREMIUM_NO_COST_MODEL,2025-06-02T13:45:00+00:00,RBLX
OPT-LONG-e4e52df13f5fdcc8,RBLX-PR-0018,O:RBLX250627C00096000,CALL,96.0,2025-06-27,14,0.0,DISCOVERY,ENTRY_FORMING,2025-06-11T19:15:00+00:00,2025-06-11T19:30:00+00:00,2025-06-11T19:30:00+00:00,3.15,EXACT_NEXT_BAR_OPEN,SIMULATED_LONG_PREMIUM_NO_COST_MODEL,2025-06-27T23:59:59.999999+00:00,RBLX
OPT-LONG-f55f7b51b105979f,RBLX-PR-0019,O:RBLX250711C00105000,CALL,105.0,2025-07-11,14,0.0,DISCOVERY,CONTINUATION,2025-06-30T18:00:00+00:00,2025-06-30T18:15:00+00:00,2025-06-30T18:15:00+00:00,2.58,EXACT_NEXT_BAR_OPEN,SIMULATED_LONG_PREMIUM_NO_COST_MODEL,2025-07-11T23:59:59.999999+00:00,RBLX
OPT-LONG-5bc58b93106dc421,RBLX-PR-0021,O:RBLX250815P00124000,PUT,124.0,2025-08-15,14,0.0,DISCOVERY,ENTRY_FORMING,2025-07-30T19:30:00+00:00,2025-07-30T19:45:00+00:00,2025-07-30T19:45:00+00:00,8.3,EXACT_NEXT_BAR_OPEN,SIMULATED_LONG_PREMIUM_NO_COST_MODEL,2025-08-15T23:59:59.999999+00:00,RBLX
OPT-LONG-0243829be5479194,RBLX-PR-0021,O:RBLX250829C00124000,CALL,124.0,2025-08-29,30,0.0,DISCOVERY,ENTRY_FORMING,2025-07-30T19:30:00+00:00,2025-07-30T19:45:00+00:00,2025-07-30T19:45:00+00:00,10.76,EXACT_NEXT_BAR_OPEN,SIMULATED_LONG_PREMIUM_NO_COST_MODEL,2025-08-20T19:45:00+00:00,RBLX
OPT-LONG-03064acf1ef12c6a,RBLX-PR-0024,O:RBLX251010C00134000,CALL,134.0,2025-10-10,14,0.0,DISCOVERY,CONTINUATION,2025-09-24T13:30:00+00:00,2025-09-24T13:45:00+00:00,2025-09-24T13:45:00+00:00,5.65,EXACT_NEXT_BAR_OPEN,SIMULATED_LONG_PREMIUM_NO_COST_MODEL,2025-10-10T23:59:59.999999+00:00,RBLX
OPT-LONG-2d74537682675ed1,RBLX-PR-0024,O:RBLX251024C00134000,CALL,134.0,2025-10-24,30,0.0,DISCOVERY,CONTINUATION,2025-09-24T13:30:00+00:00,2025-09-24T13:45:00+00:00,2025-09-24T13:45:00+00:00,7.28,EXACT_NEXT_BAR_OPEN,SIMULATED_LONG_PREMIUM_NO_COST_MODEL,2025-10-15T13:45:00+00:00,RBLX
OPT-LONG-42325cf28dfb72e6,RBLX-PR-0025,O:RBLX251017P00139000,PUT,139.0,2025-10-17,14,0.0,DISCOVERY,ENTRY_FORMING,2025-09-30T19:30:00+00:00,2025-09-30T19:45:00+00:00,2025-09-30T19:45:00+00:00,6.35,EXACT_NEXT_BAR_OPEN,SIMULATED_LONG_PREMIUM_NO_COST_MODEL,2025-10-17T23:59:59.999999+00:00,RBLX
OPT-LONG-f93b19bcfe6341c9,RBLX-PR-0029,O:RBLX260130C00089000,CALL,89.0,2026-01-30,14,0.0,DISCOVERY,CONTINUATION,2026-01-16T15:30:00+00:00,2026-01-16T15:45:00+00:00,2026-01-16T15:45:00+00:00,4.51,EXACT_NEXT_BAR_OPEN,SIMULATED_LONG_PREMIUM_NO_COST_MODEL,2026-01-30T23:59:59.999999+00:00,RBLX
OPT-LONG-9569c627f39b2db0,RBLX-PR-0031,O:RBLX260213C00069000,CALL,69.0,2026-02-13,14,0.0,HOLDOUT,CONTINUATION,2026-02-02T14:30:00+00:00,2026-02-02T14:45:00+00:00,2026-02-02T14:45:00+00:00,5.7,EXACT_NEXT_BAR_OPEN,SIMULATED_LONG_PREMIUM_NO_COST_MODEL,2026-02-13T23:59:59.999999+00:00,RBLX
OPT-LONG-f4bc3f45ab3d5f65,RBLX-PR-0031,O:RBLX260306C00069000,CALL,69.0,2026-03-06,30,0.0,HOLDOUT,CONTINUATION,2026-02-02T14:30:00+00:00,2026-02-02T14:45:00+00:00,2026-02-02T14:45:00+00:00,6.5,EXACT_NEXT_BAR_OPEN,SIMULATED_LONG_PREMIUM_NO_COST_MODEL,2026-02-23T14:45:00+00:00,RBLX
OPT-LONG-7b9ce31acf5554f2,RBLX-PR-0032,O:RBLX260220P00065000,PUT,65.0,2026-02-20,14,0.0,HOLDOUT,ENTRY_FORMING,2026-02-04T20:00:00+00:00,2026-02-04T20:15:00+00:00,2026-02-04T20:15:00+00:00,5.96,EXACT_NEXT_BAR_OPEN,SIMULATED_LONG_PREMIUM_NO_COST_MODEL,2026-02-20T23:59:59.999999+00:00,RBLX
OPT-LONG-ddc003c20f9ebfa0,RBLX-PR-0035,O:RBLX260417C00060000,CALL,60.0,2026-04-17,30,0.0,HOLDOUT,CONTINUATION,2026-03-18T13:30:00+00:00,2026-03-18T13:45:00+00:00,2026-03-18T13:45:00+00:00,3.85,EXACT_NEXT_BAR_OPEN,SIMULATED_LONG_PREMIUM_NO_COST_MODEL,2026-04-08T13:45:00+00:00,RBLX
OPT-LONG-d8fafee434c661b1,RBLX-PR-0038,O:RBLX260515C00060000,CALL,60.0,2026-05-15,30,0.0,HOLDOUT,ENTRY_FORMING,2026-04-14T17:30:00+00:00,2026-04-14T17:45:00+00:00,2026-04-14T17:45:00+00:00,5.2,EXACT_NEXT_BAR_OPEN,SIMULATED_LONG_PREMIUM_NO_COST_MODEL,2026-05-05T17:45:00+00:00,RBLX
OPT-LONG-25ac48feaa5dc769,RBLX-PR-0041,O:RBLX260605P00045500,PUT,45.5,2026-06-05,14,0.0,HOLDOUT,CONTINUATION,2026-05-20T14:00:00+00:00,2026-05-20T14:15:00+00:00,2026-05-20T14:15:00+00:00,2.68,EXACT_NEXT_BAR_OPEN,SIMULATED_LONG_PREMIUM_NO_COST_MODEL,2026-06-05T23:59:59.999999+00:00,RBLX
OPT-LONG-ee2d2273091f4e2f,RBLX-PR-0042,O:RBLX260702C00052000,CALL,52.0,2026-07-02,14,0.0,HOLDOUT,ENTRY_FORMING,2026-06-18T19:00:00+00:00,2026-06-18T19:15:00+00:00,2026-06-18T19:15:00+00:00,2.64,EXACT_NEXT_BAR_OPEN,SIMULATED_LONG_PREMIUM_NO_COST_MODEL,2026-07-02T23:59:59.999999+00:00,RBLX
OPT-LONG-825d9d7d83aafad6,RBLX-PR-0042,O:RBLX260717P00050000,PUT,50.0,2026-07-17,30,0.0,HOLDOUT,ENTRY_FORMING,2026-06-18T19:00:00+00:00,2026-06-18T19:15:00+00:00,2026-06-18T19:15:00+00:00,2.95,EXACT_NEXT_BAR_OPEN,SIMULATED_LONG_PREMIUM_NO_COST_MODEL,2026-07-09T19:15:00+00:00,RBLX
OPT-LONG-9f4d1a0d6f0f5052,SPY-PR-0001,O:SPY240906C00559000,CALL,559.0,2024-09-06,14,0.0,DISCOVERY,CONTINUATION,2024-08-23T13:30:00+00:00,2024-08-23T13:45:00+00:00,2024-08-23T13:45:00+00:00,6.98,EXACT_NEXT_BAR_OPEN,SIMULATED_LONG_PREMIUM_NO_COST_MODEL,2024-09-06T23:59:59.999999+00:00,SPY
OPT-LONG-cf7005b8284c728b,SPY-PR-0001,O:SPY240906P00559000,PUT,559.0,2024-09-06,14,0.0,DISCOVERY,CONTINUATION,2024-08-23T13:30:00+00:00,2024-08-23T13:45:00+00:00,2024-08-23T13:45:00+00:00,5.3,EXACT_NEXT_BAR_OPEN,SIMULATED_LONG_PREMIUM_NO_COST_MODEL,2024-09-06T23:59:59.999999+00:00,SPY
OPT-LONG-98f3bad60bccbf7b,SPY-PR-0001,O:SPY240920C00559000,CALL,559.0,2024-09-20,30,0.0,DISCOVERY,CONTINUATION,2024-08-23T13:30:00+00:00,2024-08-23T13:45:00+00:00,2024-08-23T13:45:00+00:00,9.65,EXACT_NEXT_BAR_OPEN,SIMULATED_LONG_PREMIUM_NO_COST_MODEL,2024-09-13T13:45:00+00:00,SPY
OPT-LONG-c5878ac762f14dec,SPY-PR-0001,O:SPY240920P00559000,PUT,559.0,2024-09-20,30,0.0,DISCOVERY,CONTINUATION,2024-08-23T13:30:00+00:00,2024-08-23T13:45:00+00:00,2024-08-23T13:45:00+00:00,7.69,EXACT_NEXT_BAR_OPEN,SIMULATED_LONG_PREMIUM_NO_COST_MODEL,2024-09-13T13:45:00+00:00,SPY
OPT-LONG-b7952eb19c1ad641,SPY-PR-0002,O:SPY240906C00561000,CALL,561.0,2024-09-06,14,0.0,DISCOVERY,ENTRY_FORMING,2024-08-23T19:30:00+00:00,2024-08-23T19:45:00+00:00,2024-08-23T19:45:00+00:00,6.26,EXACT_NEXT_BAR_OPEN,SIMULATED_LONG_PREMIUM_NO_COST_MODEL,2024-09-06T23:59:59.999999+00:00,SPY
OPT-LONG-f7c21dc8e38da819,SPY-PR-0002,O:SPY240906P00561000,PUT,561.0,2024-09-06,14,0.0,DISCOVERY,ENTRY_FORMING,2024-08-23T19:30:00+00:00,2024-08-23T19:45:00+00:00,2024-08-23T19:45:00+00:00,4.98,EXACT_NEXT_BAR_OPEN,SIMULATED_LONG_PREMIUM_NO_COST_MODEL,2024-09-06T23:59:59.999999+00:00,SPY
OPT-LONG-c7639b1437c1773e,SPY-PR-0002,O:SPY240920C00561000,CALL,561.0,2024-09-20,30,0.0,DISCOVERY,ENTRY_FORMING,2024-08-23T19:30:00+00:00,2024-08-23T19:45:00+00:00,2024-08-23T19:45:00+00:00,8.99,EXACT_NEXT_BAR_OPEN,SIMULATED_LONG_PREMIUM_NO_COST_MODEL,2024-09-13T19:45:00+00:00,SPY
OPT-LONG-7c0f0c035f1dbf6f,SPY-PR-0002,O:SPY240920P00561000,PUT,561.0,2024-09-20,30,0.0,DISCOVERY,ENTRY_FORMING,2024-08-23T19:30:00+00:00,2024-08-23T19:45:00+00:00,2024-08-23T19:45:00+00:00,7.5,EXACT_NEXT_BAR_OPEN,SIMULATED_LONG_PREMIUM_NO_COST_MODEL,2024-09-13T19:45:00+00:00,SPY
OPT-LONG-34ebce0d46eed6d8,SPY-PR-0003,O:SPY241007P00569000,PUT,569.0,2024-10-07,14,0.0,DISCOVERY,ENTRY_FORMING,2024-09-23T18:45:00+00:00,2024-09-23T19:00:00+00:00,2024-09-23T19:00:00+00:00,4.58,EXACT_NEXT_BAR_OPEN,SIMULATED_LONG_PREMIUM_NO_COST_MODEL,2024-10-07T23:59:59.999999+00:00,SPY
OPT-LONG-424299c79b7840d2,SPY-PR-0003,O:SPY241025P00569000,PUT,569.0,2024-10-25,30,0.0,DISCOVERY,ENTRY_FORMING,2024-09-23T18:45:00+00:00,2024-09-23T19:00:00+00:00,2024-09-23T19:00:00+00:00,7.18,EXACT_NEXT_BAR_OPEN,SIMULATED_LONG_PREMIUM_NO_COST_MODEL,2024-10-14T19:00:00+00:00,SPY
OPT-LONG-f950c349f537bb99,SPY-PR-0004,O:SPY241011C00572000,CALL,572.0,2024-10-11,14,0.0,DISCOVERY,CONTINUATION,2024-09-27T18:45:00+00:00,2024-09-27T19:00:00+00:00,2024-09-27T19:00:00+00:00,6.4,EXACT_NEXT_BAR_OPEN,SIMULATED_LONG_PREMIUM_NO_COST_MODEL,2024-10-11T23:59:59.999999+00:00,SPY
OPT-LONG-00a33f69dc21cd74,SPY-PR-0004,O:SPY241011P00572000,PUT,572.0,2024-10-11,14,0.0,DISCOVERY,CONTINUATION,2024-09-27T18:45:00+00:00,2024-09-27T19:00:00+00:00,2024-09-27T19:00:00+00:00,5.11,EXACT_NEXT_BAR_OPEN,SIMULATED_LONG_PREMIUM_NO_COST_MODEL,2024-10-11T23:59:59.999999+00:00,SPY
OPT-LONG-048685d022d32f1e,SPY-PR-0004,O:SPY241025C00572000,CALL,572.0,2024-10-25,30,0.0,DISCOVERY,CONTINUATION,2024-09-27T18:45:00+00:00,2024-09-27T19:00:00+00:00,2024-09-27T19:00:00+00:00,9.3,EXACT_NEXT_BAR_OPEN,SIMULATED_LONG_PREMIUM_NO_COST_MODEL,2024-10-18T19:00:00+00:00,SPY
OPT-LONG-e5169e455f73d134,SPY-PR-0004,O:SPY241025P00572000,PUT,572.0,2024-10-25,30,0.0,DISCOVERY,CONTINUATION,2024-09-27T18:45:00+00:00,2024-09-27T19:00:00+00:00,2024-09-27T19:00:00+00:00,6.87,EXACT_NEXT_BAR_OPEN,SIMULATED_LONG_PREMIUM_NO_COST_MODEL,2024-10-18T19:00:00+00:00,SPY
OPT-LONG-d508f690d1bc5376,SPY-PR-0005,O:SPY241105C00583000,CALL,583.0,2024-11-05,14,0.0,DISCOVERY,CONTINUATION,2024-10-22T17:30:00+00:00,2024-10-22T17:45:00+00:00,2024-10-22T17:45:00+00:00,6.45,EXACT_NEXT_BAR_OPEN,SIMULATED_LONG_PREMIUM_NO_COST_MODEL,2024-11-05T23:59:59.999999+00:00,SPY
OPT-LONG-1155b516fa935d2f,SPY-PR-0005,O:SPY241105P00583000,PUT,583.0,2024-11-05,14,0.0,DISCOVERY,CONTINUATION,2024-10-22T17:30:00+00:00,2024-10-22T17:45:00+00:00,2024-10-22T17:45:00+00:00,4.75,EXACT_NEXT_BAR_OPEN,SIMULATED_LONG_PREMIUM_NO_COST_MODEL,2024-11-05T23:59:59.999999+00:00,SPY
OPT-LONG-14677b427e8f38da,SPY-PR-0005,O:SPY241122C00583000,CALL,583.0,2024-11-22,30,0.0,DISCOVERY,CONTINUATION,2024-10-22T17:30:00+00:00,2024-10-22T17:45:00+00:00,2024-10-22T17:45:00+00:00,12.16,EXACT_NEXT_BAR_OPEN,SIMULATED_LONG_PREMIUM_NO_COST_MODEL,2024-11-12T17:45:00+00:00,SPY
OPT-LONG-4ccb2d6e00e29991,SPY-PR-0005,O:SPY241122P00583000,PUT,583.0,2024-11-22,30,0.0,DISCOVERY,CONTINUATION,2024-10-22T17:30:00+00:00,2024-10-22T17:45:00+00:00,2024-10-22T17:45:00+00:00,9.1,EXACT_NEXT_BAR_OPEN,SIMULATED_LONG_PREMIUM_NO_COST_MODEL,2024-11-12T17:45:00+00:00,SPY
OPT-LONG-1a815f791c1cf3c3,SPY-PR-0006,O:SPY241107P00579000,PUT,579.0,2024-11-07,14,0.0,DISCOVERY,ENTRY_FORMING,2024-10-24T19:00:00+00:00,2024-10-24T19:15:00+00:00,2024-10-24T19:15:00+00:00,7.07,EXACT_NEXT_BAR_OPEN,SIMULATED_LONG_PREMIUM_NO_COST_MODEL,2024-11-07T23:59:59.999999+00:00,SPY
OPT-LONG-2b17572ae51f9d69,SPY-PR-0006,O:SPY241122C00579000,CALL,579.0,2024-11-22,30,0.0,DISCOVERY,ENTRY_FORMING,2024-10-24T19:00:00+00:00,2024-10-24T19:15:00+00:00,2024-10-24T19:15:00+00:00,12.0,EXACT_NEXT_BAR_OPEN,SIMULATED_LONG_PREMIUM_NO_COST_MODEL,2024-11-14T19:15:00+00:00,SPY
OPT-LONG-dc9eba6f7b892fb5,SPY-PR-0006,O:SPY241122P00579000,PUT,579.0,2024-11-22,30,0.0,DISCOVERY,ENTRY_FORMING,2024-10-24T19:00:00+00:00,2024-10-24T19:15:00+00:00,2024-10-24T19:15:00+00:00,9.43,EXACT_NEXT_BAR_OPEN,SIMULATED_LONG_PREMIUM_NO_COST_MODEL,2024-11-14T19:15:00+00:00,SPY
OPT-LONG-7841bc172ddafbb2,SPY-PR-0007,O:SPY241205C00594000,CALL,594.0,2024-12-05,14,0.0,DISCOVERY,ENTRY_FORMING,2024-11-21T20:30:00+00:00,2024-11-21T20:45:00+00:00,2024-11-21T20:45:00+00:00,6.0,EXACT_NEXT_BAR_OPEN,SIMULATED_LONG_PREMIUM_NO_COST_MODEL,2024-12-05T23:59:59.999999+00:00,SPY
OPT-LONG-b0620223465f57be,SPY-PR-0007,O:SPY241205P00594000,PUT,594.0,2024-12-05,14,0.0,DISCOVERY,ENTRY_FORMING,2024-11-21T20:30:00+00:00,2024-11-21T20:45:00+00:00,2024-11-21T20:45:00+00:00,4.9,EXACT_NEXT_BAR_OPEN,SIMULATED_LONG_PREMIUM_NO_COST_MODEL,2024-12-05T23:59:59.999999+00:00,SPY
OPT-LONG-c0af416d9d092b58,SPY-PR-0007,O:SPY241220C00594000,CALL,594.0,2024-12-20,30,0.0,DISCOVERY,ENTRY_FORMING,2024-11-21T20:30:00+00:00,2024-11-21T20:45:00+00:00,2024-11-21T20:45:00+00:00,10.03,EXACT_NEXT_BAR_OPEN,SIMULATED_LONG_PREMIUM_NO_COST_MODEL,2024-12-12T20:45:00+00:00,SPY
OPT-LONG-28383e06bb674f8e,SPY-PR-0007,O:SPY241220P00594000,PUT,594.0,2024-12-20,30,0.0,DISCOVERY,ENTRY_FORMING,2024-11-21T20:30:00+00:00,2024-11-21T20:45:00+00:00,2024-11-21T20:45:00+00:00,8.16,EXACT_NEXT_BAR_OPEN,SIMULATED_LONG_PREMIUM_NO_COST_MODEL,2024-12-12T20:45:00+00:00,SPY
OPT-LONG-638be7f62935f48c,SPY-PR-0008,O:SPY241227C00604000,CALL,604.0,2024-12-27,14,0.0,DISCOVERY,CONTINUATION,2024-12-13T19:30:00+00:00,2024-12-13T19:45:00+00:00,2024-12-13T19:45:00+00:00,4.0,EXACT_NEXT_BAR_OPEN,SIMULATED_LONG_PREMIUM_NO_COST_MODEL,2024-12-27T23:59:59.999999+00:00,SPY
OPT-LONG-cfc2f8beefe81307,SPY-PR-0008,O:SPY241227P00604000,PUT,604.0,2024-12-27,14,0.0,DISCOVERY,CONTINUATION,2024-12-13T19:30:00+00:00,2024-12-13T19:45:00+00:00,2024-12-13T19:45:00+00:00,4.25,EXACT_NEXT_BAR_OPEN,SIMULATED_LONG_PREMIUM_NO_COST_MODEL,2024-12-27T23:59:59.999999+00:00,SPY
OPT-LONG-a1f795794eaa0df6,SPY-PR-0008,O:SPY250110C00604000,CALL,604.0,2025-01-10,30,0.0,DISCOVERY,CONTINUATION,2024-12-13T19:30:00+00:00,2024-12-13T19:45:00+00:00,2024-12-13T19:45:00+00:00,7.29,EXACT_NEXT_BAR_OPEN,SIMULATED_LONG_PREMIUM_NO_COST_MODEL,2025-01-03T19:45:00+00:00,SPY
OPT-LONG-3ef6053daacd7165,SPY-PR-0009,O:SPY250122C00590000,CALL,590.0,2025-01-22,14,0.0,DISCOVERY,ENTRY_FORMING,2025-01-08T19:15:00+00:00,2025-01-08T19:30:00+00:00,2025-01-08T19:30:00+00:00,6.73,EXACT_NEXT_BAR_OPEN,SIMULATED_LONG_PREMIUM_NO_COST_MODEL,2025-01-22T23:59:59.999999+00:00,SPY
OPT-LONG-f108926eb351b133,SPY-PR-0009,O:SPY250122P00590000,PUT,590.0,2025-01-22,14,0.0,DISCOVERY,ENTRY_FORMING,2025-01-08T19:15:00+00:00,2025-01-08T19:30:00+00:00,2025-01-08T19:30:00+00:00,6.6,EXACT_NEXT_BAR_OPEN,SIMULATED_LONG_PREMIUM_NO_COST_MODEL,2025-01-22T23:59:59.999999+00:00,SPY
OPT-LONG-cb074e06a6d2e6f6,SPY-PR-0009,O:SPY250207C00590000,CALL,590.0,2025-02-07,30,0.0,DISCOVERY,ENTRY_FORMING,2025-01-08T19:15:00+00:00,2025-01-08T19:30:00+00:00,2025-01-08T19:30:00+00:00,10.63,EXACT_NEXT_BAR_OPEN,SIMULATED_LONG_PREMIUM_NO_COST_MODEL,2025-01-29T19:30:00+00:00,SPY
OPT-LONG-aa99bb3abb190d62,SPY-PR-0009,O:SPY250207P00590000,PUT,590.0,2025-02-07,30,0.0,DISCOVERY,ENTRY_FORMING,2025-01-08T19:15:00+00:00,2025-01-08T19:30:00+00:00,2025-01-08T19:30:00+00:00,9.1,EXACT_NEXT_BAR_OPEN,SIMULATED_LONG_PREMIUM_NO_COST_MODEL,2025-01-29T19:30:00+00:00,SPY
OPT-LONG-e121437938f09812,SPY-PR-0010,O:SPY250213C00606000,CALL,606.0,2025-02-13,14,0.0,DISCOVERY,CONTINUATION,2025-01-30T20:00:00+00:00,2025-01-30T20:15:00+00:00,2025-01-30T20:15:00+00:00,6.78,EXACT_NEXT_BAR_OPEN,SIMULATED_LONG_PREMIUM_NO_COST_MODEL,2025-02-13T23:59:59.999999+00:00,SPY
OPT-LONG-110a6a6863306f7c,SPY-PR-0010,O:SPY250213P00606000,PUT,606.0,2025-02-13,14,0.0,DISCOVERY,CONTINUATION,2025-01-30T20:00:00+00:00,2025-01-30T20:15:00+00:00,2025-01-30T20:15:00+00:00,5.55,EXACT_NEXT_BAR_OPEN,SIMULATED_LONG_PREMIUM_NO_COST_MODEL,2025-02-13T23:59:59.999999+00:00,SPY
OPT-LONG-96504b8b71877d93,SPY-PR-0010,O:SPY250228C00606000,CALL,606.0,2025-02-28,30,0.0,DISCOVERY,CONTINUATION,2025-01-30T20:00:00+00:00,2025-01-30T20:15:00+00:00,2025-01-30T20:15:00+00:00,9.84,EXACT_NEXT_BAR_OPEN,SIMULATED_LONG_PREMIUM_NO_COST_MODEL,2025-02-20T20:15:00+00:00,SPY
OPT-LONG-2e78f9771b4e3c9a,SPY-PR-0010,O:SPY250228P00606000,PUT,606.0,2025-02-28,30,0.0,DISCOVERY,CONTINUATION,2025-01-30T20:00:00+00:00,2025-01-30T20:15:00+00:00,2025-01-30T20:15:00+00:00,7.59,EXACT_NEXT_BAR_OPEN,SIMULATED_LONG_PREMIUM_NO_COST_MODEL,2025-02-20T20:15:00+00:00,SPY
OPT-LONG-1972080dcae32115,SPY-PR-0011,O:SPY250306P00610000,PUT,610.0,2025-03-06,14,0.0,DISCOVERY,ENTRY_FORMING,2025-02-20T19:45:00+00:00,2025-02-20T20:00:00+00:00,2025-02-20T20:00:00+00:00,4.95,EXACT_NEXT_BAR_OPEN,SIMULATED_LONG_PREMIUM_NO_COST_MODEL,2025-03-06T23:59:59.999999+00:00,SPY
OPT-LONG-f3d4e4bcfa4bb6a0,SPY-PR-0011,O:SPY250321C00610000,CALL,610.0,2025-03-21,30,0.0,DISCOVERY,ENTRY_FORMING,2025-02-20T19:45:00+00:00,2025-02-20T20:00:00+00:00,2025-02-20T20:00:00+00:00,9.0,EXACT_NEXT_BAR_OPEN,SIMULATED_LONG_PREMIUM_NO_COST_MODEL,2025-03-13T20:00:00+00:00,SPY
OPT-LONG-0dd8ceee32a573e6,SPY-PR-0011,O:SPY250321P00610000,PUT,610.0,2025-03-21,30,0.0,DISCOVERY,ENTRY_FORMING,2025-02-20T19:45:00+00:00,2025-02-20T20:00:00+00:00,2025-02-20T20:00:00+00:00,7.78,EXACT_NEXT_BAR_OPEN,SIMULATED_LONG_PREMIUM_NO_COST_MODEL,2025-03-13T20:00:00+00:00,SPY
OPT-LONG-00092c378ba54a80,SPY-PR-0016,O:SPY250604C00590000,CALL,590.0,2025-06-04,14,0.0,DISCOVERY,CONTINUATION,2025-05-21T15:00:00+00:00,2025-05-21T15:15:00+00:00,2025-05-21T15:15:00+00:00,8.61,EXACT_NEXT_BAR_OPEN,SIMULATED_LONG_PREMIUM_NO_COST_MODEL,2025-06-04T23:59:59.999999+00:00,SPY
OPT-LONG-d0c97b1963b3662a,SPY-PR-0016,O:SPY250604P00590000,PUT,590.0,2025-06-04,14,0.0,DISCOVERY,CONTINUATION,2025-05-21T15:00:00+00:00,2025-05-21T15:15:00+00:00,2025-05-21T15:15:00+00:00,5.94,EXACT_NEXT_BAR_OPEN,SIMULATED_LONG_PREMIUM_NO_COST_MODEL,2025-06-04T23:59:59.999999+00:00,SPY
OPT-LONG-b0713edfcc90f388,SPY-PR-0016,O:SPY250620C00592000,CALL,592.0,2025-06-20,30,0.0,DISCOVERY,CONTINUATION,2025-05-21T15:00:00+00:00,2025-05-21T15:15:00+00:00,2025-05-21T15:15:00+00:00,11.39,EXACT_NEXT_BAR_OPEN,SIMULATED_LONG_PREMIUM_NO_COST_MODEL,2025-06-11T15:15:00+00:00,SPY
OPT-LONG-ea47d68ac44a66b6,SPY-PR-0016,O:SPY250620P00592000,PUT,592.0,2025-06-20,30,0.0,DISCOVERY,CONTINUATION,2025-05-21T15:00:00+00:00,2025-05-21T15:15:00+00:00,2025-05-21T15:15:00+00:00,10.15,EXACT_NEXT_BAR_OPEN,SIMULATED_LONG_PREMIUM_NO_COST_MODEL,2025-06-11T15:15:00+00:00,SPY
OPT-LONG-43e5984bdc09229a,SPY-PR-0017,O:SPY250617C00595000,CALL,595.0,2025-06-17,14,0.0,DISCOVERY,ENTRY_FORMING,2025-06-03T19:30:00+00:00,2025-06-03T19:45:00+00:00,2025-06-03T19:45:00+00:00,7.63,EXACT_NEXT_BAR_OPEN,SIMULATED_LONG_PREMIUM_NO_COST_MODEL,2025-06-17T23:59:59.999999+00:00,SPY
OPT-LONG-c9a282f5472a184c,SPY-PR-0017,O:SPY250617P00595000,PUT,595.0,2025-06-17,14,0.0,DISCOVERY,ENTRY_FORMING,2025-06-03T19:30:00+00:00,2025-06-03T19:45:00+00:00,2025-06-03T19:45:00+00:00,5.88,EXACT_NEXT_BAR_OPEN,SIMULATED_LONG_PREMIUM_NO_COST_MODEL,2025-06-17T23:59:59.999999+00:00,SPY
OPT-LONG-d02dacd7724b3398,SPY-PR-0017,O:SPY250703C00596000,CALL,596.0,2025-07-03,30,0.0,DISCOVERY,ENTRY_FORMING,2025-06-03T19:30:00+00:00,2025-06-03T19:45:00+00:00,2025-06-03T19:45:00+00:00,10.26,EXACT_NEXT_BAR_OPEN,SIMULATED_LONG_PREMIUM_NO_COST_MODEL,2025-06-24T19:45:00+00:00,SPY
OPT-LONG-b8f4222262e9ef08,SPY-PR-0017,O:SPY250703P00596000,PUT,596.0,2025-07-03,30,0.0,DISCOVERY,ENTRY_FORMING,2025-06-03T19:30:00+00:00,2025-06-03T19:45:00+00:00,2025-06-03T19:45:00+00:00,10.02,EXACT_NEXT_BAR_OPEN,SIMULATED_LONG_PREMIUM_NO_COST_MODEL,2025-06-24T19:45:00+00:00,SPY
OPT-LONG-a9456cba82987740,SPY-PR-0018,O:SPY250715C00620000,CALL,620.0,2025-07-15,14,0.0,DISCOVERY,CONTINUATION,2025-07-02T14:45:00+00:00,2025-07-02T15:00:00+00:00,2025-07-02T15:00:00+00:00,5.8,EXACT_NEXT_BAR_OPEN,SIMULATED_LONG_PREMIUM_NO_COST_MODEL,2025-07-15T23:59:59.999999+00:00,SPY
OPT-LONG-47322ebb5bdd9434,SPY-PR-0018,O:SPY250801C00619000,CALL,619.0,2025-08-01,30,0.0,DISCOVERY,CONTINUATION,2025-07-02T14:45:00+00:00,2025-07-02T15:00:00+00:00,2025-07-02T15:00:00+00:00,11.33,EXACT_NEXT_BAR_OPEN,SIMULATED_LONG_PREMIUM_NO_COST_MODEL,2025-07-23T15:00:00+00:00,SPY
OPT-LONG-07660ca1fa2fb56f,SPY-PR-0018,O:SPY250801P00619000,PUT,619.0,2025-08-01,30,0.0,DISCOVERY,CONTINUATION,2025-07-02T14:45:00+00:00,2025-07-02T15:00:00+00:00,2025-07-02T15:00:00+00:00,9.09,EXACT_NEXT_BAR_OPEN,SIMULATED_LONG_PREMIUM_NO_COST_MODEL,2025-07-23T15:00:00+00:00,SPY
OPT-LONG-1dd4e5cc5a66c173,SPY-PR-0019,O:SPY250808C00624000,CALL,624.0,2025-08-08,30,0.0,DISCOVERY,ENTRY_FORMING,2025-07-09T19:15:00+00:00,2025-07-09T19:30:00+00:00,2025-07-09T19:30:00+00:00,10.68,EXACT_NEXT_BAR_OPEN,SIMULATED_LONG_PREMIUM_NO_COST_MODEL,2025-07-30T19:30:00+00:00,SPY
OPT-LONG-459b8f288119f341,SPY-PR-0019,O:SPY250808P00624000,PUT,624.0,2025-08-08,30,0.0,DISCOVERY,ENTRY_FORMING,2025-07-09T19:15:00+00:00,2025-07-09T19:30:00+00:00,2025-07-09T19:30:00+00:00,8.7,EXACT_NEXT_BAR_OPEN,SIMULATED_LONG_PREMIUM_NO_COST_MODEL,2025-07-30T19:30:00+00:00,SPY
OPT-LONG-63db2d8b45f1dcf7,SPY-PR-0020,O:SPY250808C00637000,CALL,637.0,2025-08-08,14,0.0,DISCOVERY,CONTINUATION,2025-07-25T19:30:00+00:00,2025-07-25T19:45:00+00:00,2025-07-25T19:45:00+00:00,6.46,EXACT_NEXT_BAR_OPEN,SIMULATED_LONG_PREMIUM_NO_COST_MODEL,2025-08-08T23:59:59.999999+00:00,SPY
OPT-LONG-70c353e48e244f09,SPY-PR-0020,O:SPY250808P00637000,PUT,637.0,2025-08-08,14,0.0,DISCOVERY,CONTINUATION,2025-07-25T19:30:00+00:00,2025-07-25T19:45:00+00:00,2025-07-25T19:45:00+00:00,5.17,EXACT_NEXT_BAR_OPEN,SIMULATED_LONG_PREMIUM_NO_COST_MODEL,2025-08-08T23:59:59.999999+00:00,SPY
OPT-LONG-a021fe2efab45911,SPY-PR-0020,O:SPY250822C00637000,CALL,637.0,2025-08-22,30,0.0,DISCOVERY,CONTINUATION,2025-07-25T19:30:00+00:00,2025-07-25T19:45:00+00:00,2025-07-25T19:45:00+00:00,9.97,EXACT_NEXT_BAR_OPEN,SIMULATED_LONG_PREMIUM_NO_COST_MODEL,2025-08-15T19:45:00+00:00,SPY
OPT-LONG-27a6e9afb330599a,SPY-PR-0020,O:SPY250822P00637000,PUT,637.0,2025-08-22,30,0.0,DISCOVERY,CONTINUATION,2025-07-25T19:30:00+00:00,2025-07-25T19:45:00+00:00,2025-07-25T19:45:00+00:00,7.57,EXACT_NEXT_BAR_OPEN,SIMULATED_LONG_PREMIUM_NO_COST_MODEL,2025-08-15T19:45:00+00:00,SPY
OPT-LONG-06dcfefe01fb2b25,SPY-PR-0021,O:SPY250818C00630000,CALL,630.0,2025-08-18,14,0.0,DISCOVERY,ENTRY_FORMING,2025-08-04T19:15:00+00:00,2025-08-04T19:30:00+00:00,2025-08-04T19:30:00+00:00,7.08,EXACT_NEXT_BAR_OPEN,SIMULATED_LONG_PREMIUM_NO_COST_MODEL,2025-08-18T23:59:59.999999+00:00,SPY
OPT-LONG-ac55e4e63d6cb9ef,SPY-PR-0021,O:SPY250818P00630000,PUT,630.0,2025-08-18,14,0.0,DISCOVERY,ENTRY_FORMING,2025-08-04T19:15:00+00:00,2025-08-04T19:30:00+00:00,2025-08-04T19:30:00+00:00,5.88,EXACT_NEXT_BAR_OPEN,SIMULATED_LONG_PREMIUM_NO_COST_MODEL,2025-08-18T23:59:59.999999+00:00,SPY
OPT-LONG-6bdf0a0fb944b094,SPY-PR-0021,O:SPY250905P00630000,PUT,630.0,2025-09-05,30,0.0,DISCOVERY,ENTRY_FORMING,2025-08-04T19:15:00+00:00,2025-08-04T19:30:00+00:00,2025-08-04T19:30:00+00:00,9.3,EXACT_NEXT_BAR_OPEN,SIMULATED_LONG_PREMIUM_NO_COST_MODEL,2025-08-25T19:30:00+00:00,SPY
OPT-LONG-632aaa3cf69652f6,SPY-PR-0022,O:SPY250902C00645000,CALL,645.0,2025-09-02,14,0.0,DISCOVERY,CONTINUATION,2025-08-18T18:30:00+00:00,2025-08-18T18:45:00+00:00,2025-08-18T18:45:00+00:00,5.21,EXACT_NEXT_BAR_OPEN,SIMULATED_LONG_PREMIUM_NO_COST_MODEL,2025-09-02T23:59:59.999999+00:00,SPY
OPT-LONG-df82b9d492e744ca,SPY-PR-0022,O:SPY250919C00643000,CALL,643.0,2025-09-19,30,0.0,DISCOVERY,CONTINUATION,2025-08-18T18:30:00+00:00,2025-08-18T18:45:00+00:00,2025-08-18T18:45:00+00:00,10.3,EXACT_NEXT_BAR_OPEN,SIMULATED_LONG_PREMIUM_NO_COST_MODEL,2025-09-08T18:45:00+00:00,SPY
OPT-LONG-8595110f69d53167,SPY-PR-0022,O:SPY250919P00643000,PUT,643.0,2025-09-19,30,0.0,DISCOVERY,CONTINUATION,2025-08-18T18:30:00+00:00,2025-08-18T18:45:00+00:00,2025-08-18T18:45:00+00:00,8.37,EXACT_NEXT_BAR_OPEN,SIMULATED_LONG_PREMIUM_NO_COST_MODEL,2025-09-08T18:45:00+00:00,SPY
OPT-LONG-5faef505281b2ef6,SPY-PR-0025,O:SPY251028C00665000,CALL,665.0,2025-10-28,14,0.0,DISCOVERY,ENTRY_FORMING,2025-10-15T19:30:00+00:00,2025-10-15T19:45:00+00:00,2025-10-15T19:45:00+00:00,8.19,EXACT_NEXT_BAR_OPEN,SIMULATED_LONG_PREMIUM_NO_COST_MODEL,2025-10-28T23:59:59.999999+00:00,SPY
OPT-LONG-bcd05b03b1f1ab5c,SPY-PR-0025,O:SPY251028P00665000,PUT,665.0,2025-10-28,14,0.0,DISCOVERY,ENTRY_FORMING,2025-10-15T19:30:00+00:00,2025-10-15T19:45:00+00:00,2025-10-15T19:45:00+00:00,7.5,EXACT_NEXT_BAR_OPEN,SIMULATED_LONG_PREMIUM_NO_COST_MODEL,2025-10-28T23:59:59.999999+00:00,SPY
OPT-LONG-0f7049b63ac219b8,SPY-PR-0025,O:SPY251114C00665000,CALL,665.0,2025-11-14,30,0.0,DISCOVERY,ENTRY_FORMING,2025-10-15T19:30:00+00:00,2025-10-15T19:45:00+00:00,2025-10-15T19:45:00+00:00,13.72,EXACT_NEXT_BAR_OPEN,SIMULATED_LONG_PREMIUM_NO_COST_MODEL,2025-11-05T19:45:00+00:00,SPY
OPT-LONG-9a9f05758f955970,SPY-PR-0025,O:SPY251114P00665000,PUT,665.0,2025-11-14,30,0.0,DISCOVERY,ENTRY_FORMING,2025-10-15T19:30:00+00:00,2025-10-15T19:45:00+00:00,2025-10-15T19:45:00+00:00,12.05,EXACT_NEXT_BAR_OPEN,SIMULATED_LONG_PREMIUM_NO_COST_MODEL,2025-11-05T19:45:00+00:00,SPY
OPT-LONG-23a1cfae1e74e2ef,SPY-PR-0026,O:SPY251124C00680000,CALL,680.0,2025-11-24,14,0.0,DISCOVERY,CONTINUATION,2025-11-10T20:45:00+00:00,2025-11-10T21:00:00+00:00,2025-11-10T21:00:00+00:00,8.7,EXACT_NEXT_BAR_OPEN,SIMULATED_LONG_PREMIUM_NO_COST_MODEL,2025-11-24T23:59:59.999999+00:00,SPY
OPT-LONG-f30d2fbd0996d331,SPY-PR-0026,O:SPY251124P00680000,PUT,680.0,2025-11-24,14,0.0,DISCOVERY,CONTINUATION,2025-11-10T20:45:00+00:00,2025-11-10T21:00:00+00:00,2025-11-10T21:00:00+00:00,6.13,EXACT_NEXT_BAR_OPEN,SIMULATED_LONG_PREMIUM_NO_COST_MODEL,2025-11-24T23:59:59.999999+00:00,SPY
OPT-LONG-a9027b03965b2ddc,SPY-PR-0026,O:SPY251212C00681000,CALL,681.0,2025-12-12,30,0.0,DISCOVERY,CONTINUATION,2025-11-10T20:45:00+00:00,2025-11-10T21:00:00+00:00,2025-11-10T21:00:00+00:00,13.59,EXACT_NEXT_BAR_OPEN,SIMULATED_LONG_PREMIUM_NO_COST_MODEL,2025-12-01T21:00:00+00:00,SPY
OPT-LONG-539d31f5fe0bd888,SPY-PR-0026,O:SPY251212P00681000,PUT,681.0,2025-12-12,30,0.0,DISCOVERY,CONTINUATION,2025-11-10T20:45:00+00:00,2025-11-10T21:00:00+00:00,2025-11-10T21:00:00+00:00,10.46,EXACT_NEXT_BAR_OPEN,SIMULATED_LONG_PREMIUM_NO_COST_MODEL,2025-12-01T21:00:00+00:00,SPY
OPT-LONG-4e218e271c918959,SPY-PR-0027,O:SPY251231C00681000,CALL,681.0,2025-12-31,30,0.0,DISCOVERY,ENTRY_FORMING,2025-12-02T20:45:00+00:00,2025-12-02T21:00:00+00:00,2025-12-02T21:00:00+00:00,10.96,EXACT_NEXT_BAR_OPEN,SIMULATED_LONG_PREMIUM_NO_COST_MODEL,2025-12-23T21:00:00+00:00,SPY
OPT-LONG-8ad75993a0686602,SPY-PR-0027,O:SPY251231P00681000,PUT,681.0,2025-12-31,30,0.0,DISCOVERY,ENTRY_FORMING,2025-12-02T20:45:00+00:00,2025-12-02T21:00:00+00:00,2025-12-02T21:00:00+00:00,10.17,EXACT_NEXT_BAR_OPEN,SIMULATED_LONG_PREMIUM_NO_COST_MODEL,2025-12-23T21:00:00+00:00,SPY
OPT-LONG-31b68d66900f3e36,SPY-PR-0031,O:SPY260213C00693000,CALL,693.0,2026-02-13,14,0.0,HOLDOUT,ENTRY_FORMING,2026-02-02T14:30:00+00:00,2026-02-02T14:45:00+00:00,2026-02-02T14:45:00+00:00,7.39,EXACT_NEXT_BAR_OPEN,SIMULATED_LONG_PREMIUM_NO_COST_MODEL,2026-02-13T23:59:59.999999+00:00,SPY
OPT-LONG-315db28a097a1bac,SPY-PR-0031,O:SPY260213P00693000,PUT,693.0,2026-02-13,14,0.0,HOLDOUT,ENTRY_FORMING,2026-02-02T14:30:00+00:00,2026-02-02T14:45:00+00:00,2026-02-02T14:45:00+00:00,6.88,EXACT_NEXT_BAR_OPEN,SIMULATED_LONG_PREMIUM_NO_COST_MODEL,2026-02-13T23:59:59.999999+00:00,SPY
OPT-LONG-4f4fa0473df5fa15,SPY-PR-0031,O:SPY260306C00693000,CALL,693.0,2026-03-06,30,0.0,HOLDOUT,ENTRY_FORMING,2026-02-02T14:30:00+00:00,2026-02-02T14:45:00+00:00,2026-02-02T14:45:00+00:00,12.91,EXACT_NEXT_BAR_OPEN,SIMULATED_LONG_PREMIUM_NO_COST_MODEL,2026-02-23T14:45:00+00:00,SPY
OPT-LONG-6e85330c65bd7a0e,SPY-PR-0031,O:SPY260306P00693000,PUT,693.0,2026-03-06,30,0.0,HOLDOUT,ENTRY_FORMING,2026-02-02T14:30:00+00:00,2026-02-02T14:45:00+00:00,2026-02-02T14:45:00+00:00,10.88,EXACT_NEXT_BAR_OPEN,SIMULATED_LONG_PREMIUM_NO_COST_MODEL,2026-02-23T14:45:00+00:00,SPY
OPT-LONG-c4d3604045b00b50,TSLA-PR-0001,O:TSLA240906C00217500,CALL,217.5,2024-09-06,14,0.0,DISCOVERY,CONTINUATION,2024-08-23T13:30:00+00:00,2024-08-23T13:45:00+00:00,2024-08-23T13:45:00+00:00,7.75,EXACT_NEXT_BAR_OPEN,SIMULATED_LONG_PREMIUM_NO_COST_MODEL,2024-09-06T23:59:59.999999+00:00,TSLA
OPT-LONG-c0845cf717edf46c,TSLA-PR-0001,O:TSLA240906P00217500,PUT,217.5,2024-09-06,14,0.0,DISCOVERY,CONTINUATION,2024-08-23T13:30:00+00:00,2024-08-23T13:45:00+00:00,2024-08-23T13:45:00+00:00,8.8,EXACT_NEXT_BAR_OPEN,SIMULATED_LONG_PREMIUM_NO_COST_MODEL,2024-09-06T23:59:59.999999+00:00,TSLA
OPT-LONG-cf870f3f70460281,TSLA-PR-0001,O:TSLA240920C00217500,CALL,217.5,2024-09-20,30,0.0,DISCOVERY,CONTINUATION,2024-08-23T13:30:00+00:00,2024-08-23T13:45:00+00:00,2024-08-23T13:45:00+00:00,11.2,EXACT_NEXT_BAR_OPEN,SIMULATED_LONG_PREMIUM_NO_COST_MODEL,2024-09-13T13:45:00+00:00,TSLA
OPT-LONG-169ab4f899a206e8,TSLA-PR-0001,O:TSLA240920P00217500,PUT,217.5,2024-09-20,30,0.0,DISCOVERY,CONTINUATION,2024-08-23T13:30:00+00:00,2024-08-23T13:45:00+00:00,2024-08-23T13:45:00+00:00,11.87,EXACT_NEXT_BAR_OPEN,SIMULATED_LONG_PREMIUM_NO_COST_MODEL,2024-09-13T13:45:00+00:00,TSLA
OPT-LONG-5626d3e63d281472,TSLA-PR-0003,O:TSLA241004C00230000,CALL,230.0,2024-10-04,14,0.0,DISCOVERY,CONTINUATION,2024-09-18T18:00:00+00:00,2024-09-18T18:15:00+00:00,2024-09-18T18:15:00+00:00,11.7,EXACT_NEXT_BAR_OPEN,SIMULATED_LONG_PREMIUM_NO_COST_MODEL,2024-10-04T23:59:59.999999+00:00,TSLA
OPT-LONG-1286c5d37ea865bf,TSLA-PR-0003,O:TSLA241004P00230000,PUT,230.0,2024-10-04,14,0.0,DISCOVERY,CONTINUATION,2024-09-18T18:00:00+00:00,2024-09-18T18:15:00+00:00,2024-09-18T18:15:00+00:00,10.2,EXACT_NEXT_BAR_OPEN,SIMULATED_LONG_PREMIUM_NO_COST_MODEL,2024-10-04T23:59:59.999999+00:00,TSLA
OPT-LONG-436a23df8a38ea71,TSLA-PR-0003,O:TSLA241018C00230000,CALL,230.0,2024-10-18,30,0.0,DISCOVERY,CONTINUATION,2024-09-18T18:00:00+00:00,2024-09-18T18:15:00+00:00,2024-09-18T18:15:00+00:00,17.27,EXACT_NEXT_BAR_OPEN,SIMULATED_LONG_PREMIUM_NO_COST_MODEL,2024-10-09T18:15:00+00:00,TSLA
OPT-LONG-bc1f7691ea6ad420,TSLA-PR-0003,O:TSLA241018P00230000,PUT,230.0,2024-10-18,30,0.0,DISCOVERY,CONTINUATION,2024-09-18T18:00:00+00:00,2024-09-18T18:15:00+00:00,2024-09-18T18:15:00+00:00,15.15,EXACT_NEXT_BAR_OPEN,SIMULATED_LONG_PREMIUM_NO_COST_MODEL,2024-10-09T18:15:00+00:00,TSLA
OPT-LONG-0c928f208ffbc0dd,TSLA-PR-0006,O:TSLA241213C00340000,CALL,340.0,2024-12-13,14,0.0,DISCOVERY,ENTRY_FORMING,2024-11-29T14:45:00+00:00,2024-11-29T15:00:00+00:00,2024-11-29T15:00:00+00:00,12.85,EXACT_NEXT_BAR_OPEN,SIMULATED_LONG_PREMIUM_NO_COST_MODEL,2024-12-13T23:59:59.999999+00:00,TSLA
OPT-LONG-35ae8a750a949b4d,TSLA-PR-0006,O:TSLA241213P00340000,PUT,340.0,2024-12-13,14,0.0,DISCOVERY,ENTRY_FORMING,2024-11-29T14:45:00+00:00,2024-11-29T15:00:00+00:00,2024-11-29T15:00:00+00:00,13.35,EXACT_NEXT_BAR_OPEN,SIMULATED_LONG_PREMIUM_NO_COST_MODEL,2024-12-13T23:59:59.999999+00:00,TSLA
OPT-LONG-ca9b37aa7faea21e,TSLA-PR-0006,O:TSLA241227C00340000,CALL,340.0,2024-12-27,30,0.0,DISCOVERY,ENTRY_FORMING,2024-11-29T14:45:00+00:00,2024-11-29T15:00:00+00:00,2024-11-29T15:00:00+00:00,18.0,EXACT_NEXT_BAR_OPEN,SIMULATED_LONG_PREMIUM_NO_COST_MODEL,2024-12-20T15:00:00+00:00,TSLA
OPT-LONG-574368195b9fe047,TSLA-PR-0006,O:TSLA241227P00340000,PUT,340.0,2024-12-27,30,0.0,DISCOVERY,ENTRY_FORMING,2024-11-29T14:45:00+00:00,2024-11-29T15:00:00+00:00,2024-11-29T15:00:00+00:00,17.9,EXACT_NEXT_BAR_OPEN,SIMULATED_LONG_PREMIUM_NO_COST_MODEL,2024-12-20T15:00:00+00:00,TSLA
OPT-LONG-377dfc1f8820958d,TSLA-PR-0007,O:TSLA241213C00360000,CALL,360.0,2024-12-13,14,0.0,DISCOVERY,CONTINUATION,2024-12-02T20:30:00+00:00,2024-12-02T20:45:00+00:00,2024-12-02T20:45:00+00:00,12.8,EXACT_NEXT_BAR_OPEN,SIMULATED_LONG_PREMIUM_NO_COST_MODEL,2024-12-13T23:59:59.999999+00:00,TSLA
OPT-LONG-94f4813fb7af6b96,TSLA-PR-0007,O:TSLA241213P00360000,PUT,360.0,2024-12-13,14,0.0,DISCOVERY,CONTINUATION,2024-12-02T20:30:00+00:00,2024-12-02T20:45:00+00:00,2024-12-02T20:45:00+00:00,14.6,EXACT_NEXT_BAR_OPEN,SIMULATED_LONG_PREMIUM_NO_COST_MODEL,2024-12-13T23:59:59.999999+00:00,TSLA
OPT-LONG-3da71dc7639b7b8c,TSLA-PR-0007,O:TSLA250103C00360000,CALL,360.0,2025-01-03,30,0.0,DISCOVERY,CONTINUATION,2024-12-02T20:30:00+00:00,2024-12-02T20:45:00+00:00,2024-12-02T20:45:00+00:00,22.98,EXACT_NEXT_BAR_OPEN,SIMULATED_LONG_PREMIUM_NO_COST_MODEL,2024-12-23T20:45:00+00:00,TSLA
OPT-LONG-09b085c2049662e9,TSLA-PR-0007,O:TSLA250103P00360000,PUT,360.0,2025-01-03,30,0.0,DISCOVERY,CONTINUATION,2024-12-02T20:30:00+00:00,2024-12-02T20:45:00+00:00,2024-12-02T20:45:00+00:00,24.05,EXACT_NEXT_BAR_OPEN,SIMULATED_LONG_PREMIUM_NO_COST_MODEL,2024-12-23T20:45:00+00:00,TSLA
OPT-LONG-989682a9cf6764a5,TSLA-PR-0008,O:TSLA250124C00395000,CALL,395.0,2025-01-24,14,0.0,DISCOVERY,CONTINUATION,2025-01-13T17:15:00+00:00,2025-01-13T17:30:00+00:00,2025-01-13T17:30:00+00:00,16.4,EXACT_NEXT_BAR_OPEN,SIMULATED_LONG_PREMIUM_NO_COST_MODEL,2025-01-24T23:59:59.999999+00:00,TSLA
OPT-LONG-13680923b2823db0,TSLA-PR-0008,O:TSLA250124P00395000,PUT,395.0,2025-01-24,14,0.0,DISCOVERY,CONTINUATION,2025-01-13T17:15:00+00:00,2025-01-13T17:30:00+00:00,2025-01-13T17:30:00+00:00,15.15,EXACT_NEXT_BAR_OPEN,SIMULATED_LONG_PREMIUM_NO_COST_MODEL,2025-01-24T23:59:59.999999+00:00,TSLA
OPT-LONG-95b9f5a154713bc7,TSLA-PR-0008,O:TSLA250214P00395000,PUT,395.0,2025-02-14,30,0.0,DISCOVERY,CONTINUATION,2025-01-13T17:15:00+00:00,2025-01-13T17:30:00+00:00,2025-01-13T17:30:00+00:00,30.15,EXACT_NEXT_BAR_OPEN,SIMULATED_LONG_PREMIUM_NO_COST_MODEL,2025-02-03T17:30:00+00:00,TSLA
OPT-LONG-dc7e0668f6916855,TSLA-PR-0009,O:TSLA250214C00395000,CALL,395.0,2025-02-14,14,0.0,DISCOVERY,ENTRY_FORMING,2025-01-30T14:30:00+00:00,2025-01-30T14:45:00+00:00,2025-01-30T14:45:00+00:00,19.98,EXACT_NEXT_BAR_OPEN,SIMULATED_LONG_PREMIUM_NO_COST_MODEL,2025-02-14T23:59:59.999999+00:00,TSLA
OPT-LONG-cf1f764d78908a70,TSLA-PR-0009,O:TSLA250214P00395000,PUT,395.0,2025-02-14,14,0.0,DISCOVERY,ENTRY_FORMING,2025-01-30T14:30:00+00:00,2025-01-30T14:45:00+00:00,2025-01-30T14:45:00+00:00,18.32,EXACT_NEXT_BAR_OPEN,SIMULATED_LONG_PREMIUM_NO_COST_MODEL,2025-02-14T23:59:59.999999+00:00,TSLA
OPT-LONG-d09372ce0164f463,TSLA-PR-0009,O:TSLA250228C00395000,CALL,395.0,2025-02-28,30,0.0,DISCOVERY,ENTRY_FORMING,2025-01-30T14:30:00+00:00,2025-01-30T14:45:00+00:00,2025-01-30T14:45:00+00:00,26.9,EXACT_NEXT_BAR_OPEN,SIMULATED_LONG_PREMIUM_NO_COST_MODEL,2025-02-20T14:45:00+00:00,TSLA
OPT-LONG-3921a696ba60be32,TSLA-PR-0009,O:TSLA250228P00395000,PUT,395.0,2025-02-28,30,0.0,DISCOVERY,ENTRY_FORMING,2025-01-30T14:30:00+00:00,2025-01-30T14:45:00+00:00,2025-01-30T14:45:00+00:00,23.0,EXACT_NEXT_BAR_OPEN,SIMULATED_LONG_PREMIUM_NO_COST_MODEL,2025-02-20T14:45:00+00:00,TSLA
OPT-LONG-613527063d3ea6f0,TSLA-PR-0010,O:TSLA250228C00352500,CALL,352.5,2025-02-28,14,0.0,DISCOVERY,CONTINUATION,2025-02-14T18:30:00+00:00,2025-02-14T18:45:00+00:00,2025-02-14T18:45:00+00:00,14.9,EXACT_NEXT_BAR_OPEN,SIMULATED_LONG_PREMIUM_NO_COST_MODEL,2025-02-28T23:59:59.999999+00:00,TSLA
OPT-LONG-2e40561b4bfb0db4,TSLA-PR-0010,O:TSLA250228P00352500,PUT,352.5,2025-02-28,14,0.0,DISCOVERY,CONTINUATION,2025-02-14T18:30:00+00:00,2025-02-14T18:45:00+00:00,2025-02-14T18:45:00+00:00,13.2,EXACT_NEXT_BAR_OPEN,SIMULATED_LONG_PREMIUM_NO_COST_MODEL,2025-02-28T23:59:59.999999+00:00,TSLA
OPT-LONG-c10fa52912932631,TSLA-PR-0010,O:TSLA250314C00355000,CALL,355.0,2025-03-14,30,0.0,DISCOVERY,CONTINUATION,2025-02-14T18:30:00+00:00,2025-02-14T18:45:00+00:00,2025-02-14T18:45:00+00:00,20.85,EXACT_NEXT_BAR_OPEN,SIMULATED_LONG_PREMIUM_NO_COST_MODEL,2025-03-07T18:45:00+00:00,TSLA
OPT-LONG-0b39ab12d842a891,TSLA-PR-0010,O:TSLA250314P00355000,PUT,355.0,2025-03-14,30,0.0,DISCOVERY,CONTINUATION,2025-02-14T18:30:00+00:00,2025-02-14T18:45:00+00:00,2025-02-14T18:45:00+00:00,20.45,EXACT_NEXT_BAR_OPEN,SIMULATED_LONG_PREMIUM_NO_COST_MODEL,2025-03-07T18:45:00+00:00,TSLA
OPT-LONG-772b63481af7008d,TSLA-PR-0012,O:TSLA250411C00282500,CALL,282.5,2025-04-11,14,0.0,DISCOVERY,CONTINUATION,2025-03-26T13:30:00+00:00,2025-03-26T13:45:00+00:00,2025-03-26T13:45:00+00:00,18.0,EXACT_NEXT_BAR_OPEN,SIMULATED_LONG_PREMIUM_NO_COST_MODEL,2025-04-11T23:59:59.999999+00:00,TSLA
OPT-LONG-f3f32bcba1bebad4,TSLA-PR-0012,O:TSLA250411P00282500,PUT,282.5,2025-04-11,14,0.0,DISCOVERY,CONTINUATION,2025-03-26T13:30:00+00:00,2025-03-26T13:45:00+00:00,2025-03-26T13:45:00+00:00,15.7,EXACT_NEXT_BAR_OPEN,SIMULATED_LONG_PREMIUM_NO_COST_MODEL,2025-04-11T23:59:59.999999+00:00,TSLA
OPT-LONG-5ad6e92d214d2755,TSLA-PR-0012,O:TSLA250425C00285000,CALL,285.0,2025-04-25,30,0.0,DISCOVERY,CONTINUATION,2025-03-26T13:30:00+00:00,2025-03-26T13:45:00+00:00,2025-03-26T13:45:00+00:00,23.64,EXACT_NEXT_BAR_OPEN,SIMULATED_LONG_PREMIUM_NO_COST_MODEL,2025-04-16T13:45:00+00:00,TSLA
OPT-LONG-80039cb98e942a11,TSLA-PR-0012,O:TSLA250425P00285000,PUT,285.0,2025-04-25,30,0.0,DISCOVERY,CONTINUATION,2025-03-26T13:30:00+00:00,2025-03-26T13:45:00+00:00,2025-03-26T13:45:00+00:00,23.0,EXACT_NEXT_BAR_OPEN,SIMULATED_LONG_PREMIUM_NO_COST_MODEL,2025-04-16T13:45:00+00:00,TSLA
OPT-LONG-1e1c9c521fa39709,TSLA-PR-0014,O:TSLA250523C00275000,CALL,275.0,2025-05-23,14,0.0,DISCOVERY,CONTINUATION,2025-05-06T18:15:00+00:00,2025-05-06T18:30:00+00:00,2025-05-06T18:30:00+00:00,14.95,EXACT_NEXT_BAR_OPEN,SIMULATED_LONG_PREMIUM_NO_COST_MODEL,2025-05-23T23:59:59.999999+00:00,TSLA
OPT-LONG-fef1b4127108307f,TSLA-PR-0014,O:TSLA250523P00275000,PUT,275.0,2025-05-23,14,0.0,DISCOVERY,CONTINUATION,2025-05-06T18:15:00+00:00,2025-05-06T18:30:00+00:00,2025-05-06T18:30:00+00:00,14.3,EXACT_NEXT_BAR_OPEN,SIMULATED_LONG_PREMIUM_NO_COST_MODEL,2025-05-23T23:59:59.999999+00:00,TSLA
OPT-LONG-436283a2a3fd66c5,TSLA-PR-0014,O:TSLA250606C00275000,CALL,275.0,2025-06-06,30,0.0,DISCOVERY,CONTINUATION,2025-05-06T18:15:00+00:00,2025-05-06T18:30:00+00:00,2025-05-06T18:30:00+00:00,20.04,EXACT_NEXT_BAR_OPEN,SIMULATED_LONG_PREMIUM_NO_COST_MODEL,2025-05-27T18:30:00+00:00,TSLA
OPT-LONG-4685252a12e7bb94,TSLA-PR-0014,O:TSLA250606P00275000,PUT,275.0,2025-06-06,30,0.0,DISCOVERY,CONTINUATION,2025-05-06T18:15:00+00:00,2025-05-06T18:30:00+00:00,2025-05-06T18:30:00+00:00,19.05,EXACT_NEXT_BAR_OPEN,SIMULATED_LONG_PREMIUM_NO_COST_MODEL,2025-05-27T18:30:00+00:00,TSLA
OPT-LONG-1db9034a8fbd444a,TSLA-PR-0016,O:TSLA250606C00350000,CALL,350.0,2025-06-06,14,0.0,DISCOVERY,CONTINUATION,2025-05-20T13:30:00+00:00,2025-05-20T13:45:00+00:00,2025-05-20T13:45:00+00:00,19.15,EXACT_NEXT_BAR_OPEN,SIMULATED_LONG_PREMIUM_NO_COST_MODEL,2025-06-06T23:59:59.999999+00:00,TSLA
OPT-LONG-3dcd4d560f71aff1,TSLA-PR-0016,O:TSLA250606P00350000,PUT,350.0,2025-06-06,14,0.0,DISCOVERY,CONTINUATION,2025-05-20T13:30:00+00:00,2025-05-20T13:45:00+00:00,2025-05-20T13:45:00+00:00,19.0,EXACT_NEXT_BAR_OPEN,SIMULATED_LONG_PREMIUM_NO_COST_MODEL,2025-06-06T23:59:59.999999+00:00,TSLA
OPT-LONG-571099e45034b16d,TSLA-PR-0016,O:TSLA250620C00350000,CALL,350.0,2025-06-20,30,0.0,DISCOVERY,CONTINUATION,2025-05-20T13:30:00+00:00,2025-05-20T13:45:00+00:00,2025-05-20T13:45:00+00:00,25.85,EXACT_NEXT_BAR_OPEN,SIMULATED_LONG_PREMIUM_NO_COST_MODEL,2025-06-10T13:45:00+00:00,TSLA
OPT-LONG-904a2c97afc26aec,TSLA-PR-0016,O:TSLA250620P00350000,PUT,350.0,2025-06-20,30,0.0,DISCOVERY,CONTINUATION,2025-05-20T13:30:00+00:00,2025-05-20T13:45:00+00:00,2025-05-20T13:45:00+00:00,25.05,EXACT_NEXT_BAR_OPEN,SIMULATED_LONG_PREMIUM_NO_COST_MODEL,2025-06-10T13:45:00+00:00,TSLA
OPT-LONG-53af612ff5a9392e,TSLA-PR-0017,O:TSLA250627C00330000,CALL,330.0,2025-06-27,14,0.0,DISCOVERY,ENTRY_FORMING,2025-06-12T16:00:00+00:00,2025-06-12T16:15:00+00:00,2025-06-12T16:15:00+00:00,16.65,EXACT_NEXT_BAR_OPEN,SIMULATED_LONG_PREMIUM_NO_COST_MODEL,2025-06-27T23:59:59.999999+00:00,TSLA
OPT-LONG-38109d1d2c3f7078,TSLA-PR-0017,O:TSLA250627P00330000,PUT,330.0,2025-06-27,14,0.0,DISCOVERY,ENTRY_FORMING,2025-06-12T16:00:00+00:00,2025-06-12T16:15:00+00:00,2025-06-12T16:15:00+00:00,16.1,EXACT_NEXT_BAR_OPEN,SIMULATED_LONG_PREMIUM_NO_COST_MODEL,2025-06-27T23:59:59.999999+00:00,TSLA
OPT-LONG-e9ca8dd7ff16c16c,TSLA-PR-0017,O:TSLA250711C00330000,CALL,330.0,2025-07-11,30,0.0,DISCOVERY,ENTRY_FORMING,2025-06-12T16:00:00+00:00,2025-06-12T16:15:00+00:00,2025-06-12T16:15:00+00:00,23.5,EXACT_NEXT_BAR_OPEN,SIMULATED_LONG_PREMIUM_NO_COST_MODEL,2025-07-03T16:15:00+00:00,TSLA
OPT-LONG-9f48d10363b85598,TSLA-PR-0018,O:TSLA250725C00350000,CALL,350.0,2025-07-25,30,0.0,DISCOVERY,CONTINUATION,2025-06-23T16:30:00+00:00,2025-06-23T16:45:00+00:00,2025-06-23T16:45:00+00:00,29.5,EXACT_NEXT_BAR_OPEN,SIMULATED_LONG_PREMIUM_NO_COST_MODEL,2025-07-14T16:45:00+00:00,TSLA
OPT-LONG-00f115f8645b51d6,TSLA-PR-0018,O:TSLA250725P00350000,PUT,350.0,2025-07-25,30,0.0,DISCOVERY,CONTINUATION,2025-06-23T16:30:00+00:00,2025-06-23T16:45:00+00:00,2025-06-23T16:45:00+00:00,27.6,EXACT_NEXT_BAR_OPEN,SIMULATED_LONG_PREMIUM_NO_COST_MODEL,2025-07-14T16:45:00+00:00,TSLA
OPT-LONG-19aeeb5ca837f40c,TSLA-PR-0019,O:TSLA250808P00332500,PUT,332.5,2025-08-08,14,0.0,DISCOVERY,ENTRY_FORMING,2025-07-23T19:45:00+00:00,2025-07-23T20:00:00+00:00,2025-07-23T20:00:00+00:00,16.57,EXACT_NEXT_BAR_OPEN,SIMULATED_LONG_PREMIUM_NO_COST_MODEL,2025-08-08T23:59:59.999999+00:00,TSLA
OPT-LONG-ce6152bcd67e39aa,TSLA-PR-0020,O:TSLA250822C00320000,CALL,320.0,2025-08-22,14,0.0,DISCOVERY,CONTINUATION,2025-08-06T19:15:00+00:00,2025-08-06T19:30:00+00:00,2025-08-06T19:30:00+00:00,11.8,EXACT_NEXT_BAR_OPEN,SIMULATED_LONG_PREMIUM_NO_COST_MODEL,2025-08-22T23:59:59.999999+00:00,TSLA
OPT-LONG-d777e121733f6d4a,TSLA-PR-0020,O:TSLA250822P00320000,PUT,320.0,2025-08-22,14,0.0,DISCOVERY,CONTINUATION,2025-08-06T19:15:00+00:00,2025-08-06T19:30:00+00:00,2025-08-06T19:30:00+00:00,12.05,EXACT_NEXT_BAR_OPEN,SIMULATED_LONG_PREMIUM_NO_COST_MODEL,2025-08-22T23:59:59.999999+00:00,TSLA
OPT-LONG-492a0aea2dcae21d,TSLA-PR-0020,O:TSLA250905C00320000,CALL,320.0,2025-09-05,30,0.0,DISCOVERY,CONTINUATION,2025-08-06T19:15:00+00:00,2025-08-06T19:30:00+00:00,2025-08-06T19:30:00+00:00,16.39,EXACT_NEXT_BAR_OPEN,SIMULATED_LONG_PREMIUM_NO_COST_MODEL,2025-08-27T19:30:00+00:00,TSLA
OPT-LONG-c215fe52aa060576,TSLA-PR-0020,O:TSLA250905P00320000,PUT,320.0,2025-09-05,30,0.0,DISCOVERY,CONTINUATION,2025-08-06T19:15:00+00:00,2025-08-06T19:30:00+00:00,2025-08-06T19:30:00+00:00,16.11,EXACT_NEXT_BAR_OPEN,SIMULATED_LONG_PREMIUM_NO_COST_MODEL,2025-08-27T19:30:00+00:00,TSLA
OPT-LONG-884e6ab3fc7b3986,TSLA-PR-0022,O:TSLA251003C00415000,CALL,415.0,2025-10-03,14,0.0,DISCOVERY,ENTRY_FORMING,2025-09-16T13:45:00+00:00,2025-09-16T14:00:00+00:00,2025-09-16T14:00:00+00:00,22.5,EXACT_NEXT_BAR_OPEN,SIMULATED_LONG_PREMIUM_NO_COST_MODEL,2025-10-03T23:59:59.999999+00:00,TSLA
OPT-LONG-ff781a11a06e07f9,TSLA-PR-0022,O:TSLA251003P00415000,PUT,415.0,2025-10-03,14,0.0,DISCOVERY,ENTRY_FORMING,2025-09-16T13:45:00+00:00,2025-09-16T14:00:00+00:00,2025-09-16T14:00:00+00:00,20.4,EXACT_NEXT_BAR_OPEN,SIMULATED_LONG_PREMIUM_NO_COST_MODEL,2025-10-03T23:59:59.999999+00:00,TSLA
OPT-LONG-2de9ccb48a1e0930,TSLA-PR-0022,O:TSLA251017C00415000,CALL,415.0,2025-10-17,30,0.0,DISCOVERY,ENTRY_FORMING,2025-09-16T13:45:00+00:00,2025-09-16T14:00:00+00:00,2025-09-16T14:00:00+00:00,28.67,EXACT_NEXT_BAR_OPEN,SIMULATED_LONG_PREMIUM_NO_COST_MODEL,2025-10-07T14:00:00+00:00,TSLA
OPT-LONG-bc4e697973b858ea,TSLA-PR-0022,O:TSLA251017P00415000,PUT,415.0,2025-10-17,30,0.0,DISCOVERY,ENTRY_FORMING,2025-09-16T13:45:00+00:00,2025-09-16T14:00:00+00:00,2025-09-16T14:00:00+00:00,26.1,EXACT_NEXT_BAR_OPEN,SIMULATED_LONG_PREMIUM_NO_COST_MODEL,2025-10-07T14:00:00+00:00,TSLA
OPT-LONG-ee75feba7595aa96,TSLA-PR-0024,O:TSLA251024C00450000,CALL,450.0,2025-10-24,14,0.0,DISCOVERY,ENTRY_FORMING,2025-10-07T13:30:00+00:00,2025-10-07T13:45:00+00:00,2025-10-07T13:45:00+00:00,26.9,EXACT_NEXT_BAR_OPEN,SIMULATED_LONG_PREMIUM_NO_COST_MODEL,2025-10-24T23:59:59.999999+00:00,TSLA
OPT-LONG-d5bedffac36de891,TSLA-PR-0024,O:TSLA251024P00450000,PUT,450.0,2025-10-24,14,0.0,DISCOVERY,ENTRY_FORMING,2025-10-07T13:30:00+00:00,2025-10-07T13:45:00+00:00,2025-10-07T13:45:00+00:00,26.0,EXACT_NEXT_BAR_OPEN,SIMULATED_LONG_PREMIUM_NO_COST_MODEL,2025-10-24T23:59:59.999999+00:00,TSLA
OPT-LONG-4bc99ce5611c316e,TSLA-PR-0024,O:TSLA251107C00450000,CALL,450.0,2025-11-07,30,0.0,DISCOVERY,ENTRY_FORMING,2025-10-07T13:30:00+00:00,2025-10-07T13:45:00+00:00,2025-10-07T13:45:00+00:00,34.15,EXACT_NEXT_BAR_OPEN,SIMULATED_LONG_PREMIUM_NO_COST_MODEL,2025-10-28T13:45:00+00:00,TSLA
OPT-LONG-e4acc8af64d6f570,TSLA-PR-0024,O:TSLA251107P00450000,PUT,450.0,2025-11-07,30,0.0,DISCOVERY,ENTRY_FORMING,2025-10-07T13:30:00+00:00,2025-10-07T13:45:00+00:00,2025-10-07T13:45:00+00:00,32.75,EXACT_NEXT_BAR_OPEN,SIMULATED_LONG_PREMIUM_NO_COST_MODEL,2025-10-28T13:45:00+00:00,TSLA
OPT-LONG-6edfb22f4722a8fd,TSLA-PR-0025,O:TSLA251114C00447500,CALL,447.5,2025-11-14,14,0.0,DISCOVERY,CONTINUATION,2025-10-31T13:30:00+00:00,2025-10-31T13:45:00+00:00,2025-10-31T13:45:00+00:00,19.75,EXACT_NEXT_BAR_OPEN,SIMULATED_LONG_PREMIUM_NO_COST_MODEL,2025-11-14T23:59:59.999999+00:00,TSLA
OPT-LONG-ddbbf26eeae6ec0d,TSLA-PR-0025,O:TSLA251114P00447500,PUT,447.5,2025-11-14,14,0.0,DISCOVERY,CONTINUATION,2025-10-31T13:30:00+00:00,2025-10-31T13:45:00+00:00,2025-10-31T13:45:00+00:00,18.8,EXACT_NEXT_BAR_OPEN,SIMULATED_LONG_PREMIUM_NO_COST_MODEL,2025-11-14T23:59:59.999999+00:00,TSLA
OPT-LONG-d23ff94d824f0ffb,TSLA-PR-0025,O:TSLA251128C00450000,CALL,450.0,2025-11-28,30,0.0,DISCOVERY,CONTINUATION,2025-10-31T13:30:00+00:00,2025-10-31T13:45:00+00:00,2025-10-31T13:45:00+00:00,25.65,EXACT_NEXT_BAR_OPEN,SIMULATED_LONG_PREMIUM_NO_COST_MODEL,2025-11-21T13:45:00+00:00,TSLA
OPT-LONG-25a467c7708ed2f4,TSLA-PR-0025,O:TSLA251128P00450000,PUT,450.0,2025-11-28,30,0.0,DISCOVERY,CONTINUATION,2025-10-31T13:30:00+00:00,2025-10-31T13:45:00+00:00,2025-10-31T13:45:00+00:00,26.4,EXACT_NEXT_BAR_OPEN,SIMULATED_LONG_PREMIUM_NO_COST_MODEL,2025-11-21T13:45:00+00:00,TSLA
OPT-LONG-a4b1641a39b33972,TSLA-PR-0026,O:TSLA251121C00437500,CALL,437.5,2025-11-21,14,0.0,DISCOVERY,ENTRY_FORMING,2025-11-10T14:30:00+00:00,2025-11-10T14:45:00+00:00,2025-11-10T14:45:00+00:00,17.71,EXACT_NEXT_BAR_OPEN,SIMULATED_LONG_PREMIUM_NO_COST_MODEL,2025-11-21T23:59:59.999999+00:00,TSLA
OPT-LONG-c579165afcc0951d,TSLA-PR-0026,O:TSLA251121P00437500,PUT,437.5,2025-11-21,14,0.0,DISCOVERY,ENTRY_FORMING,2025-11-10T14:30:00+00:00,2025-11-10T14:45:00+00:00,2025-11-10T14:45:00+00:00,16.75,EXACT_NEXT_BAR_OPEN,SIMULATED_LONG_PREMIUM_NO_COST_MODEL,2025-11-21T23:59:59.999999+00:00,TSLA
OPT-LONG-220b7f4533d43b36,TSLA-PR-0026,O:TSLA251212C00440000,CALL,440.0,2025-12-12,30,0.0,DISCOVERY,ENTRY_FORMING,2025-11-10T14:30:00+00:00,2025-11-10T14:45:00+00:00,2025-11-10T14:45:00+00:00,27.2,EXACT_NEXT_BAR_OPEN,SIMULATED_LONG_PREMIUM_NO_COST_MODEL,2025-12-01T14:45:00+00:00,TSLA
OPT-LONG-dc9e812bfc41dad8,TSLA-PR-0026,O:TSLA251212P00440000,PUT,440.0,2025-12-12,30,0.0,DISCOVERY,ENTRY_FORMING,2025-11-10T14:30:00+00:00,2025-11-10T14:45:00+00:00,2025-11-10T14:45:00+00:00,28.11,EXACT_NEXT_BAR_OPEN,SIMULATED_LONG_PREMIUM_NO_COST_MODEL,2025-12-01T14:45:00+00:00,TSLA
OPT-LONG-01c1c68f71120263,TSLA-PR-0027,O:TSLA251226C00447500,CALL,447.5,2025-12-26,14,0.0,DISCOVERY,ENTRY_FORMING,2025-12-10T19:00:00+00:00,2025-12-10T19:15:00+00:00,2025-12-10T19:15:00+00:00,16.8,EXACT_NEXT_BAR_OPEN,SIMULATED_LONG_PREMIUM_NO_COST_MODEL,2025-12-26T23:59:59.999999+00:00,TSLA
OPT-LONG-4a02c2b0bf37f9f3,TSLA-PR-0027,O:TSLA251226P00447500,PUT,447.5,2025-12-26,14,0.0,DISCOVERY,ENTRY_FORMING,2025-12-10T19:00:00+00:00,2025-12-10T19:15:00+00:00,2025-12-10T19:15:00+00:00,14.75,EXACT_NEXT_BAR_OPEN,SIMULATED_LONG_PREMIUM_NO_COST_MODEL,2025-12-26T23:59:59.999999+00:00,TSLA
OPT-LONG-deed70bbfae1e8e5,TSLA-PR-0027,O:TSLA260109C00450000,CALL,450.0,2026-01-09,30,0.0,DISCOVERY,ENTRY_FORMING,2025-12-10T19:00:00+00:00,2025-12-10T19:15:00+00:00,2025-12-10T19:15:00+00:00,23.95,EXACT_NEXT_BAR_OPEN,SIMULATED_LONG_PREMIUM_NO_COST_MODEL,2025-12-31T19:15:00+00:00,TSLA
OPT-LONG-4104bd551444a5eb,TSLA-PR-0027,O:TSLA260109P00450000,PUT,450.0,2026-01-09,30,0.0,DISCOVERY,ENTRY_FORMING,2025-12-10T19:00:00+00:00,2025-12-10T19:15:00+00:00,2025-12-10T19:15:00+00:00,22.79,EXACT_NEXT_BAR_OPEN,SIMULATED_LONG_PREMIUM_NO_COST_MODEL,2025-12-31T19:15:00+00:00,TSLA
OPT-LONG-569111bbb9dede8b,TSLA-PR-0028,O:TSLA251226C00445000,CALL,445.0,2025-12-26,14,0.0,DISCOVERY,CONTINUATION,2025-12-11T17:30:00+00:00,2025-12-11T17:45:00+00:00,2025-12-11T17:45:00+00:00,15.35,EXACT_NEXT_BAR_OPEN,SIMULATED_LONG_PREMIUM_NO_COST_MODEL,2025-12-26T23:59:59.999999+00:00,TSLA
OPT-LONG-4ae3d8e4da9b0360,TSLA-PR-0028,O:TSLA251226P00445000,PUT,445.0,2025-12-26,14,0.0,DISCOVERY,CONTINUATION,2025-12-11T17:30:00+00:00,2025-12-11T17:45:00+00:00,2025-12-11T17:45:00+00:00,13.5,EXACT_NEXT_BAR_OPEN,SIMULATED_LONG_PREMIUM_NO_COST_MODEL,2025-12-26T23:59:59.999999+00:00,TSLA
OPT-LONG-bb4b16e8494dc68d,TSLA-PR-0028,O:TSLA260109C00445000,CALL,445.0,2026-01-09,30,0.0,DISCOVERY,CONTINUATION,2025-12-11T17:30:00+00:00,2025-12-11T17:45:00+00:00,2025-12-11T17:45:00+00:00,23.3,EXACT_NEXT_BAR_OPEN,SIMULATED_LONG_PREMIUM_NO_COST_MODEL,2026-01-01T17:45:00+00:00,TSLA
OPT-LONG-9f8c612db6b3c370,TSLA-PR-0028,O:TSLA260109P00445000,PUT,445.0,2026-01-09,30,0.0,DISCOVERY,CONTINUATION,2025-12-11T17:30:00+00:00,2025-12-11T17:45:00+00:00,2025-12-11T17:45:00+00:00,21.15,EXACT_NEXT_BAR_OPEN,SIMULATED_LONG_PREMIUM_NO_COST_MODEL,2026-01-01T17:45:00+00:00,TSLA
OPT-LONG-121dd4a8a4293343,TSLA-PR-0029,O:TSLA260130C00440000,CALL,440.0,2026-01-30,14,0.0,DISCOVERY,CONTINUATION,2026-01-16T18:15:00+00:00,2026-01-16T18:30:00+00:00,2026-01-16T18:30:00+00:00,17.2,EXACT_NEXT_BAR_OPEN,SIMULATED_LONG_PREMIUM_NO_COST_MODEL,2026-01-30T23:59:59.999999+00:00,TSLA
OPT-LONG-d5d98c70d5702202,TSLA-PR-0029,O:TSLA260130P00440000,PUT,440.0,2026-01-30,14,0.0,DISCOVERY,CONTINUATION,2026-01-16T18:15:00+00:00,2026-01-16T18:30:00+00:00,2026-01-16T18:30:00+00:00,16.1,EXACT_NEXT_BAR_OPEN,SIMULATED_LONG_PREMIUM_NO_COST_MODEL,2026-01-30T23:59:59.999999+00:00,TSLA
OPT-LONG-dc089ba06d6776e4,TSLA-PR-0029,O:TSLA260213C00440000,CALL,440.0,2026-02-13,30,0.0,DISCOVERY,CONTINUATION,2026-01-16T18:15:00+00:00,2026-01-16T18:30:00+00:00,2026-01-16T18:30:00+00:00,23.25,EXACT_NEXT_BAR_OPEN,SIMULATED_LONG_PREMIUM_NO_COST_MODEL,2026-02-06T18:30:00+00:00,TSLA
OPT-LONG-c2a3e9fe578f6064,TSLA-PR-0029,O:TSLA260213P00440000,PUT,440.0,2026-02-13,30,0.0,DISCOVERY,CONTINUATION,2026-01-16T18:15:00+00:00,2026-01-16T18:30:00+00:00,2026-01-16T18:30:00+00:00,21.37,EXACT_NEXT_BAR_OPEN,SIMULATED_LONG_PREMIUM_NO_COST_MODEL,2026-02-06T18:30:00+00:00,TSLA
OPT-LONG-72a95f4527f7560c,TSLA-PR-0030,O:TSLA260211C00437500,CALL,437.5,2026-02-11,14,0.0,DISCOVERY,ENTRY_FORMING,2026-01-28T14:45:00+00:00,2026-01-28T15:00:00+00:00,2026-01-28T15:00:00+00:00,17.77,EXACT_NEXT_BAR_OPEN,SIMULATED_LONG_PREMIUM_NO_COST_MODEL,2026-02-11T23:59:59.999999+00:00,TSLA
OPT-LONG-2cc17b9350a9a203,TSLA-PR-0030,O:TSLA260227C00435000,CALL,435.0,2026-02-27,30,0.0,DISCOVERY,ENTRY_FORMING,2026-01-28T14:45:00+00:00,2026-01-28T15:00:00+00:00,2026-01-28T15:00:00+00:00,25.4,EXACT_NEXT_BAR_OPEN,SIMULATED_LONG_PREMIUM_NO_COST_MODEL,2026-02-18T15:00:00+00:00,TSLA
OPT-LONG-f7c65613ee109830,TSLA-PR-0030,O:TSLA260227P00435000,PUT,435.0,2026-02-27,30,0.0,DISCOVERY,ENTRY_FORMING,2026-01-28T14:45:00+00:00,2026-01-28T15:00:00+00:00,2026-01-28T15:00:00+00:00,21.95,EXACT_NEXT_BAR_OPEN,SIMULATED_LONG_PREMIUM_NO_COST_MODEL,2026-02-18T15:00:00+00:00,TSLA
OPT-LONG-8d62bfd74df4fee7,TSLA-PR-0031,O:TSLA260218C00425000,CALL,425.0,2026-02-18,14,0.0,HOLDOUT,ENTRY_FORMING,2026-02-04T14:30:00+00:00,2026-02-04T14:45:00+00:00,2026-02-04T14:45:00+00:00,12.49,EXACT_NEXT_BAR_OPEN,SIMULATED_LONG_PREMIUM_NO_COST_MODEL,2026-02-18T23:59:59.999999+00:00,TSLA
OPT-LONG-a4779805e1a19b64,TSLA-PR-0031,O:TSLA260218P00425000,PUT,425.0,2026-02-18,14,0.0,HOLDOUT,ENTRY_FORMING,2026-02-04T14:30:00+00:00,2026-02-04T14:45:00+00:00,2026-02-04T14:45:00+00:00,14.67,EXACT_NEXT_BAR_OPEN,SIMULATED_LONG_PREMIUM_NO_COST_MODEL,2026-02-18T23:59:59.999999+00:00,TSLA
OPT-LONG-58dcabfe0d8ca58c,TSLA-PR-0031,O:TSLA260306C00425000,CALL,425.0,2026-03-06,30,0.0,HOLDOUT,ENTRY_FORMING,2026-02-04T14:30:00+00:00,2026-02-04T14:45:00+00:00,2026-02-04T14:45:00+00:00,21.1,EXACT_NEXT_BAR_OPEN,SIMULATED_LONG_PREMIUM_NO_COST_MODEL,2026-02-25T14:45:00+00:00,TSLA
OPT-LONG-3d81e821ef816ac5,TSLA-PR-0031,O:TSLA260306P00425000,PUT,425.0,2026-03-06,30,0.0,HOLDOUT,ENTRY_FORMING,2026-02-04T14:30:00+00:00,2026-02-04T14:45:00+00:00,2026-02-04T14:45:00+00:00,21.9,EXACT_NEXT_BAR_OPEN,SIMULATED_LONG_PREMIUM_NO_COST_MODEL,2026-02-25T14:45:00+00:00,TSLA
OPT-LONG-2c48dbaaf6a1ce1a,TSLA-PR-0032,O:TSLA260218C00410000,CALL,410.0,2026-02-18,14,0.0,HOLDOUT,CONTINUATION,2026-02-04T19:45:00+00:00,2026-02-04T20:00:00+00:00,2026-02-04T20:00:00+00:00,13.83,EXACT_NEXT_BAR_OPEN,SIMULATED_LONG_PREMIUM_NO_COST_MODEL,2026-02-18T23:59:59.999999+00:00,TSLA
OPT-LONG-036124b4cd81e442,TSLA-PR-0032,O:TSLA260218P00410000,PUT,410.0,2026-02-18,14,0.0,HOLDOUT,CONTINUATION,2026-02-04T19:45:00+00:00,2026-02-04T20:00:00+00:00,2026-02-04T20:00:00+00:00,14.2,EXACT_NEXT_BAR_OPEN,SIMULATED_LONG_PREMIUM_NO_COST_MODEL,2026-02-18T23:59:59.999999+00:00,TSLA
OPT-LONG-c13a042880bad380,TSLA-PR-0032,O:TSLA260306C00410000,CALL,410.0,2026-03-06,30,0.0,HOLDOUT,CONTINUATION,2026-02-04T19:45:00+00:00,2026-02-04T20:00:00+00:00,2026-02-04T20:00:00+00:00,21.3,EXACT_NEXT_BAR_OPEN,SIMULATED_LONG_PREMIUM_NO_COST_MODEL,2026-02-25T20:00:00+00:00,TSLA
OPT-LONG-32f67e3dc78b79d1,TSLA-PR-0032,O:TSLA260306P00410000,PUT,410.0,2026-03-06,30,0.0,HOLDOUT,CONTINUATION,2026-02-04T19:45:00+00:00,2026-02-04T20:00:00+00:00,2026-02-04T20:00:00+00:00,21.15,EXACT_NEXT_BAR_OPEN,SIMULATED_LONG_PREMIUM_NO_COST_MODEL,2026-02-25T20:00:00+00:00,TSLA
OPT-LONG-0fe32f760c21a7da,TSLA-PR-0034,O:TSLA260309C00410000,CALL,410.0,2026-03-09,14,0.0,HOLDOUT,CONTINUATION,2026-02-24T19:00:00+00:00,2026-02-24T19:15:00+00:00,2026-02-24T19:15:00+00:00,11.08,EXACT_NEXT_BAR_OPEN,SIMULATED_LONG_PREMIUM_NO_COST_MODEL,2026-03-09T23:59:59.999999+00:00,TSLA
OPT-LONG-ce9fd84e5373077c,TSLA-PR-0034,O:TSLA260327C00410000,CALL,410.0,2026-03-27,30,0.0,HOLDOUT,CONTINUATION,2026-02-24T19:00:00+00:00,2026-02-24T19:15:00+00:00,2026-02-24T19:15:00+00:00,19.5,EXACT_NEXT_BAR_OPEN,SIMULATED_LONG_PREMIUM_NO_COST_MODEL,2026-03-17T19:15:00+00:00,TSLA
OPT-LONG-6a10720c949854de,TSLA-PR-0034,O:TSLA260327P00410000,PUT,410.0,2026-03-27,30,0.0,HOLDOUT,CONTINUATION,2026-02-24T19:00:00+00:00,2026-02-24T19:15:00+00:00,2026-02-24T19:15:00+00:00,19.6,EXACT_NEXT_BAR_OPEN,SIMULATED_LONG_PREMIUM_NO_COST_MODEL,2026-03-17T19:15:00+00:00,TSLA
OPT-LONG-fc6edf421bf7ca09,TSLA-PR-0035,O:TSLA260330C00400000,CALL,400.0,2026-03-30,14,0.0,HOLDOUT,ENTRY_FORMING,2026-03-17T14:30:00+00:00,2026-03-17T14:45:00+00:00,2026-03-17T14:45:00+00:00,11.4,EXACT_NEXT_BAR_OPEN,SIMULATED_LONG_PREMIUM_NO_COST_MODEL,2026-03-30T23:59:59.999999+00:00,TSLA
OPT-LONG-298a86dd0c03401f,TSLA-PR-0035,O:TSLA260330P00400000,PUT,400.0,2026-03-30,14,0.0,HOLDOUT,ENTRY_FORMING,2026-03-17T14:30:00+00:00,2026-03-17T14:45:00+00:00,2026-03-17T14:45:00+00:00,11.4,EXACT_NEXT_BAR_OPEN,SIMULATED_LONG_PREMIUM_NO_COST_MODEL,2026-03-30T23:59:59.999999+00:00,TSLA
OPT-LONG-21f923dd210a2cb3,TSLA-PR-0035,O:TSLA260417C00400000,CALL,400.0,2026-04-17,30,0.0,HOLDOUT,ENTRY_FORMING,2026-03-17T14:30:00+00:00,2026-03-17T14:45:00+00:00,2026-03-17T14:45:00+00:00,19.55,EXACT_NEXT_BAR_OPEN,SIMULATED_LONG_PREMIUM_NO_COST_MODEL,2026-04-07T14:45:00+00:00,TSLA
OPT-LONG-b9fcd97d5679d93a,TSLA-PR-0035,O:TSLA260417P00400000,PUT,400.0,2026-04-17,30,0.0,HOLDOUT,ENTRY_FORMING,2026-03-17T14:30:00+00:00,2026-03-17T14:45:00+00:00,2026-03-17T14:45:00+00:00,18.55,EXACT_NEXT_BAR_OPEN,SIMULATED_LONG_PREMIUM_NO_COST_MODEL,2026-04-07T14:45:00+00:00,TSLA
OPT-LONG-05588c7703c8a8df,TSLA-PR-0036,O:TSLA260401P00402500,PUT,402.5,2026-04-01,14,0.0,HOLDOUT,CONTINUATION,2026-03-18T13:30:00+00:00,2026-03-18T13:45:00+00:00,2026-03-18T13:45:00+00:00,12.0,EXACT_NEXT_BAR_OPEN,SIMULATED_LONG_PREMIUM_NO_COST_MODEL,2026-04-01T23:59:59.999999+00:00,TSLA
OPT-LONG-0f5ae4e10b4a375b,TSLA-PR-0036,O:TSLA260417C00400000,CALL,400.0,2026-04-17,30,0.0,HOLDOUT,CONTINUATION,2026-03-18T13:30:00+00:00,2026-03-18T13:45:00+00:00,2026-03-18T13:45:00+00:00,20.0,EXACT_NEXT_BAR_OPEN,SIMULATED_LONG_PREMIUM_NO_COST_MODEL,2026-04-08T13:45:00+00:00,TSLA
OPT-LONG-d1685f337fc95755,TSLA-PR-0036,O:TSLA260417P00400000,PUT,400.0,2026-04-17,30,0.0,HOLDOUT,CONTINUATION,2026-03-18T13:30:00+00:00,2026-03-18T13:45:00+00:00,2026-03-18T13:45:00+00:00,16.9,EXACT_NEXT_BAR_OPEN,SIMULATED_LONG_PREMIUM_NO_COST_MODEL,2026-04-08T13:45:00+00:00,TSLA
OPT-LONG-b8e74ea206570133,TSLA-PR-0037,O:TSLA260506C00390000,CALL,390.0,2026-05-06,14,0.0,HOLDOUT,ENTRY_FORMING,2026-04-22T14:00:00+00:00,2026-04-22T14:15:00+00:00,2026-04-22T14:15:00+00:00,16.37,EXACT_NEXT_BAR_OPEN,SIMULATED_LONG_PREMIUM_NO_COST_MODEL,2026-05-06T23:59:59.999999+00:00,TSLA
OPT-LONG-28118365eaae9127,TSLA-PR-0037,O:TSLA260506P00390000,PUT,390.0,2026-05-06,14,0.0,HOLDOUT,ENTRY_FORMING,2026-04-22T14:00:00+00:00,2026-04-22T14:15:00+00:00,2026-04-22T14:15:00+00:00,14.28,EXACT_NEXT_BAR_OPEN,SIMULATED_LONG_PREMIUM_NO_COST_MODEL,2026-05-06T23:59:59.999999+00:00,TSLA
OPT-LONG-7d362ef018c6974a,TSLA-PR-0037,O:TSLA260522C00390000,CALL,390.0,2026-05-22,30,0.0,HOLDOUT,ENTRY_FORMING,2026-04-22T14:00:00+00:00,2026-04-22T14:15:00+00:00,2026-04-22T14:15:00+00:00,22.8,EXACT_NEXT_BAR_OPEN,SIMULATED_LONG_PREMIUM_NO_COST_MODEL,2026-05-13T14:15:00+00:00,TSLA
OPT-LONG-94bb10cd7ec57cb6,TSLA-PR-0037,O:TSLA260522P00390000,PUT,390.0,2026-05-22,30,0.0,HOLDOUT,ENTRY_FORMING,2026-04-22T14:00:00+00:00,2026-04-22T14:15:00+00:00,2026-04-22T14:15:00+00:00,19.6,EXACT_NEXT_BAR_OPEN,SIMULATED_LONG_PREMIUM_NO_COST_MODEL,2026-05-13T14:15:00+00:00,TSLA
OPT-LONG-e1559414255da00e,TSLA-PR-0038,O:TSLA260605C00395000,CALL,395.0,2026-06-05,30,0.0,HOLDOUT,CONTINUATION,2026-05-04T17:15:00+00:00,2026-05-04T17:30:00+00:00,2026-05-04T17:30:00+00:00,19.5,EXACT_NEXT_BAR_OPEN,SIMULATED_LONG_PREMIUM_NO_COST_MODEL,2026-05-25T17:30:00+00:00,TSLA
OPT-LONG-0069b42479d7a246,TSLA-PR-0038,O:TSLA260605P00395000,PUT,395.0,2026-06-05,30,0.0,HOLDOUT,CONTINUATION,2026-05-04T17:15:00+00:00,2026-05-04T17:30:00+00:00,2026-05-04T17:30:00+00:00,19.45,EXACT_NEXT_BAR_OPEN,SIMULATED_LONG_PREMIUM_NO_COST_MODEL,2026-05-25T17:30:00+00:00,TSLA
OPT-LONG-e2483441777112a1,TSLA-PR-0039,O:TSLA260526C00440000,CALL,440.0,2026-05-26,14,0.0,HOLDOUT,CONTINUATION,2026-05-11T15:45:00+00:00,2026-05-11T16:00:00+00:00,2026-05-11T16:00:00+00:00,15.7,EXACT_NEXT_BAR_OPEN,SIMULATED_LONG_PREMIUM_NO_COST_MODEL,2026-05-26T23:59:59.999999+00:00,TSLA
OPT-LONG-ddfd76bf8019e7b0,TSLA-PR-0039,O:TSLA260526P00440000,PUT,440.0,2026-05-26,14,0.0,HOLDOUT,CONTINUATION,2026-05-11T15:45:00+00:00,2026-05-11T16:00:00+00:00,2026-05-11T16:00:00+00:00,16.5,EXACT_NEXT_BAR_OPEN,SIMULATED_LONG_PREMIUM_NO_COST_MODEL,2026-05-26T23:59:59.999999+00:00,TSLA
OPT-LONG-beab851504d01e95,TSLA-PR-0039,O:TSLA260612C00440000,CALL,440.0,2026-06-12,30,0.0,HOLDOUT,CONTINUATION,2026-05-11T15:45:00+00:00,2026-05-11T16:00:00+00:00,2026-05-11T16:00:00+00:00,23.55,EXACT_NEXT_BAR_OPEN,SIMULATED_LONG_PREMIUM_NO_COST_MODEL,2026-06-01T16:00:00+00:00,TSLA
OPT-LONG-b2367a02eda3b895,TSLA-PR-0039,O:TSLA260612P00440000,PUT,440.0,2026-06-12,30,0.0,HOLDOUT,CONTINUATION,2026-05-11T15:45:00+00:00,2026-05-11T16:00:00+00:00,2026-05-11T16:00:00+00:00,24.12,EXACT_NEXT_BAR_OPEN,SIMULATED_LONG_PREMIUM_NO_COST_MODEL,2026-06-01T16:00:00+00:00,TSLA
OPT-LONG-1a3b7cf7991478d8,TSLA-PR-0040,O:TSLA260603C00410000,CALL,410.0,2026-06-03,14,0.0,HOLDOUT,ENTRY_FORMING,2026-05-20T14:00:00+00:00,2026-05-20T14:15:00+00:00,2026-05-20T14:15:00+00:00,13.15,EXACT_NEXT_BAR_OPEN,SIMULATED_LONG_PREMIUM_NO_COST_MODEL,2026-06-03T23:59:59.999999+00:00,TSLA
OPT-LONG-18904ac608e9717c,TSLA-PR-0040,O:TSLA260603P00410000,PUT,410.0,2026-06-03,14,0.0,HOLDOUT,ENTRY_FORMING,2026-05-20T14:00:00+00:00,2026-05-20T14:15:00+00:00,2026-05-20T14:15:00+00:00,14.8,EXACT_NEXT_BAR_OPEN,SIMULATED_LONG_PREMIUM_NO_COST_MODEL,2026-06-03T23:59:59.999999+00:00,TSLA
OPT-LONG-b0f91a04cf3af3b2,TSLA-PR-0040,O:TSLA260618C00407500,CALL,407.5,2026-06-18,30,0.0,HOLDOUT,ENTRY_FORMING,2026-05-20T14:00:00+00:00,2026-05-20T14:15:00+00:00,2026-05-20T14:15:00+00:00,22.15,EXACT_NEXT_BAR_OPEN,SIMULATED_LONG_PREMIUM_NO_COST_MODEL,2026-06-10T14:15:00+00:00,TSLA
OPT-LONG-af8a1866b7c3e340,TSLA-PR-0040,O:TSLA260618P00407500,PUT,407.5,2026-06-18,30,0.0,HOLDOUT,ENTRY_FORMING,2026-05-20T14:00:00+00:00,2026-05-20T14:15:00+00:00,2026-05-20T14:15:00+00:00,19.2,EXACT_NEXT_BAR_OPEN,SIMULATED_LONG_PREMIUM_NO_COST_MODEL,2026-06-10T14:15:00+00:00,TSLA
OPT-LONG-d396f47234fc4310,TSLA-PR-0041,O:TSLA260626C00445000,CALL,445.0,2026-06-26,30,0.0,HOLDOUT,CONTINUATION,2026-05-28T19:15:00+00:00,2026-05-28T19:30:00+00:00,2026-05-28T19:30:00+00:00,22.0,EXACT_NEXT_BAR_OPEN,SIMULATED_LONG_PREMIUM_NO_COST_MODEL,2026-06-18T19:30:00+00:00,TSLA
OPT-LONG-1de330efa0d64d4b,TSLA-PR-0043,O:TSLA260731C00425000,CALL,425.0,2026-07-31,30,0.0,HOLDOUT,CONTINUATION,2026-07-01T19:30:00+00:00,2026-07-01T19:45:00+00:00,2026-07-01T19:45:00+00:00,23.84,EXACT_NEXT_BAR_OPEN,SIMULATED_LONG_PREMIUM_NO_COST_MODEL,2026-07-22T19:45:00+00:00,TSLA
OPT-LONG-f136be029cd2b627,TSLA-PR-0043,O:TSLA260731P00425000,PUT,425.0,2026-07-31,30,0.0,HOLDOUT,CONTINUATION,2026-07-01T19:30:00+00:00,2026-07-01T19:45:00+00:00,2026-07-01T19:45:00+00:00,20.8,EXACT_NEXT_BAR_OPEN,SIMULATED_LONG_PREMIUM_NO_COST_MODEL,2026-07-22T19:45:00+00:00,TSLA
OPT-LONG-a63028ee0e927e40,TSLA-PR-0046,O:TSLA260824C00332500,CALL,332.5,2026-08-24,14,0.0,HOLDOUT,CONTINUATION,2026-08-11T19:30:00+00:00,2026-08-11T19:45:00+00:00,2026-08-11T19:45:00+00:00,9.2,EXACT_NEXT_BAR_OPEN,SIMULATED_LONG_PREMIUM_NO_COST_MODEL,2026-08-24T23:59:59.999999+00:00,TSLA
OPT-LONG-03b762c77de2a88d,TSLA-PR-0046,O:TSLA260824P00332500,PUT,332.5,2026-08-24,14,0.0,HOLDOUT,CONTINUATION,2026-08-11T19:30:00+00:00,2026-08-11T19:45:00+00:00,2026-08-11T19:45:00+00:00,9.1,EXACT_NEXT_BAR_OPEN,SIMULATED_LONG_PREMIUM_NO_COST_MODEL,2026-08-24T23:59:59.999999+00:00,TSLA
OPT-LONG-54910eef09fe57c7,TSLA-PR-0046,O:TSLA260911P00330000,PUT,330.0,2026-09-11,30,0.0,HOLDOUT,CONTINUATION,2026-08-11T19:30:00+00:00,2026-08-11T19:45:00+00:00,2026-08-11T19:45:00+00:00,12.97,EXACT_NEXT_BAR_OPEN,SIMULATED_LONG_PREMIUM_NO_COST_MODEL,2026-09-01T19:45:00+00:00,TSLA
OPT-LONG-2653a1c87da9fb5e,U-PR-0001,O:U240906C00017000,CALL,17.0,2024-09-06,14,0.0,DISCOVERY,CONTINUATION,2024-08-23T13:30:00+00:00,2024-08-23T13:45:00+00:00,2024-08-23T13:45:00+00:00,0.83,EXACT_NEXT_BAR_OPEN,SIMULATED_LONG_PREMIUM_NO_COST_MODEL,2024-09-06T23:59:59.999999+00:00,U
OPT-LONG-4ded24053687653b,U-PR-0004,O:U241011C00023500,CALL,23.5,2024-10-11,14,0.0,DISCOVERY,CONTINUATION,2024-09-30T13:30:00+00:00,2024-09-30T13:45:00+00:00,2024-09-30T13:45:00+00:00,1.2,EXACT_NEXT_BAR_OPEN,SIMULATED_LONG_PREMIUM_NO_COST_MODEL,2024-10-11T23:59:59.999999+00:00,U
OPT-LONG-096a441d6c0fb869,U-PR-0004,O:U241101C00023000,CALL,23.0,2024-11-01,30,0.0,DISCOVERY,CONTINUATION,2024-09-30T13:30:00+00:00,2024-09-30T13:45:00+00:00,2024-09-30T13:45:00+00:00,2.05,EXACT_NEXT_BAR_OPEN,SIMULATED_LONG_PREMIUM_NO_COST_MODEL,2024-10-21T13:45:00+00:00,U
OPT-LONG-068ca28111f794c6,U-PR-0005,O:U241101C00022000,CALL,22.0,2024-11-01,14,0.0,DISCOVERY,ENTRY_FORMING,2024-10-18T19:30:00+00:00,2024-10-18T19:45:00+00:00,2024-10-18T19:45:00+00:00,1.06,EXACT_NEXT_BAR_OPEN,SIMULATED_LONG_PREMIUM_NO_COST_MODEL,2024-11-01T23:59:59.999999+00:00,U
OPT-LONG-c3619deffc03a508,U-PR-0005,O:U241115C00022000,CALL,22.0,2024-11-15,30,0.0,DISCOVERY,ENTRY_FORMING,2024-10-18T19:30:00+00:00,2024-10-18T19:45:00+00:00,2024-10-18T19:45:00+00:00,2.06,EXACT_NEXT_BAR_OPEN,SIMULATED_LONG_PREMIUM_NO_COST_MODEL,2024-11-08T19:45:00+00:00,U
OPT-LONG-a336ef364d684caf,U-PR-0006,O:U241122C00022500,CALL,22.5,2024-11-22,14,0.0,DISCOVERY,CONTINUATION,2024-11-07T20:00:00+00:00,2024-11-07T20:15:00+00:00,2024-11-07T20:15:00+00:00,1.8,EXACT_NEXT_BAR_OPEN,SIMULATED_LONG_PREMIUM_NO_COST_MODEL,2024-11-22T23:59:59.999999+00:00,U
OPT-LONG-534cd0df40422559,U-PR-0009,O:U250124C00023000,CALL,23.0,2025-01-24,14,0.0,DISCOVERY,ENTRY_FORMING,2025-01-08T20:00:00+00:00,2025-01-08T20:15:00+00:00,2025-01-08T20:15:00+00:00,2.03,EXACT_NEXT_BAR_OPEN,SIMULATED_LONG_PREMIUM_NO_COST_MODEL,2025-01-24T23:59:59.999999+00:00,U
OPT-LONG-6b06e37c849690c2,U-PR-0010,O:U250221C00021500,CALL,21.5,2025-02-21,14,0.0,DISCOVERY,ENTRY_FORMING,2025-02-10T14:30:00+00:00,2025-02-10T14:45:00+00:00,2025-02-10T14:45:00+00:00,1.43,EXACT_NEXT_BAR_OPEN,SIMULATED_LONG_PREMIUM_NO_COST_MODEL,2025-02-21T23:59:59.999999+00:00,U
OPT-LONG-f38c58d5cd60c47a,U-PR-0012,O:U250417C00021000,CALL,21.0,2025-04-17,30,0.0,DISCOVERY,CONTINUATION,2025-03-18T17:45:00+00:00,2025-03-18T18:00:00+00:00,2025-03-18T18:00:00+00:00,1.75,EXACT_NEXT_BAR_OPEN,SIMULATED_LONG_PREMIUM_NO_COST_MODEL,2025-04-08T18:00:00+00:00,U
OPT-LONG-24b7c8bc21cc7a84,U-PR-0015,O:U250523C00022000,CALL,22.0,2025-05-23,14,0.0,DISCOVERY,CONTINUATION,2025-05-12T13:30:00+00:00,2025-05-12T13:45:00+00:00,2025-05-12T13:45:00+00:00,0.64,EXACT_NEXT_BAR_OPEN,SIMULATED_LONG_PREMIUM_NO_COST_MODEL,2025-05-23T23:59:59.999999+00:00,U
OPT-LONG-284c4c0347c96213,U-PR-0023,O:U251017C00046000,CALL,46.0,2025-10-17,30,0.0,DISCOVERY,CONTINUATION,2025-09-15T19:00:00+00:00,2025-09-15T19:15:00+00:00,2025-09-15T19:15:00+00:00,4.03,EXACT_NEXT_BAR_OPEN,SIMULATED_LONG_PREMIUM_NO_COST_MODEL,2025-10-06T19:15:00+00:00,U
OPT-LONG-df350b79704f157c,U-PR-0026,O:U251219C00044000,CALL,44.0,2025-12-19,14,0.0,DISCOVERY,CONTINUATION,2025-12-04T16:45:00+00:00,2025-12-04T17:00:00+00:00,2025-12-04T17:00:00+00:00,2.46,EXACT_NEXT_BAR_OPEN,SIMULATED_LONG_PREMIUM_NO_COST_MODEL,2025-12-19T23:59:59.999999+00:00,U
OPT-LONG-59bf7bf2af015757,U-PR-0026,O:U251219P00044000,PUT,44.0,2025-12-19,14,0.0,DISCOVERY,CONTINUATION,2025-12-04T16:45:00+00:00,2025-12-04T17:00:00+00:00,2025-12-04T17:00:00+00:00,2.15,EXACT_NEXT_BAR_OPEN,SIMULATED_LONG_PREMIUM_NO_COST_MODEL,2025-12-19T23:59:59.999999+00:00,U
OPT-LONG-6f09c334063978f4,U-PR-0028,O:U260116C00045000,CALL,45.0,2026-01-16,14,0.0,DISCOVERY,CONTINUATION,2026-01-02T19:00:00+00:00,2026-01-02T19:15:00+00:00,2026-01-02T19:15:00+00:00,2.02,EXACT_NEXT_BAR_OPEN,SIMULATED_LONG_PREMIUM_NO_COST_MODEL,2026-01-16T23:59:59.999999+00:00,U
OPT-LONG-3c5b1100781e2f61,U-PR-0036,O:U260515C00023000,CALL,23.0,2026-05-15,30,0.0,HOLDOUT,CONTINUATION,2026-04-13T19:30:00+00:00,2026-04-13T19:45:00+00:00,2026-04-13T19:45:00+00:00,2.18,EXACT_NEXT_BAR_OPEN,SIMULATED_LONG_PREMIUM_NO_COST_MODEL,2026-05-04T19:45:00+00:00,U
OPT-LONG-4033e8f62dd33201,U-PR-0038,O:U260605C00027500,CALL,27.5,2026-06-05,30,0.0,HOLDOUT,ENTRY_FORMING,2026-05-06T19:30:00+00:00,2026-05-06T19:45:00+00:00,2026-05-06T19:45:00+00:00,3.06,EXACT_NEXT_BAR_OPEN,SIMULATED_LONG_PREMIUM_NO_COST_MODEL,2026-05-27T19:45:00+00:00,U
OPT-LONG-466e415c2d208386,U-PR-0040,O:U260618C00030000,CALL,30.0,2026-06-18,14,0.0,HOLDOUT,ENTRY_FORMING,2026-06-04T18:15:00+00:00,2026-06-04T18:30:00+00:00,2026-06-04T18:30:00+00:00,1.91,EXACT_NEXT_BAR_OPEN,SIMULATED_LONG_PREMIUM_NO_COST_MODEL,2026-06-18T23:59:59.999999+00:00,U
OPT-LONG-0c7fb545ae508539,VALE-PR-0004,O:VALE241115C00011000,CALL,11.0,2024-11-15,30,0.0,DISCOVERY,ENTRY_FORMING,2024-10-16T13:30:00+00:00,2024-10-16T13:45:00+00:00,2024-10-16T13:45:00+00:00,0.39,EXACT_NEXT_BAR_OPEN,SIMULATED_LONG_PREMIUM_NO_COST_MODEL,2024-11-06T13:45:00+00:00,VALE
OPT-LONG-4d2c80ffde17a1cd,VALE-PR-0009,O:VALE250221C00009500,CALL,9.5,2025-02-21,14,0.0,DISCOVERY,CONTINUATION,2025-02-04T16:00:00+00:00,2025-02-04T16:15:00+00:00,2025-02-04T16:15:00+00:00,0.22,EXACT_NEXT_BAR_OPEN,SIMULATED_LONG_PREMIUM_NO_COST_MODEL,2025-02-21T23:59:59.999999+00:00,VALE
OPT-LONG-d6df34db45efe6d6,VALE-PR-0010,O:VALE250321C00010000,CALL,10.0,2025-03-21,30,0.0,DISCOVERY,CONTINUATION,2025-02-19T19:00:00+00:00,2025-02-19T19:15:00+00:00,2025-02-19T19:15:00+00:00,0.2,EXACT_NEXT_BAR_OPEN,SIMULATED_LONG_PREMIUM_NO_COST_MODEL,2025-03-12T19:15:00+00:00,VALE
OPT-LONG-8751334f888b2148,VALE-PR-0013,O:VALE250509P00009500,PUT,9.5,2025-05-09,14,0.0,DISCOVERY,CONTINUATION,2025-04-28T13:30:00+00:00,2025-04-28T13:45:00+00:00,2025-04-28T13:45:00+00:00,0.2,EXACT_NEXT_BAR_OPEN,SIMULATED_LONG_PREMIUM_NO_COST_MODEL,2025-05-09T23:59:59.999999+00:00,VALE
OPT-LONG-368d259d4d7d582f,VALE-PR-0022,O:VALE251017P00011000,PUT,11.0,2025-10-17,30,0.0,DISCOVERY,CONTINUATION,2025-09-19T19:15:00+00:00,2025-09-19T19:30:00+00:00,2025-09-19T19:30:00+00:00,0.32,EXACT_NEXT_BAR_OPEN,SIMULATED_LONG_PREMIUM_NO_COST_MODEL,2025-10-10T19:30:00+00:00,VALE
OPT-LONG-3e3c9ce3ff8d20cf,VALE-PR-0032,O:VALE260220C00017000,CALL,17.0,2026-02-20,14,0.0,HOLDOUT,CONTINUATION,2026-02-04T15:00:00+00:00,2026-02-04T15:15:00+00:00,2026-02-04T15:15:00+00:00,0.51,EXACT_NEXT_BAR_OPEN,SIMULATED_LONG_PREMIUM_NO_COST_MODEL,2026-02-20T23:59:59.999999+00:00,VALE
OPT-LONG-dccdccca016a489d,VALE-PR-0035,O:VALE260417C00015500,CALL,15.5,2026-04-17,14,0.0,HOLDOUT,CONTINUATION,2026-03-31T14:00:00+00:00,2026-03-31T14:15:00+00:00,2026-03-31T14:15:00+00:00,0.7,EXACT_NEXT_BAR_OPEN,SIMULATED_LONG_PREMIUM_NO_COST_MODEL,2026-04-17T23:59:59.999999+00:00,VALE
OPT-LONG-e7f4293f050130db,VALE-PR-0037,O:VALE260515C00018000,CALL,18.0,2026-05-15,30,0.0,HOLDOUT,CONTINUATION,2026-04-17T15:00:00+00:00,2026-04-17T15:15:00+00:00,2026-04-17T15:15:00+00:00,0.63,EXACT_NEXT_BAR_OPEN,SIMULATED_LONG_PREMIUM_NO_COST_MODEL,2026-05-08T15:15:00+00:00,VALE
OPT-LONG-f6152ed10879a35f,VALE-PR-0037,O:VALE260515P00018000,PUT,18.0,2026-05-15,30,0.0,HOLDOUT,CONTINUATION,2026-04-17T15:00:00+00:00,2026-04-17T15:15:00+00:00,2026-04-17T15:15:00+00:00,0.77,EXACT_NEXT_BAR_OPEN,SIMULATED_LONG_PREMIUM_NO_COST_MODEL,2026-05-08T15:15:00+00:00,VALE
OPT-LONG-416ee86dc822f55a,VALE-PR-0044,O:VALE260821C00015000,CALL,15.0,2026-08-21,30,0.0,HOLDOUT,ENTRY_FORMING,2026-07-24T19:15:00+00:00,2026-07-24T19:30:00+00:00,2026-07-24T19:30:00+00:00,0.42,EXACT_NEXT_BAR_OPEN,SIMULATED_LONG_PREMIUM_NO_COST_MODEL,2026-08-14T19:30:00+00:00,VALE
