signal_bar_open_utc,decision_available_utc,session_date,spot,event_family,events,campaign_health,phase_confidence,weakness_count,partition,symbol,anchor_id,ticker,contract_type,strike,expiration,dte,moneyness_pct,dte_target,moneyness_target,moneyness_distance_pct,moneyness_band,selection_policy,bar_count,bars_file,cached,cache_start_date,cache_end_date
2024-08-22T17:30:00+00:00,2024-08-22T17:45:00+00:00,2024-08-22,71.26,THESIS_PRESSURE,FAIL TEST,33.0,16.0,5.0,DISCOVERY,PYPL,PYPL-0001,O:PYPL240906C00071000,CALL,71.0,2024-09-06,15,0.3661971830985987,14,0.0,0.3661971830985987,NEAR_ATM,WITHIN_TOLERANCE,257,bars/O_PYPL240906C00071000.json,False,2024-08-15,2024-09-06
2024-08-22T18:00:00+00:00,2024-08-22T18:15:00+00:00,2024-08-22,22.4291,THESIS_PRESSURE,FAIL TEST,27.0,10.0,6.0,DISCOVERY,GME,GME-0001,O:GME240906C00022500,CALL,22.5,2024-09-06,15,-0.31511111111111884,14,0.0,0.31511111111111884,NEAR_ATM,WITHIN_TOLERANCE,355,bars/O_GME240906C00022500.json,False,2024-08-15,2024-09-06
2024-08-22T18:00:00+00:00,2024-08-22T18:15:00+00:00,2024-08-22,263.66,THESIS_PRESSURE,FAIL TEST,0.0,0.0,18.0,DISCOVERY,LULU,LULU-0001,O:LULU240906C00262500,CALL,262.5,2024-09-06,15,0.44190476190477146,14,0.0,0.44190476190477146,NEAR_ATM,WITHIN_TOLERANCE,141,bars/O_LULU240906C00262500.json,False,2024-08-15,2024-09-06
2024-08-22T18:00:00+00:00,2024-08-22T18:15:00+00:00,2024-08-22,17.095,THESIS_PRESSURE,FAIL TEST,9.0,1.0,9.0,DISCOVERY,U,U-0001,O:U240906C00017000,CALL,17.0,2024-09-06,15,0.5588235294117581,14,0.0,0.5588235294117581,NEAR_ATM,WITHIN_TOLERANCE,232,bars/O_U240906C00017000.json,False,2024-08-15,2024-09-06
2024-08-22T19:00:00+00:00,2024-08-22T19:15:00+00:00,2024-08-22,22.53,CONTINUATION,RELOAD,64.0,50.0,2.0,DISCOVERY,GME,GME-0002,O:GME240906C00022500,CALL,22.5,2024-09-06,15,0.13333333333333838,14,0.0,0.13333333333333838,NEAR_ATM,WITHIN_TOLERANCE,355,bars/O_GME240906C00022500.json,False,2024-08-15,2024-09-06
2024-08-22T19:30:00+00:00,2024-08-22T19:45:00+00:00,2024-08-22,10.425,CONTINUATION,RELOAD,9.0,26.0,0.0,DISCOVERY,VALE,VALE-0001,O:VALE240906C00010500,CALL,10.5,2024-09-06,15,-0.7142857142857075,14,0.0,0.7142857142857075,NEAR_ATM,WITHIN_TOLERANCE,149,bars/O_VALE240906C00010500.json,False,2024-08-15,2024-09-06
2024-08-23T13:30:00+00:00,2024-08-23T13:45:00+00:00,2024-08-23,267.49,CONTINUATION,RELOAD,78.0,59.0,0.0,DISCOVERY,LULU,LULU-0002,O:LULU240906C00267500,CALL,267.5,2024-09-06,14,-0.003738317757005946,14,0.0,0.003738317757005946,NEAR_ATM,WITHIN_TOLERANCE,164,bars/O_LULU240906C00267500.json,False,2024-08-16,2024-09-06
2024-08-23T13:30:00+00:00,2024-08-23T13:45:00+00:00,2024-08-23,559.32,CONTINUATION,RELOAD,25.0,32.0,0.0,DISCOVERY,SPY,SPY-0001,O:SPY240906C00559000,CALL,559.0,2024-09-06,14,0.0572450805009034,14,0.0,0.0572450805009034,NEAR_ATM,WITHIN_TOLERANCE,377,bars/O_SPY240906C00559000.json,False,2024-08-16,2024-09-06
2024-08-23T13:30:00+00:00,2024-08-23T13:45:00+00:00,2024-08-23,216.3271,CONTINUATION,RELOAD,20.0,31.0,0.0,DISCOVERY,TSLA,TSLA-0001,O:TSLA240906C00217500,CALL,217.5,2024-09-06,14,-0.5392643678160913,14,0.0,0.5392643678160913,NEAR_ATM,WITHIN_TOLERANCE,347,bars/O_TSLA240906C00217500.json,False,2024-08-16,2024-09-06
2024-08-23T13:30:00+00:00,2024-08-23T13:45:00+00:00,2024-08-23,17.1702,CONTINUATION,RELOAD,74.0,54.0,0.0,DISCOVERY,U,U-0002,O:U240906C00017000,CALL,17.0,2024-09-06,14,1.0011764705882427,14,0.0,1.0011764705882427,NEAR_ATM,WITHIN_TOLERANCE,232,bars/O_U240906C00017000.json,False,2024-08-15,2024-09-06
2024-08-23T14:15:00+00:00,2024-08-23T14:30:00+00:00,2024-08-23,71.685,CONTINUATION,RELOAD,53.0,39.0,2.0,DISCOVERY,PYPL,PYPL-0002,O:PYPL240906C00072000,CALL,72.0,2024-09-06,14,-0.43749999999999684,14,0.0,0.43749999999999684,NEAR_ATM,WITHIN_TOLERANCE,304,bars/O_PYPL240906C00072000.json,False,2024-08-16,2024-09-06
2024-08-23T15:45:00+00:00,2024-08-23T16:00:00+00:00,2024-08-23,217.7701,THESIS_PRESSURE,FAIL TEST,42.0,21.0,9.0,DISCOVERY,TSLA,TSLA-0002,O:TSLA240906C00217500,CALL,217.5,2024-09-06,14,0.12418390804598324,14,0.0,0.12418390804598324,NEAR_ATM,WITHIN_TOLERANCE,347,bars/O_TSLA240906C00217500.json,False,2024-08-16,2024-09-06
2024-08-23T19:30:00+00:00,2024-08-23T19:45:00+00:00,2024-08-23,561.245,ENTRY_FORMING,STRONG START,100.0,67.0,0.0,DISCOVERY,SPY,SPY-0002,O:SPY240906C00561000,CALL,561.0,2024-09-06,14,0.043672014260250365,14,0.0,0.043672014260250365,NEAR_ATM,WITHIN_TOLERANCE,381,bars/O_SPY240906C00561000.json,False,2024-08-16,2024-09-06
2024-08-23T19:45:00+00:00,2024-08-23T20:00:00+00:00,2024-08-23,44.17,ENTRY_FORMING,IGNITION,100.0,67.0,0.0,DISCOVERY,RBLX,RBLX-0001,O:RBLX240906C00044000,CALL,44.0,2024-09-06,14,0.38636363636364024,14,0.0,0.38636363636364024,NEAR_ATM,WITHIN_TOLERANCE,210,bars/O_RBLX240906C00044000.json,False,2024-08-16,2024-09-06
2024-08-26T13:45:00+00:00,2024-08-26T14:00:00+00:00,2024-08-26,272.817,RISK_OR_EXHAUSTION,MANAGE,95.0,77.0,0.0,DISCOVERY,LULU,LULU-0003,O:LULU240906C00272500,CALL,272.5,2024-09-06,11,0.11633027522936047,14,0.0,0.11633027522936047,NEAR_ATM,WITHIN_TOLERANCE,120,bars/O_LULU240906C00272500.json,False,2024-08-19,2024-09-06
2024-08-26T19:45:00+00:00,2024-08-26T20:00:00+00:00,2024-08-26,17.73,ENTRY_FORMING,STRONG START,38.0,25.0,8.0,DISCOVERY,U,U-0003,O:U240906C00017500,CALL,17.5,2024-09-06,11,1.3142857142857167,14,0.0,1.3142857142857167,NEAR_ATM,WITHIN_TOLERANCE,178,bars/O_U240906C00017500.json,False,2024-08-19,2024-09-06
2024-08-27T13:45:00+00:00,2024-08-27T14:00:00+00:00,2024-08-27,10.8,RISK_OR_EXHAUSTION,MANAGE,95.0,62.0,0.0,DISCOVERY,VALE,VALE-0002,O:VALE240913C00011000,CALL,11.0,2024-09-13,17,-1.818181818181812,14,0.0,1.818181818181812,NEAR_ATM,WITHIN_TOLERANCE,91,bars/O_VALE240913C00011000.json,False,2024-08-20,2024-09-13
2024-08-28T15:15:00+00:00,2024-08-28T15:30:00+00:00,2024-08-28,558.31,THESIS_PRESSURE,FAIL TEST,20.0,8.0,6.0,DISCOVERY,SPY,SPY-0003,O:SPY240910C00558000,CALL,558.0,2024-09-10,13,0.055555555555545776,14,0.0,0.055555555555545776,NEAR_ATM,WITHIN_TOLERANCE,202,bars/O_SPY240910C00558000.json,False,2024-08-21,2024-09-10
2024-08-29T13:45:00+00:00,2024-08-29T14:00:00+00:00,2024-08-29,213.36,RISK_OR_EXHAUSTION,MANAGE,73.0,49.0,0.0,DISCOVERY,TSLA,TSLA-0003,O:TSLA240913C00212500,CALL,212.5,2024-09-13,15,0.4047058823529476,14,0.0,0.4047058823529476,NEAR_ATM,WITHIN_TOLERANCE,353,bars/O_TSLA240913C00212500.json,False,2024-08-22,2024-09-13
2024-08-29T14:15:00+00:00,2024-08-29T14:30:00+00:00,2024-08-29,72.58,RISK_OR_EXHAUSTION,MANAGE,80.0,51.0,0.0,DISCOVERY,PYPL,PYPL-0003,O:PYPL240913C00073000,CALL,73.0,2024-09-13,15,-0.575342465753427,14,0.0,0.575342465753427,NEAR_ATM,WITHIN_TOLERANCE,333,bars/O_PYPL240913C00073000.json,False,2024-08-22,2024-09-13
2024-08-29T17:30:00+00:00,2024-08-29T17:45:00+00:00,2024-08-29,22.3795,RISK_OR_EXHAUSTION,MANAGE,81.0,51.0,0.0,DISCOVERY,GME,GME-0003,O:GME240913C00022500,CALL,22.5,2024-09-13,15,-0.5355555555555548,14,0.0,0.5355555555555548,NEAR_ATM,WITHIN_TOLERANCE,343,bars/O_GME240913C00022500.json,False,2024-08-22,2024-09-13
2024-08-29T17:30:00+00:00,2024-08-29T17:45:00+00:00,2024-08-29,44.06,THESIS_PRESSURE,FAIL TEST,42.0,22.0,4.0,DISCOVERY,RBLX,RBLX-0002,O:RBLX240913C00044000,CALL,44.0,2024-09-13,15,0.13636363636364154,14,0.0,0.13636363636364154,NEAR_ATM,WITHIN_TOLERANCE,189,bars/O_RBLX240913C00044000.json,False,2024-08-22,2024-09-13
2024-08-29T19:15:00+00:00,2024-08-29T19:30:00+00:00,2024-08-29,73.33,ENTRY_FORMING,STRONG START,98.0,66.0,0.0,DISCOVERY,PYPL,PYPL-0004,O:PYPL240913C00073000,CALL,73.0,2024-09-13,15,0.45205479452054564,14,0.0,0.45205479452054564,NEAR_ATM,WITHIN_TOLERANCE,333,bars/O_PYPL240913C00073000.json,False,2024-08-22,2024-09-13
2024-08-30T13:45:00+00:00,2024-08-30T14:00:00+00:00,2024-08-30,44.13,CONTINUATION,RELOAD,77.0,51.0,0.0,DISCOVERY,RBLX,RBLX-0003,O:RBLX240913C00044000,CALL,44.0,2024-09-13,14,0.29545454545455124,14,0.0,0.29545454545455124,NEAR_ATM,WITHIN_TOLERANCE,189,bars/O_RBLX240913C00044000.json,False,2024-08-22,2024-09-13
2024-09-04T13:45:00+00:00,2024-09-04T14:00:00+00:00,2024-09-04,23.53,ENTRY_FORMING,IGNITION,98.0,66.0,0.0,DISCOVERY,GME,GME-0004,O:GME240920C00023500,CALL,23.5,2024-09-20,16,0.12765957446808993,14,0.0,0.12765957446808993,NEAR_ATM,WITHIN_TOLERANCE,364,bars/O_GME240920C00023500.json,False,2024-08-28,2024-09-20
2024-09-05T18:15:00+00:00,2024-09-05T18:30:00+00:00,2024-09-05,16.9295,RISK_OR_EXHAUSTION,MANAGE,0.0,0.0,17.0,DISCOVERY,U,U-0004,O:U240920C00017000,CALL,17.0,2024-09-20,15,-0.414705882352936,14,0.0,0.414705882352936,NEAR_ATM,WITHIN_TOLERANCE,269,bars/O_U240920C00017000.json,False,2024-08-29,2024-09-20
2024-09-05T19:45:00+00:00,2024-09-05T20:00:00+00:00,2024-09-05,230.18,ENTRY_FORMING,IGNITION,100.0,67.0,0.0,DISCOVERY,TSLA,TSLA-0004,O:TSLA240920C00230000,CALL,230.0,2024-09-20,15,0.07826086956522035,14,0.0,0.07826086956522035,NEAR_ATM,WITHIN_TOLERANCE,416,bars/O_TSLA240920C00230000.json,False,2024-08-29,2024-09-20
2024-09-05T19:45:00+00:00,2024-09-05T20:00:00+00:00,2024-09-05,10.24,ENTRY_FORMING,CAMPAIGN START,90.0,58.0,0.0,DISCOVERY,VALE,VALE-0003,O:VALE240920C00010000,CALL,10.0,2024-09-20,15,2.400000000000002,14,0.0,2.400000000000002,NEAR_ATM,WITHIN_TOLERANCE,145,bars/O_VALE240920C00010000.json,False,2024-08-29,2024-09-20
2024-09-06T15:30:00+00:00,2024-09-06T15:45:00+00:00,2024-09-06,10.12,THESIS_PRESSURE,FAIL TEST,15.0,4.0,5.0,DISCOVERY,VALE,VALE-0004,O:VALE240920C00010000,CALL,10.0,2024-09-20,14,1.1999999999999922,14,0.0,1.1999999999999922,NEAR_ATM,WITHIN_TOLERANCE,145,bars/O_VALE240920C00010000.json,False,2024-08-29,2024-09-20
2024-09-10T19:00:00+00:00,2024-09-10T19:15:00+00:00,2024-09-10,44.79,RISK_OR_EXHAUSTION,PEAK,100.0,86.0,0.0,DISCOVERY,RBLX,RBLX-0004,O:RBLX240927C00045000,CALL,45.0,2024-09-27,17,-0.4666666666666685,14,0.0,0.4666666666666685,NEAR_ATM,WITHIN_TOLERANCE,232,bars/O_RBLX240927C00045000.json,False,2024-09-03,2024-09-27
2024-09-13T19:45:00+00:00,2024-09-13T20:00:00+00:00,2024-09-13,266.7,ENTRY_FORMING,STRONG START,100.0,67.0,0.0,DISCOVERY,LULU,LULU-0004,O:LULU240927C00267500,CALL,267.5,2024-09-27,14,-0.2990654205607519,14,0.0,0.2990654205607519,NEAR_ATM,WITHIN_TOLERANCE,187,bars/O_LULU240927C00267500.json,False,2024-09-06,2024-09-27
2024-09-17T13:45:00+00:00,2024-09-17T14:00:00+00:00,2024-09-17,564.49,RISK_OR_EXHAUSTION,PEAK,96.0,83.0,0.0,DISCOVERY,SPY,SPY-0004,O:SPY241001C00564000,CALL,564.0,2024-10-01,14,0.08687943262411509,14,0.0,0.08687943262411509,NEAR_ATM,WITHIN_TOLERANCE,164,bars/O_SPY241001C00564000.json,False,2024-09-10,2024-10-01
2024-09-30T13:30:00+00:00,2024-09-30T13:45:00+00:00,2024-09-30,23.28,CONTINUATION,RELOAD,76.0,59.0,0.0,DISCOVERY,U,U-0005,O:U241011C00023500,CALL,23.5,2024-10-11,11,-0.9361702127659527,14,0.0,0.9361702127659527,NEAR_ATM,WITHIN_TOLERANCE,162,bars/O_U241011C00023500.json,False,2024-09-23,2024-10-11
2024-09-30T19:45:00+00:00,2024-09-30T20:00:00+00:00,2024-09-30,261.605,CONTINUATION,RELOAD,61.0,46.0,3.0,DISCOVERY,TSLA,TSLA-0005,O:TSLA241011C00262500,CALL,262.5,2024-10-11,11,-0.340952380952374,14,0.0,0.340952380952374,NEAR_ATM,WITHIN_TOLERANCE,308,bars/O_TSLA241011C00262500.json,False,2024-09-23,2024-10-11
2024-10-04T13:45:00+00:00,2024-10-04T14:00:00+00:00,2024-10-04,78.56,RISK_OR_EXHAUSTION,MANAGE,0.0,0.0,20.0,DISCOVERY,PYPL,PYPL-0005,O:PYPL241018C00079000,CALL,79.0,2024-10-18,14,-0.5569620253164529,14,0.0,0.5569620253164529,NEAR_ATM,WITHIN_TOLERANCE,272,bars/O_PYPL241018C00079000.json,False,2024-09-27,2024-10-18
2024-10-08T18:45:00+00:00,2024-10-08T19:00:00+00:00,2024-10-08,21.21,THESIS_PRESSURE,FAIL (any severity),54.0,32.0,0.0,DISCOVERY,U,U-0006,O:U241025C00021000,CALL,21.0,2024-10-25,17,1.000000000000004,14,0.0,1.000000000000004,NEAR_ATM,WITHIN_TOLERANCE,214,bars/O_U241025C00021000.json,False,2024-10-01,2024-10-25
2024-10-16T13:30:00+00:00,2024-10-16T13:45:00+00:00,2024-10-16,79.815,CONTINUATION,RELOAD,36.0,38.0,0.0,DISCOVERY,PYPL,PYPL-0006,O:PYPL241101C00080000,CALL,80.0,2024-11-01,16,-0.23125000000000284,14,0.0,0.23125000000000284,NEAR_ATM,WITHIN_TOLERANCE,355,bars/O_PYPL241101C00080000.json,False,2024-10-09,2024-11-01
2024-10-21T15:00:00+00:00,2024-10-21T15:15:00+00:00,2024-10-21,218.25,THESIS_PRESSURE,FAIL (any severity),23.0,13.0,1.0,DISCOVERY,TSLA,TSLA-0006,O:TSLA241101C00217500,CALL,217.5,2024-11-01,11,0.3448275862068966,14,0.0,0.3448275862068966,NEAR_ATM,WITHIN_TOLERANCE,299,bars/O_TSLA241101C00217500.json,False,2024-10-14,2024-11-01
2024-10-21T15:30:00+00:00,2024-10-21T15:45:00+00:00,2024-10-21,581.6224,THESIS_PRESSURE,FAIL TEST,13.0,3.0,7.0,DISCOVERY,SPY,SPY-0005,O:SPY241104C00582000,CALL,582.0,2024-11-04,14,-0.06487972508591572,14,0.0,0.06487972508591572,NEAR_ATM,WITHIN_TOLERANCE,274,bars/O_SPY241104C00582000.json,False,2024-10-14,2024-11-04
2024-10-22T17:30:00+00:00,2024-10-22T17:45:00+00:00,2024-10-22,583.45,CONTINUATION,RELOAD,27.0,36.0,0.0,DISCOVERY,SPY,SPY-0006,O:SPY241105C00583000,CALL,583.0,2024-11-05,14,0.07718696397942461,14,0.0,0.07718696397942461,NEAR_ATM,WITHIN_TOLERANCE,263,bars/O_SPY241105C00583000.json,False,2024-10-15,2024-11-05
2024-10-24T13:45:00+00:00,2024-10-24T14:00:00+00:00,2024-10-24,249.27,RISK_OR_EXHAUSTION,MANAGE,75.0,52.0,0.0,DISCOVERY,TSLA,TSLA-0007,O:TSLA241108C00250000,CALL,250.0,2024-11-08,15,-0.29199999999999593,14,0.0,0.29199999999999593,NEAR_ATM,WITHIN_TOLERANCE,442,bars/O_TSLA241108C00250000.json,False,2024-10-17,2024-11-08
2024-10-24T19:00:00+00:00,2024-10-24T19:15:00+00:00,2024-10-24,579.21,ENTRY_FORMING,STRONG START,82.0,56.0,0.0,DISCOVERY,SPY,SPY-0007,O:SPY241107C00579000,CALL,579.0,2024-11-07,14,0.036269430051819755,14,0.0,0.036269430051819755,NEAR_ATM,WITHIN_TOLERANCE,171,bars/O_SPY241107C00579000.json,False,2024-10-17,2024-11-07
2024-10-25T13:45:00+00:00,2024-10-25T14:00:00+00:00,2024-10-25,20.675,ENTRY_FORMING,STRONG START,0.0,0.0,21.0,DISCOVERY,GME,GME-0005,O:GME241108C00020500,CALL,20.5,2024-11-08,14,0.8536585365853694,14,0.0,0.8536585365853694,NEAR_ATM,WITHIN_TOLERANCE,170,bars/O_GME241108C00020500.json,False,2024-10-18,2024-11-08
2024-10-31T15:30:00+00:00,2024-10-31T15:45:00+00:00,2024-10-31,22.721,THESIS_PRESSURE,FAIL TEST,9.0,2.0,9.0,DISCOVERY,GME,GME-0006,O:GME241115C00022500,CALL,22.5,2024-11-15,15,0.9822222222222226,14,0.0,0.9822222222222226,NEAR_ATM,WITHIN_TOLERANCE,339,bars/O_GME241115C00022500.json,False,2024-10-24,2024-11-15
2024-11-01T15:00:00+00:00,2024-11-01T15:15:00+00:00,2024-11-01,312.0656,RISK_OR_EXHAUSTION,MANAGE,87.0,57.0,0.0,DISCOVERY,LULU,LULU-0005,O:LULU241115C00310000,CALL,310.0,2024-11-15,14,0.666322580645167,14,0.0,0.666322580645167,NEAR_ATM,WITHIN_TOLERANCE,281,bars/O_LULU241115C00310000.json,False,2024-10-25,2024-11-15
2024-11-04T16:45:00+00:00,2024-11-04T17:00:00+00:00,2024-11-04,77.47,THESIS_PRESSURE,FAIL TEST,4.0,0.0,9.0,DISCOVERY,PYPL,PYPL-0007,O:PYPL241115C00077500,CALL,77.5,2024-11-15,11,-0.038709677419356305,14,0.0,0.038709677419356305,NEAR_ATM,WITHIN_TOLERANCE,187,bars/O_PYPL241115C00077500.json,False,2024-10-28,2024-11-15
2024-11-05T16:15:00+00:00,2024-11-05T16:30:00+00:00,2024-11-05,50.8161,CONTINUATION,RELOAD,79.0,54.0,0.0,DISCOVERY,RBLX,RBLX-0005,O:RBLX241122C00051000,CALL,51.0,2024-11-22,17,-0.3605882352941202,14,0.0,0.3605882352941202,NEAR_ATM,WITHIN_TOLERANCE,168,bars/O_RBLX241122C00051000.json,False,2024-10-29,2024-11-22
2024-11-07T19:45:00+00:00,2024-11-07T20:00:00+00:00,2024-11-07,53.56,RISK_OR_EXHAUSTION,PEAK,95.0,84.0,0.0,DISCOVERY,RBLX,RBLX-0006,O:RBLX241122C00054000,CALL,54.0,2024-11-22,15,-0.8148148148148106,14,0.0,0.8148148148148106,NEAR_ATM,WITHIN_TOLERANCE,221,bars/O_RBLX241122C00054000.json,False,2024-10-31,2024-11-22
2024-11-08T17:30:00+00:00,2024-11-08T17:45:00+00:00,2024-11-08,24.4199,CONTINUATION,ADD,99.0,84.0,0.0,DISCOVERY,GME,GME-0007,O:GME241122C00024500,CALL,24.5,2024-11-22,14,-0.32693877551021067,14,0.0,0.32693877551021067,NEAR_ATM,WITHIN_TOLERANCE,237,bars/O_GME241122C00024500.json,False,2024-11-01,2024-11-22
2024-11-08T17:45:00+00:00,2024-11-08T18:00:00+00:00,2024-11-08,52.36,THESIS_PRESSURE,FAIL (any severity),4.0,0.0,9.0,DISCOVERY,RBLX,RBLX-0007,O:RBLX241122C00052000,CALL,52.0,2024-11-22,14,0.6923076923076912,14,0.0,0.6923076923076912,NEAR_ATM,WITHIN_TOLERANCE,227,bars/O_RBLX241122C00052000.json,False,2024-11-01,2024-11-22
2024-11-08T19:30:00+00:00,2024-11-08T19:45:00+00:00,2024-11-08,25.1999,RISK_OR_EXHAUSTION,MANAGE,91.0,82.0,0.0,DISCOVERY,GME,GME-0008,O:GME241122C00025000,CALL,25.0,2024-11-22,14,0.7995999999999981,14,0.0,0.7995999999999981,NEAR_ATM,WITHIN_TOLERANCE,397,bars/O_GME241122C00025000.json,False,2024-11-01,2024-11-22
2024-11-13T17:30:00+00:00,2024-11-13T17:45:00+00:00,2024-11-13,87.42,RISK_OR_EXHAUSTION,PEAK,96.0,83.0,0.0,DISCOVERY,PYPL,PYPL-0008,O:PYPL241129C00087000,CALL,87.0,2024-11-29,16,0.48275862068965714,14,0.0,0.48275862068965714,NEAR_ATM,WITHIN_TOLERANCE,286,bars/O_PYPL241129C00087000.json,False,2024-11-06,2024-11-29
2024-11-19T15:30:00+00:00,2024-11-19T15:45:00+00:00,2024-11-19,10.045,ENTRY_FORMING,STRONG START,96.0,65.0,0.0,DISCOVERY,VALE,VALE-0005,O:VALE241206C00010000,CALL,10.0,2024-12-06,17,0.4499999999999993,14,0.0,0.4499999999999993,NEAR_ATM,WITHIN_TOLERANCE,181,bars/O_VALE241206C00010000.json,False,2024-11-12,2024-12-06
2024-11-20T20:30:00+00:00,2024-11-20T20:45:00+00:00,2024-11-20,306.94,ENTRY_FORMING,STRONG START,85.0,57.0,0.0,DISCOVERY,LULU,LULU-0006,O:LULU241206C00307500,CALL,307.5,2024-12-06,16,-0.18211382113821212,14,0.0,0.18211382113821212,NEAR_ATM,WITHIN_TOLERANCE,68,bars/O_LULU241206C00307500.json,False,2024-11-13,2024-12-06
2024-11-20T20:30:00+00:00,2024-11-20T20:45:00+00:00,2024-11-20,84.605,ENTRY_FORMING,STRONG START,94.0,64.0,0.0,DISCOVERY,PYPL,PYPL-0009,O:PYPL241206C00085000,CALL,85.0,2024-12-06,16,-0.46470588235293653,14,0.0,0.46470588235293653,NEAR_ATM,WITHIN_TOLERANCE,287,bars/O_PYPL241206C00085000.json,False,2024-11-13,2024-12-06
2024-11-21T14:30:00+00:00,2024-11-21T14:45:00+00:00,2024-11-21,9.8488,THESIS_PRESSURE,FAIL (any severity),48.0,25.0,1.0,DISCOVERY,VALE,VALE-0006,O:VALE241206C00010000,CALL,10.0,2024-12-06,15,-1.5119999999999933,14,0.0,1.5119999999999933,NEAR_ATM,WITHIN_TOLERANCE,181,bars/O_VALE241206C00010000.json,False,2024-11-12,2024-12-06
2024-11-21T19:45:00+00:00,2024-11-21T20:00:00+00:00,2024-11-21,22.585,RISK_OR_EXHAUSTION,PEAK,96.0,80.0,0.0,DISCOVERY,U,U-0007,O:U241206C00022500,CALL,22.5,2024-12-06,15,0.37777777777778154,14,0.0,0.37777777777778154,NEAR_ATM,WITHIN_TOLERANCE,83,bars/O_U241206C00022500.json,False,2024-11-14,2024-12-06
2024-11-22T14:30:00+00:00,2024-11-22T14:45:00+00:00,2024-11-22,85.94,CONTINUATION,ADD,92.0,74.0,0.0,DISCOVERY,PYPL,PYPL-0010,O:PYPL241206C00086000,CALL,86.0,2024-12-06,14,-0.06976744186046777,14,0.0,0.06976744186046777,NEAR_ATM,WITHIN_TOLERANCE,239,bars/O_PYPL241206C00086000.json,False,2024-11-15,2024-12-06
2024-11-29T14:30:00+00:00,2024-11-29T14:45:00+00:00,2024-11-29,50.0799,ENTRY_FORMING,STRONG START,75.0,55.0,0.0,DISCOVERY,RBLX,RBLX-0008,O:RBLX241213C00050000,CALL,50.0,2024-12-13,14,0.15980000000000416,14,0.0,0.15980000000000416,NEAR_ATM,WITHIN_TOLERANCE,99,bars/O_RBLX241213C00050000.json,False,2024-11-22,2024-12-13
2024-11-29T14:45:00+00:00,2024-11-29T15:00:00+00:00,2024-11-29,338.8403,ENTRY_FORMING,STRONG START,82.0,54.0,0.0,DISCOVERY,TSLA,TSLA-0008,O:TSLA241213C00340000,CALL,340.0,2024-12-13,14,-0.34108823529411375,14,0.0,0.34108823529411375,NEAR_ATM,WITHIN_TOLERANCE,347,bars/O_TSLA241213C00340000.json,False,2024-11-22,2024-12-13
2024-12-04T20:45:00+00:00,2024-12-04T21:00:00+00:00,2024-12-04,607.61,RISK_OR_EXHAUSTION,MANAGE,95.0,78.0,0.0,DISCOVERY,SPY,SPY-0008,O:SPY241218C00608000,CALL,608.0,2024-12-18,14,-0.06414473684210302,14,0.0,0.06414473684210302,NEAR_ATM,WITHIN_TOLERANCE,268,bars/O_SPY241218C00608000.json,False,2024-11-27,2024-12-18
2024-12-04T20:45:00+00:00,2024-12-04T21:00:00+00:00,2024-12-04,26.33,ENTRY_FORMING,IGNITION,100.0,73.0,0.0,DISCOVERY,U,U-0008,O:U241220C00026000,CALL,26.0,2024-12-20,16,1.2692307692307625,14,0.0,1.2692307692307625,NEAR_ATM,WITHIN_TOLERANCE,282,bars/O_U241220C00026000.json,False,2024-11-27,2024-12-20
2024-12-05T15:00:00+00:00,2024-12-05T15:15:00+00:00,2024-12-05,372.71,RISK_OR_EXHAUSTION,MANAGE,95.0,77.0,0.0,DISCOVERY,TSLA,TSLA-0009,O:TSLA241220C00375000,CALL,375.0,2024-12-20,15,-0.6106666666666721,14,0.0,0.6106666666666721,NEAR_ATM,WITHIN_TOLERANCE,394,bars/O_TSLA241220C00375000.json,False,2024-11-28,2024-12-20
2024-12-05T17:45:00+00:00,2024-12-05T18:00:00+00:00,2024-12-05,343.7,CONTINUATION,ADD,99.0,82.0,0.0,DISCOVERY,LULU,LULU-0007,O:LULU241220C00342500,CALL,342.5,2024-12-20,15,0.3503649635036463,14,0.0,0.3503649635036463,NEAR_ATM,WITHIN_TOLERANCE,42,bars/O_LULU241220C00342500.json,False,2024-11-28,2024-12-20
2024-12-05T19:00:00+00:00,2024-12-05T19:15:00+00:00,2024-12-05,30.0944,RISK_OR_EXHAUSTION,MANAGE,72.0,49.0,0.0,DISCOVERY,GME,GME-0009,O:GME241220C00030000,CALL,30.0,2024-12-20,15,0.31466666666666754,14,0.0,0.31466666666666754,NEAR_ATM,WITHIN_TOLERANCE,404,bars/O_GME241220C00030000.json,False,2024-11-28,2024-12-20
2024-12-10T20:45:00+00:00,2024-12-10T21:00:00+00:00,2024-12-10,397.02,THESIS_PRESSURE,FAIL (any severity),30.0,17.0,6.0,DISCOVERY,LULU,LULU-0008,O:LULU241227C00397500,CALL,397.5,2024-12-27,17,-0.12075471698113666,14,0.0,0.12075471698113666,NEAR_ATM,WITHIN_TOLERANCE,90,bars/O_LULU241227C00397500.json,False,2024-12-03,2024-12-27
2024-12-26T20:15:00+00:00,2024-12-26T20:30:00+00:00,2024-12-26,8.945,CONTINUATION,RELOAD,40.0,35.0,0.0,DISCOVERY,VALE,VALE-0007,O:VALE250110C00009000,CALL,9.0,2025-01-10,15,-0.6111111111111079,14,0.0,0.6111111111111079,NEAR_ATM,WITHIN_TOLERANCE,130,bars/O_VALE250110C00009000.json,False,2024-12-19,2025-01-10
2024-12-26T20:45:00+00:00,2024-12-26T21:00:00+00:00,2024-12-26,24.17,CONTINUATION,ADD,99.0,79.0,0.0,DISCOVERY,U,U-0009,O:U250110C00024000,CALL,24.0,2025-01-10,15,0.7083333333333404,14,0.0,0.7083333333333404,NEAR_ATM,WITHIN_TOLERANCE,195,bars/O_U250110C00024000.json,False,2024-12-19,2025-01-10
2024-12-30T15:30:00+00:00,2024-12-30T15:45:00+00:00,2024-12-30,586.658,THESIS_PRESSURE,FAIL TEST,1.0,0.0,9.0,DISCOVERY,SPY,SPY-0009,O:SPY250113C00587000,CALL,587.0,2025-01-13,14,-0.058262350936964996,14,0.0,0.058262350936964996,NEAR_ATM,WITHIN_TOLERANCE,191,bars/O_SPY250113C00587000.json,False,2024-12-23,2025-01-13
2024-12-30T20:45:00+00:00,2024-12-30T21:00:00+00:00,2024-12-30,85.39,THESIS_PRESSURE,FAIL (any severity),0.0,0.0,12.0,DISCOVERY,PYPL,PYPL-0011,O:PYPL250110C00085000,CALL,85.0,2025-01-10,11,0.45882352941176535,14,0.0,0.45882352941176535,NEAR_ATM,WITHIN_TOLERANCE,77,bars/O_PYPL250110C00085000.json,False,2024-12-23,2025-01-10
2024-12-31T15:15:00+00:00,2024-12-31T15:30:00+00:00,2024-12-31,32.38,ENTRY_FORMING,STRONG START,72.0,49.0,3.0,DISCOVERY,GME,GME-0010,O:GME250117C00032500,CALL,32.5,2025-01-17,17,-0.36923076923076137,14,0.0,0.36923076923076137,NEAR_ATM,WITHIN_TOLERANCE,339,bars/O_GME250117C00032500.json,False,2024-12-24,2025-01-17
2025-01-06T14:45:00+00:00,2025-01-06T15:00:00+00:00,2025-01-06,25.075,RISK_OR_EXHAUSTION,MANAGE,96.0,69.0,0.0,DISCOVERY,U,U-0010,O:U250117C00025000,CALL,25.0,2025-01-17,11,0.29999999999999716,14,0.0,0.29999999999999716,NEAR_ATM,WITHIN_TOLERANCE,301,bars/O_U250117C00025000.json,False,2024-12-30,2025-01-17
2025-01-06T20:00:00+00:00,2025-01-06T20:15:00+00:00,2025-01-06,394.39,RISK_OR_EXHAUSTION,ADD|PEAK,98.0,80.0,0.0,DISCOVERY,LULU,LULU-0009,O:LULU250117C00395000,CALL,395.0,2025-01-17,11,-0.1544303797468389,14,0.0,0.1544303797468389,NEAR_ATM,WITHIN_TOLERANCE,153,bars/O_LULU250117C00395000.json,False,2024-12-30,2025-01-17
2025-01-07T14:30:00+00:00,2025-01-07T14:45:00+00:00,2025-01-07,62.275,RISK_OR_EXHAUSTION,PEAK,100.0,86.0,0.0,DISCOVERY,RBLX,RBLX-0009,O:RBLX250124C00062000,CALL,62.0,2025-01-24,17,0.44354838709677197,14,0.0,0.44354838709677197,NEAR_ATM,WITHIN_TOLERANCE,160,bars/O_RBLX250124C00062000.json,False,2024-12-31,2025-01-24
2025-01-07T19:00:00+00:00,2025-01-07T19:15:00+00:00,2025-01-07,60.975,CONTINUATION,RELOAD,56.0,47.0,0.0,DISCOVERY,RBLX,RBLX-0010,O:RBLX250124C00061000,CALL,61.0,2025-01-24,17,-0.04098360655737472,14,0.0,0.04098360655737472,NEAR_ATM,WITHIN_TOLERANCE,112,bars/O_RBLX250124C00061000.json,False,2024-12-31,2025-01-24
2025-01-07T20:00:00+00:00,2025-01-07T20:15:00+00:00,2025-01-07,33.4599,CONTINUATION,ADD,100.0,85.0,0.0,DISCOVERY,GME,GME-0011,O:GME250124C00033500,CALL,33.5,2025-01-24,17,-0.11970149253732079,14,0.0,0.11970149253732079,NEAR_ATM,WITHIN_TOLERANCE,203,bars/O_GME250124C00033500.json,False,2024-12-31,2025-01-24
2025-01-08T19:15:00+00:00,2025-01-08T19:30:00+00:00,2025-01-08,590.2716,ENTRY_FORMING,STRONG START,76.0,52.0,0.0,DISCOVERY,SPY,SPY-0010,O:SPY250122C00590000,CALL,590.0,2025-01-22,14,0.046033898305090665,14,0.0,0.046033898305090665,NEAR_ATM,WITHIN_TOLERANCE,208,bars/O_SPY250122C00590000.json,False,2025-01-01,2025-01-22
2025-01-13T17:15:00+00:00,2025-01-13T17:30:00+00:00,2025-01-13,395.92,CONTINUATION,RELOAD,0.0,18.0,0.0,DISCOVERY,TSLA,TSLA-0010,O:TSLA250124C00395000,CALL,395.0,2025-01-24,11,0.2329113924050673,14,0.0,0.2329113924050673,NEAR_ATM,WITHIN_TOLERANCE,327,bars/O_TSLA250124C00395000.json,False,2025-01-06,2025-01-24
2025-01-13T18:30:00+00:00,2025-01-13T18:45:00+00:00,2025-01-13,60.52,THESIS_PRESSURE,FAIL TEST,0.0,0.0,17.0,DISCOVERY,RBLX,RBLX-0011,O:RBLX250124C00061000,CALL,61.0,2025-01-24,11,-0.7868852459016341,14,0.0,0.7868852459016341,NEAR_ATM,WITHIN_TOLERANCE,112,bars/O_RBLX250124C00061000.json,False,2024-12-31,2025-01-24
2025-01-15T20:30:00+00:00,2025-01-15T20:45:00+00:00,2025-01-15,63.57,ENTRY_FORMING,STRONG START,100.0,67.0,0.0,DISCOVERY,RBLX,RBLX-0012,O:RBLX250131C00064000,CALL,64.0,2025-01-31,16,-0.6718749999999996,14,0.0,0.6718749999999996,NEAR_ATM,WITHIN_TOLERANCE,193,bars/O_RBLX250131C00064000.json,False,2025-01-08,2025-01-31
2025-01-16T16:45:00+00:00,2025-01-16T17:00:00+00:00,2025-01-16,412.725,THESIS_PRESSURE,FAIL TEST,12.0,3.0,8.0,DISCOVERY,TSLA,TSLA-0011,O:TSLA250131C00412500,CALL,412.5,2025-01-31,15,0.05454545454546005,14,0.0,0.05454545454546005,NEAR_ATM,WITHIN_TOLERANCE,354,bars/O_TSLA250131C00412500.json,False,2025-01-09,2025-01-31
2025-01-24T16:30:00+00:00,2025-01-24T16:45:00+00:00,2025-01-24,610.115,RISK_OR_EXHAUSTION,PEAK,95.0,78.0,0.0,DISCOVERY,SPY,SPY-0011,O:SPY250207C00610000,CALL,610.0,2025-02-07,14,0.018852459016394933,14,0.0,0.018852459016394933,NEAR_ATM,WITHIN_TOLERANCE,403,bars/O_SPY250207C00610000.json,False,2025-01-17,2025-02-07
2025-01-27T18:30:00+00:00,2025-01-27T18:45:00+00:00,2025-01-27,9.16,RISK_OR_EXHAUSTION,MANAGE,92.0,74.0,0.0,DISCOVERY,VALE,VALE-0008,O:VALE250207C00009000,CALL,9.0,2025-02-07,11,1.7777777777777795,14,0.0,1.7777777777777795,NEAR_ATM,WITHIN_TOLERANCE,132,bars/O_VALE250207C00009000.json,False,2025-01-20,2025-02-07
2025-01-28T16:30:00+00:00,2025-01-28T16:45:00+00:00,2025-01-28,9.025,THESIS_PRESSURE,FAIL TEST,10.0,0.0,7.0,DISCOVERY,VALE,VALE-0009,O:VALE250214C00009000,CALL,9.0,2025-02-14,17,0.27777777777778173,14,0.0,0.27777777777778173,NEAR_ATM,WITHIN_TOLERANCE,147,bars/O_VALE250214C00009000.json,False,2025-01-21,2025-02-14
2025-01-30T15:45:00+00:00,2025-01-30T16:00:00+00:00,2025-01-30,89.715,CONTINUATION,ADD,91.0,68.0,0.0,DISCOVERY,PYPL,PYPL-0012,O:PYPL250214C00090000,CALL,90.0,2025-02-14,15,-0.3166666666666629,14,0.0,0.3166666666666629,NEAR_ATM,WITHIN_TOLERANCE,199,bars/O_PYPL250214C00090000.json,False,2025-01-23,2025-02-14
2025-01-30T20:00:00+00:00,2025-01-30T20:15:00+00:00,2025-01-30,606.0805,CONTINUATION,ADD,99.0,74.0,0.0,DISCOVERY,SPY,SPY-0012,O:SPY250213C00606000,CALL,606.0,2025-02-13,14,0.013283828382843086,14,0.0,0.013283828382843086,NEAR_ATM,WITHIN_TOLERANCE,234,bars/O_SPY250213C00606000.json,False,2025-01-23,2025-02-13
2025-01-31T17:45:00+00:00,2025-01-31T18:00:00+00:00,2025-01-31,22.5587,THESIS_PRESSURE,FAIL TEST,28.0,12.0,4.0,DISCOVERY,U,U-0011,O:U250214C00022500,CALL,22.5,2025-02-14,14,0.26088888888889666,14,0.0,0.26088888888889666,NEAR_ATM,WITHIN_TOLERANCE,197,bars/O_U250214C00022500.json,False,2025-01-24,2025-02-14
2025-02-03T20:15:00+00:00,2025-02-03T20:30:00+00:00,2025-02-03,9.345,ENTRY_FORMING,STRONG START,98.0,65.0,0.0,DISCOVERY,VALE,VALE-0010,O:VALE250214C00009500,CALL,9.5,2025-02-14,11,-1.6315789473684146,14,0.0,1.6315789473684146,NEAR_ATM,WITHIN_TOLERANCE,208,bars/O_VALE250214C00009500.json,False,2025-01-27,2025-02-14
2025-02-03T20:30:00+00:00,2025-02-03T20:45:00+00:00,2025-02-03,89.255,ENTRY_FORMING,STRONG START,95.0,64.0,0.0,DISCOVERY,PYPL,PYPL-0013,O:PYPL250214C00089000,CALL,89.0,2025-02-14,11,0.28651685393257914,14,0.0,0.28651685393257914,NEAR_ATM,WITHIN_TOLERANCE,104,bars/O_PYPL250214C00089000.json,False,2025-01-27,2025-02-14
2025-02-04T14:30:00+00:00,2025-02-04T14:45:00+00:00,2025-02-04,415.635,ENTRY_FORMING,STRONG START,90.0,62.0,0.0,DISCOVERY,LULU,LULU-0010,O:LULU250221C00415000,CALL,415.0,2025-02-21,17,0.1530120481927689,14,0.0,0.1530120481927689,NEAR_ATM,WITHIN_TOLERANCE,217,bars/O_LULU250221C00415000.json,False,2025-01-28,2025-02-21
2025-02-10T14:30:00+00:00,2025-02-10T14:45:00+00:00,2025-02-10,21.35,ENTRY_FORMING,STRONG START,77.0,54.0,0.0,DISCOVERY,U,U-0012,O:U250221C00021500,CALL,21.5,2025-02-21,11,-0.6976744186046445,14,0.0,0.6976744186046445,NEAR_ATM,WITHIN_TOLERANCE,192,bars/O_U250221C00021500.json,False,2025-02-03,2025-02-21
2025-02-18T14:30:00+00:00,2025-02-18T14:45:00+00:00,2025-02-18,26.9497,THESIS_PRESSURE,FAIL TEST,38.0,17.0,10.0,DISCOVERY,GME,GME-0012,O:GME250307C00027000,CALL,27.0,2025-03-07,17,-0.18629629629629635,14,0.0,0.18629629629629635,NEAR_ATM,WITHIN_TOLERANCE,422,bars/O_GME250307C00027000.json,False,2025-02-11,2025-03-07
2025-02-19T19:00:00+00:00,2025-02-19T19:15:00+00:00,2025-02-19,9.74,CONTINUATION,RELOAD,34.0,38.0,0.0,DISCOVERY,VALE,VALE-0011,O:VALE250307C00009500,CALL,9.5,2025-03-07,16,2.5263157894736867,14,0.0,2.5263157894736867,NEAR_ATM,WITHIN_TOLERANCE,155,bars/O_VALE250307C00009500.json,False,2025-02-12,2025-03-07
2025-02-20T18:00:00+00:00,2025-02-20T18:15:00+00:00,2025-02-20,363.66,CONTINUATION,RELOAD,18.0,23.0,0.0,DISCOVERY,LULU,LULU-0011,O:LULU250307C00365000,CALL,365.0,2025-03-07,15,-0.367123287671226,14,0.0,0.367123287671226,NEAR_ATM,WITHIN_TOLERANCE,113,bars/O_LULU250307C00365000.json,False,2025-02-13,2025-03-07
2025-02-20T20:15:00+00:00,2025-02-20T20:30:00+00:00,2025-02-20,363.57,THESIS_PRESSURE,FAIL TEST,3.0,0.0,9.0,DISCOVERY,LULU,LULU-0012,O:LULU250307C00365000,CALL,365.0,2025-03-07,15,-0.3917808219178101,14,0.0,0.3917808219178101,NEAR_ATM,WITHIN_TOLERANCE,113,bars/O_LULU250307C00365000.json,False,2025-02-13,2025-03-07
2025-03-10T16:30:00+00:00,2025-03-10T16:45:00+00:00,2025-03-10,68.43,THESIS_PRESSURE,FAIL (any severity),0.0,0.0,11.0,DISCOVERY,PYPL,PYPL-0014,O:PYPL250321C00068000,CALL,68.0,2025-03-21,11,0.6323529411764806,14,0.0,0.6323529411764806,NEAR_ATM,WITHIN_TOLERANCE,242,bars/O_PYPL250321C00068000.json,False,2025-03-03,2025-03-21
2025-03-12T16:45:00+00:00,2025-03-12T17:00:00+00:00,2025-03-12,559.07,THESIS_PRESSURE,FAIL TEST,0.0,0.0,18.0,DISCOVERY,SPY,SPY-0013,O:SPY250325C00559000,CALL,559.0,2025-03-25,13,0.01252236135957961,14,0.0,0.01252236135957961,NEAR_ATM,WITHIN_TOLERANCE,137,bars/O_SPY250325C00559000.json,False,2025-03-05,2025-03-25
2025-03-12T19:45:00+00:00,2025-03-12T20:00:00+00:00,2025-03-12,248.28,ENTRY_FORMING,STRONG START,93.0,64.0,0.0,DISCOVERY,TSLA,TSLA-0012,O:TSLA250328C00247500,CALL,247.5,2025-03-28,16,0.3151515151515156,14,0.0,0.3151515151515156,NEAR_ATM,WITHIN_TOLERANCE,388,bars/O_TSLA250328C00247500.json,False,2025-03-05,2025-03-28
2025-03-20T14:45:00+00:00,2025-03-20T15:00:00+00:00,2025-03-20,70.58,RISK_OR_EXHAUSTION,PEAK,100.0,84.0,0.0,DISCOVERY,PYPL,PYPL-0015,O:PYPL250404C00071000,CALL,71.0,2025-04-04,15,-0.5915492957746503,14,0.0,0.5915492957746503,NEAR_ATM,WITHIN_TOLERANCE,241,bars/O_PYPL250404C00071000.json,False,2025-03-13,2025-04-04
2025-03-21T13:45:00+00:00,2025-03-21T14:00:00+00:00,2025-03-21,58.87,ENTRY_FORMING,STRONG START,62.0,41.0,5.0,DISCOVERY,RBLX,RBLX-0013,O:RBLX250404C00059000,CALL,59.0,2025-04-04,14,-0.22033898305085178,14,0.0,0.22033898305085178,NEAR_ATM,WITHIN_TOLERANCE,98,bars/O_RBLX250404C00059000.json,False,2025-03-14,2025-04-04
2025-03-24T14:30:00+00:00,2025-03-24T14:45:00+00:00,2025-03-24,271.29,RISK_OR_EXHAUSTION,MANAGE|PEAK,95.0,79.0,0.0,DISCOVERY,TSLA,TSLA-0013,O:TSLA250404C00272500,CALL,272.5,2025-04-04,11,-0.4440366972476989,14,0.0,0.4440366972476989,NEAR_ATM,WITHIN_TOLERANCE,355,bars/O_TSLA250404C00272500.json,False,2025-03-17,2025-04-04
2025-03-25T19:00:00+00:00,2025-03-25T19:15:00+00:00,2025-03-25,25.433,ENTRY_FORMING,STRONG START,17.0,10.0,11.0,DISCOVERY,GME,GME-0013,O:GME250411C00025500,CALL,25.5,2025-04-11,17,-0.26274509803921636,14,0.0,0.26274509803921636,NEAR_ATM,WITHIN_TOLERANCE,302,bars/O_GME250411C00025500.json,False,2025-03-18,2025-04-11
2025-03-26T13:30:00+00:00,2025-03-26T13:45:00+00:00,2025-03-26,283.44,CONTINUATION,ADD,100.0,81.0,0.0,DISCOVERY,TSLA,TSLA-0014,O:TSLA250411C00282500,CALL,282.5,2025-04-11,16,0.33274336283185757,14,0.0,0.33274336283185757,NEAR_ATM,WITHIN_TOLERANCE,330,bars/O_TSLA250411C00282500.json,False,2025-03-19,2025-04-11
2025-03-26T16:00:00+00:00,2025-03-26T16:15:00+00:00,2025-03-26,273.62,THESIS_PRESSURE,FAIL TEST,8.0,0.0,9.0,DISCOVERY,TSLA,TSLA-0015,O:TSLA250411C00272500,CALL,272.5,2025-04-11,16,0.4110091743119283,14,0.0,0.4110091743119283,NEAR_ATM,WITHIN_TOLERANCE,331,bars/O_TSLA250411C00272500.json,False,2025-03-19,2025-04-11
2025-04-01T13:30:00+00:00,2025-04-01T13:45:00+00:00,2025-04-01,65.49,ENTRY_FORMING,STRONG START,89.0,58.0,0.0,DISCOVERY,PYPL,PYPL-0016,O:PYPL250417C00065000,CALL,65.0,2025-04-17,16,0.7538461538461461,14,0.0,0.7538461538461461,NEAR_ATM,WITHIN_TOLERANCE,312,bars/O_PYPL250417C00065000.json,False,2025-03-25,2025-04-17
2025-04-01T19:45:00+00:00,2025-04-01T20:00:00+00:00,2025-04-01,561.03,ENTRY_FORMING,STRONG START,91.0,63.0,0.0,DISCOVERY,SPY,SPY-0014,O:SPY250415C00561000,CALL,561.0,2025-04-15,14,0.005347593582882837,14,0.0,0.005347593582882837,NEAR_ATM,WITHIN_TOLERANCE,193,bars/O_SPY250415C00561000.json,False,2025-03-25,2025-04-15
2025-04-08T14:15:00+00:00,2025-04-08T14:30:00+00:00,2025-04-08,24.68,RISK_OR_EXHAUSTION,PEAK,97.0,80.0,0.0,DISCOVERY,GME,GME-0014,O:GME250425C00024500,CALL,24.5,2025-04-25,17,0.7346938775510192,14,0.0,0.7346938775510192,NEAR_ATM,WITHIN_TOLERANCE,189,bars/O_GME250425C00024500.json,False,2025-04-01,2025-04-25
2025-04-09T17:00:00+00:00,2025-04-09T17:15:00+00:00,2025-04-09,17.38,ENTRY_FORMING,STRONG START,87.0,60.0,0.0,DISCOVERY,U,U-0013,O:U250425C00017500,CALL,17.5,2025-04-25,16,-0.6857142857142914,14,0.0,0.6857142857142914,NEAR_ATM,WITHIN_TOLERANCE,27,bars/O_U250425C00017500.json,False,2025-04-02,2025-04-25
2025-04-09T18:15:00+00:00,2025-04-09T18:30:00+00:00,2025-04-09,282.68,RISK_OR_EXHAUSTION,MANAGE,82.0,52.0,0.0,DISCOVERY,LULU,LULU-0014,O:LULU250425C00285000,CALL,285.0,2025-04-25,16,-0.8140350877192958,14,0.0,0.8140350877192958,NEAR_ATM,WITHIN_TOLERANCE,178,bars/O_LULU250425C00285000.json,False,2025-04-02,2025-04-25
2025-04-15T14:15:00+00:00,2025-04-15T14:30:00+00:00,2025-04-15,59.01,CONTINUATION,ADD,96.0,68.0,0.0,DISCOVERY,RBLX,RBLX-0014,O:RBLX250502C00059000,CALL,59.0,2025-05-02,17,0.01694915254236951,14,0.0,0.01694915254236951,NEAR_ATM,WITHIN_TOLERANCE,56,bars/O_RBLX250502C00059000.json,False,2025-04-08,2025-05-02
2025-04-15T14:30:00+00:00,2025-04-15T14:45:00+00:00,2025-04-15,9.1401,THESIS_PRESSURE,FAIL TEST,23.0,7.0,6.0,DISCOVERY,VALE,VALE-0012,O:VALE250502C00009000,CALL,9.0,2025-05-02,17,1.5566666666666704,14,0.0,1.5566666666666704,NEAR_ATM,WITHIN_TOLERANCE,93,bars/O_VALE250502C00009000.json,False,2025-04-08,2025-05-02
2025-04-17T13:30:00+00:00,2025-04-17T13:45:00+00:00,2025-04-17,26.45,CONTINUATION,RELOAD,25.0,34.0,0.0,DISCOVERY,GME,GME-0015,O:GME250502C00026500,CALL,26.5,2025-05-02,15,-0.18867924528302155,14,0.0,0.18867924528302155,NEAR_ATM,WITHIN_TOLERANCE,262,bars/O_GME250502C00026500.json,False,2025-04-10,2025-05-02
2025-04-21T16:15:00+00:00,2025-04-21T16:30:00+00:00,2025-04-21,26.28,THESIS_PRESSURE,FAIL (any severity),2.0,0.0,10.0,DISCOVERY,GME,GME-0016,O:GME250502C00026500,CALL,26.5,2025-05-02,11,-0.8301886792452787,14,0.0,0.8301886792452787,NEAR_ATM,WITHIN_TOLERANCE,262,bars/O_GME250502C00026500.json,False,2025-04-10,2025-05-02
2025-04-22T15:30:00+00:00,2025-04-22T15:45:00+00:00,2025-04-22,9.355,RISK_OR_EXHAUSTION,MANAGE,86.0,55.0,0.0,DISCOVERY,VALE,VALE-0013,O:VALE250509C00009500,CALL,9.5,2025-05-09,17,-1.5263157894736799,14,0.0,1.5263157894736799,NEAR_ATM,WITHIN_TOLERANCE,137,bars/O_VALE250509C00009500.json,False,2025-04-15,2025-05-09
2025-04-23T13:45:00+00:00,2025-04-23T14:00:00+00:00,2025-04-23,21.79,RISK_OR_EXHAUSTION,MANAGE|PEAK,95.0,74.0,0.0,DISCOVERY,U,U-0014,O:U250509C00022000,CALL,22.0,2025-05-09,16,-0.9545454545454585,14,0.0,0.9545454545454585,NEAR_ATM,WITHIN_TOLERANCE,202,bars/O_U250509C00022000.json,False,2025-04-16,2025-05-09
2025-04-23T14:15:00+00:00,2025-04-23T14:30:00+00:00,2025-04-23,64.09,RISK_OR_EXHAUSTION,PEAK,94.0,73.0,0.0,DISCOVERY,RBLX,RBLX-0015,O:RBLX250509C00064000,CALL,64.0,2025-05-09,16,0.14062500000000533,14,0.0,0.14062500000000533,NEAR_ATM,WITHIN_TOLERANCE,51,bars/O_RBLX250509C00064000.json,False,2025-04-16,2025-05-09
2025-04-24T13:45:00+00:00,2025-04-24T14:00:00+00:00,2025-04-24,21.59,CONTINUATION,ADD,94.0,75.0,1.0,DISCOVERY,U,U-0015,O:U250509C00021500,CALL,21.5,2025-05-09,15,0.41860465116279005,14,0.0,0.41860465116279005,NEAR_ATM,WITHIN_TOLERANCE,155,bars/O_U250509C00021500.json,False,2025-04-17,2025-05-09
2025-04-25T15:30:00+00:00,2025-04-25T15:45:00+00:00,2025-04-25,267.17,THESIS_PRESSURE,FAIL TEST,31.0,13.0,7.0,DISCOVERY,LULU,LULU-0015,O:LULU250509C00267500,CALL,267.5,2025-05-09,14,-0.12336448598130247,14,0.0,0.12336448598130247,NEAR_ATM,WITHIN_TOLERANCE,36,bars/O_LULU250509C00267500.json,False,2025-04-18,2025-05-09
2025-04-28T13:30:00+00:00,2025-04-28T13:45:00+00:00,2025-04-28,9.5444,CONTINUATION,RELOAD,41.0,36.0,0.0,DISCOVERY,VALE,VALE-0014,O:VALE250509C00009500,CALL,9.5,2025-05-09,11,0.4673684210526268,14,0.0,0.4673684210526268,NEAR_ATM,WITHIN_TOLERANCE,137,bars/O_VALE250509C00009500.json,False,2025-04-15,2025-05-09
2025-04-28T15:45:00+00:00,2025-04-28T16:00:00+00:00,2025-04-28,21.98,THESIS_PRESSURE,FAIL TEST,31.0,14.0,5.0,DISCOVERY,U,U-0016,O:U250509C00022000,CALL,22.0,2025-05-09,11,-0.09090909090908897,14,0.0,0.09090909090908897,NEAR_ATM,WITHIN_TOLERANCE,202,bars/O_U250509C00022000.json,False,2025-04-16,2025-05-09
2025-04-28T17:00:00+00:00,2025-04-28T17:15:00+00:00,2025-04-28,65.74,THESIS_PRESSURE,FAIL TEST,24.0,9.0,7.0,DISCOVERY,RBLX,RBLX-0016,O:RBLX250509C00066000,CALL,66.0,2025-05-09,11,-0.3939393939394017,14,0.0,0.3939393939394017,NEAR_ATM,WITHIN_TOLERANCE,106,bars/O_RBLX250509C00066000.json,False,2025-04-21,2025-05-09
2025-04-28T19:00:00+00:00,2025-04-28T19:15:00+00:00,2025-04-28,64.645,CONTINUATION,RELOAD,38.0,41.0,0.0,DISCOVERY,PYPL,PYPL-0017,O:PYPL250509C00065000,CALL,65.0,2025-05-09,11,-0.5461538461538523,14,0.0,0.5461538461538523,NEAR_ATM,WITHIN_TOLERANCE,245,bars/O_PYPL250509C00065000.json,False,2025-04-21,2025-05-09
2025-05-02T19:00:00+00:00,2025-05-02T19:15:00+00:00,2025-05-02,276.1,CONTINUATION,ADD,100.0,82.0,0.0,DISCOVERY,LULU,LULU-0016,O:LULU250516C00275000,CALL,275.0,2025-05-16,14,0.40000000000000824,14,0.0,0.40000000000000824,NEAR_ATM,WITHIN_TOLERANCE,59,bars/O_LULU250516C00275000.json,False,2025-04-25,2025-05-16
2025-05-02T19:45:00+00:00,2025-05-02T20:00:00+00:00,2025-05-02,9.37,ENTRY_FORMING,CAMPAIGN START,93.0,60.0,0.0,DISCOVERY,VALE,VALE-0015,O:VALE250516C00009500,CALL,9.5,2025-05-16,14,-1.3684210526315872,14,0.0,1.3684210526315872,NEAR_ATM,WITHIN_TOLERANCE,178,bars/O_VALE250516C00009500.json,False,2025-04-25,2025-05-16
2025-05-09T19:45:00+00:00,2025-05-09T20:00:00+00:00,2025-05-09,298.1017,ENTRY_FORMING,STRONG START,100.0,82.0,0.0,DISCOVERY,TSLA,TSLA-0016,O:TSLA250523C00297500,CALL,297.5,2025-05-23,14,0.20225210084033407,14,0.0,0.20225210084033407,NEAR_ATM,WITHIN_TOLERANCE,266,bars/O_TSLA250523C00297500.json,False,2025-05-02,2025-05-23
2025-05-12T13:45:00+00:00,2025-05-12T14:00:00+00:00,2025-05-12,578.79,RISK_OR_EXHAUSTION,MANAGE,67.0,43.0,2.0,DISCOVERY,SPY,SPY-0016,O:SPY250523C00579000,CALL,579.0,2025-05-23,11,-0.036269430051819755,14,0.0,0.036269430051819755,NEAR_ATM,WITHIN_TOLERANCE,257,bars/O_SPY250523C00579000.json,False,2025-05-05,2025-05-23
2025-05-14T14:30:00+00:00,2025-05-14T14:45:00+00:00,2025-05-14,29.2801,RISK_OR_EXHAUSTION,MANAGE,97.0,84.0,0.0,DISCOVERY,GME,GME-0017,O:GME250530C00029500,CALL,29.5,2025-05-30,16,-0.7454237288135563,14,0.0,0.7454237288135563,NEAR_ATM,WITHIN_TOLERANCE,320,bars/O_GME250530C00029500.json,False,2025-05-07,2025-05-30
2025-05-20T13:30:00+00:00,2025-05-20T13:45:00+00:00,2025-05-20,350.08,CONTINUATION,RELOAD,93.0,63.0,0.0,DISCOVERY,TSLA,TSLA-0017,O:TSLA250606C00350000,CALL,350.0,2025-06-06,17,0.02285714285713831,14,0.0,0.02285714285713831,NEAR_ATM,WITHIN_TOLERANCE,469,bars/O_TSLA250606C00350000.json,False,2025-05-13,2025-06-06
2025-05-22T19:30:00+00:00,2025-05-22T19:45:00+00:00,2025-05-22,585.07,THESIS_PRESSURE,FAIL (any severity),1.0,0.0,14.0,DISCOVERY,SPY,SPY-0017,O:SPY250605C00585000,CALL,585.0,2025-06-05,14,0.011965811965820517,14,0.0,0.011965811965820517,NEAR_ATM,WITHIN_TOLERANCE,232,bars/O_SPY250605C00585000.json,False,2025-05-15,2025-06-05
2025-05-29T15:00:00+00:00,2025-05-29T15:15:00+00:00,2025-05-29,70.96,THESIS_PRESSURE,FAIL TEST,3.0,0.0,8.0,DISCOVERY,PYPL,PYPL-0018,O:PYPL250613C00071000,CALL,71.0,2025-06-13,15,-0.05633802816902289,14,0.0,0.05633802816902289,NEAR_ATM,WITHIN_TOLERANCE,169,bars/O_PYPL250613C00071000.json,False,2025-05-22,2025-06-13
2025-05-29T18:45:00+00:00,2025-05-29T19:00:00+00:00,2025-05-29,358.77,THESIS_PRESSURE,FAIL TEST,38.0,21.0,5.0,DISCOVERY,TSLA,TSLA-0018,O:TSLA250613C00360000,CALL,360.0,2025-06-13,15,-0.3416666666666717,14,0.0,0.3416666666666717,NEAR_ATM,WITHIN_TOLERANCE,416,bars/O_TSLA250613C00360000.json,False,2025-05-22,2025-06-13
2025-06-03T13:45:00+00:00,2025-06-03T14:00:00+00:00,2025-06-03,329.88,RISK_OR_EXHAUSTION,MANAGE,93.0,68.0,0.0,DISCOVERY,LULU,LULU-0017,O:LULU250620C00330000,CALL,330.0,2025-06-20,17,-0.03636363636363774,14,0.0,0.03636363636363774,NEAR_ATM,WITHIN_TOLERANCE,146,bars/O_LULU250620C00330000.json,False,2025-05-27,2025-06-20
2025-06-03T18:45:00+00:00,2025-06-03T19:00:00+00:00,2025-06-03,89.94,CONTINUATION,ADD,100.0,80.0,0.0,DISCOVERY,RBLX,RBLX-0017,O:RBLX250620C00090000,CALL,90.0,2025-06-20,17,-0.06666666666666919,14,0.0,0.06666666666666919,NEAR_ATM,WITHIN_TOLERANCE,277,bars/O_RBLX250620C00090000.json,False,2025-05-27,2025-06-20
2025-06-03T19:30:00+00:00,2025-06-03T19:45:00+00:00,2025-06-03,595.94,ENTRY_FORMING,STRONG START,100.0,67.0,0.0,DISCOVERY,SPY,SPY-0018,O:SPY250617C00595000,CALL,595.0,2025-06-17,14,0.1579831932773201,14,0.0,0.1579831932773201,NEAR_ATM,WITHIN_TOLERANCE,221,bars/O_SPY250617C00595000.json,False,2025-05-27,2025-06-17
2025-06-04T14:00:00+00:00,2025-06-04T14:15:00+00:00,2025-06-04,90.675,RISK_OR_EXHAUSTION,PEAK,99.0,88.0,0.0,DISCOVERY,RBLX,RBLX-0018,O:RBLX250620C00091000,CALL,91.0,2025-06-20,16,-0.35714285714286026,14,0.0,0.35714285714286026,NEAR_ATM,WITHIN_TOLERANCE,115,bars/O_RBLX250620C00091000.json,False,2025-05-28,2025-06-20
2025-06-04T15:30:00+00:00,2025-06-04T15:45:00+00:00,2025-06-04,72.91,RISK_OR_EXHAUSTION,MANAGE,87.0,58.0,0.0,DISCOVERY,PYPL,PYPL-0019,O:PYPL250620C00073000,CALL,73.0,2025-06-20,16,-0.1232876712328814,14,0.0,0.1232876712328814,NEAR_ATM,WITHIN_TOLERANCE,310,bars/O_PYPL250620C00073000.json,False,2025-05-28,2025-06-20
2025-06-09T19:45:00+00:00,2025-06-09T20:00:00+00:00,2025-06-09,308.6573,RISK_OR_EXHAUSTION,MANAGE,79.0,50.0,0.0,DISCOVERY,TSLA,TSLA-0019,O:TSLA250620C00307500,CALL,307.5,2025-06-20,11,0.37635772357724245,14,0.0,0.37635772357724245,NEAR_ATM,WITHIN_TOLERANCE,298,bars/O_TSLA250620C00307500.json,False,2025-06-02,2025-06-20
2025-06-11T19:15:00+00:00,2025-06-11T19:30:00+00:00,2025-06-11,95.8,ENTRY_FORMING,STRONG START,96.0,65.0,0.0,DISCOVERY,RBLX,RBLX-0019,O:RBLX250627C00096000,CALL,96.0,2025-06-27,16,-0.20833333333333628,14,0.0,0.20833333333333628,NEAR_ATM,WITHIN_TOLERANCE,108,bars/O_RBLX250627C00096000.json,False,2025-06-04,2025-06-27
2025-06-12T18:30:00+00:00,2025-06-12T18:45:00+00:00,2025-06-12,74.815,ENTRY_FORMING,CAMPAIGN START,93.0,59.0,0.0,DISCOVERY,PYPL,PYPL-0020,O:PYPL250627C00075000,CALL,75.0,2025-06-27,15,-0.2466666666666697,14,0.0,0.2466666666666697,NEAR_ATM,WITHIN_TOLERANCE,352,bars/O_PYPL250627C00075000.json,False,2025-06-05,2025-06-27
2025-06-24T13:30:00+00:00,2025-06-24T13:45:00+00:00,2025-06-24,9.165,ENTRY_FORMING,STRONG START,87.0,55.0,0.0,DISCOVERY,VALE,VALE-0016,O:VALE250711C00009000,CALL,9.0,2025-07-11,17,1.833333333333324,14,0.0,1.833333333333324,NEAR_ATM,WITHIN_TOLERANCE,50,bars/O_VALE250711C00009000.json,False,2025-06-17,2025-07-11
2025-06-24T16:45:00+00:00,2025-06-24T17:00:00+00:00,2025-06-24,9.145,THESIS_PRESSURE,FAIL (any severity),22.0,0.0,13.0,DISCOVERY,VALE,VALE-0017,O:VALE250711C00009000,CALL,9.0,2025-07-11,17,1.6111111111111063,14,0.0,1.6111111111111063,NEAR_ATM,WITHIN_TOLERANCE,50,bars/O_VALE250711C00009000.json,False,2025-06-17,2025-07-11
2025-06-24T18:45:00+00:00,2025-06-24T19:00:00+00:00,2025-06-24,23.195,ENTRY_FORMING,STRONG START,77.0,57.0,0.0,DISCOVERY,GME,GME-0018,O:GME250711C00023000,CALL,23.0,2025-07-11,17,0.8478260869565231,14,0.0,0.8478260869565231,NEAR_ATM,WITHIN_TOLERANCE,349,bars/O_GME250711C00023000.json,False,2025-06-17,2025-07-11
2025-06-24T19:45:00+00:00,2025-06-24T20:00:00+00:00,2025-06-24,24.04,ENTRY_FORMING,STRONG START,99.0,65.0,0.0,DISCOVERY,U,U-0017,O:U250711C00024000,CALL,24.0,2025-07-11,17,0.16666666666666313,14,0.0,0.16666666666666313,NEAR_ATM,WITHIN_TOLERANCE,180,bars/O_U250711C00024000.json,False,2025-06-17,2025-07-11
2025-06-26T16:15:00+00:00,2025-06-26T16:30:00+00:00,2025-06-26,231.1638,CONTINUATION,RELOAD,35.0,31.0,0.0,DISCOVERY,LULU,LULU-0018,O:LULU250711C00230000,CALL,230.0,2025-07-11,15,0.5060000000000039,14,0.0,0.5060000000000039,NEAR_ATM,WITHIN_TOLERANCE,150,bars/O_LULU250711C00230000.json,False,2025-06-19,2025-07-11
2025-06-27T14:30:00+00:00,2025-06-27T14:45:00+00:00,2025-06-27,23.5302,THESIS_PRESSURE,FAIL TEST,27.0,14.0,9.0,DISCOVERY,U,U-0018,O:U250711C00023500,CALL,23.5,2025-07-11,14,0.12851063829787518,14,0.0,0.12851063829787518,NEAR_ATM,WITHIN_TOLERANCE,80,bars/O_U250711C00023500.json,False,2025-06-20,2025-07-11
2025-06-27T16:45:00+00:00,2025-06-27T17:00:00+00:00,2025-06-27,615.97,RISK_OR_EXHAUSTION,PEAK,79.0,65.0,0.0,DISCOVERY,SPY,SPY-0019,O:SPY250711C00616000,CALL,616.0,2025-07-11,14,-0.00487012987012544,14,0.0,0.00487012987012544,NEAR_ATM,WITHIN_TOLERANCE,334,bars/O_SPY250711C00616000.json,False,2025-06-20,2025-07-11
2025-06-27T18:30:00+00:00,2025-06-27T18:45:00+00:00,2025-06-27,24.0225,CONTINUATION,ADD,88.0,68.0,0.0,DISCOVERY,U,U-0019,O:U250711C00024000,CALL,24.0,2025-07-11,14,0.09375000000000355,14,0.0,0.09375000000000355,NEAR_ATM,WITHIN_TOLERANCE,180,bars/O_U250711C00024000.json,False,2025-06-17,2025-07-11
2025-06-30T17:30:00+00:00,2025-06-30T17:45:00+00:00,2025-06-30,24.005,CONTINUATION,ADD,97.0,72.0,0.0,DISCOVERY,GME,GME-0019,O:GME250711C00024000,CALL,24.0,2025-07-11,11,0.020833333333329186,14,0.0,0.020833333333329186,NEAR_ATM,WITHIN_TOLERANCE,333,bars/O_GME250711C00024000.json,False,2025-06-23,2025-07-11
2025-07-02T14:45:00+00:00,2025-07-02T15:00:00+00:00,2025-07-02,618.74,CONTINUATION,ADD,99.0,75.0,0.0,DISCOVERY,SPY,SPY-0020,O:SPY250715C00620000,CALL,620.0,2025-07-15,13,-0.20322580645161145,14,0.0,0.20322580645161145,NEAR_ATM,WITHIN_TOLERANCE,246,bars/O_SPY250715C00620000.json,False,2025-06-25,2025-07-15
2025-07-02T19:30:00+00:00,2025-07-02T19:45:00+00:00,2025-07-02,10.28,RISK_OR_EXHAUSTION,PEAK,97.0,80.0,0.0,DISCOVERY,VALE,VALE-0018,O:VALE250718C00010500,CALL,10.5,2025-07-18,16,-2.0952380952381016,14,0.0,2.0952380952381016,NEAR_ATM,WITHIN_TOLERANCE,129,bars/O_VALE250718C00010500.json,False,2025-06-25,2025-07-18
2025-07-03T15:45:00+00:00,2025-07-03T16:00:00+00:00,2025-07-03,25.7487,RISK_OR_EXHAUSTION,MANAGE,88.0,71.0,0.0,DISCOVERY,U,U-0020,O:U250718C00026000,CALL,26.0,2025-07-18,15,-0.9665384615384635,14,0.0,0.9665384615384635,NEAR_ATM,WITHIN_TOLERANCE,225,bars/O_U250718C00026000.json,False,2025-06-26,2025-07-18
2025-07-07T16:30:00+00:00,2025-07-07T16:45:00+00:00,2025-07-07,237.73,THESIS_PRESSURE,FAIL (any severity),0.0,0.0,13.0,DISCOVERY,LULU,LULU-0019,O:LULU250718C00237500,CALL,237.5,2025-07-18,11,0.09684210526315358,14,0.0,0.09684210526315358,NEAR_ATM,WITHIN_TOLERANCE,240,bars/O_LULU250718C00237500.json,False,2025-06-30,2025-07-18
2025-07-16T15:30:00+00:00,2025-07-16T15:45:00+00:00,2025-07-16,117.645,RISK_OR_EXHAUSTION,MANAGE,94.0,80.0,0.0,DISCOVERY,RBLX,RBLX-0020,O:RBLX250801C00118000,CALL,118.0,2025-08-01,16,-0.300847457627122,14,0.0,0.300847457627122,NEAR_ATM,WITHIN_TOLERANCE,106,bars/O_RBLX250801C00118000.json,False,2025-07-09,2025-08-01
2025-07-16T18:45:00+00:00,2025-07-16T19:00:00+00:00,2025-07-16,23.4412,THESIS_PRESSURE,FAIL TEST,38.0,20.0,5.0,DISCOVERY,GME,GME-0020,O:GME250801C00023500,CALL,23.5,2025-08-01,16,-0.2502127659574533,14,0.0,0.2502127659574533,NEAR_ATM,WITHIN_TOLERANCE,332,bars/O_GME250801C00023500.json,False,2025-07-09,2025-08-01
2025-07-17T19:30:00+00:00,2025-07-17T19:45:00+00:00,2025-07-17,73.955,CONTINUATION,ADD,32.0,34.0,5.0,DISCOVERY,PYPL,PYPL-0021,O:PYPL250801C00074000,CALL,74.0,2025-08-01,15,-0.06081081081081312,14,0.0,0.06081081081081312,NEAR_ATM,WITHIN_TOLERANCE,234,bars/O_PYPL250801C00074000.json,False,2025-07-10,2025-08-01
2025-07-22T19:45:00+00:00,2025-07-22T20:00:00+00:00,2025-07-22,76.01,RISK_OR_EXHAUSTION,PEAK,100.0,90.0,0.0,DISCOVERY,PYPL,PYPL-0022,O:PYPL250808C00076000,CALL,76.0,2025-08-08,17,0.013157894736848839,14,0.0,0.013157894736848839,NEAR_ATM,WITHIN_TOLERANCE,175,bars/O_PYPL250808C00076000.json,False,2025-07-15,2025-08-08
2025-07-23T14:15:00+00:00,2025-07-23T14:30:00+00:00,2025-07-23,225.9035,ENTRY_FORMING,STRONG START,86.0,58.0,0.0,DISCOVERY,LULU,LULU-0020,O:LULU250808C00225000,CALL,225.0,2025-08-08,16,0.40155555555555916,14,0.0,0.40155555555555916,NEAR_ATM,WITHIN_TOLERANCE,191,bars/O_LULU250808C00225000.json,False,2025-07-16,2025-08-08
2025-07-23T19:45:00+00:00,2025-07-23T20:00:00+00:00,2025-07-23,333.0,ENTRY_FORMING,STRONG START,100.0,67.0,0.0,DISCOVERY,TSLA,TSLA-0020,O:TSLA250808C00332500,CALL,332.5,2025-08-08,16,0.15037593984962408,14,0.0,0.15037593984962408,NEAR_ATM,WITHIN_TOLERANCE,385,bars/O_TSLA250808C00332500.json,False,2025-07-16,2025-08-08
2025-07-24T19:30:00+00:00,2025-07-24T19:45:00+00:00,2025-07-24,118.61,THESIS_PRESSURE,FAIL (any severity),0.0,0.0,25.0,DISCOVERY,RBLX,RBLX-0021,O:RBLX250808C00119000,CALL,119.0,2025-08-08,15,-0.32773109243697524,14,0.0,0.32773109243697524,NEAR_ATM,WITHIN_TOLERANCE,82,bars/O_RBLX250808C00119000.json,False,2025-07-17,2025-08-08
2025-07-28T17:00:00+00:00,2025-07-28T17:15:00+00:00,2025-07-28,119.42,CONTINUATION,RELOAD,84.0,57.0,0.0,DISCOVERY,RBLX,RBLX-0022,O:RBLX250808C00119000,CALL,119.0,2025-08-08,11,0.3529411764705897,14,0.0,0.3529411764705897,NEAR_ATM,WITHIN_TOLERANCE,82,bars/O_RBLX250808C00119000.json,False,2025-07-17,2025-08-08
2025-08-04T19:15:00+00:00,2025-08-04T19:30:00+00:00,2025-08-04,630.265,ENTRY_FORMING,STRONG START,95.0,64.0,0.0,DISCOVERY,SPY,SPY-0021,O:SPY250818C00630000,CALL,630.0,2025-08-18,14,0.042063492063489895,14,0.0,0.042063492063489895,NEAR_ATM,WITHIN_TOLERANCE,205,bars/O_SPY250818C00630000.json,False,2025-07-28,2025-08-18
2025-08-05T16:45:00+00:00,2025-08-05T17:00:00+00:00,2025-08-05,306.32,THESIS_PRESSURE,FAIL (any severity),1.0,0.0,11.0,DISCOVERY,TSLA,TSLA-0021,O:TSLA250822C00307500,CALL,307.5,2025-08-22,17,-0.3837398373983762,14,0.0,0.3837398373983762,NEAR_ATM,WITHIN_TOLERANCE,285,bars/O_TSLA250822C00307500.json,False,2025-07-29,2025-08-22
2025-08-05T18:15:00+00:00,2025-08-05T18:30:00+00:00,2025-08-05,628.71,THESIS_PRESSURE,FAIL TEST,41.0,21.0,4.0,DISCOVERY,SPY,SPY-0022,O:SPY250818C00630000,CALL,630.0,2025-08-18,13,-0.204761904761899,14,0.0,0.204761904761899,NEAR_ATM,WITHIN_TOLERANCE,205,bars/O_SPY250818C00630000.json,False,2025-07-28,2025-08-18
2025-08-06T19:15:00+00:00,2025-08-06T19:30:00+00:00,2025-08-06,319.2952,CONTINUATION,ADD,97.0,76.0,0.0,DISCOVERY,TSLA,TSLA-0022,O:TSLA250822C00320000,CALL,320.0,2025-08-22,16,-0.22024999999999292,14,0.0,0.22024999999999292,NEAR_ATM,WITHIN_TOLERANCE,464,bars/O_TSLA250822C00320000.json,False,2025-07-30,2025-08-22
2025-08-07T13:30:00+00:00,2025-08-07T13:45:00+00:00,2025-08-07,9.955,CONTINUATION,RELOAD,66.0,54.0,0.0,DISCOVERY,VALE,VALE-0019,O:VALE250822C00010000,CALL,10.0,2025-08-22,15,-0.4499999999999993,14,0.0,0.4499999999999993,NEAR_ATM,WITHIN_TOLERANCE,174,bars/O_VALE250822C00010000.json,False,2025-07-31,2025-08-22
2025-08-07T13:45:00+00:00,2025-08-07T14:00:00+00:00,2025-08-07,636.48,RISK_OR_EXHAUSTION,MANAGE,94.0,75.0,0.0,DISCOVERY,SPY,SPY-0023,O:SPY250822C00636000,CALL,636.0,2025-08-22,15,0.0754716981132104,14,0.0,0.0754716981132104,NEAR_ATM,WITHIN_TOLERANCE,372,bars/O_SPY250822C00636000.json,False,2025-07-31,2025-08-22
2025-08-11T17:00:00+00:00,2025-08-11T17:15:00+00:00,2025-08-11,67.13,THESIS_PRESSURE,FAIL (any severity),0.0,0.0,21.0,DISCOVERY,PYPL,PYPL-0023,O:PYPL250822C00067000,CALL,67.0,2025-08-22,11,0.19402985074626186,14,0.0,0.19402985074626186,NEAR_ATM,WITHIN_TOLERANCE,156,bars/O_PYPL250822C00067000.json,False,2025-08-04,2025-08-22
2025-08-12T18:00:00+00:00,2025-08-12T18:15:00+00:00,2025-08-12,36.35,RISK_OR_EXHAUSTION,MANAGE,82.0,53.0,0.0,DISCOVERY,U,U-0021,O:U250829C00036500,CALL,36.5,2025-08-29,17,-0.4109589041095852,14,0.0,0.4109589041095852,NEAR_ATM,WITHIN_TOLERANCE,73,bars/O_U250829C00036500.json,False,2025-08-05,2025-08-29
2025-08-13T14:00:00+00:00,2025-08-13T14:15:00+00:00,2025-08-13,197.36,RISK_OR_EXHAUSTION,PEAK,94.0,79.0,0.0,DISCOVERY,LULU,LULU-0021,O:LULU250829C00197500,CALL,197.5,2025-08-29,16,-0.07088607594936018,14,0.0,0.07088607594936018,NEAR_ATM,WITHIN_TOLERANCE,219,bars/O_LULU250829C00197500.json,False,2025-08-06,2025-08-29
2025-08-14T19:30:00+00:00,2025-08-14T19:45:00+00:00,2025-08-14,69.36,ENTRY_FORMING,STRONG START,100.0,67.0,0.0,DISCOVERY,PYPL,PYPL-0024,O:PYPL250829C00069000,CALL,69.0,2025-08-29,15,0.5217391304347818,14,0.0,0.5217391304347818,NEAR_ATM,WITHIN_TOLERANCE,306,bars/O_PYPL250829C00069000.json,False,2025-08-07,2025-08-29
2025-08-18T18:30:00+00:00,2025-08-18T18:45:00+00:00,2025-08-18,643.115,CONTINUATION,RELOAD,22.0,29.0,0.0,DISCOVERY,SPY,SPY-0024,O:SPY250902C00645000,CALL,645.0,2025-09-02,15,-0.29224806201550246,14,0.0,0.29224806201550246,NEAR_ATM,WITHIN_TOLERANCE,287,bars/O_SPY250902C00645000.json,False,2025-08-11,2025-09-02
2025-08-18T19:45:00+00:00,2025-08-18T20:00:00+00:00,2025-08-18,38.33,ENTRY_FORMING,CAMPAIGN START,98.0,77.0,0.0,DISCOVERY,U,U-0022,O:U250829C00038000,CALL,38.0,2025-08-29,11,0.8684210526315744,14,0.0,0.8684210526315744,NEAR_ATM,WITHIN_TOLERANCE,238,bars/O_U250829C00038000.json,False,2025-08-11,2025-08-29
2025-08-20T15:30:00+00:00,2025-08-20T15:45:00+00:00,2025-08-20,118.46,ENTRY_FORMING,STRONG START,78.0,52.0,0.0,DISCOVERY,RBLX,RBLX-0023,O:RBLX250905C00118000,CALL,118.0,2025-09-05,16,0.389830508474571,14,0.0,0.389830508474571,NEAR_ATM,WITHIN_TOLERANCE,61,bars/O_RBLX250905C00118000.json,False,2025-08-13,2025-09-05
2025-08-26T13:45:00+00:00,2025-08-26T14:00:00+00:00,2025-08-26,10.185,ENTRY_FORMING,STRONG START,99.0,67.0,0.0,DISCOVERY,VALE,VALE-0020,O:VALE250912C00010000,CALL,10.0,2025-09-12,17,1.8500000000000052,14,0.0,1.8500000000000052,NEAR_ATM,WITHIN_TOLERANCE,78,bars/O_VALE250912C00010000.json,False,2025-08-19,2025-09-12
2025-08-26T19:30:00+00:00,2025-08-26T19:45:00+00:00,2025-08-26,349.35,RISK_OR_EXHAUSTION,PEAK,100.0,87.0,0.0,DISCOVERY,TSLA,TSLA-0023,O:TSLA250912C00350000,CALL,350.0,2025-09-12,17,-0.18571428571427923,14,0.0,0.18571428571427923,NEAR_ATM,WITHIN_TOLERANCE,469,bars/O_TSLA250912C00350000.json,False,2025-08-19,2025-09-12
2025-08-28T14:30:00+00:00,2025-08-28T14:45:00+00:00,2025-08-28,10.3842,RISK_OR_EXHAUSTION,PEAK,89.0,82.0,0.0,DISCOVERY,VALE,VALE-0021,O:VALE250912C00010500,CALL,10.5,2025-09-12,15,-1.1028571428571439,14,0.0,1.1028571428571439,NEAR_ATM,WITHIN_TOLERANCE,166,bars/O_VALE250912C00010500.json,False,2025-08-21,2025-09-12
2025-08-29T17:45:00+00:00,2025-08-29T18:00:00+00:00,2025-08-29,202.415,THESIS_PRESSURE,FAIL TEST,0.0,0.0,18.0,DISCOVERY,LULU,LULU-0022,O:LULU250912C00202500,CALL,202.5,2025-09-12,14,-0.041975308641979237,14,0.0,0.041975308641979237,NEAR_ATM,WITHIN_TOLERANCE,122,bars/O_LULU250912C00202500.json,False,2025-08-22,2025-09-12
2025-08-29T18:15:00+00:00,2025-08-29T18:30:00+00:00,2025-08-29,22.72,ENTRY_FORMING,STRONG START,98.0,66.0,0.0,DISCOVERY,GME,GME-0021,O:GME250912C00022500,CALL,22.5,2025-09-12,14,0.9777777777777727,14,0.0,0.9777777777777727,NEAR_ATM,WITHIN_TOLERANCE,308,bars/O_GME250912C00022500.json,False,2025-08-22,2025-09-12
2025-09-03T13:45:00+00:00,2025-09-03T14:00:00+00:00,2025-09-03,23.485,CONTINUATION,ADD,94.0,70.0,0.0,DISCOVERY,GME,GME-0022,O:GME250919C00023500,CALL,23.5,2025-09-19,16,-0.06382978723404496,14,0.0,0.06382978723404496,NEAR_ATM,WITHIN_TOLERANCE,328,bars/O_GME250919C00023500.json,False,2025-08-27,2025-09-19
2025-09-03T13:45:00+00:00,2025-09-03T14:00:00+00:00,2025-09-03,130.67,RISK_OR_EXHAUSTION,MANAGE,97.0,81.0,0.0,DISCOVERY,RBLX,RBLX-0024,O:RBLX250919C00130000,CALL,130.0,2025-09-19,16,0.5153846153846058,14,0.0,0.5153846153846058,NEAR_ATM,WITHIN_TOLERANCE,364,bars/O_RBLX250919C00130000.json,False,2025-08-27,2025-09-19
2025-09-15T14:15:00+00:00,2025-09-15T14:30:00+00:00,2025-09-15,25.4419,RISK_OR_EXHAUSTION,PEAK,95.0,76.0,0.0,DISCOVERY,GME,GME-0023,O:GME250926C00025500,CALL,25.5,2025-09-26,11,-0.22784313725490038,14,0.0,0.22784313725490038,NEAR_ATM,WITHIN_TOLERANCE,333,bars/O_GME250926C00025500.json,False,2025-09-08,2025-09-26
2025-09-15T19:00:00+00:00,2025-09-15T19:15:00+00:00,2025-09-15,45.87,CONTINUATION,ADD,100.0,77.0,0.0,DISCOVERY,U,U-0023,O:U250926C00046000,CALL,46.0,2025-09-26,11,-0.2826086956521795,14,0.0,0.2826086956521795,NEAR_ATM,WITHIN_TOLERANCE,224,bars/O_U250926C00046000.json,False,2025-09-08,2025-09-26
2025-09-16T13:45:00+00:00,2025-09-16T14:00:00+00:00,2025-09-16,415.99,ENTRY_FORMING,IGNITION,99.0,67.0,0.0,DISCOVERY,TSLA,TSLA-0024,O:TSLA251003C00415000,CALL,415.0,2025-10-03,17,0.23855421686747205,14,0.0,0.23855421686747205,NEAR_ATM,WITHIN_TOLERANCE,464,bars/O_TSLA251003C00415000.json,False,2025-09-09,2025-10-03
2025-09-17T15:15:00+00:00,2025-09-17T15:30:00+00:00,2025-09-17,45.575,THESIS_PRESSURE,FAIL TEST,20.0,6.0,8.0,DISCOVERY,U,U-0024,O:U251003C00045500,CALL,45.5,2025-10-03,16,0.16483516483517108,14,0.0,0.16483516483517108,NEAR_ATM,WITHIN_TOLERANCE,118,bars/O_U251003C00045500.json,False,2025-09-10,2025-10-03
2025-09-18T16:15:00+00:00,2025-09-18T16:30:00+00:00,2025-09-18,10.86,THESIS_PRESSURE,FAIL TEST,16.0,2.0,8.0,DISCOVERY,VALE,VALE-0022,O:VALE251003C00011000,CALL,11.0,2025-10-03,15,-1.272727272727278,14,0.0,1.272727272727278,NEAR_ATM,WITHIN_TOLERANCE,179,bars/O_VALE251003C00011000.json,False,2025-09-11,2025-10-03
2025-09-19T19:15:00+00:00,2025-09-19T19:30:00+00:00,2025-09-19,10.915,CONTINUATION,ADD,99.0,74.0,0.0,DISCOVERY,VALE,VALE-0023,O:VALE251003C00011000,CALL,11.0,2025-10-03,14,-0.7727272727272805,14,0.0,0.7727272727272805,NEAR_ATM,WITHIN_TOLERANCE,179,bars/O_VALE251003C00011000.json,False,2025-09-11,2025-10-03
2025-09-23T14:30:00+00:00,2025-09-23T14:45:00+00:00,2025-09-23,174.93,CONTINUATION,ADD,95.0,88.0,0.0,DISCOVERY,LULU,LULU-0023,O:LULU251010C00175000,CALL,175.0,2025-10-10,17,-0.0399999999999961,14,0.0,0.0399999999999961,NEAR_ATM,WITHIN_TOLERANCE,403,bars/O_LULU251010C00175000.json,False,2025-09-16,2025-10-10
2025-09-23T16:00:00+00:00,2025-09-23T16:15:00+00:00,2025-09-23,134.445,THESIS_PRESSURE,FAIL (any severity),0.0,0.0,11.0,DISCOVERY,RBLX,RBLX-0025,O:RBLX251010C00134000,CALL,134.0,2025-10-10,17,0.3320895522388009,14,0.0,0.3320895522388009,NEAR_ATM,WITHIN_TOLERANCE,152,bars/O_RBLX251010C00134000.json,False,2025-09-16,2025-10-10
2025-09-24T13:30:00+00:00,2025-09-24T13:45:00+00:00,2025-09-24,134.3675,CONTINUATION,RELOAD,36.0,34.0,0.0,DISCOVERY,RBLX,RBLX-0026,O:RBLX251010C00134000,CALL,134.0,2025-10-10,16,0.2742537313432887,14,0.0,0.2742537313432887,NEAR_ATM,WITHIN_TOLERANCE,152,bars/O_RBLX251010C00134000.json,False,2025-09-16,2025-10-10
2025-09-24T16:45:00+00:00,2025-09-24T17:00:00+00:00,2025-09-24,26.555,THESIS_PRESSURE,FAIL (any severity),0.0,0.0,15.0,DISCOVERY,GME,GME-0024,O:GME251010C00026500,CALL,26.5,2025-10-10,16,0.20754716981131968,14,0.0,0.20754716981131968,NEAR_ATM,WITHIN_TOLERANCE,237,bars/O_GME251010C00026500.json,False,2025-09-17,2025-10-10
2025-09-26T19:30:00+00:00,2025-09-26T19:45:00+00:00,2025-09-26,176.135,ENTRY_FORMING,STRONG START,100.0,67.0,0.0,DISCOVERY,LULU,LULU-0024,O:LULU251010C00175000,CALL,175.0,2025-10-10,14,0.6485714285714234,14,0.0,0.6485714285714234,NEAR_ATM,WITHIN_TOLERANCE,403,bars/O_LULU251010C00175000.json,False,2025-09-16,2025-10-10
2025-09-29T13:45:00+00:00,2025-09-29T14:00:00+00:00,2025-09-29,68.5,RISK_OR_EXHAUSTION,MANAGE,90.0,65.0,0.0,DISCOVERY,PYPL,PYPL-0025,O:PYPL251010C00069000,CALL,69.0,2025-10-10,11,-0.7246376811594203,14,0.0,0.7246376811594203,NEAR_ATM,WITHIN_TOLERANCE,300,bars/O_PYPL251010C00069000.json,False,2025-09-22,2025-10-10
2025-09-29T17:00:00+00:00,2025-09-29T17:15:00+00:00,2025-09-29,69.605,CONTINUATION,ADD,93.0,71.0,0.0,DISCOVERY,PYPL,PYPL-0026,O:PYPL251010C00070000,CALL,70.0,2025-10-10,11,-0.5642857142857086,14,0.0,0.5642857142857086,NEAR_ATM,WITHIN_TOLERANCE,340,bars/O_PYPL251010C00070000.json,False,2025-09-22,2025-10-10
2025-10-15T19:30:00+00:00,2025-10-15T19:45:00+00:00,2025-10-15,664.7788,ENTRY_FORMING,CAMPAIGN START,44.0,29.0,4.0,DISCOVERY,SPY,SPY-0025,O:SPY251028C00665000,CALL,665.0,2025-10-28,13,-0.03326315789472984,14,0.0,0.03326315789472984,NEAR_ATM,WITHIN_TOLERANCE,213,bars/O_SPY251028C00665000.json,False,2025-10-08,2025-10-28
2025-10-17T16:15:00+00:00,2025-10-17T16:30:00+00:00,2025-10-17,663.11,THESIS_PRESSURE,FAIL TEST,10.0,3.0,9.0,DISCOVERY,SPY,SPY-0026,O:SPY251031C00663000,CALL,663.0,2025-10-31,14,0.01659125188537159,14,0.0,0.01659125188537159,NEAR_ATM,WITHIN_TOLERANCE,310,bars/O_SPY251031C00663000.json,False,2025-10-10,2025-10-31
2025-10-17T19:45:00+00:00,2025-10-17T20:00:00+00:00,2025-10-17,35.245,ENTRY_FORMING,STRONG START,84.0,57.0,0.0,DISCOVERY,U,U-0025,O:U251031C00035000,CALL,35.0,2025-10-31,14,0.6999999999999927,14,0.0,0.6999999999999927,NEAR_ATM,WITHIN_TOLERANCE,95,bars/O_U251031C00035000.json,False,2025-10-10,2025-10-31
2025-10-20T13:45:00+00:00,2025-10-20T14:00:00+00:00,2025-10-20,173.5,RISK_OR_EXHAUSTION,MANAGE,82.0,52.0,0.0,DISCOVERY,LULU,LULU-0025,O:LULU251031C00172500,CALL,172.5,2025-10-31,11,0.5797101449275363,14,0.0,0.5797101449275363,NEAR_ATM,WITHIN_TOLERANCE,181,bars/O_LULU251031C00172500.json,False,2025-10-13,2025-10-31
2025-10-20T19:45:00+00:00,2025-10-20T20:00:00+00:00,2025-10-20,447.35,RISK_OR_EXHAUSTION,PEAK,100.0,86.0,0.0,DISCOVERY,TSLA,TSLA-0025,O:TSLA251031C00447500,CALL,447.5,2025-10-31,11,-0.03351955307262062,14,0.0,0.03351955307262062,NEAR_ATM,WITHIN_TOLERANCE,349,bars/O_TSLA251031C00447500.json,False,2025-10-13,2025-10-31
2025-10-22T16:00:00+00:00,2025-10-22T16:15:00+00:00,2025-10-22,68.79,THESIS_PRESSURE,FAIL (any severity),1.0,0.0,11.0,DISCOVERY,PYPL,PYPL-0027,O:PYPL251107C00069000,CALL,69.0,2025-11-07,16,-0.30434782608694744,14,0.0,0.30434782608694744,NEAR_ATM,WITHIN_TOLERANCE,302,bars/O_PYPL251107C00069000.json,False,2025-10-15,2025-11-07
2025-10-27T13:30:00+00:00,2025-10-27T13:45:00+00:00,2025-10-27,682.75,RISK_OR_EXHAUSTION,PEAK,100.0,84.0,0.0,DISCOVERY,SPY,SPY-0027,O:SPY251110C00685000,CALL,685.0,2025-11-10,14,-0.3284671532846715,14,0.0,0.3284671532846715,NEAR_ATM,WITHIN_TOLERANCE,281,bars/O_SPY251110C00685000.json,False,2025-10-20,2025-11-10
2025-10-27T14:00:00+00:00,2025-10-27T14:15:00+00:00,2025-10-27,70.735,ENTRY_FORMING,STRONG START,98.0,66.0,0.0,DISCOVERY,PYPL,PYPL-0028,O:PYPL251107C00071000,CALL,71.0,2025-11-07,11,-0.3732394366197191,14,0.0,0.3732394366197191,NEAR_ATM,WITHIN_TOLERANCE,292,bars/O_PYPL251107C00071000.json,False,2025-10-20,2025-11-07
2025-10-28T13:30:00+00:00,2025-10-28T13:45:00+00:00,2025-10-28,11.495,ENTRY_FORMING,STRONG START,91.0,63.0,0.0,DISCOVERY,VALE,VALE-0024,O:VALE251114C00011500,CALL,11.5,2025-11-14,17,-0.04347826086957201,14,0.0,0.04347826086957201,NEAR_ATM,WITHIN_TOLERANCE,52,bars/O_VALE251114C00011500.json,False,2025-10-21,2025-11-14
2025-10-31T13:30:00+00:00,2025-10-31T13:45:00+00:00,2025-10-31,448.1695,CONTINUATION,RELOAD,29.0,36.0,0.0,DISCOVERY,TSLA,TSLA-0026,O:TSLA251114C00447500,CALL,447.5,2025-11-14,14,0.14960893854749224,14,0.0,0.14960893854749224,NEAR_ATM,WITHIN_TOLERANCE,352,bars/O_TSLA251114C00447500.json,False,2025-10-24,2025-11-14
2025-11-05T19:45:00+00:00,2025-11-05T20:00:00+00:00,2025-11-05,22.165,ENTRY_FORMING,CAMPAIGN START,86.0,59.0,0.0,DISCOVERY,GME,GME-0025,O:GME251121C00022000,CALL,22.0,2025-11-21,16,0.7499999999999961,14,0.0,0.7499999999999961,NEAR_ATM,WITHIN_TOLERANCE,413,bars/O_GME251121C00022000.json,False,2025-10-29,2025-11-21
2025-11-05T20:30:00+00:00,2025-11-05T20:45:00+00:00,2025-11-05,42.535,RISK_OR_EXHAUSTION,MANAGE,93.0,68.0,0.0,DISCOVERY,U,U-0026,O:U251121C00043000,CALL,43.0,2025-11-21,16,-1.0813953488372172,14,0.0,1.0813953488372172,NEAR_ATM,WITHIN_TOLERANCE,252,bars/O_U251121C00043000.json,False,2025-10-29,2025-11-21
2025-11-10T14:30:00+00:00,2025-11-10T14:45:00+00:00,2025-11-10,438.305,ENTRY_FORMING,STRONG START,79.0,56.0,0.0,DISCOVERY,TSLA,TSLA-0027,O:TSLA251121C00437500,CALL,437.5,2025-11-21,11,0.18400000000000158,14,0.0,0.18400000000000158,NEAR_ATM,WITHIN_TOLERANCE,348,bars/O_TSLA251121C00437500.json,False,2025-11-03,2025-11-21
2025-11-10T20:00:00+00:00,2025-11-10T20:15:00+00:00,2025-11-10,106.295,ENTRY_FORMING,STRONG START,93.0,60.0,0.0,DISCOVERY,RBLX,RBLX-0027,O:RBLX251121C00106000,CALL,106.0,2025-11-21,11,0.27830188679245443,14,0.0,0.27830188679245443,NEAR_ATM,WITHIN_TOLERANCE,125,bars/O_RBLX251121C00106000.json,False,2025-11-03,2025-11-21
2025-11-10T20:45:00+00:00,2025-11-10T21:00:00+00:00,2025-11-10,681.33,CONTINUATION,ADD,93.0,70.0,0.0,DISCOVERY,SPY,SPY-0028,O:SPY251124C00680000,CALL,680.0,2025-11-24,14,0.19558823529412364,14,0.0,0.19558823529412364,NEAR_ATM,WITHIN_TOLERANCE,284,bars/O_SPY251124C00680000.json,False,2025-11-03,2025-11-24
2025-11-13T16:00:00+00:00,2025-11-13T16:15:00+00:00,2025-11-13,101.415,THESIS_PRESSURE,FAIL TEST,1.0,0.0,11.0,DISCOVERY,RBLX,RBLX-0028,O:RBLX251128C00101000,CALL,101.0,2025-11-28,15,0.4108910891089171,14,0.0,0.4108910891089171,NEAR_ATM,WITHIN_TOLERANCE,37,bars/O_RBLX251128C00101000.json,False,2025-11-06,2025-11-28
2025-11-14T18:15:00+00:00,2025-11-14T18:30:00+00:00,2025-11-14,20.8,THESIS_PRESSURE,FAIL (any severity),0.0,0.0,22.0,DISCOVERY,GME,GME-0026,O:GME251128C00021000,CALL,21.0,2025-11-28,14,-0.952380952380949,14,0.0,0.952380952380949,NEAR_ATM,WITHIN_TOLERANCE,295,bars/O_GME251128C00021000.json,False,2025-11-07,2025-11-28
2025-11-17T18:45:00+00:00,2025-11-17T19:00:00+00:00,2025-11-17,409.07,THESIS_PRESSURE,FAIL TEST,26.0,11.0,4.0,DISCOVERY,TSLA,TSLA-0028,O:TSLA251128C00410000,CALL,410.0,2025-11-28,11,-0.2268292682926846,14,0.0,0.2268292682926846,NEAR_ATM,WITHIN_TOLERANCE,315,bars/O_TSLA251128C00410000.json,False,2025-11-10,2025-11-28
2025-11-17T19:15:00+00:00,2025-11-17T19:30:00+00:00,2025-11-17,12.28,THESIS_PRESSURE,FAIL TEST,2.0,0.0,9.0,DISCOVERY,VALE,VALE-0025,O:VALE251128C00012500,CALL,12.5,2025-11-28,11,-1.760000000000005,14,0.0,1.760000000000005,NEAR_ATM,WITHIN_TOLERANCE,72,bars/O_VALE251128C00012500.json,False,2025-11-10,2025-11-28
2025-11-20T18:45:00+00:00,2025-11-20T19:00:00+00:00,2025-11-20,165.725,THESIS_PRESSURE,FAIL (any severity),7.0,0.0,7.0,DISCOVERY,LULU,LULU-0026,O:LULU251205C00165000,CALL,165.0,2025-12-05,15,0.439393939393936,14,0.0,0.439393939393936,NEAR_ATM,WITHIN_TOLERANCE,87,bars/O_LULU251205C00165000.json,False,2025-11-13,2025-12-05
2025-11-21T18:30:00+00:00,2025-11-21T18:45:00+00:00,2025-11-21,169.58,CONTINUATION,ADD,39.0,27.0,7.0,DISCOVERY,LULU,LULU-0027,O:LULU251205C00170000,CALL,170.0,2025-12-05,14,-0.2470588235294044,14,0.0,0.2470588235294044,NEAR_ATM,WITHIN_TOLERANCE,179,bars/O_LULU251205C00170000.json,False,2025-11-14,2025-12-05
2025-11-26T14:45:00+00:00,2025-11-26T15:00:00+00:00,2025-11-26,12.365,RISK_OR_EXHAUSTION,MANAGE,95.0,70.0,0.0,DISCOVERY,VALE,VALE-0026,O:VALE251212C00012500,CALL,12.5,2025-12-12,16,-1.0799999999999983,14,0.0,1.0799999999999983,NEAR_ATM,WITHIN_TOLERANCE,97,bars/O_VALE251212C00012500.json,False,2025-11-19,2025-12-12
2025-11-26T20:30:00+00:00,2025-11-26T20:45:00+00:00,2025-11-26,21.775,RISK_OR_EXHAUSTION,MANAGE,94.0,76.0,0.0,DISCOVERY,GME,GME-0027,O:GME251212C00022000,CALL,22.0,2025-12-12,16,-1.0227272727272791,14,0.0,1.0227272727272791,NEAR_ATM,WITHIN_TOLERANCE,381,bars/O_GME251212C00022000.json,False,2025-11-19,2025-12-12
2025-11-28T15:00:00+00:00,2025-11-28T15:15:00+00:00,2025-11-28,62.75,RISK_OR_EXHAUSTION,PEAK,92.0,79.0,0.0,DISCOVERY,PYPL,PYPL-0029,O:PYPL251212C00063000,CALL,63.0,2025-12-12,14,-0.3968253968253968,14,0.0,0.3968253968253968,NEAR_ATM,WITHIN_TOLERANCE,333,bars/O_PYPL251212C00063000.json,False,2025-11-21,2025-12-12
2025-12-01T20:45:00+00:00,2025-12-01T21:00:00+00:00,2025-12-01,22.78,CONTINUATION,ADD,99.0,81.0,0.0,DISCOVERY,GME,GME-0028,O:GME251212C00023000,CALL,23.0,2025-12-12,11,-0.9565217391304299,14,0.0,0.9565217391304299,NEAR_ATM,WITHIN_TOLERANCE,342,bars/O_GME251212C00023000.json,False,2025-11-24,2025-12-12
2025-12-03T20:30:00+00:00,2025-12-03T20:45:00+00:00,2025-12-03,183.195,ENTRY_FORMING,STRONG START,0.0,0.0,15.0,DISCOVERY,LULU,LULU-0028,O:LULU251219C00182500,CALL,182.5,2025-12-19,16,0.38082191780821545,14,0.0,0.38082191780821545,NEAR_ATM,WITHIN_TOLERANCE,155,bars/O_LULU251219C00182500.json,False,2025-11-26,2025-12-19
2025-12-04T16:45:00+00:00,2025-12-04T17:00:00+00:00,2025-12-04,44.3038,CONTINUATION,RELOAD,46.0,40.0,0.0,DISCOVERY,U,U-0027,O:U251219C00044000,CALL,44.0,2025-12-19,15,0.6904545454545511,14,0.0,0.6904545454545511,NEAR_ATM,WITHIN_TOLERANCE,136,bars/O_U251219C00044000.json,False,2025-11-27,2025-12-19
2025-12-04T19:00:00+00:00,2025-12-04T19:15:00+00:00,2025-12-04,44.07,THESIS_PRESSURE,FAIL TEST,7.0,0.0,9.0,DISCOVERY,U,U-0028,O:U251219C00044000,CALL,44.0,2025-12-19,15,0.15909090909090975,14,0.0,0.15909090909090975,NEAR_ATM,WITHIN_TOLERANCE,136,bars/O_U251219C00044000.json,False,2025-11-27,2025-12-19
2025-12-11T20:30:00+00:00,2025-12-11T20:45:00+00:00,2025-12-11,13.345,CONTINUATION,ADD,98.0,73.0,0.0,DISCOVERY,VALE,VALE-0027,O:VALE251226C00013500,CALL,13.5,2025-12-26,15,-1.1481481481481435,14,0.0,1.1481481481481435,NEAR_ATM,WITHIN_TOLERANCE,83,bars/O_VALE251226C00013500.json,False,2025-12-04,2025-12-26
2025-12-17T14:45:00+00:00,2025-12-17T15:00:00+00:00,2025-12-17,492.8933,RISK_OR_EXHAUSTION,MANAGE,95.0,79.0,0.0,DISCOVERY,TSLA,TSLA-0029,O:TSLA260102C00492500,CALL,492.5,2026-01-02,16,0.07985786802030673,14,0.0,0.07985786802030673,NEAR_ATM,WITHIN_TOLERANCE,286,bars/O_TSLA260102C00492500.json,False,2025-12-10,2026-01-02
2025-12-24T16:00:00+00:00,2025-12-24T16:15:00+00:00,2025-12-24,46.42,RISK_OR_EXHAUSTION,MANAGE,51.0,36.0,6.0,DISCOVERY,U,U-0029,O:U260109C00046500,CALL,46.5,2026-01-09,16,-0.1720430107526845,14,0.0,0.1720430107526845,NEAR_ATM,WITHIN_TOLERANCE,112,bars/O_U260109C00046500.json,False,2025-12-17,2026-01-09
2026-01-05T14:45:00+00:00,2026-01-05T15:00:00+00:00,2026-01-05,215.72,RISK_OR_EXHAUSTION,MANAGE,94.0,68.0,0.0,DISCOVERY,LULU,LULU-0029,O:LULU260116C00215000,CALL,215.0,2026-01-16,11,0.334883720930232,14,0.0,0.334883720930232,NEAR_ATM,WITHIN_TOLERANCE,273,bars/O_LULU260116C00215000.json,False,2025-12-29,2026-01-16
2026-01-05T15:00:00+00:00,2026-01-05T15:15:00+00:00,2026-01-05,13.435,RISK_OR_EXHAUSTION,MANAGE|PEAK,90.0,78.0,0.0,DISCOVERY,VALE,VALE-0028,O:VALE260116C00013500,CALL,13.5,2026-01-16,11,-0.4814814814814778,14,0.0,0.4814814814814778,NEAR_ATM,WITHIN_TOLERANCE,119,bars/O_VALE260116C00013500.json,False,2025-12-29,2026-01-16
2026-01-15T19:45:00+00:00,2026-01-15T20:00:00+00:00,2026-01-15,87.61,RISK_OR_EXHAUSTION,PEAK,89.0,75.0,0.0,DISCOVERY,RBLX,RBLX-0029,O:RBLX260130C00088000,CALL,88.0,2026-01-30,15,-0.44318181818181884,14,0.0,0.44318181818181884,NEAR_ATM,WITHIN_TOLERANCE,123,bars/O_RBLX260130C00088000.json,False,2026-01-08,2026-01-30
2026-01-16T15:30:00+00:00,2026-01-16T15:45:00+00:00,2026-01-16,89.13,CONTINUATION,ADD,95.0,76.0,0.0,DISCOVERY,RBLX,RBLX-0030,O:RBLX260130C00089000,CALL,89.0,2026-01-30,14,0.14606741573033197,14,0.0,0.14606741573033197,NEAR_ATM,WITHIN_TOLERANCE,110,bars/O_RBLX260130C00089000.json,False,2026-01-09,2026-01-30
2026-01-16T18:15:00+00:00,2026-01-16T18:30:00+00:00,2026-01-16,440.3501,CONTINUATION,RELOAD,45.0,37.0,0.0,DISCOVERY,TSLA,TSLA-0030,O:TSLA260130C00440000,CALL,440.0,2026-01-30,14,0.07956818181818127,14,0.0,0.07956818181818127,NEAR_ATM,WITHIN_TOLERANCE,386,bars/O_TSLA260130C00440000.json,False,2026-01-09,2026-01-30
2026-01-21T15:45:00+00:00,2026-01-21T16:00:00+00:00,2026-01-21,42.415,ENTRY_FORMING,STRONG START,83.0,55.0,0.0,DISCOVERY,U,U-0030,O:U260206C00042500,CALL,42.5,2026-02-06,16,-0.200000000000002,14,0.0,0.200000000000002,NEAR_ATM,WITHIN_TOLERANCE,26,bars/O_U260206C00042500.json,False,2026-01-14,2026-02-06
2026-01-21T18:45:00+00:00,2026-01-21T19:00:00+00:00,2026-01-21,55.51,CONTINUATION,RELOAD,31.0,28.0,0.0,DISCOVERY,PYPL,PYPL-0030,O:PYPL260206C00056000,CALL,56.0,2026-02-06,16,-0.8750000000000036,14,0.0,0.8750000000000036,NEAR_ATM,WITHIN_TOLERANCE,260,bars/O_PYPL260206C00056000.json,False,2026-01-14,2026-02-06
2026-01-21T19:15:00+00:00,2026-01-21T19:30:00+00:00,2026-01-21,684.4,ENTRY_FORMING,STRONG START,71.0,51.0,0.0,DISCOVERY,SPY,SPY-0029,O:SPY260204C00685000,CALL,685.0,2026-02-04,14,-0.08759124087591573,14,0.0,0.08759124087591573,NEAR_ATM,WITHIN_TOLERANCE,173,bars/O_SPY260204C00685000.json,False,2026-01-14,2026-02-04
2026-01-22T14:30:00+00:00,2026-01-22T14:45:00+00:00,2026-01-22,193.8,ENTRY_FORMING,STRONG START,79.0,54.0,0.0,DISCOVERY,LULU,LULU-0030,O:LULU260206C00195000,CALL,195.0,2026-02-06,15,-0.6153846153846095,14,0.0,0.6153846153846095,NEAR_ATM,WITHIN_TOLERANCE,155,bars/O_LULU260206C00195000.json,False,2026-01-15,2026-02-06
2026-01-23T17:30:00+00:00,2026-01-23T17:45:00+00:00,2026-01-23,192.04,THESIS_PRESSURE,FAIL (any severity),0.0,0.0,13.0,DISCOVERY,LULU,LULU-0031,O:LULU260206C00192500,CALL,192.5,2026-02-06,14,-0.2389610389610431,14,0.0,0.2389610389610431,NEAR_ATM,WITHIN_TOLERANCE,127,bars/O_LULU260206C00192500.json,False,2026-01-16,2026-02-06
2026-01-26T15:00:00+00:00,2026-01-26T15:15:00+00:00,2026-01-26,194.97,CONTINUATION,RELOAD,37.0,36.0,0.0,DISCOVERY,LULU,LULU-0032,O:LULU260206C00195000,CALL,195.0,2026-02-06,11,-0.015384615384615968,14,0.0,0.015384615384615968,NEAR_ATM,WITHIN_TOLERANCE,155,bars/O_LULU260206C00195000.json,False,2026-01-15,2026-02-06
2026-01-26T15:30:00+00:00,2026-01-26T15:45:00+00:00,2026-01-26,56.705,ENTRY_FORMING,CAMPAIGN START,89.0,57.0,0.0,DISCOVERY,PYPL,PYPL-0031,O:PYPL260206C00057000,CALL,57.0,2026-02-06,11,-0.5175438596491259,14,0.0,0.5175438596491259,NEAR_ATM,WITHIN_TOLERANCE,277,bars/O_PYPL260206C00057000.json,False,2026-01-19,2026-02-06
2026-01-26T17:30:00+00:00,2026-01-26T17:45:00+00:00,2026-01-26,24.74,RISK_OR_EXHAUSTION,MANAGE,92.0,73.0,0.0,DISCOVERY,GME,GME-0029,O:GME260206C00024500,CALL,24.5,2026-02-06,11,0.9795918367346876,14,0.0,0.9795918367346876,NEAR_ATM,WITHIN_TOLERANCE,302,bars/O_GME260206C00024500.json,False,2026-01-19,2026-02-06
2026-01-26T17:30:00+00:00,2026-01-26T17:45:00+00:00,2026-01-26,43.62,CONTINUATION,ADD,96.0,73.0,0.0,DISCOVERY,U,U-0031,O:U260206C00043500,CALL,43.5,2026-02-06,11,0.27586206896551135,14,0.0,0.27586206896551135,NEAR_ATM,WITHIN_TOLERANCE,20,bars/O_U260206C00043500.json,False,2026-01-19,2026-02-06
2026-01-26T20:45:00+00:00,2026-01-26T21:00:00+00:00,2026-01-26,56.6,THESIS_PRESSURE,FAIL (any severity),20.0,7.0,7.0,DISCOVERY,PYPL,PYPL-0032,O:PYPL260206C00057000,CALL,57.0,2026-02-06,11,-0.7017543859649098,14,0.0,0.7017543859649098,NEAR_ATM,WITHIN_TOLERANCE,277,bars/O_PYPL260206C00057000.json,False,2026-01-19,2026-02-06
2026-01-27T14:45:00+00:00,2026-01-27T15:00:00+00:00,2026-01-27,42.06,THESIS_PRESSURE,FAIL (any severity),1.0,0.0,12.0,DISCOVERY,U,U-0032,O:U260213C00042000,CALL,42.0,2026-02-13,17,0.1428571428571483,14,0.0,0.1428571428571483,NEAR_ATM,WITHIN_TOLERANCE,57,bars/O_U260213C00042000.json,False,2026-01-20,2026-02-13
2026-01-27T16:00:00+00:00,2026-01-27T16:15:00+00:00,2026-01-27,24.025,CONTINUATION,RELOAD,58.0,44.0,2.0,DISCOVERY,GME,GME-0030,O:GME260213C00024000,CALL,24.0,2026-02-13,17,0.10416666666666075,14,0.0,0.10416666666666075,NEAR_ATM,WITHIN_TOLERANCE,448,bars/O_GME260213C00024000.json,False,2026-01-20,2026-02-13
2026-01-27T20:15:00+00:00,2026-01-27T20:30:00+00:00,2026-01-27,695.9999,CONTINUATION,ADD,99.0,81.0,0.0,DISCOVERY,SPY,SPY-0030,O:SPY260210C00695000,CALL,695.0,2026-02-10,14,0.14387050359712591,14,0.0,0.14387050359712591,NEAR_ATM,WITHIN_TOLERANCE,282,bars/O_SPY260210C00695000.json,False,2026-01-20,2026-02-10
2026-01-28T14:45:00+00:00,2026-01-28T15:00:00+00:00,2026-01-28,697.12,RISK_OR_EXHAUSTION,PEAK,100.0,87.0,0.0,DISCOVERY,SPY,SPY-0031,O:SPY260211C00695000,CALL,695.0,2026-02-11,14,0.30503597122302223,14,0.0,0.30503597122302223,NEAR_ATM,WITHIN_TOLERANCE,272,bars/O_SPY260211C00695000.json,False,2026-01-21,2026-02-11
2026-01-28T14:45:00+00:00,2026-01-28T15:00:00+00:00,2026-01-28,437.4795,ENTRY_FORMING,STRONG START,84.0,56.0,0.0,DISCOVERY,TSLA,TSLA-0031,O:TSLA260211C00437500,CALL,437.5,2026-02-11,14,-0.004685714285720418,14,0.0,0.004685714285720418,NEAR_ATM,WITHIN_TOLERANCE,227,bars/O_TSLA260211C00437500.json,False,2026-01-21,2026-02-11
2026-01-28T17:30:00+00:00,2026-01-28T17:45:00+00:00,2026-01-28,23.535,THESIS_PRESSURE,FAIL (any severity),1.0,0.0,13.0,DISCOVERY,GME,GME-0031,O:GME260213C00023500,CALL,23.5,2026-02-13,16,0.14893617021276656,14,0.0,0.14893617021276656,NEAR_ATM,WITHIN_TOLERANCE,284,bars/O_GME260213C00023500.json,False,2026-01-21,2026-02-13
2026-01-28T19:00:00+00:00,2026-01-28T19:15:00+00:00,2026-01-28,694.915,THESIS_PRESSURE,FAIL (any severity),2.0,0.0,11.0,DISCOVERY,SPY,SPY-0032,O:SPY260211C00695000,CALL,695.0,2026-02-11,14,-0.012230215827343363,14,0.0,0.012230215827343363,NEAR_ATM,WITHIN_TOLERANCE,272,bars/O_SPY260211C00695000.json,False,2026-01-21,2026-02-11
2026-01-28T19:30:00+00:00,2026-01-28T19:45:00+00:00,2026-01-28,16.62,ENTRY_FORMING,IGNITION,99.0,83.0,0.0,DISCOVERY,VALE,VALE-0029,O:VALE260213C00016500,CALL,16.5,2026-02-13,16,0.7272727272727333,14,0.0,0.7272727272727333,NEAR_ATM,WITHIN_TOLERANCE,156,bars/O_VALE260213C00016500.json,False,2026-01-21,2026-02-13
2026-01-28T20:45:00+00:00,2026-01-28T21:00:00+00:00,2026-01-28,431.46,THESIS_PRESSURE,FAIL (any severity),0.0,0.0,24.0,DISCOVERY,TSLA,TSLA-0032,O:TSLA260211C00432500,CALL,432.5,2026-02-11,14,-0.24046242774566945,14,0.0,0.24046242774566945,NEAR_ATM,WITHIN_TOLERANCE,238,bars/O_TSLA260211C00432500.json,False,2026-01-21,2026-02-11
2026-01-28T20:45:00+00:00,2026-01-28T21:00:00+00:00,2026-01-28,16.755,RISK_OR_EXHAUSTION,PEAK,100.0,86.0,0.0,DISCOVERY,VALE,VALE-0030,O:VALE260213C00017000,CALL,17.0,2026-02-13,16,-1.4411764705882413,14,0.0,1.4411764705882413,NEAR_ATM,WITHIN_TOLERANCE,196,bars/O_VALE260213C00017000.json,False,2026-01-21,2026-02-13
2026-01-29T20:30:00+00:00,2026-01-29T20:45:00+00:00,2026-01-29,74.91,ENTRY_FORMING,STRONG START,93.0,62.0,0.0,DISCOVERY,RBLX,RBLX-0031,O:RBLX260213C00075000,CALL,75.0,2026-02-13,15,-0.12000000000000455,14,0.0,0.12000000000000455,NEAR_ATM,WITHIN_TOLERANCE,214,bars/O_RBLX260213C00075000.json,False,2026-01-22,2026-02-13
2026-01-29T20:45:00+00:00,2026-01-29T21:00:00+00:00,2026-01-29,16.95,CONTINUATION,ADD,99.0,81.0,0.0,DISCOVERY,VALE,VALE-0031,O:VALE260213C00017000,CALL,17.0,2026-02-13,15,-0.2941176470588277,14,0.0,0.2941176470588277,NEAR_ATM,WITHIN_TOLERANCE,196,bars/O_VALE260213C00017000.json,False,2026-01-21,2026-02-13
2026-01-30T17:15:00+00:00,2026-01-30T17:30:00+00:00,2026-01-30,66.95,THESIS_PRESSURE,FAIL (any severity),0.0,0.0,11.0,DISCOVERY,RBLX,RBLX-0032,O:RBLX260213C00067000,CALL,67.0,2026-02-13,14,-0.07462686567163755,14,0.0,0.07462686567163755,NEAR_ATM,WITHIN_TOLERANCE,123,bars/O_RBLX260213C00067000.json,False,2026-01-23,2026-02-13
2026-01-30T17:30:00+00:00,2026-01-30T17:45:00+00:00,2026-01-30,16.295,THESIS_PRESSURE,FAIL (any severity),0.0,0.0,13.0,DISCOVERY,VALE,VALE-0032,O:VALE260213C00016500,CALL,16.5,2026-02-13,14,-1.242424242424232,14,0.0,1.242424242424232,NEAR_ATM,WITHIN_TOLERANCE,156,bars/O_VALE260213C00016500.json,False,2026-01-21,2026-02-13
2026-01-30T19:30:00+00:00,2026-01-30T19:45:00+00:00,2026-01-30,23.79,ENTRY_FORMING,STRONG START,99.0,67.0,0.0,DISCOVERY,GME,GME-0032,O:GME260213C00024000,CALL,24.0,2026-02-13,14,-0.8750000000000036,14,0.0,0.8750000000000036,NEAR_ATM,WITHIN_TOLERANCE,448,bars/O_GME260213C00024000.json,False,2026-01-20,2026-02-13
2026-02-02T14:30:00+00:00,2026-02-02T14:45:00+00:00,2026-02-02,69.115,CONTINUATION,RELOAD,12.0,24.0,0.0,HOLDOUT,RBLX,RBLX-0033,O:RBLX260213C00069000,CALL,69.0,2026-02-13,11,0.16666666666665927,14,0.0,0.16666666666665927,NEAR_ATM,WITHIN_TOLERANCE,125,bars/O_RBLX260213C00069000.json,False,2026-01-26,2026-02-13
2026-02-02T14:30:00+00:00,2026-02-02T14:45:00+00:00,2026-02-02,692.59,ENTRY_FORMING,STRONG START,92.0,61.0,0.0,HOLDOUT,SPY,SPY-0033,O:SPY260213C00693000,CALL,693.0,2026-02-13,11,-0.05916305916305457,14,0.0,0.05916305916305457,NEAR_ATM,WITHIN_TOLERANCE,366,bars/O_SPY260213C00693000.json,False,2026-01-26,2026-02-13
2026-02-02T15:00:00+00:00,2026-02-02T15:15:00+00:00,2026-02-02,25.24,RISK_OR_EXHAUSTION,MANAGE,95.0,65.0,0.0,HOLDOUT,GME,GME-0033,O:GME260213C00025000,CALL,25.0,2026-02-13,11,0.9599999999999936,14,0.0,0.9599999999999936,NEAR_ATM,WITHIN_TOLERANCE,387,bars/O_GME260213C00025000.json,False,2026-01-26,2026-02-13
2026-02-02T16:45:00+00:00,2026-02-02T17:00:00+00:00,2026-02-02,68.11,THESIS_PRESSURE,FAIL TEST,18.0,7.0,9.0,HOLDOUT,RBLX,RBLX-0034,O:RBLX260213C00068000,CALL,68.0,2026-02-13,11,0.1617647058823521,14,0.0,0.1617647058823521,NEAR_ATM,WITHIN_TOLERANCE,125,bars/O_RBLX260213C00068000.json,False,2026-01-26,2026-02-13
2026-02-02T19:45:00+00:00,2026-02-02T20:00:00+00:00,2026-02-02,25.5925,CONTINUATION,ADD,98.0,74.0,0.0,HOLDOUT,GME,GME-0034,O:GME260213C00025500,CALL,25.5,2026-02-13,11,0.3627450980392201,14,0.0,0.3627450980392201,NEAR_ATM,WITHIN_TOLERANCE,307,bars/O_GME260213C00025500.json,False,2026-01-26,2026-02-13
2026-02-02T20:00:00+00:00,2026-02-02T20:15:00+00:00,2026-02-02,177.92,ENTRY_FORMING,CAMPAIGN START,84.0,53.0,0.0,HOLDOUT,LULU,LULU-0033,O:LULU260213C00177500,CALL,177.5,2026-02-13,11,0.23661971830985212,14,0.0,0.23661971830985212,NEAR_ATM,WITHIN_TOLERANCE,138,bars/O_LULU260213C00177500.json,False,2026-01-26,2026-02-13
2026-02-03T14:45:00+00:00,2026-02-03T15:00:00+00:00,2026-02-03,16.785,RISK_OR_EXHAUSTION,MANAGE,78.0,48.0,0.0,HOLDOUT,VALE,VALE-0033,O:VALE260220C00017000,CALL,17.0,2026-02-20,17,-1.2647058823529405,14,0.0,1.2647058823529405,NEAR_ATM,WITHIN_TOLERANCE,303,bars/O_VALE260220C00017000.json,False,2026-01-27,2026-02-20
2026-02-03T15:30:00+00:00,2026-02-03T15:45:00+00:00,2026-02-03,24.72,THESIS_PRESSURE,FAIL TEST,37.0,20.0,5.0,HOLDOUT,GME,GME-0035,O:GME260220C00024500,CALL,24.5,2026-02-20,17,0.8979591836734647,14,0.0,0.8979591836734647,NEAR_ATM,WITHIN_TOLERANCE,404,bars/O_GME260220C00024500.json,False,2026-01-27,2026-02-20
2026-02-03T15:30:00+00:00,2026-02-03T15:45:00+00:00,2026-02-03,691.35,THESIS_PRESSURE,FAIL TEST,32.0,13.0,4.0,HOLDOUT,SPY,SPY-0034,O:SPY260217C00690000,CALL,690.0,2026-02-17,14,0.1956521739130468,14,0.0,0.1956521739130468,NEAR_ATM,WITHIN_TOLERANCE,263,bars/O_SPY260217C00690000.json,False,2026-01-27,2026-02-17
2026-02-03T16:30:00+00:00,2026-02-03T16:45:00+00:00,2026-02-03,175.605,THESIS_PRESSURE,FAIL TEST,23.0,8.0,4.0,HOLDOUT,LULU,LULU-0034,O:LULU260220C00175000,CALL,175.0,2026-02-20,17,0.34571428571427987,14,0.0,0.34571428571427987,NEAR_ATM,WITHIN_TOLERANCE,206,bars/O_LULU260220C00175000.json,False,2026-01-27,2026-02-20
2026-02-03T19:15:00+00:00,2026-02-03T19:30:00+00:00,2026-02-03,16.79,ENTRY_FORMING,STRONG START,99.0,67.0,0.0,HOLDOUT,VALE,VALE-0034,O:VALE260220C00017000,CALL,17.0,2026-02-20,17,-1.2352941176470638,14,0.0,1.2352941176470638,NEAR_ATM,WITHIN_TOLERANCE,303,bars/O_VALE260220C00017000.json,False,2026-01-27,2026-02-20
2026-02-04T14:30:00+00:00,2026-02-04T14:45:00+00:00,2026-02-04,422.49,ENTRY_FORMING,STRONG START,84.0,58.0,0.0,HOLDOUT,TSLA,TSLA-0033,O:TSLA260218C00425000,CALL,425.0,2026-02-18,14,-0.5905882352941155,14,0.0,0.5905882352941155,NEAR_ATM,WITHIN_TOLERANCE,277,bars/O_TSLA260218C00425000.json,False,2026-01-28,2026-02-18
2026-02-04T14:45:00+00:00,2026-02-04T15:00:00+00:00,2026-02-04,24.525,ENTRY_FORMING,CAMPAIGN START,59.0,42.0,3.0,HOLDOUT,GME,GME-0036,O:GME260220C00024500,CALL,24.5,2026-02-20,16,0.10204081632652481,14,0.0,0.10204081632652481,NEAR_ATM,WITHIN_TOLERANCE,404,bars/O_GME260220C00024500.json,False,2026-01-27,2026-02-20
2026-02-04T15:00:00+00:00,2026-02-04T15:15:00+00:00,2026-02-04,175.8,CONTINUATION,RELOAD,66.0,48.0,0.0,HOLDOUT,LULU,LULU-0035,O:LULU260220C00175000,CALL,175.0,2026-02-20,16,0.4571428571428637,14,0.0,0.4571428571428637,NEAR_ATM,WITHIN_TOLERANCE,206,bars/O_LULU260220C00175000.json,False,2026-01-27,2026-02-20
2026-02-04T15:00:00+00:00,2026-02-04T15:15:00+00:00,2026-02-04,16.91,CONTINUATION,ADD,100.0,73.0,0.0,HOLDOUT,VALE,VALE-0035,O:VALE260220C00017000,CALL,17.0,2026-02-20,16,-0.5294117647058816,14,0.0,0.5294117647058816,NEAR_ATM,WITHIN_TOLERANCE,303,bars/O_VALE260220C00017000.json,False,2026-01-27,2026-02-20
2026-02-04T16:45:00+00:00,2026-02-04T17:00:00+00:00,2026-02-04,406.33,THESIS_PRESSURE,FAIL TEST,1.0,0.0,9.0,HOLDOUT,TSLA,TSLA-0034,O:TSLA260218C00405000,CALL,405.0,2026-02-18,14,0.3283950617283911,14,0.0,0.3283950617283911,NEAR_ATM,WITHIN_TOLERANCE,204,bars/O_TSLA260218C00405000.json,False,2026-01-28,2026-02-18
2026-02-04T19:45:00+00:00,2026-02-04T20:00:00+00:00,2026-02-04,409.035,CONTINUATION,RELOAD,0.0,15.0,0.0,HOLDOUT,TSLA,TSLA-0035,O:TSLA260218C00410000,CALL,410.0,2026-02-18,14,-0.2353658536585305,14,0.0,0.2353658536585305,NEAR_ATM,WITHIN_TOLERANCE,245,bars/O_TSLA260218C00410000.json,False,2026-01-28,2026-02-18
2026-02-04T20:00:00+00:00,2026-02-04T20:15:00+00:00,2026-02-04,64.89,ENTRY_FORMING,STRONG START,85.0,56.0,0.0,HOLDOUT,RBLX,RBLX-0035,O:RBLX260220C00065000,CALL,65.0,2026-02-20,16,-0.16923076923076835,14,0.0,0.16923076923076835,NEAR_ATM,WITHIN_TOLERANCE,276,bars/O_RBLX260220C00065000.json,False,2026-01-28,2026-02-20
2026-02-05T15:30:00+00:00,2026-02-05T15:45:00+00:00,2026-02-05,16.565,THESIS_PRESSURE,FAIL TEST,40.0,21.0,5.0,HOLDOUT,VALE,VALE-0036,O:VALE260220C00016500,CALL,16.5,2026-02-20,15,0.3939393939394017,14,0.0,0.3939393939394017,NEAR_ATM,WITHIN_TOLERANCE,237,bars/O_VALE260220C00016500.json,False,2026-01-29,2026-02-20
2026-02-06T20:45:00+00:00,2026-02-06T21:00:00+00:00,2026-02-06,40.41,ENTRY_FORMING,STRONG START,85.0,57.0,0.0,HOLDOUT,PYPL,PYPL-0033,O:PYPL260220C00040500,CALL,40.5,2026-02-20,14,-0.22222222222223065,14,0.0,0.22222222222223065,NEAR_ATM,WITHIN_TOLERANCE,223,bars/O_PYPL260220C00040500.json,False,2026-01-30,2026-02-20
2026-02-06T20:45:00+00:00,2026-02-06T21:00:00+00:00,2026-02-06,25.09,ENTRY_FORMING,STRONG START,96.0,65.0,0.0,HOLDOUT,U,U-0033,O:U260220C00025000,CALL,25.0,2026-02-20,14,0.35999999999999943,14,0.0,0.35999999999999943,NEAR_ATM,WITHIN_TOLERANCE,161,bars/O_U260220C00025000.json,False,2026-01-30,2026-02-20
2026-02-09T14:45:00+00:00,2026-02-09T15:00:00+00:00,2026-02-09,72.375,RISK_OR_EXHAUSTION,MANAGE,91.0,73.0,0.0,HOLDOUT,RBLX,RBLX-0036,O:RBLX260220C00072000,CALL,72.0,2026-02-20,11,0.5208333333333333,14,0.0,0.5208333333333333,NEAR_ATM,WITHIN_TOLERANCE,76,bars/O_RBLX260220C00072000.json,False,2026-02-02,2026-02-20
2026-02-10T16:30:00+00:00,2026-02-10T16:45:00+00:00,2026-02-10,184.19,RISK_OR_EXHAUSTION,MANAGE,86.0,69.0,0.0,HOLDOUT,LULU,LULU-0036,O:LULU260227C00185000,CALL,185.0,2026-02-27,17,-0.4378378378378391,14,0.0,0.4378378378378391,NEAR_ATM,WITHIN_TOLERANCE,256,bars/O_LULU260227C00185000.json,False,2026-02-03,2026-02-27
2026-02-10T20:00:00+00:00,2026-02-10T20:15:00+00:00,2026-02-10,28.69,CONTINUATION,ADD,96.0,74.0,0.0,HOLDOUT,U,U-0034,O:U260227C00028500,CALL,28.5,2026-02-27,17,0.6666666666666712,14,0.0,0.6666666666666712,NEAR_ATM,WITHIN_TOLERANCE,17,bars/O_U260227C00028500.json,False,2026-02-03,2026-02-27
2026-02-11T14:30:00+00:00,2026-02-11T14:45:00+00:00,2026-02-11,40.835,THESIS_PRESSURE,FAIL TEST,24.0,12.0,11.0,HOLDOUT,PYPL,PYPL-0034,O:PYPL260227C00041000,CALL,41.0,2026-02-27,16,-0.4024390243902418,14,0.0,0.4024390243902418,NEAR_ATM,WITHIN_TOLERANCE,267,bars/O_PYPL260227C00041000.json,False,2026-02-04,2026-02-27
2026-02-11T16:00:00+00:00,2026-02-11T16:15:00+00:00,2026-02-11,20.8039,THESIS_PRESSURE,FAIL TEST,10.0,0.0,7.0,HOLDOUT,U,U-0035,O:U260227C00021000,CALL,21.0,2026-02-27,16,-0.9338095238095299,14,0.0,0.9338095238095299,NEAR_ATM,WITHIN_TOLERANCE,235,bars/O_U260227C00021000.json,False,2026-02-04,2026-02-27
2026-02-20T18:30:00+00:00,2026-02-20T18:45:00+00:00,2026-02-20,42.01,CONTINUATION,ADD,98.0,74.0,0.0,HOLDOUT,PYPL,PYPL-0035,O:PYPL260306C00042000,CALL,42.0,2026-03-06,14,0.023809523809519072,14,0.0,0.023809523809519072,NEAR_ATM,WITHIN_TOLERANCE,222,bars/O_PYPL260306C00042000.json,False,2026-02-13,2026-03-06
2026-02-20T18:30:00+00:00,2026-02-20T18:45:00+00:00,2026-02-20,688.7,CONTINUATION,ADD,92.0,72.0,0.0,HOLDOUT,SPY,SPY-0035,O:SPY260306C00689000,CALL,689.0,2026-03-06,14,-0.04354136429607468,14,0.0,0.04354136429607468,NEAR_ATM,WITHIN_TOLERANCE,376,bars/O_SPY260306C00689000.json,False,2026-02-13,2026-03-06
2026-02-24T20:45:00+00:00,2026-02-24T21:00:00+00:00,2026-02-24,47.01,RISK_OR_EXHAUSTION,MANAGE,97.0,78.0,0.0,HOLDOUT,PYPL,PYPL-0036,O:PYPL260313C00047000,CALL,47.0,2026-03-13,17,0.021276595744676618,14,0.0,0.021276595744676618,NEAR_ATM,WITHIN_TOLERANCE,334,bars/O_PYPL260313C00047000.json,False,2026-02-17,2026-03-13
2026-02-25T14:45:00+00:00,2026-02-25T15:00:00+00:00,2026-02-25,691.32,RISK_OR_EXHAUSTION,MANAGE,94.0,75.0,0.0,HOLDOUT,SPY,SPY-0036,O:SPY260311C00690000,CALL,690.0,2026-03-11,14,0.1913043478260942,14,0.0,0.1913043478260942,NEAR_ATM,WITHIN_TOLERANCE,269,bars/O_SPY260311C00690000.json,False,2026-02-18,2026-03-11
2026-02-25T14:45:00+00:00,2026-02-25T15:00:00+00:00,2026-02-25,415.785,RISK_OR_EXHAUSTION,MANAGE,45.0,43.0,4.0,HOLDOUT,TSLA,TSLA-0036,O:TSLA260311C00415000,CALL,415.0,2026-03-11,14,0.18915662650603013,14,0.0,0.18915662650603013,NEAR_ATM,WITHIN_TOLERANCE,275,bars/O_TSLA260311C00415000.json,False,2026-02-18,2026-03-11
2026-02-26T15:00:00+00:00,2026-02-26T15:15:00+00:00,2026-02-26,19.309,RISK_OR_EXHAUSTION,MANAGE,88.0,68.0,0.0,HOLDOUT,U,U-0036,O:U260313C00019500,CALL,19.5,2026-03-13,15,-0.9794871794871741,14,0.0,0.9794871794871741,NEAR_ATM,WITHIN_TOLERANCE,96,bars/O_U260313C00019500.json,False,2026-02-19,2026-03-13
2026-03-12T16:45:00+00:00,2026-03-12T17:00:00+00:00,2026-03-12,399.84,THESIS_PRESSURE,FAIL (any severity),0.0,0.0,14.0,HOLDOUT,TSLA,TSLA-0037,O:TSLA260325C00400000,CALL,400.0,2026-03-25,13,-0.04000000000000625,14,0.0,0.04000000000000625,NEAR_ATM,WITHIN_TOLERANCE,288,bars/O_TSLA260325C00400000.json,False,2026-03-05,2026-03-25
2026-03-20T18:30:00+00:00,2026-03-20T18:45:00+00:00,2026-03-20,162.57,THESIS_PRESSURE,FAIL (any severity),5.0,0.0,5.0,HOLDOUT,LULU,LULU-0037,O:LULU260402C00162500,CALL,162.5,2026-04-02,13,0.043076923076918884,14,0.0,0.043076923076918884,NEAR_ATM,WITHIN_TOLERANCE,140,bars/O_LULU260402C00162500.json,False,2026-03-13,2026-04-02
2026-03-23T19:45:00+00:00,2026-03-23T20:00:00+00:00,2026-03-23,380.85,ENTRY_FORMING,STRONG START,96.0,63.0,0.0,HOLDOUT,TSLA,TSLA-0038,O:TSLA260406C00380000,CALL,380.0,2026-04-06,14,0.22368421052632176,14,0.0,0.22368421052632176,NEAR_ATM,WITHIN_TOLERANCE,231,bars/O_TSLA260406C00380000.json,False,2026-03-16,2026-04-06
2026-03-24T18:30:00+00:00,2026-03-24T18:45:00+00:00,2026-03-24,384.9901,CONTINUATION,ADD,74.0,58.0,2.0,HOLDOUT,TSLA,TSLA-0039,O:TSLA260406C00385000,CALL,385.0,2026-04-06,13,-0.002571428571432729,14,0.0,0.002571428571432729,NEAR_ATM,WITHIN_TOLERANCE,247,bars/O_TSLA260406C00385000.json,False,2026-03-17,2026-04-06
2026-03-25T13:30:00+00:00,2026-03-25T13:45:00+00:00,2026-03-25,22.92,ENTRY_FORMING,CAMPAIGN START,0.0,0.0,21.0,HOLDOUT,GME,GME-0037,O:GME260410C00023000,CALL,23.0,2026-04-10,16,-0.34782608695651435,14,0.0,0.34782608695651435,NEAR_ATM,WITHIN_TOLERANCE,342,bars/O_GME260410C00023000.json,False,2026-03-18,2026-04-10
2026-03-25T19:00:00+00:00,2026-03-25T19:15:00+00:00,2026-03-25,17.72,THESIS_PRESSURE,FAIL (any severity),0.0,0.0,22.0,HOLDOUT,U,U-0037,O:U260410C00017500,CALL,17.5,2026-04-10,16,1.2571428571428507,14,0.0,1.2571428571428507,NEAR_ATM,WITHIN_TOLERANCE,19,bars/O_U260410C00017500.json,False,2026-03-18,2026-04-10
2026-03-25T19:45:00+00:00,2026-03-25T20:00:00+00:00,2026-03-25,56.65,ENTRY_FORMING,STRONG START,91.0,61.0,0.0,HOLDOUT,RBLX,RBLX-0037,O:RBLX260410C00057000,CALL,57.0,2026-04-10,16,-0.6140350877193007,14,0.0,0.6140350877193007,NEAR_ATM,WITHIN_TOLERANCE,140,bars/O_RBLX260410C00057000.json,False,2026-03-18,2026-04-10
2026-03-26T16:00:00+00:00,2026-03-26T16:15:00+00:00,2026-03-26,54.76,THESIS_PRESSURE,FAIL (any severity),4.0,0.0,7.0,HOLDOUT,RBLX,RBLX-0038,O:RBLX260410C00055000,CALL,55.0,2026-04-10,15,-0.43636363636364,14,0.0,0.43636363636364,NEAR_ATM,WITHIN_TOLERANCE,116,bars/O_RBLX260410C00055000.json,False,2026-03-19,2026-04-10
2026-03-26T18:00:00+00:00,2026-03-26T18:15:00+00:00,2026-03-26,44.99,THESIS_PRESSURE,FAIL TEST,36.0,17.0,5.0,HOLDOUT,PYPL,PYPL-0037,O:PYPL260410C00045000,CALL,45.0,2026-04-10,15,-0.0222222222222178,14,0.0,0.0222222222222178,NEAR_ATM,WITHIN_TOLERANCE,240,bars/O_PYPL260410C00045000.json,False,2026-03-19,2026-04-10
2026-03-30T18:15:00+00:00,2026-03-30T18:30:00+00:00,2026-03-30,22.255,THESIS_PRESSURE,FAIL TEST,3.0,0.0,9.0,HOLDOUT,GME,GME-0038,O:GME260410C00022500,CALL,22.5,2026-04-10,11,-1.0888888888888932,14,0.0,1.0888888888888932,NEAR_ATM,WITHIN_TOLERANCE,251,bars/O_GME260410C00022500.json,False,2026-03-23,2026-04-10
2026-03-31T18:45:00+00:00,2026-03-31T19:00:00+00:00,2026-03-31,57.07,RISK_OR_EXHAUSTION,MANAGE,76.0,50.0,0.0,HOLDOUT,RBLX,RBLX-0039,O:RBLX260417C00057000,CALL,57.0,2026-04-17,17,0.12280701754386016,14,0.0,0.12280701754386016,NEAR_ATM,WITHIN_TOLERANCE,175,bars/O_RBLX260417C00057000.json,False,2026-03-24,2026-04-17
2026-03-31T19:30:00+00:00,2026-03-31T19:45:00+00:00,2026-03-31,23.015,CONTINUATION,ADD,90.0,71.0,0.0,HOLDOUT,GME,GME-0039,O:GME260417C00023000,CALL,23.0,2026-04-17,17,0.0652173913043503,14,0.0,0.0652173913043503,NEAR_ATM,WITHIN_TOLERANCE,453,bars/O_GME260417C00023000.json,False,2026-03-24,2026-04-17
2026-04-02T19:45:00+00:00,2026-04-02T20:00:00+00:00,2026-04-02,45.35,ENTRY_FORMING,STRONG START,100.0,67.0,0.0,HOLDOUT,PYPL,PYPL-0038,O:PYPL260417C00045500,CALL,45.5,2026-04-17,15,-0.32967032967032656,14,0.0,0.32967032967032656,NEAR_ATM,WITHIN_TOLERANCE,173,bars/O_PYPL260417C00045500.json,False,2026-03-26,2026-04-17
2026-04-02T19:45:00+00:00,2026-04-02T20:00:00+00:00,2026-04-02,60.1,CONTINUATION,ADD,100.0,81.0,0.0,HOLDOUT,RBLX,RBLX-0040,O:RBLX260417C00060000,CALL,60.0,2026-04-17,15,0.16666666666666904,14,0.0,0.16666666666666904,NEAR_ATM,WITHIN_TOLERANCE,329,bars/O_RBLX260417C00060000.json,False,2026-03-26,2026-04-17
2026-04-06T19:45:00+00:00,2026-04-06T20:00:00+00:00,2026-04-06,156.19,ENTRY_FORMING,STRONG START,95.0,65.0,0.0,HOLDOUT,LULU,LULU-0039,O:LULU260417C00155000,CALL,155.0,2026-04-17,11,0.7677419354838695,14,0.0,0.7677419354838695,NEAR_ATM,WITHIN_TOLERANCE,111,bars/O_LULU260417C00155000.json,False,2026-03-30,2026-04-17
2026-04-06T19:45:00+00:00,2026-04-06T20:00:00+00:00,2026-04-06,16.145,ENTRY_FORMING,STRONG START,28.0,19.0,9.0,HOLDOUT,VALE,VALE-0037,O:VALE260417C00016000,CALL,16.0,2026-04-17,11,0.9062499999999973,14,0.0,0.9062499999999973,NEAR_ATM,WITHIN_TOLERANCE,213,bars/O_VALE260417C00016000.json,False,2026-03-30,2026-04-17
2026-04-07T15:30:00+00:00,2026-04-07T15:45:00+00:00,2026-04-07,16.035,THESIS_PRESSURE,FAIL TEST,2.0,0.0,12.0,HOLDOUT,VALE,VALE-0038,O:VALE260424C00016000,CALL,16.0,2026-04-24,17,0.2187500000000009,14,0.0,0.2187500000000009,NEAR_ATM,WITHIN_TOLERANCE,79,bars/O_VALE260424C00016000.json,False,2026-03-31,2026-04-24
2026-04-08T13:30:00+00:00,2026-04-08T13:45:00+00:00,2026-04-08,16.7,CONTINUATION,RELOAD,37.0,29.0,6.0,HOLDOUT,VALE,VALE-0039,O:VALE260424C00016500,CALL,16.5,2026-04-24,16,1.2121212121212077,14,0.0,1.2121212121212077,NEAR_ATM,WITHIN_TOLERANCE,85,bars/O_VALE260424C00016500.json,False,2026-04-01,2026-04-24
2026-04-10T19:00:00+00:00,2026-04-10T19:15:00+00:00,2026-04-10,45.34,CONTINUATION,RELOAD,2.0,20.0,0.0,HOLDOUT,PYPL,PYPL-0039,O:PYPL260424C00045500,CALL,45.5,2026-04-24,14,-0.3516483516483441,14,0.0,0.3516483516483441,NEAR_ATM,WITHIN_TOLERANCE,63,bars/O_PYPL260424C00045500.json,False,2026-04-03,2026-04-24
2026-04-10T19:45:00+00:00,2026-04-10T20:00:00+00:00,2026-04-10,21.615,ENTRY_FORMING,STRONG START,87.0,61.0,0.0,HOLDOUT,U,U-0038,O:U260424C00021500,CALL,21.5,2026-04-24,14,0.5348837209302253,14,0.0,0.5348837209302253,NEAR_ATM,WITHIN_TOLERANCE,47,bars/O_U260424C00021500.json,False,2026-04-03,2026-04-24
2026-04-13T14:15:00+00:00,2026-04-13T14:30:00+00:00,2026-04-13,17.165,RISK_OR_EXHAUSTION,PEAK,100.0,89.0,0.0,HOLDOUT,VALE,VALE-0040,O:VALE260424C00017000,CALL,17.0,2026-04-24,11,0.9705882352941126,14,0.0,0.9705882352941126,NEAR_ATM,WITHIN_TOLERANCE,103,bars/O_VALE260424C00017000.json,False,2026-04-06,2026-04-24
2026-04-14T14:00:00+00:00,2026-04-14T14:15:00+00:00,2026-04-14,23.7217,RISK_OR_EXHAUSTION,MANAGE,93.0,76.0,0.0,HOLDOUT,GME,GME-0040,O:GME260501C00023500,CALL,23.5,2026-05-01,17,0.9434042553191423,14,0.0,0.9434042553191423,NEAR_ATM,WITHIN_TOLERANCE,285,bars/O_GME260501C00023500.json,False,2026-04-07,2026-05-01
2026-04-17T15:00:00+00:00,2026-04-17T15:15:00+00:00,2026-04-17,404.825,RISK_OR_EXHAUSTION,MANAGE|PEAK,95.0,82.0,0.0,HOLDOUT,TSLA,TSLA-0040,O:TSLA260501C00405000,CALL,405.0,2026-05-01,14,-0.043209876543212684,14,0.0,0.043209876543212684,NEAR_ATM,WITHIN_TOLERANCE,400,bars/O_TSLA260501C00405000.json,False,2026-04-10,2026-05-01
2026-04-20T15:30:00+00:00,2026-04-20T15:45:00+00:00,2026-04-20,25.935,CONTINUATION,RELOAD,87.0,60.0,0.0,HOLDOUT,U,U-0039,O:U260501C00026000,CALL,26.0,2026-05-01,11,-0.2500000000000049,14,0.0,0.2500000000000049,NEAR_ATM,WITHIN_TOLERANCE,233,bars/O_U260501C00026000.json,False,2026-04-13,2026-05-01
2026-04-21T13:45:00+00:00,2026-04-21T14:00:00+00:00,2026-04-21,51.98,RISK_OR_EXHAUSTION,MANAGE,95.0,83.0,0.0,HOLDOUT,PYPL,PYPL-0040,O:PYPL260508C00052000,CALL,52.0,2026-05-08,17,-0.03846153846154447,14,0.0,0.03846153846154447,NEAR_ATM,WITHIN_TOLERANCE,330,bars/O_PYPL260508C00052000.json,False,2026-04-14,2026-05-08
2026-04-24T19:15:00+00:00,2026-04-24T19:30:00+00:00,2026-04-24,25.89,RISK_OR_EXHAUSTION,MANAGE,38.0,36.0,5.0,HOLDOUT,U,U-0040,O:U260508C00026000,CALL,26.0,2026-05-08,14,-0.4230769230769209,14,0.0,0.4230769230769209,NEAR_ATM,WITHIN_TOLERANCE,144,bars/O_U260508C00026000.json,False,2026-04-17,2026-05-08
2026-04-30T19:00:00+00:00,2026-04-30T19:15:00+00:00,2026-04-30,56.375,ENTRY_FORMING,STRONG START,92.0,62.0,0.0,HOLDOUT,RBLX,RBLX-0041,O:RBLX260515C00056000,CALL,56.0,2026-05-15,15,0.6696428571428571,14,0.0,0.6696428571428571,NEAR_ATM,WITHIN_TOLERANCE,84,bars/O_RBLX260515C00056000.json,False,2026-04-23,2026-05-15
2026-05-01T19:00:00+00:00,2026-05-01T19:15:00+00:00,2026-05-01,26.74,RISK_OR_EXHAUSTION,MANAGE,91.0,60.0,0.0,HOLDOUT,GME,GME-0041,O:GME260515C00026500,CALL,26.5,2026-05-15,14,0.9056603773584847,14,0.0,0.9056603773584847,NEAR_ATM,WITHIN_TOLERANCE,315,bars/O_GME260515C00026500.json,False,2026-04-24,2026-05-15
2026-05-06T14:15:00+00:00,2026-05-06T14:30:00+00:00,2026-05-06,730.02,RISK_OR_EXHAUSTION,MANAGE,93.0,71.0,0.0,HOLDOUT,SPY,SPY-0041,O:SPY260520C00730000,CALL,730.0,2026-05-20,14,0.0027397260273947684,14,0.0,0.0027397260273947684,NEAR_ATM,WITHIN_TOLERANCE,200,bars/O_SPY260520C00730000.json,False,2026-04-29,2026-05-20
2026-05-19T16:30:00+00:00,2026-05-19T16:45:00+00:00,2026-05-19,119.6,THESIS_PRESSURE,FAIL (any severity),1.0,0.0,13.0,HOLDOUT,LULU,LULU-0040,O:LULU260605C00120000,CALL,120.0,2026-06-05,17,-0.3333333333333381,14,0.0,0.3333333333333381,NEAR_ATM,WITHIN_TOLERANCE,103,bars/O_LULU260605C00120000.json,False,2026-05-12,2026-06-05
2026-05-19T19:45:00+00:00,2026-05-19T20:00:00+00:00,2026-05-19,22.105,CONTINUATION,ADD,30.0,28.0,7.0,HOLDOUT,GME,GME-0042,O:GME260605C00022000,CALL,22.0,2026-06-05,17,0.47727272727272924,14,0.0,0.47727272727272924,NEAR_ATM,WITHIN_TOLERANCE,366,bars/O_GME260605C00022000.json,False,2026-05-12,2026-06-05
2026-05-20T19:45:00+00:00,2026-05-20T20:00:00+00:00,2026-05-20,44.38,ENTRY_FORMING,STRONG START,87.0,61.0,0.0,HOLDOUT,PYPL,PYPL-0041,O:PYPL260605C00044500,CALL,44.5,2026-06-05,16,-0.2696629213483089,14,0.0,0.2696629213483089,NEAR_ATM,WITHIN_TOLERANCE,176,bars/O_PYPL260605C00044500.json,False,2026-05-13,2026-06-05
2026-05-21T17:15:00+00:00,2026-05-21T17:30:00+00:00,2026-05-21,742.15,CONTINUATION,ADD,62.0,55.0,5.0,HOLDOUT,SPY,SPY-0042,O:SPY260604C00740000,CALL,740.0,2026-06-04,14,0.29054054054053746,14,0.0,0.29054054054053746,NEAR_ATM,WITHIN_TOLERANCE,117,bars/O_SPY260604C00740000.json,False,2026-05-14,2026-06-04
2026-05-22T18:15:00+00:00,2026-05-22T18:30:00+00:00,2026-05-22,48.03,RISK_OR_EXHAUSTION,PEAK,95.0,76.0,0.0,HOLDOUT,RBLX,RBLX-0042,O:RBLX260605C00048000,CALL,48.0,2026-06-05,14,0.06250000000000236,14,0.0,0.06250000000000236,NEAR_ATM,WITHIN_TOLERANCE,166,bars/O_RBLX260605C00048000.json,False,2026-05-15,2026-06-05
2026-05-26T18:30:00+00:00,2026-05-26T18:45:00+00:00,2026-05-26,22.045,THESIS_PRESSURE,FAIL TEST,0.0,0.0,18.0,HOLDOUT,GME,GME-0043,O:GME260612C00022000,CALL,22.0,2026-06-12,17,0.20454545454546227,14,0.0,0.20454545454546227,NEAR_ATM,WITHIN_TOLERANCE,374,bars/O_GME260612C00022000.json,False,2026-05-19,2026-06-12
2026-05-26T19:30:00+00:00,2026-05-26T19:45:00+00:00,2026-05-26,433.23,CONTINUATION,ADD,97.0,92.0,0.0,HOLDOUT,TSLA,TSLA-0041,O:TSLA260608C00435000,CALL,435.0,2026-06-08,13,-0.40689655172413375,14,0.0,0.40689655172413375,NEAR_ATM,WITHIN_TOLERANCE,217,bars/O_TSLA260608C00435000.json,False,2026-05-19,2026-06-08
2026-05-27T13:45:00+00:00,2026-05-27T14:00:00+00:00,2026-05-27,133.03,RISK_OR_EXHAUSTION,MANAGE|PEAK,94.0,84.0,0.0,HOLDOUT,LULU,LULU-0041,O:LULU260612C00133000,CALL,133.0,2026-06-12,16,0.022556390977444465,14,0.0,0.022556390977444465,NEAR_ATM,WITHIN_TOLERANCE,64,bars/O_LULU260612C00133000.json,False,2026-05-20,2026-06-12
2026-05-27T14:45:00+00:00,2026-05-27T15:00:00+00:00,2026-05-27,441.925,RISK_OR_EXHAUSTION,PEAK,100.0,97.0,0.0,HOLDOUT,TSLA,TSLA-0042,O:TSLA260610C00442500,CALL,442.5,2026-06-10,14,-0.1299435028248562,14,0.0,0.1299435028248562,NEAR_ATM,WITHIN_TOLERANCE,197,bars/O_TSLA260610C00442500.json,False,2026-05-20,2026-06-10
2026-05-27T16:00:00+00:00,2026-05-27T16:15:00+00:00,2026-05-27,43.865,THESIS_PRESSURE,FAIL (any severity),17.0,1.0,5.0,HOLDOUT,PYPL,PYPL-0042,O:PYPL260612C00044000,CALL,44.0,2026-06-12,16,-0.30681818181817727,14,0.0,0.30681818181817727,NEAR_ATM,WITHIN_TOLERANCE,184,bars/O_PYPL260612C00044000.json,False,2026-05-20,2026-06-12
2026-05-28T17:00:00+00:00,2026-05-28T17:15:00+00:00,2026-05-28,16.615,CONTINUATION,ADD,97.0,74.0,0.0,HOLDOUT,VALE,VALE-0041,O:VALE260612C00016500,CALL,16.5,2026-06-12,15,0.6969696969696875,14,0.0,0.6969696969696875,NEAR_ATM,WITHIN_TOLERANCE,77,bars/O_VALE260612C00016500.json,False,2026-05-21,2026-06-12
2026-06-01T19:15:00+00:00,2026-06-01T19:30:00+00:00,2026-06-01,32.37,RISK_OR_EXHAUSTION,PEAK,94.0,79.0,0.0,HOLDOUT,U,U-0041,O:U260612C00032500,CALL,32.5,2026-06-12,11,-0.4000000000000079,14,0.0,0.4000000000000079,NEAR_ATM,WITHIN_TOLERANCE,76,bars/O_U260612C00032500.json,False,2026-05-25,2026-06-12
2026-06-02T14:45:00+00:00,2026-06-02T15:00:00+00:00,2026-06-02,16.845,RISK_OR_EXHAUSTION,MANAGE,87.0,57.0,0.0,HOLDOUT,VALE,VALE-0042,O:VALE260618C00017000,CALL,17.0,2026-06-18,16,-0.9117647058823597,14,0.0,0.9117647058823597,NEAR_ATM,WITHIN_TOLERANCE,225,bars/O_VALE260618C00017000.json,False,2026-05-26,2026-06-18
2026-06-02T16:00:00+00:00,2026-06-02T16:15:00+00:00,2026-06-02,30.91,THESIS_PRESSURE,FAIL (any severity),1.0,0.0,11.0,HOLDOUT,U,U-0042,O:U260618C00031000,CALL,31.0,2026-06-18,16,-0.2903225806451608,14,0.0,0.2903225806451608,NEAR_ATM,WITHIN_TOLERANCE,238,bars/O_U260618C00031000.json,False,2026-05-26,2026-06-18
2026-06-08T19:45:00+00:00,2026-06-08T20:00:00+00:00,2026-06-08,409.05,ENTRY_FORMING,STRONG START,89.0,59.0,0.0,HOLDOUT,TSLA,TSLA-0043,O:TSLA260622C00410000,CALL,410.0,2026-06-22,14,-0.23170731707316794,14,0.0,0.23170731707316794,NEAR_ATM,WITHIN_TOLERANCE,242,bars/O_TSLA260622C00410000.json,False,2026-06-01,2026-06-22
2026-06-09T13:45:00+00:00,2026-06-09T14:00:00+00:00,2026-06-09,744.38,ENTRY_FORMING,STRONG START,75.0,49.0,0.0,HOLDOUT,SPY,SPY-0043,O:SPY260623C00745000,CALL,745.0,2026-06-23,14,-0.08322147651006773,14,0.0,0.08322147651006773,NEAR_ATM,WITHIN_TOLERANCE,214,bars/O_SPY260623C00745000.json,False,2026-06-02,2026-06-23
2026-06-09T15:30:00+00:00,2026-06-09T15:45:00+00:00,2026-06-09,394.65,THESIS_PRESSURE,FAIL TEST,11.0,2.0,5.0,HOLDOUT,TSLA,TSLA-0044,O:TSLA260622C00395000,CALL,395.0,2026-06-22,13,-0.08860759493671462,14,0.0,0.08860759493671462,NEAR_ATM,WITHIN_TOLERANCE,197,bars/O_TSLA260622C00395000.json,False,2026-06-02,2026-06-22
2026-06-09T16:00:00+00:00,2026-06-09T16:15:00+00:00,2026-06-09,728.55,THESIS_PRESSURE,FAIL TEST,1.0,0.0,9.0,HOLDOUT,SPY,SPY-0044,O:SPY260623C00730000,CALL,730.0,2026-06-23,14,-0.1986301369863076,14,0.0,0.1986301369863076,NEAR_ATM,WITHIN_TOLERANCE,139,bars/O_SPY260623C00730000.json,False,2026-06-02,2026-06-23
2026-06-11T13:30:00+00:00,2026-06-11T13:45:00+00:00,2026-06-11,15.02,ENTRY_FORMING,STRONG START,77.0,53.0,0.0,HOLDOUT,VALE,VALE-0043,O:VALE260626C00015000,CALL,15.0,2026-06-26,15,0.1333333333333305,14,0.0,0.1333333333333305,NEAR_ATM,WITHIN_TOLERANCE,56,bars/O_VALE260626C00015000.json,False,2026-06-04,2026-06-26
2026-06-18T19:15:00+00:00,2026-06-18T19:30:00+00:00,2026-06-18,27.175,ENTRY_FORMING,STRONG START,84.0,56.0,0.0,HOLDOUT,U,U-0043,O:U260702C00027000,CALL,27.0,2026-07-02,14,0.6481481481481508,14,0.0,0.6481481481481508,NEAR_ATM,WITHIN_TOLERANCE,64,bars/O_U260702C00027000.json,False,2026-06-11,2026-07-02
2026-06-24T18:30:00+00:00,2026-06-24T18:45:00+00:00,2026-06-24,112.63,CONTINUATION,ADD,94.0,70.0,0.0,HOLDOUT,LULU,LULU-0043,O:LULU260710C00113000,CALL,113.0,2026-07-10,16,-0.32743362831858813,14,0.0,0.32743362831858813,NEAR_ATM,WITHIN_TOLERANCE,87,bars/O_LULU260710C00113000.json,False,2026-06-17,2026-07-10
2026-06-29T14:00:00+00:00,2026-06-29T14:15:00+00:00,2026-06-29,14.87,THESIS_PRESSURE,FAIL (any severity),2.0,0.0,10.0,HOLDOUT,VALE,VALE-0044,O:VALE260710C00015000,CALL,15.0,2026-07-10,11,-0.8666666666666718,14,0.0,0.8666666666666718,NEAR_ATM,WITHIN_TOLERANCE,76,bars/O_VALE260710C00015000.json,False,2026-06-22,2026-07-10
2026-06-29T15:30:00+00:00,2026-06-29T15:45:00+00:00,2026-06-29,44.21,CONTINUATION,ADD,97.0,78.0,0.0,HOLDOUT,PYPL,PYPL-0043,O:PYPL260710C00044000,CALL,44.0,2026-07-10,11,0.47727272727272924,14,0.0,0.47727272727272924,NEAR_ATM,WITHIN_TOLERANCE,240,bars/O_PYPL260710C00044000.json,False,2026-06-22,2026-07-10
2026-07-01T15:15:00+00:00,2026-07-01T15:30:00+00:00,2026-07-01,58.22,RISK_OR_EXHAUSTION,MANAGE,89.0,74.0,0.0,HOLDOUT,RBLX,RBLX-0045,O:RBLX260717C00058000,CALL,58.0,2026-07-17,16,0.37931034482758424,14,0.0,0.37931034482758424,NEAR_ATM,WITHIN_TOLERANCE,219,bars/O_RBLX260717C00058000.json,False,2026-06-24,2026-07-17
2026-07-10T13:45:00+00:00,2026-07-10T14:00:00+00:00,2026-07-10,46.29,RISK_OR_EXHAUSTION,MANAGE,92.0,72.0,0.0,HOLDOUT,PYPL,PYPL-0044,O:PYPL260724C00046500,CALL,46.5,2026-07-24,14,-0.4516129032258083,14,0.0,0.4516129032258083,NEAR_ATM,WITHIN_TOLERANCE,103,bars/O_PYPL260724C00046500.json,False,2026-07-03,2026-07-24
2026-07-15T14:00:00+00:00,2026-07-15T14:15:00+00:00,2026-07-15,22.545,RISK_OR_EXHAUSTION,PEAK,96.0,80.0,0.0,HOLDOUT,GME,GME-0045,O:GME260731C00022500,CALL,22.5,2026-07-31,16,0.2000000000000076,14,0.0,0.2000000000000076,NEAR_ATM,WITHIN_TOLERANCE,379,bars/O_GME260731C00022500.json,False,2026-07-08,2026-07-31
2026-07-24T19:15:00+00:00,2026-07-24T19:30:00+00:00,2026-07-24,14.8499,ENTRY_FORMING,CAMPAIGN START,98.0,66.0,0.0,HOLDOUT,VALE,VALE-0045,O:VALE260807C00015000,CALL,15.0,2026-08-07,14,-1.0006666666666675,14,0.0,1.0006666666666675,NEAR_ATM,WITHIN_TOLERANCE,120,bars/O_VALE260807C00015000.json,False,2026-07-17,2026-08-07
2026-07-28T13:45:00+00:00,2026-07-28T14:00:00+00:00,2026-07-28,120.065,RISK_OR_EXHAUSTION,MANAGE,95.0,73.0,0.0,HOLDOUT,LULU,LULU-0044,O:LULU260814C00120000,CALL,120.0,2026-08-14,17,0.05416666666666477,14,0.0,0.05416666666666477,NEAR_ATM,WITHIN_TOLERANCE,131,bars/O_LULU260814C00120000.json,False,2026-07-21,2026-08-14
2026-07-28T19:45:00+00:00,2026-07-28T20:00:00+00:00,2026-07-28,22.16,CONTINUATION,ADD,98.0,81.0,0.0,HOLDOUT,GME,GME-0046,O:GME260814C00022000,CALL,22.0,2026-08-14,17,0.7272727272727278,14,0.0,0.7272727272727278,NEAR_ATM,WITHIN_TOLERANCE,313,bars/O_GME260814C00022000.json,False,2026-07-21,2026-08-14
2026-07-30T19:00:00+00:00,2026-07-30T19:15:00+00:00,2026-07-30,742.07,CONTINUATION,ADD,43.0,29.0,6.0,HOLDOUT,SPY,SPY-0045,O:SPY260813C00740000,CALL,740.0,2026-08-13,14,0.2797297297297365,14,0.0,0.2797297297297365,NEAR_ATM,WITHIN_TOLERANCE,45,bars/O_SPY260813C00740000.json,False,2026-07-23,2026-08-13
2026-07-31T15:00:00+00:00,2026-07-31T15:15:00+00:00,2026-07-31,15.045,RISK_OR_EXHAUSTION,PEAK,96.0,80.0,0.0,HOLDOUT,VALE,VALE-0046,O:VALE260814C00015000,CALL,15.0,2026-08-14,14,0.29999999999999954,14,0.0,0.29999999999999954,NEAR_ATM,WITHIN_TOLERANCE,99,bars/O_VALE260814C00015000.json,False,2026-07-24,2026-08-14
2026-07-31T17:00:00+00:00,2026-07-31T17:15:00+00:00,2026-07-31,31.59,THESIS_PRESSURE,FAIL TEST,0.0,0.0,15.0,HOLDOUT,U,U-0045,O:U260814C00031500,CALL,31.5,2026-08-14,14,0.28571428571428525,14,0.0,0.28571428571428525,NEAR_ATM,WITHIN_TOLERANCE,34,bars/O_U260814C00031500.json,False,2026-07-24,2026-08-14
2026-07-31T19:45:00+00:00,2026-07-31T20:00:00+00:00,2026-07-31,311.11,ENTRY_FORMING,STRONG START,94.0,61.0,0.0,HOLDOUT,TSLA,TSLA-0045,O:TSLA260814C00310000,CALL,310.0,2026-08-14,14,0.3580645161290366,14,0.0,0.3580645161290366,NEAR_ATM,WITHIN_TOLERANCE,348,bars/O_TSLA260814C00310000.json,False,2026-07-24,2026-08-14
2026-08-03T19:30:00+00:00,2026-08-03T19:45:00+00:00,2026-08-03,758.07,RISK_OR_EXHAUSTION,MANAGE,91.0,67.0,0.0,HOLDOUT,SPY,SPY-0046,O:SPY260817C00760000,CALL,760.0,2026-08-17,14,-0.25394736842104604,14,0.0,0.25394736842104604,NEAR_ATM,WITHIN_TOLERANCE,129,bars/O_SPY260817C00760000.json,False,2026-07-27,2026-08-17
2026-08-04T15:45:00+00:00,2026-08-04T16:00:00+00:00,2026-08-04,37.985,CONTINUATION,RELOAD,78.0,51.0,0.0,HOLDOUT,RBLX,RBLX-0046,O:RBLX260821C00038000,CALL,38.0,2026-08-21,17,-0.03947368421052781,14,0.0,0.03947368421052781,NEAR_ATM,WITHIN_TOLERANCE,143,bars/O_RBLX260821C00038000.json,False,2026-07-28,2026-08-21
2026-08-04T19:00:00+00:00,2026-08-04T19:15:00+00:00,2026-08-04,37.5439,THESIS_PRESSURE,FAIL (any severity),15.0,0.0,13.0,HOLDOUT,RBLX,RBLX-0047,O:RBLX260821C00038000,CALL,38.0,2026-08-21,17,-1.200263157894735,14,0.0,1.200263157894735,NEAR_ATM,WITHIN_TOLERANCE,143,bars/O_RBLX260821C00038000.json,False,2026-07-28,2026-08-21
2026-08-05T19:15:00+00:00,2026-08-05T19:30:00+00:00,2026-08-05,57.945,THESIS_PRESSURE,FAIL (any severity),0.0,0.0,13.0,HOLDOUT,PYPL,PYPL-0045,O:PYPL260821C00058000,CALL,58.0,2026-08-21,16,-0.09482758620689606,14,0.0,0.09482758620689606,NEAR_ATM,WITHIN_TOLERANCE,133,bars/O_PYPL260821C00058000.json,False,2026-07-29,2026-08-21
2026-08-06T14:00:00+00:00,2026-08-06T14:15:00+00:00,2026-08-06,39.18,RISK_OR_EXHAUSTION,MANAGE,27.0,30.0,7.0,HOLDOUT,U,U-0046,O:U260821C00039000,CALL,39.0,2026-08-21,15,0.4615384615384608,14,0.0,0.4615384615384608,NEAR_ATM,WITHIN_TOLERANCE,49,bars/O_U260821C00039000.json,False,2026-07-30,2026-08-21
2026-08-06T18:30:00+00:00,2026-08-06T18:45:00+00:00,2026-08-06,59.345,CONTINUATION,ADD,99.0,79.0,0.0,HOLDOUT,PYPL,PYPL-0046,O:PYPL260821C00059000,CALL,59.0,2026-08-21,15,0.5847457627118625,14,0.0,0.5847457627118625,NEAR_ATM,WITHIN_TOLERANCE,175,bars/O_PYPL260821C00059000.json,False,2026-07-30,2026-08-21
2026-08-06T18:30:00+00:00,2026-08-06T18:45:00+00:00,2026-08-06,318.56,THESIS_PRESSURE,FAIL (any severity),0.0,0.0,14.0,HOLDOUT,TSLA,TSLA-0046,O:TSLA260819C00317500,CALL,317.5,2026-08-19,13,0.33385826771653615,14,0.0,0.33385826771653615,NEAR_ATM,WITHIN_TOLERANCE,34,bars/O_TSLA260819C00317500.json,False,2026-07-30,2026-08-19
2026-08-07T14:15:00+00:00,2026-08-07T14:30:00+00:00,2026-08-07,59.85,RISK_OR_EXHAUSTION,PEAK,89.0,73.0,0.0,HOLDOUT,PYPL,PYPL-0047,O:PYPL260821C00060000,CALL,60.0,2026-08-21,14,-0.2499999999999976,14,0.0,0.2499999999999976,NEAR_ATM,WITHIN_TOLERANCE,263,bars/O_PYPL260821C00060000.json,False,2026-07-31,2026-08-21
2026-08-07T14:30:00+00:00,2026-08-07T14:45:00+00:00,2026-08-07,36.95,ENTRY_FORMING,STRONG START,90.0,60.0,0.0,HOLDOUT,RBLX,RBLX-0048,O:RBLX260821C00037000,CALL,37.0,2026-08-21,14,-0.13513513513512745,14,0.0,0.13513513513512745,NEAR_ATM,WITHIN_TOLERANCE,133,bars/O_RBLX260821C00037000.json,False,2026-07-31,2026-08-21
2026-08-07T19:30:00+00:00,2026-08-07T19:45:00+00:00,2026-08-07,128.39,RISK_OR_EXHAUSTION,PEAK,100.0,85.0,0.0,HOLDOUT,LULU,LULU-0045,O:LULU260821C00128000,CALL,128.0,2026-08-21,14,0.30468749999998934,14,0.0,0.30468749999998934,NEAR_ATM,WITHIN_TOLERANCE,88,bars/O_LULU260821C00128000.json,False,2026-07-31,2026-08-21
2026-08-10T13:45:00+00:00,2026-08-10T14:00:00+00:00,2026-08-10,19.185,ENTRY_FORMING,STRONG START,89.0,57.0,0.0,HOLDOUT,GME,GME-0047,O:GME260821C00019000,CALL,19.0,2026-08-21,11,0.973684210526309,14,0.0,0.973684210526309,NEAR_ATM,WITHIN_TOLERANCE,243,bars/O_GME260821C00019000.json,False,2026-08-03,2026-08-21
2026-08-10T13:45:00+00:00,2026-08-10T14:00:00+00:00,2026-08-10,42.5301,ENTRY_FORMING,IGNITION,100.0,76.0,0.0,HOLDOUT,U,U-0047,O:U260821C00042500,CALL,42.5,2026-08-21,11,0.07082352941175847,14,0.0,0.07082352941175847,NEAR_ATM,WITHIN_TOLERANCE,14,bars/O_U260821C00042500.json,False,2026-08-03,2026-08-21
2026-08-10T17:00:00+00:00,2026-08-10T17:15:00+00:00,2026-08-10,19.0098,THESIS_PRESSURE,FAIL (any severity),14.0,1.0,5.0,HOLDOUT,GME,GME-0048,O:GME260821C00019000,CALL,19.0,2026-08-21,11,0.051578947368413036,14,0.0,0.051578947368413036,NEAR_ATM,WITHIN_TOLERANCE,243,bars/O_GME260821C00019000.json,False,2026-08-03,2026-08-21
2026-08-10T17:45:00+00:00,2026-08-10T18:00:00+00:00,2026-08-10,14.825,CONTINUATION,ADD,58.0,47.0,4.0,HOLDOUT,VALE,VALE-0047,O:VALE260821C00015000,CALL,15.0,2026-08-21,11,-1.1666666666666714,14,0.0,1.1666666666666714,NEAR_ATM,WITHIN_TOLERANCE,123,bars/O_VALE260821C00015000.json,False,2026-08-03,2026-08-21
2026-08-10T19:30:00+00:00,2026-08-10T19:45:00+00:00,2026-08-10,127.93,ENTRY_FORMING,STRONG START,100.0,67.0,0.0,HOLDOUT,LULU,LULU-0046,O:LULU260821C00128000,CALL,128.0,2026-08-21,11,-0.05468749999999467,14,0.0,0.05468749999999467,NEAR_ATM,WITHIN_TOLERANCE,88,bars/O_LULU260821C00128000.json,False,2026-07-31,2026-08-21
2026-08-11T14:30:00+00:00,2026-08-11T14:45:00+00:00,2026-08-11,334.97,RISK_OR_EXHAUSTION,MANAGE,92.0,77.0,0.0,HOLDOUT,TSLA,TSLA-0047,O:TSLA260824C00335000,CALL,335.0,2026-08-24,13,-0.008955223880588871,14,0.0,0.008955223880588871,NEAR_ATM,WITHIN_TOLERANCE,106,bars/O_TSLA260824C00335000.json,False,2026-08-04,2026-08-24
2026-08-11T16:15:00+00:00,2026-08-11T16:30:00+00:00,2026-08-11,125.48,THESIS_PRESSURE,FAIL (any severity),0.0,0.0,12.0,HOLDOUT,LULU,LULU-0047,O:LULU260828C00125000,CALL,125.0,2026-08-28,17,0.38400000000000317,14,0.0,0.38400000000000317,NEAR_ATM,WITHIN_TOLERANCE,88,bars/O_LULU260828C00125000.json,False,2026-08-04,2026-08-28
2026-08-11T16:30:00+00:00,2026-08-11T16:45:00+00:00,2026-08-11,14.425,THESIS_PRESSURE,FAIL (any severity),0.0,0.0,11.0,HOLDOUT,VALE,VALE-0048,O:VALE260828C00014500,CALL,14.5,2026-08-28,17,-0.51724137931034,14,0.0,0.51724137931034,NEAR_ATM,WITHIN_TOLERANCE,16,bars/O_VALE260828C00014500.json,False,2026-08-04,2026-08-28
2026-08-11T18:15:00+00:00,2026-08-11T18:30:00+00:00,2026-08-11,125.75,CONTINUATION,RELOAD,23.0,30.0,0.0,HOLDOUT,LULU,LULU-0048,O:LULU260828C00126000,CALL,126.0,2026-08-28,17,-0.1984126984126984,14,0.0,0.1984126984126984,NEAR_ATM,WITHIN_TOLERANCE,29,bars/O_LULU260828C00126000.json,False,2026-08-04,2026-08-28
2026-08-11T19:30:00+00:00,2026-08-11T19:45:00+00:00,2026-08-11,59.11,ENTRY_FORMING,STRONG START,90.0,63.0,0.0,HOLDOUT,PYPL,PYPL-0048,O:PYPL260828C00059000,CALL,59.0,2026-08-28,17,0.18644067796610073,14,0.0,0.18644067796610073,NEAR_ATM,WITHIN_TOLERANCE,47,bars/O_PYPL260828C00059000.json,False,2026-08-04,2026-08-28
2026-08-11T19:30:00+00:00,2026-08-11T19:45:00+00:00,2026-08-11,332.27,CONTINUATION,ADD,96.0,79.0,0.0,HOLDOUT,TSLA,TSLA-0048,O:TSLA260824C00332500,CALL,332.5,2026-08-24,13,-0.06917293233083253,14,0.0,0.06917293233083253,NEAR_ATM,WITHIN_TOLERANCE,61,bars/O_TSLA260824C00332500.json,False,2026-08-04,2026-08-24
2026-08-11T19:30:00+00:00,2026-08-11T19:45:00+00:00,2026-08-11,43.64,CONTINUATION,ADD,100.0,82.0,0.0,HOLDOUT,U,U-0048,O:U260828C00043500,CALL,43.5,2026-08-28,17,0.32183908045977144,14,0.0,0.32183908045977144,NEAR_ATM,WITHIN_TOLERANCE,13,bars/O_U260828C00043500.json,False,2026-08-04,2026-08-28
