anchor_id,symbol,ticker,contract_type,strike,expiration,dte_target,moneyness_target,partition,event_family,decision_available_utc,signal_bar_open_utc,coverage_before,coverage_at,coverage_after,left_censored,signal_bar_exists,bar_count,selection_policy,moneyness_band,moneyness_distance_pct,moneyness_pct,dte,window,underlying_bars_forward,cutoff_time_ms,censor_reason,right_censored,observed_bars,decision_close,next_bar_open,decision_to_next_open_gap_pct,mfe_pct,mae_pct,terminal_return_pct,bars_to_peak,bars_to_trough,peak_to_terminal_giveback_pct,gain_retention,decision_close_mfe_pct,decision_close_mae_pct,peak_before_trough,outcome_status
PYPL-0001,PYPL,O:PYPL240906C00071000,CALL,71.0,2024-09-06,14,0.0,DISCOVERY,THESIS_PRESSURE,2024-08-22T17:45:00+00:00,2024-08-22T17:30:00+00:00,72,0,185,False,False,257,WITHIN_TOLERANCE,NEAR_ATM,0.3661971830985987,0.3661971830985987,15,H1,4,1724351400000,,False,,,,,,,,,,,,,,,UNSCORED_SIGNAL_BAR_ABSENT
PYPL-0001,PYPL,O:PYPL240906C00071000,CALL,71.0,2024-09-06,14,0.0,DISCOVERY,THESIS_PRESSURE,2024-08-22T17:45:00+00:00,2024-08-22T17:30:00+00:00,72,0,185,False,False,257,WITHIN_TOLERANCE,NEAR_ATM,0.3661971830985987,0.3661971830985987,15,D1,26,1724434200000,,False,,,,,,,,,,,,,,,UNSCORED_SIGNAL_BAR_ABSENT
PYPL-0001,PYPL,O:PYPL240906C00071000,CALL,71.0,2024-09-06,14,0.0,DISCOVERY,THESIS_PRESSURE,2024-08-22T17:45:00+00:00,2024-08-22T17:30:00+00:00,72,0,185,False,False,257,WITHIN_TOLERANCE,NEAR_ATM,0.3661971830985987,0.3661971830985987,15,D3,78,1724779800000,,False,,,,,,,,,,,,,,,UNSCORED_SIGNAL_BAR_ABSENT
PYPL-0001,PYPL,O:PYPL240906C00071000,CALL,71.0,2024-09-06,14,0.0,DISCOVERY,THESIS_PRESSURE,2024-08-22T17:45:00+00:00,2024-08-22T17:30:00+00:00,72,0,185,False,False,257,WITHIN_TOLERANCE,NEAR_ATM,0.3661971830985987,0.3661971830985987,15,D5,130,1724952600000,,False,,,,,,,,,,,,,,,UNSCORED_SIGNAL_BAR_ABSENT
PYPL-0001,PYPL,O:PYPL240906C00071000,CALL,71.0,2024-09-06,14,0.0,DISCOVERY,THESIS_PRESSURE,2024-08-22T17:45:00+00:00,2024-08-22T17:30:00+00:00,72,0,185,False,False,257,WITHIN_TOLERANCE,NEAR_ATM,0.3661971830985987,0.3661971830985987,15,D10,260,1725643800000,,False,,,,,,,,,,,,,,,UNSCORED_SIGNAL_BAR_ABSENT
GME-0001,GME,O:GME240906C00022500,CALL,22.5,2024-09-06,14,0.0,DISCOVERY,THESIS_PRESSURE,2024-08-22T18:15:00+00:00,2024-08-22T18:00:00+00:00,99,1,255,False,True,355,WITHIN_TOLERANCE,NEAR_ATM,0.31511111111111884,-0.31511111111111884,15,H1,4,1724353200000,,False,1,1.12,1.14,1.7857142857142572,1.7543859649122862,-2.631578947368407,-2.631578947368407,1,1,-4.310344827586188,-1.4999999999999873,3.5714285714285587,-0.8928571428571397,False,SCORED_WINDOW
GME-0001,GME,O:GME240906C00022500,CALL,22.5,2024-09-06,14,0.0,DISCOVERY,THESIS_PRESSURE,2024-08-22T18:15:00+00:00,2024-08-22T18:00:00+00:00,99,1,255,False,True,355,WITHIN_TOLERANCE,NEAR_ATM,0.31511111111111884,-0.31511111111111884,15,D1,26,1724436000000,,False,20,1.12,1.14,1.7857142857142572,5.263157894736836,-15.78947368421052,-12.280701754385959,8,14,-16.666666666666664,-2.333333333333335,7.14285714285714,-14.285714285714302,True,SCORED_WINDOW
GME-0001,GME,O:GME240906C00022500,CALL,22.5,2024-09-06,14,0.0,DISCOVERY,THESIS_PRESSURE,2024-08-22T18:15:00+00:00,2024-08-22T18:00:00+00:00,99,1,255,False,True,355,WITHIN_TOLERANCE,NEAR_ATM,0.31511111111111884,-0.31511111111111884,15,D3,78,1724781600000,,False,70,1.12,1.14,1.7857142857142572,5.263157894736836,-72.80701754385966,-67.54385964912281,8,55,-69.16666666666667,-12.833333333333348,7.14285714285714,-72.32142857142858,True,SCORED_WINDOW
GME-0001,GME,O:GME240906C00022500,CALL,22.5,2024-09-06,14,0.0,DISCOVERY,THESIS_PRESSURE,2024-08-22T18:15:00+00:00,2024-08-22T18:00:00+00:00,99,1,255,False,True,355,WITHIN_TOLERANCE,NEAR_ATM,0.31511111111111884,-0.31511111111111884,15,D5,130,1724954400000,,False,118,1.12,1.14,1.7857142857142572,14.035087719298268,-82.45614035087719,-15.78947368421052,116,83,-26.15384615384616,-1.1249999999999978,16.07142857142856,-82.14285714285714,False,SCORED_WINDOW
GME-0001,GME,O:GME240906C00022500,CALL,22.5,2024-09-06,14,0.0,DISCOVERY,THESIS_PRESSURE,2024-08-22T18:15:00+00:00,2024-08-22T18:00:00+00:00,99,1,255,False,True,355,WITHIN_TOLERANCE,NEAR_ATM,0.31511111111111884,-0.31511111111111884,15,D10,260,1725645600000,,False,248,1.12,1.14,1.7857142857142572,122.80701754385967,-94.73684210526315,-29.824561403508763,152,235,-68.50393700787401,-0.24285714285714274,126.78571428571428,-94.64285714285714,True,SCORED_WINDOW
LULU-0001,LULU,O:LULU240906C00262500,CALL,262.5,2024-09-06,14,0.0,DISCOVERY,THESIS_PRESSURE,2024-08-22T18:15:00+00:00,2024-08-22T18:00:00+00:00,9,0,132,False,False,141,WITHIN_TOLERANCE,NEAR_ATM,0.44190476190477146,0.44190476190477146,15,H1,4,1724353200000,,False,,,,,,,,,,,,,,,UNSCORED_SIGNAL_BAR_ABSENT
LULU-0001,LULU,O:LULU240906C00262500,CALL,262.5,2024-09-06,14,0.0,DISCOVERY,THESIS_PRESSURE,2024-08-22T18:15:00+00:00,2024-08-22T18:00:00+00:00,9,0,132,False,False,141,WITHIN_TOLERANCE,NEAR_ATM,0.44190476190477146,0.44190476190477146,15,D1,26,1724436000000,,False,,,,,,,,,,,,,,,UNSCORED_SIGNAL_BAR_ABSENT
LULU-0001,LULU,O:LULU240906C00262500,CALL,262.5,2024-09-06,14,0.0,DISCOVERY,THESIS_PRESSURE,2024-08-22T18:15:00+00:00,2024-08-22T18:00:00+00:00,9,0,132,False,False,141,WITHIN_TOLERANCE,NEAR_ATM,0.44190476190477146,0.44190476190477146,15,D3,78,1724781600000,,False,,,,,,,,,,,,,,,UNSCORED_SIGNAL_BAR_ABSENT
LULU-0001,LULU,O:LULU240906C00262500,CALL,262.5,2024-09-06,14,0.0,DISCOVERY,THESIS_PRESSURE,2024-08-22T18:15:00+00:00,2024-08-22T18:00:00+00:00,9,0,132,False,False,141,WITHIN_TOLERANCE,NEAR_ATM,0.44190476190477146,0.44190476190477146,15,D5,130,1724954400000,,False,,,,,,,,,,,,,,,UNSCORED_SIGNAL_BAR_ABSENT
LULU-0001,LULU,O:LULU240906C00262500,CALL,262.5,2024-09-06,14,0.0,DISCOVERY,THESIS_PRESSURE,2024-08-22T18:15:00+00:00,2024-08-22T18:00:00+00:00,9,0,132,False,False,141,WITHIN_TOLERANCE,NEAR_ATM,0.44190476190477146,0.44190476190477146,15,D10,260,1725645600000,,False,,,,,,,,,,,,,,,UNSCORED_SIGNAL_BAR_ABSENT
U-0001,U,O:U240906C00017000,CALL,17.0,2024-09-06,14,0.0,DISCOVERY,THESIS_PRESSURE,2024-08-22T18:15:00+00:00,2024-08-22T18:00:00+00:00,49,1,182,False,True,232,WITHIN_TOLERANCE,NEAR_ATM,0.5588235294117581,0.5588235294117581,15,H1,4,1724353200000,,False,0,,,,,,,,,,,,,,UNSCORED_NO_POST_SIGNAL_PRINT
U-0001,U,O:U240906C00017000,CALL,17.0,2024-09-06,14,0.0,DISCOVERY,THESIS_PRESSURE,2024-08-22T18:15:00+00:00,2024-08-22T18:00:00+00:00,49,1,182,False,True,232,WITHIN_TOLERANCE,NEAR_ATM,0.5588235294117581,0.5588235294117581,15,D1,26,1724436000000,,False,8,0.8,0.84,4.999999999999982,47.61904761904763,-1.1904761904761862,35.7142857142857,7,1,-8.064516129032262,0.7499999999999996,54.999999999999986,3.7499999999999867,False,SCORED_WINDOW
U-0001,U,O:U240906C00017000,CALL,17.0,2024-09-06,14,0.0,DISCOVERY,THESIS_PRESSURE,2024-08-22T18:15:00+00:00,2024-08-22T18:00:00+00:00,49,1,182,False,True,232,WITHIN_TOLERANCE,NEAR_ATM,0.5588235294117581,0.5588235294117581,15,D3,78,1724781600000,,False,23,0.8,0.84,4.999999999999982,51.19047619047621,-25.0,-14.28571428571429,9,21,-43.30708661417323,-0.27906976744186046,58.74999999999999,-21.250000000000004,True,SCORED_WINDOW
U-0001,U,O:U240906C00017000,CALL,17.0,2024-09-06,14,0.0,DISCOVERY,THESIS_PRESSURE,2024-08-22T18:15:00+00:00,2024-08-22T18:00:00+00:00,49,1,182,False,True,232,WITHIN_TOLERANCE,NEAR_ATM,0.5588235294117581,0.5588235294117581,15,D5,130,1724954400000,,False,60,0.8,0.84,4.999999999999982,51.19047619047621,-73.80952380952381,-25.0,9,38,-50.39370078740157,-0.4883720930232556,58.74999999999999,-72.50000000000001,True,SCORED_WINDOW
U-0001,U,O:U240906C00017000,CALL,17.0,2024-09-06,14,0.0,DISCOVERY,THESIS_PRESSURE,2024-08-22T18:15:00+00:00,2024-08-22T18:00:00+00:00,49,1,182,False,True,232,WITHIN_TOLERANCE,NEAR_ATM,0.5588235294117581,0.5588235294117581,15,D10,260,1725645600000,,False,177,0.8,0.84,4.999999999999982,54.761904761904766,-98.80952380952381,-98.80952380952381,92,174,-99.23076923076923,-1.8043478260869563,62.5,-98.75,True,SCORED_WINDOW
GME-0002,GME,O:GME240906C00022500,CALL,22.5,2024-09-06,14,0.0,DISCOVERY,CONTINUATION,2024-08-22T19:15:00+00:00,2024-08-22T19:00:00+00:00,101,0,254,False,False,355,WITHIN_TOLERANCE,NEAR_ATM,0.13333333333333838,0.13333333333333838,15,H1,4,1724419800000,,False,,,,,,,,,,,,,,,UNSCORED_SIGNAL_BAR_ABSENT
GME-0002,GME,O:GME240906C00022500,CALL,22.5,2024-09-06,14,0.0,DISCOVERY,CONTINUATION,2024-08-22T19:15:00+00:00,2024-08-22T19:00:00+00:00,101,0,254,False,False,355,WITHIN_TOLERANCE,NEAR_ATM,0.13333333333333838,0.13333333333333838,15,D1,26,1724439600000,,False,,,,,,,,,,,,,,,UNSCORED_SIGNAL_BAR_ABSENT
GME-0002,GME,O:GME240906C00022500,CALL,22.5,2024-09-06,14,0.0,DISCOVERY,CONTINUATION,2024-08-22T19:15:00+00:00,2024-08-22T19:00:00+00:00,101,0,254,False,False,355,WITHIN_TOLERANCE,NEAR_ATM,0.13333333333333838,0.13333333333333838,15,D3,78,1724785200000,,False,,,,,,,,,,,,,,,UNSCORED_SIGNAL_BAR_ABSENT
GME-0002,GME,O:GME240906C00022500,CALL,22.5,2024-09-06,14,0.0,DISCOVERY,CONTINUATION,2024-08-22T19:15:00+00:00,2024-08-22T19:00:00+00:00,101,0,254,False,False,355,WITHIN_TOLERANCE,NEAR_ATM,0.13333333333333838,0.13333333333333838,15,D5,130,1724958000000,,False,,,,,,,,,,,,,,,UNSCORED_SIGNAL_BAR_ABSENT
GME-0002,GME,O:GME240906C00022500,CALL,22.5,2024-09-06,14,0.0,DISCOVERY,CONTINUATION,2024-08-22T19:15:00+00:00,2024-08-22T19:00:00+00:00,101,0,254,False,False,355,WITHIN_TOLERANCE,NEAR_ATM,0.13333333333333838,0.13333333333333838,15,D10,260,1725649200000,,False,,,,,,,,,,,,,,,UNSCORED_SIGNAL_BAR_ABSENT
VALE-0001,VALE,O:VALE240906C00010500,CALL,10.5,2024-09-06,14,0.0,DISCOVERY,CONTINUATION,2024-08-22T19:45:00+00:00,2024-08-22T19:30:00+00:00,32,0,117,False,False,149,WITHIN_TOLERANCE,NEAR_ATM,0.7142857142857075,-0.7142857142857075,15,H1,4,1724421600000,,False,,,,,,,,,,,,,,,UNSCORED_SIGNAL_BAR_ABSENT
VALE-0001,VALE,O:VALE240906C00010500,CALL,10.5,2024-09-06,14,0.0,DISCOVERY,CONTINUATION,2024-08-22T19:45:00+00:00,2024-08-22T19:30:00+00:00,32,0,117,False,False,149,WITHIN_TOLERANCE,NEAR_ATM,0.7142857142857075,-0.7142857142857075,15,D1,26,1724441400000,,False,,,,,,,,,,,,,,,UNSCORED_SIGNAL_BAR_ABSENT
VALE-0001,VALE,O:VALE240906C00010500,CALL,10.5,2024-09-06,14,0.0,DISCOVERY,CONTINUATION,2024-08-22T19:45:00+00:00,2024-08-22T19:30:00+00:00,32,0,117,False,False,149,WITHIN_TOLERANCE,NEAR_ATM,0.7142857142857075,-0.7142857142857075,15,D3,78,1724787000000,,False,,,,,,,,,,,,,,,UNSCORED_SIGNAL_BAR_ABSENT
VALE-0001,VALE,O:VALE240906C00010500,CALL,10.5,2024-09-06,14,0.0,DISCOVERY,CONTINUATION,2024-08-22T19:45:00+00:00,2024-08-22T19:30:00+00:00,32,0,117,False,False,149,WITHIN_TOLERANCE,NEAR_ATM,0.7142857142857075,-0.7142857142857075,15,D5,130,1724959800000,,False,,,,,,,,,,,,,,,UNSCORED_SIGNAL_BAR_ABSENT
VALE-0001,VALE,O:VALE240906C00010500,CALL,10.5,2024-09-06,14,0.0,DISCOVERY,CONTINUATION,2024-08-22T19:45:00+00:00,2024-08-22T19:30:00+00:00,32,0,117,False,False,149,WITHIN_TOLERANCE,NEAR_ATM,0.7142857142857075,-0.7142857142857075,15,D10,260,1725651000000,,False,,,,,,,,,,,,,,,UNSCORED_SIGNAL_BAR_ABSENT
LULU-0002,LULU,O:LULU240906C00267500,CALL,267.5,2024-09-06,14,0.0,DISCOVERY,CONTINUATION,2024-08-23T13:45:00+00:00,2024-08-23T13:30:00+00:00,18,1,145,False,True,164,WITHIN_TOLERANCE,NEAR_ATM,0.003738317757005946,-0.003738317757005946,14,H1,4,1724423400000,,False,2,15.55,14.98,-3.665594855305465,0.1335113484646211,0.0,0.1335113484646211,2,1,0.0,1.0,-3.536977491961424,-3.665594855305465,False,SCORED_WINDOW
LULU-0002,LULU,O:LULU240906C00267500,CALL,267.5,2024-09-06,14,0.0,DISCOVERY,CONTINUATION,2024-08-23T13:45:00+00:00,2024-08-23T13:30:00+00:00,18,1,145,False,True,164,WITHIN_TOLERANCE,NEAR_ATM,0.003738317757005946,-0.003738317757005946,14,D1,26,1724679000000,,False,9,15.55,14.98,-3.665594855305465,9.479305740987964,0.0,9.479305740987964,9,1,0.0,1.0,5.466237942122176,-3.665594855305465,False,SCORED_WINDOW
LULU-0002,LULU,O:LULU240906C00267500,CALL,267.5,2024-09-06,14,0.0,DISCOVERY,CONTINUATION,2024-08-23T13:45:00+00:00,2024-08-23T13:30:00+00:00,18,1,145,False,True,164,WITHIN_TOLERANCE,NEAR_ATM,0.003738317757005946,-0.003738317757005946,14,D3,78,1724851800000,,False,32,15.55,14.98,-3.665594855305465,30.30707610146861,-6.542056074766355,-6.542056074766355,17,32,-28.278688524590166,-0.21585903083700453,25.530546623794216,-9.967845659163988,True,SCORED_WINDOW
LULU-0002,LULU,O:LULU240906C00267500,CALL,267.5,2024-09-06,14,0.0,DISCOVERY,CONTINUATION,2024-08-23T13:45:00+00:00,2024-08-23T13:30:00+00:00,18,1,145,False,True,164,WITHIN_TOLERANCE,NEAR_ATM,0.003738317757005946,-0.003738317757005946,14,D5,130,1725024600000,,False,55,15.55,14.98,-3.665594855305465,30.30707610146861,-87.98397863818424,-86.38184245660881,17,55,-89.54918032786885,-2.850220264317182,25.530546623794216,-88.42443729903538,True,SCORED_WINDOW
LULU-0002,LULU,O:LULU240906C00267500,CALL,267.5,2024-09-06,14,0.0,DISCOVERY,CONTINUATION,2024-08-23T13:45:00+00:00,2024-08-23T13:30:00+00:00,18,1,145,False,True,164,WITHIN_TOLERANCE,NEAR_ATM,0.003738317757005946,-0.003738317757005946,14,D10,260,1725888600000,CONTRACT_EXPIRY,True,145,15.55,14.98,-3.665594855305465,30.30707610146861,-99.93324432576769,-99.93324432576769,17,136,-99.94877049180327,-3.297356828193834,25.530546623794216,-99.93569131832798,True,SCORED_RIGHT_CENSORED
SPY-0001,SPY,O:SPY240906C00559000,CALL,559.0,2024-09-06,14,0.0,DISCOVERY,CONTINUATION,2024-08-23T13:45:00+00:00,2024-08-23T13:30:00+00:00,117,1,247,False,True,377,WITHIN_TOLERANCE,NEAR_ATM,0.0572450805009034,0.0572450805009034,14,H1,4,1724423400000,,False,4,6.91,6.98,1.013024602026058,25.35816618911173,-1.8624641833810962,18.05157593123208,2,1,-5.828571428571427,0.711864406779661,26.628075253256146,-0.868306801736618,False,SCORED_WINDOW
SPY-0001,SPY,O:SPY240906C00559000,CALL,559.0,2024-09-06,14,0.0,DISCOVERY,CONTINUATION,2024-08-23T13:45:00+00:00,2024-08-23T13:30:00+00:00,117,1,247,False,True,377,WITHIN_TOLERANCE,NEAR_ATM,0.0572450805009034,0.0572450805009034,14,D1,26,1724679000000,,False,25,6.91,6.98,1.013024602026058,29.51289398280801,-18.911174785100293,24.78510028653296,25,13,-3.6504424778760924,0.8398058252427191,30.824891461649774,-18.08972503617945,False,SCORED_WINDOW
SPY-0001,SPY,O:SPY240906C00559000,CALL,559.0,2024-09-06,14,0.0,DISCOVERY,CONTINUATION,2024-08-23T13:45:00+00:00,2024-08-23T13:30:00+00:00,117,1,247,False,True,377,WITHIN_TOLERANCE,NEAR_ATM,0.0572450805009034,0.0572450805009034,14,D3,78,1724851800000,,False,71,6.91,6.98,1.013024602026058,29.51289398280801,-19.19770773638969,-4.297994269340988,25,50,-26.106194690265482,-0.14563106796116557,30.824891461649774,-18.37916063675833,True,SCORED_WINDOW
SPY-0001,SPY,O:SPY240906C00559000,CALL,559.0,2024-09-06,14,0.0,DISCOVERY,CONTINUATION,2024-08-23T13:45:00+00:00,2024-08-23T13:30:00+00:00,117,1,247,False,True,377,WITHIN_TOLERANCE,NEAR_ATM,0.0572450805009034,0.0572450805009034,14,D5,130,1725024600000,,False,123,6.91,6.98,1.013024602026058,29.51289398280801,-43.98280802292264,-18.481375358166186,25,117,-37.05752212389379,-0.6262135922330099,30.824891461649774,-43.41534008683068,True,SCORED_WINDOW
SPY-0001,SPY,O:SPY240906C00559000,CALL,559.0,2024-09-06,14,0.0,DISCOVERY,CONTINUATION,2024-08-23T13:45:00+00:00,2024-08-23T13:30:00+00:00,117,1,247,False,True,377,WITHIN_TOLERANCE,NEAR_ATM,0.0572450805009034,0.0572450805009034,14,D10,260,1725888600000,CONTRACT_EXPIRY,True,254,6.91,6.98,1.013024602026058,29.51289398280801,-99.8567335243553,-99.8567335243553,25,233,-99.88938053097345,-3.38349514563107,30.824891461649774,-99.85528219971056,True,SCORED_RIGHT_CENSORED
TSLA-0001,TSLA,O:TSLA240906C00217500,CALL,217.5,2024-09-06,14,0.0,DISCOVERY,CONTINUATION,2024-08-23T13:45:00+00:00,2024-08-23T13:30:00+00:00,87,1,259,False,True,347,WITHIN_TOLERANCE,NEAR_ATM,0.5392643678160913,-0.5392643678160913,14,H1,4,1724423400000,,False,4,7.92,7.75,-2.146464646464641,36.12903225806452,-3.8709677419354827,27.09677419354839,4,1,-6.635071090047406,0.75,33.20707070707072,-5.934343434343436,False,SCORED_WINDOW
TSLA-0001,TSLA,O:TSLA240906C00217500,CALL,217.5,2024-09-06,14,0.0,DISCOVERY,CONTINUATION,2024-08-23T13:45:00+00:00,2024-08-23T13:30:00+00:00,87,1,259,False,True,347,WITHIN_TOLERANCE,NEAR_ATM,0.5392643678160913,-0.5392643678160913,14,D1,26,1724679000000,,False,26,7.92,7.75,-2.146464646464641,36.12903225806452,-5.8064516129032295,-1.2903225806451535,4,13,-27.48815165876778,-0.0357142857142855,33.20707070707072,-7.828282828282829,True,SCORED_WINDOW
TSLA-0001,TSLA,O:TSLA240906C00217500,CALL,217.5,2024-09-06,14,0.0,DISCOVERY,CONTINUATION,2024-08-23T13:45:00+00:00,2024-08-23T13:30:00+00:00,87,1,259,False,True,347,WITHIN_TOLERANCE,NEAR_ATM,0.5392643678160913,-0.5392643678160913,14,D3,78,1724851800000,,False,78,7.92,7.75,-2.146464646464641,36.12903225806452,-65.16129032258064,-61.54838709677419,4,78,-71.75355450236967,-1.7035714285714283,33.20707070707072,-65.9090909090909,True,SCORED_WINDOW
TSLA-0001,TSLA,O:TSLA240906C00217500,CALL,217.5,2024-09-06,14,0.0,DISCOVERY,CONTINUATION,2024-08-23T13:45:00+00:00,2024-08-23T13:30:00+00:00,87,1,259,False,True,347,WITHIN_TOLERANCE,NEAR_ATM,0.5392643678160913,-0.5392643678160913,14,D5,130,1725024600000,,False,130,7.92,7.75,-2.146464646464641,36.12903225806452,-77.93548387096774,-73.03225806451613,4,129,-80.18957345971565,-2.0214285714285714,33.20707070707072,-78.4090909090909,True,SCORED_WINDOW
TSLA-0001,TSLA,O:TSLA240906C00217500,CALL,217.5,2024-09-06,14,0.0,DISCOVERY,CONTINUATION,2024-08-23T13:45:00+00:00,2024-08-23T13:30:00+00:00,87,1,259,False,True,347,WITHIN_TOLERANCE,NEAR_ATM,0.5392643678160913,-0.5392643678160913,14,D10,260,1725888600000,CONTRACT_EXPIRY,True,259,7.92,7.75,-2.146464646464641,129.54838709677418,-99.87096774193547,-99.87096774193547,211,258,-99.94378864530636,-0.7709163346613546,124.62121212121211,-99.87373737373737,True,SCORED_RIGHT_CENSORED
U-0002,U,O:U240906C00017000,CALL,17.0,2024-09-06,14,0.0,DISCOVERY,CONTINUATION,2024-08-23T13:45:00+00:00,2024-08-23T13:30:00+00:00,50,1,181,False,True,232,WITHIN_TOLERANCE,NEAR_ATM,1.0011764705882427,1.0011764705882427,14,H1,4,1724423400000,,False,3,0.83,0.83,0.0,43.37349397590362,0.0,43.37349397590362,3,1,0.0,1.0,43.37349397590362,0.0,False,SCORED_WINDOW
U-0002,U,O:U240906C00017000,CALL,17.0,2024-09-06,14,0.0,DISCOVERY,CONTINUATION,2024-08-23T13:45:00+00:00,2024-08-23T13:30:00+00:00,50,1,181,False,True,232,WITHIN_TOLERANCE,NEAR_ATM,1.0011764705882427,1.0011764705882427,14,D1,26,1724679000000,,False,10,0.83,0.83,0.0,53.0120481927711,0.0,34.93975903614459,8,1,-11.811023622047234,0.6590909090909092,53.0120481927711,0.0,False,SCORED_WINDOW
U-0002,U,O:U240906C00017000,CALL,17.0,2024-09-06,14,0.0,DISCOVERY,CONTINUATION,2024-08-23T13:45:00+00:00,2024-08-23T13:30:00+00:00,50,1,181,False,True,232,WITHIN_TOLERANCE,NEAR_ATM,1.0011764705882427,1.0011764705882427,14,D3,78,1724851800000,,False,25,0.83,0.83,0.0,53.0120481927711,-31.32530120481928,-31.32530120481928,8,25,-55.118110236220474,-0.5909090909090908,53.0120481927711,-31.32530120481928,True,SCORED_WINDOW
U-0002,U,O:U240906C00017000,CALL,17.0,2024-09-06,14,0.0,DISCOVERY,CONTINUATION,2024-08-23T13:45:00+00:00,2024-08-23T13:30:00+00:00,50,1,181,False,True,232,WITHIN_TOLERANCE,NEAR_ATM,1.0011764705882427,1.0011764705882427,14,D5,130,1725024600000,,False,66,0.83,0.83,0.0,53.0120481927711,-73.49397590361446,-48.19277108433735,8,37,-66.14173228346456,-0.909090909090909,53.0120481927711,-73.49397590361446,True,SCORED_WINDOW
U-0002,U,O:U240906C00017000,CALL,17.0,2024-09-06,14,0.0,DISCOVERY,CONTINUATION,2024-08-23T13:45:00+00:00,2024-08-23T13:30:00+00:00,50,1,181,False,True,232,WITHIN_TOLERANCE,NEAR_ATM,1.0011764705882427,1.0011764705882427,14,D10,260,1725888600000,CONTRACT_EXPIRY,True,181,0.83,0.83,0.0,56.6265060240964,-98.79518072289156,-98.79518072289156,91,173,-99.23076923076923,-1.7446808510638292,56.6265060240964,-98.79518072289156,True,SCORED_RIGHT_CENSORED
PYPL-0002,PYPL,O:PYPL240906C00072000,CALL,72.0,2024-09-06,14,0.0,DISCOVERY,CONTINUATION,2024-08-23T14:30:00+00:00,2024-08-23T14:15:00+00:00,86,1,217,False,True,304,WITHIN_TOLERANCE,NEAR_ATM,0.43749999999999684,-0.43749999999999684,14,H1,4,1724426100000,,False,3,1.43,1.34,-6.293706293706281,0.0,-14.179104477611947,-1.4925373134328401,1,2,-1.4925373134328401,,-6.293706293706281,-19.580419580419584,True,SCORED_WINDOW
PYPL-0002,PYPL,O:PYPL240906C00072000,CALL,72.0,2024-09-06,14,0.0,DISCOVERY,CONTINUATION,2024-08-23T14:30:00+00:00,2024-08-23T14:15:00+00:00,86,1,217,False,True,304,WITHIN_TOLERANCE,NEAR_ATM,0.43749999999999684,-0.43749999999999684,14,D1,26,1724681700000,,False,20,1.43,1.34,-6.293706293706281,29.104477611940283,-14.179104477611947,9.701492537313428,19,2,-15.02890173410405,0.3333333333333333,20.97902097902098,-19.580419580419584,False,SCORED_WINDOW
PYPL-0002,PYPL,O:PYPL240906C00072000,CALL,72.0,2024-09-06,14,0.0,DISCOVERY,CONTINUATION,2024-08-23T14:30:00+00:00,2024-08-23T14:15:00+00:00,86,1,217,False,True,304,WITHIN_TOLERANCE,NEAR_ATM,0.43749999999999684,-0.43749999999999684,14,D3,78,1724854500000,,False,63,1.43,1.34,-6.293706293706281,56.71641791044777,-36.56716417910448,-36.56716417910448,25,63,-59.52380952380953,-0.6447368421052632,46.853146853146875,-40.55944055944056,True,SCORED_WINDOW
PYPL-0002,PYPL,O:PYPL240906C00072000,CALL,72.0,2024-09-06,14,0.0,DISCOVERY,CONTINUATION,2024-08-23T14:30:00+00:00,2024-08-23T14:15:00+00:00,86,1,217,False,True,304,WITHIN_TOLERANCE,NEAR_ATM,0.43749999999999684,-0.43749999999999684,14,D5,130,1725027300000,,False,106,1.43,1.34,-6.293706293706281,79.10447761194028,-53.73134328358209,-5.97014925373135,93,71,-47.5,-0.07547169811320764,67.83216783216784,-56.64335664335665,False,SCORED_WINDOW
PYPL-0002,PYPL,O:PYPL240906C00072000,CALL,72.0,2024-09-06,14,0.0,DISCOVERY,CONTINUATION,2024-08-23T14:30:00+00:00,2024-08-23T14:15:00+00:00,86,1,217,False,True,304,WITHIN_TOLERANCE,NEAR_ATM,0.43749999999999684,-0.43749999999999684,14,D10,260,1725891300000,CONTRACT_EXPIRY,True,217,1.43,1.34,-6.293706293706281,79.10447761194028,-99.25373134328358,-98.50746268656717,93,202,-99.16666666666667,-1.2452830188679247,67.83216783216784,-99.3006993006993,True,SCORED_RIGHT_CENSORED
TSLA-0002,TSLA,O:TSLA240906C00217500,CALL,217.5,2024-09-06,14,0.0,DISCOVERY,THESIS_PRESSURE,2024-08-23T16:00:00+00:00,2024-08-23T15:45:00+00:00,96,1,250,False,True,347,WITHIN_TOLERANCE,NEAR_ATM,0.12418390804598324,0.12418390804598324,14,H1,4,1724431500000,,False,4,8.3,8.25,-0.6024096385542244,0.0,-11.515151515151523,-1.2121212121212088,1,4,-1.2121212121212088,,-0.6024096385542244,-12.048192771084343,True,SCORED_WINDOW
TSLA-0002,TSLA,O:TSLA240906C00217500,CALL,217.5,2024-09-06,14,0.0,DISCOVERY,THESIS_PRESSURE,2024-08-23T16:00:00+00:00,2024-08-23T15:45:00+00:00,96,1,250,False,True,347,WITHIN_TOLERANCE,NEAR_ATM,0.12418390804598324,0.12418390804598324,14,D1,26,1724687100000,,False,26,8.3,8.25,-0.6024096385542244,18.787878787878796,-37.57575757575757,-36.36363636363637,15,21,-46.42857142857143,-1.9354838709677413,18.07228915662651,-37.95180722891567,True,SCORED_WINDOW
TSLA-0002,TSLA,O:TSLA240906C00217500,CALL,217.5,2024-09-06,14,0.0,DISCOVERY,THESIS_PRESSURE,2024-08-23T16:00:00+00:00,2024-08-23T15:45:00+00:00,96,1,250,False,True,347,WITHIN_TOLERANCE,NEAR_ATM,0.12418390804598324,0.12418390804598324,14,D3,78,1724859900000,,False,78,8.3,8.25,-0.6024096385542244,18.787878787878796,-74.42424242424242,-71.51515151515152,15,75,-76.0204081632653,-3.806451612903224,18.07228915662651,-74.57831325301206,True,SCORED_WINDOW
TSLA-0002,TSLA,O:TSLA240906C00217500,CALL,217.5,2024-09-06,14,0.0,DISCOVERY,THESIS_PRESSURE,2024-08-23T16:00:00+00:00,2024-08-23T15:45:00+00:00,96,1,250,False,True,347,WITHIN_TOLERANCE,NEAR_ATM,0.12418390804598324,0.12418390804598324,14,D5,130,1725032700000,,False,130,8.3,8.25,-0.6024096385542244,18.787878787878796,-79.27272727272727,-73.21212121212122,15,120,-77.44897959183675,-3.8967741935483855,18.07228915662651,-79.39759036144578,True,SCORED_WINDOW
TSLA-0002,TSLA,O:TSLA240906C00217500,CALL,217.5,2024-09-06,14,0.0,DISCOVERY,THESIS_PRESSURE,2024-08-23T16:00:00+00:00,2024-08-23T15:45:00+00:00,96,1,250,False,True,347,WITHIN_TOLERANCE,NEAR_ATM,0.12418390804598324,0.12418390804598324,14,D10,260,1725896700000,CONTRACT_EXPIRY,True,250,8.3,8.25,-0.6024096385542244,115.63636363636363,-99.87878787878788,-99.87878787878788,202,249,-99.94378864530636,-0.8637316561844864,114.33734939759033,-99.87951807228916,True,SCORED_RIGHT_CENSORED
SPY-0002,SPY,O:SPY240906C00561000,CALL,561.0,2024-09-06,14,0.0,DISCOVERY,ENTRY_FORMING,2024-08-23T19:45:00+00:00,2024-08-23T19:30:00+00:00,135,1,231,False,True,381,WITHIN_TOLERANCE,NEAR_ATM,0.043672014260250365,0.043672014260250365,14,H1,4,1724680800000,,False,5,6.29,6.26,-0.4769475357710662,22.364217252396166,-3.0351437699680406,6.389776357827492,3,1,-13.054830287206265,0.2857142857142864,21.780604133545324,-3.497615262321141,False,SCORED_WINDOW
SPY-0002,SPY,O:SPY240906C00561000,CALL,561.0,2024-09-06,14,0.0,DISCOVERY,ENTRY_FORMING,2024-08-23T19:45:00+00:00,2024-08-23T19:30:00+00:00,135,1,231,False,True,381,WITHIN_TOLERANCE,NEAR_ATM,0.043672014260250365,0.043672014260250365,14,D1,26,1724700600000,,False,27,6.29,6.26,-0.4769475357710662,22.364217252396166,-20.127795527156543,-14.536741214057514,3,21,-30.156657963446477,-0.6500000000000002,21.780604133545324,-20.5087440381558,True,SCORED_WINDOW
SPY-0002,SPY,O:SPY240906C00561000,CALL,561.0,2024-09-06,14,0.0,DISCOVERY,ENTRY_FORMING,2024-08-23T19:45:00+00:00,2024-08-23T19:30:00+00:00,135,1,231,False,True,381,WITHIN_TOLERANCE,NEAR_ATM,0.043672014260250365,0.043672014260250365,14,D3,78,1724873400000,,False,81,6.29,6.26,-0.4769475357710662,22.364217252396166,-47.60383386581469,-27.795527156549525,3,74,-40.99216710182768,-1.242857142857143,21.780604133545324,-47.85373608903021,True,SCORED_WINDOW
SPY-0002,SPY,O:SPY240906C00561000,CALL,561.0,2024-09-06,14,0.0,DISCOVERY,ENTRY_FORMING,2024-08-23T19:45:00+00:00,2024-08-23T19:30:00+00:00,135,1,231,False,True,381,WITHIN_TOLERANCE,NEAR_ATM,0.043672014260250365,0.043672014260250365,14,D5,130,1725046200000,,False,135,6.29,6.26,-0.4769475357710662,22.364217252396166,-61.66134185303515,-31.948881789137385,3,123,-44.38642297650131,-1.4285714285714288,21.780604133545324,-61.8441971383148,True,SCORED_WINDOW
SPY-0002,SPY,O:SPY240906C00561000,CALL,561.0,2024-09-06,14,0.0,DISCOVERY,ENTRY_FORMING,2024-08-23T19:45:00+00:00,2024-08-23T19:30:00+00:00,135,1,231,False,True,381,WITHIN_TOLERANCE,NEAR_ATM,0.043672014260250365,0.043672014260250365,14,D10,260,1725910200000,CONTRACT_EXPIRY,True,240,6.29,6.26,-0.4769475357710662,22.364217252396166,-99.84025559105432,-99.84025559105432,3,220,-99.86945169712794,-4.464285714285714,21.780604133545324,-99.84101748807632,True,SCORED_RIGHT_CENSORED
RBLX-0001,RBLX,O:RBLX240906C00044000,CALL,44.0,2024-09-06,14,0.0,DISCOVERY,ENTRY_FORMING,2024-08-23T20:00:00+00:00,2024-08-23T19:45:00+00:00,38,1,171,False,True,210,WITHIN_TOLERANCE,NEAR_ATM,0.38636363636364024,0.38636363636364024,14,H1,4,1724681700000,,False,4,1.25,1.4,11.99999999999999,0.0,-17.14285714285715,-17.14285714285715,1,4,-17.14285714285715,,11.99999999999999,-7.200000000000006,True,SCORED_WINDOW
RBLX-0001,RBLX,O:RBLX240906C00044000,CALL,44.0,2024-09-06,14,0.0,DISCOVERY,ENTRY_FORMING,2024-08-23T20:00:00+00:00,2024-08-23T19:45:00+00:00,38,1,171,False,True,210,WITHIN_TOLERANCE,NEAR_ATM,0.38636363636364024,0.38636363636364024,14,D1,26,1724701500000,,False,16,1.25,1.4,11.99999999999999,0.0,-27.142857142857135,-27.142857142857135,1,16,-27.142857142857135,,11.99999999999999,-18.399999999999995,True,SCORED_WINDOW
RBLX-0001,RBLX,O:RBLX240906C00044000,CALL,44.0,2024-09-06,14,0.0,DISCOVERY,ENTRY_FORMING,2024-08-23T20:00:00+00:00,2024-08-23T19:45:00+00:00,38,1,171,False,True,210,WITHIN_TOLERANCE,NEAR_ATM,0.38636363636364024,0.38636363636364024,14,D3,78,1724874300000,,False,48,1.25,1.4,11.99999999999999,0.0,-42.85714285714285,-18.571428571428573,1,17,-18.571428571428573,,11.99999999999999,-36.0,True,SCORED_WINDOW
RBLX-0001,RBLX,O:RBLX240906C00044000,CALL,44.0,2024-09-06,14,0.0,DISCOVERY,ENTRY_FORMING,2024-08-23T20:00:00+00:00,2024-08-23T19:45:00+00:00,38,1,171,False,True,210,WITHIN_TOLERANCE,NEAR_ATM,0.38636363636364024,0.38636363636364024,14,D5,130,1725047100000,,False,91,1.25,1.4,11.99999999999999,3.571428571428581,-55.714285714285715,-46.42857142857143,50,84,-48.275862068965516,-12.999999999999966,15.999999999999993,-50.4,True,SCORED_WINDOW
RBLX-0001,RBLX,O:RBLX240906C00044000,CALL,44.0,2024-09-06,14,0.0,DISCOVERY,ENTRY_FORMING,2024-08-23T20:00:00+00:00,2024-08-23T19:45:00+00:00,38,1,171,False,True,210,WITHIN_TOLERANCE,NEAR_ATM,0.38636363636364024,0.38636363636364024,14,D10,260,1725911100000,CONTRACT_EXPIRY,True,171,1.25,1.4,11.99999999999999,3.571428571428581,-99.28571428571429,-99.28571428571429,50,161,-99.3103448275862,-27.799999999999926,15.999999999999993,-99.2,True,SCORED_RIGHT_CENSORED
LULU-0003,LULU,O:LULU240906C00272500,CALL,272.5,2024-09-06,14,0.0,DISCOVERY,RISK_OR_EXHAUSTION,2024-08-26T14:00:00+00:00,2024-08-26T13:45:00+00:00,11,1,108,False,True,120,WITHIN_TOLERANCE,NEAR_ATM,0.11633027522936047,0.11633027522936047,11,H1,4,1724683500000,,False,4,16.06,16.45,2.428393524283945,3.8905775075987803,-0.6079027355622935,1.5197568389057725,1,3,-2.2820362785254567,0.3906249999999997,6.413449564134499,1.8057285180572924,True,SCORED_WINDOW
LULU-0003,LULU,O:LULU240906C00272500,CALL,272.5,2024-09-06,14,0.0,DISCOVERY,RISK_OR_EXHAUSTION,2024-08-26T14:00:00+00:00,2024-08-26T13:45:00+00:00,11,1,108,False,True,120,WITHIN_TOLERANCE,NEAR_ATM,0.11633027522936047,0.11633027522936047,11,D1,26,1724766300000,,False,12,16.06,16.45,2.428393524283945,3.8905775075987803,-8.936170212765948,-8.936170212765948,1,12,-12.34640140433001,-2.296875,6.413449564134499,-6.724782067247814,True,SCORED_WINDOW
LULU-0003,LULU,O:LULU240906C00272500,CALL,272.5,2024-09-06,14,0.0,DISCOVERY,RISK_OR_EXHAUSTION,2024-08-26T14:00:00+00:00,2024-08-26T13:45:00+00:00,11,1,108,False,True,120,WITHIN_TOLERANCE,NEAR_ATM,0.11633027522936047,0.11633027522936047,11,D3,78,1724939100000,,False,29,16.06,16.45,2.428393524283945,3.8905775075987803,-45.95744680851064,-33.617021276595736,1,25,-36.1029842012873,-8.640625000000007,6.413449564134499,-44.6450809464508,True,SCORED_WINDOW
LULU-0003,LULU,O:LULU240906C00272500,CALL,272.5,2024-09-06,14,0.0,DISCOVERY,RISK_OR_EXHAUSTION,2024-08-26T14:00:00+00:00,2024-08-26T13:45:00+00:00,11,1,108,False,True,120,WITHIN_TOLERANCE,NEAR_ATM,0.11633027522936047,0.11633027522936047,11,D5,130,1725371100000,,False,64,16.06,16.45,2.428393524283945,3.8905775075987803,-98.48024316109422,-98.29787234042553,1,64,-98.36161497952018,-25.265625000000025,6.413449564134499,-98.44333748443339,True,SCORED_WINDOW
LULU-0003,LULU,O:LULU240906C00272500,CALL,272.5,2024-09-06,14,0.0,DISCOVERY,RISK_OR_EXHAUSTION,2024-08-26T14:00:00+00:00,2024-08-26T13:45:00+00:00,11,1,108,False,True,120,WITHIN_TOLERANCE,NEAR_ATM,0.11633027522936047,0.11633027522936047,11,D10,260,1725975900000,CONTRACT_EXPIRY,True,108,16.06,16.45,2.428393524283945,3.8905775075987803,-99.93920972644376,-99.93920972644376,1,104,-99.94148624926858,-25.687500000000025,6.413449564134499,-99.93773349937733,True,SCORED_RIGHT_CENSORED
U-0003,U,O:U240906C00017500,CALL,17.5,2024-09-06,14,0.0,DISCOVERY,ENTRY_FORMING,2024-08-26T20:00:00+00:00,2024-08-26T19:45:00+00:00,40,0,138,False,False,178,WITHIN_TOLERANCE,NEAR_ATM,1.3142857142857167,1.3142857142857167,11,H1,4,1724768100000,,False,,,,,,,,,,,,,,,UNSCORED_SIGNAL_BAR_ABSENT
U-0003,U,O:U240906C00017500,CALL,17.5,2024-09-06,14,0.0,DISCOVERY,ENTRY_FORMING,2024-08-26T20:00:00+00:00,2024-08-26T19:45:00+00:00,40,0,138,False,False,178,WITHIN_TOLERANCE,NEAR_ATM,1.3142857142857167,1.3142857142857167,11,D1,26,1724787900000,,False,,,,,,,,,,,,,,,UNSCORED_SIGNAL_BAR_ABSENT
U-0003,U,O:U240906C00017500,CALL,17.5,2024-09-06,14,0.0,DISCOVERY,ENTRY_FORMING,2024-08-26T20:00:00+00:00,2024-08-26T19:45:00+00:00,40,0,138,False,False,178,WITHIN_TOLERANCE,NEAR_ATM,1.3142857142857167,1.3142857142857167,11,D3,78,1724960700000,,False,,,,,,,,,,,,,,,UNSCORED_SIGNAL_BAR_ABSENT
U-0003,U,O:U240906C00017500,CALL,17.5,2024-09-06,14,0.0,DISCOVERY,ENTRY_FORMING,2024-08-26T20:00:00+00:00,2024-08-26T19:45:00+00:00,40,0,138,False,False,178,WITHIN_TOLERANCE,NEAR_ATM,1.3142857142857167,1.3142857142857167,11,D5,130,1725392700000,,False,,,,,,,,,,,,,,,UNSCORED_SIGNAL_BAR_ABSENT
U-0003,U,O:U240906C00017500,CALL,17.5,2024-09-06,14,0.0,DISCOVERY,ENTRY_FORMING,2024-08-26T20:00:00+00:00,2024-08-26T19:45:00+00:00,40,0,138,False,False,178,WITHIN_TOLERANCE,NEAR_ATM,1.3142857142857167,1.3142857142857167,11,D10,260,1725997500000,CONTRACT_EXPIRY,True,,,,,,,,,,,,,,,UNSCORED_SIGNAL_BAR_ABSENT
VALE-0002,VALE,O:VALE240913C00011000,CALL,11.0,2024-09-13,14,0.0,DISCOVERY,RISK_OR_EXHAUSTION,2024-08-27T14:00:00+00:00,2024-08-27T13:45:00+00:00,35,1,55,False,True,91,WITHIN_TOLERANCE,NEAR_ATM,1.818181818181812,-1.818181818181812,17,H1,4,1724769900000,,False,2,0.14,0.19,35.7142857142857,10.526315789473673,0.0,10.526315789473673,2,1,0.0,1.0,49.99999999999998,35.7142857142857,False,SCORED_WINDOW
VALE-0002,VALE,O:VALE240913C00011000,CALL,11.0,2024-09-13,14,0.0,DISCOVERY,RISK_OR_EXHAUSTION,2024-08-27T14:00:00+00:00,2024-08-27T13:45:00+00:00,35,1,55,False,True,91,WITHIN_TOLERANCE,NEAR_ATM,1.818181818181812,-1.818181818181812,17,D1,26,1724852700000,,False,10,0.14,0.19,35.7142857142857,26.315789473684205,-31.57894736842105,-26.315789473684205,9,10,-41.666666666666664,-1.0,71.4285714285714,-7.142857142857151,True,SCORED_WINDOW
VALE-0002,VALE,O:VALE240913C00011000,CALL,11.0,2024-09-13,14,0.0,DISCOVERY,RISK_OR_EXHAUSTION,2024-08-27T14:00:00+00:00,2024-08-27T13:45:00+00:00,35,1,55,False,True,91,WITHIN_TOLERANCE,NEAR_ATM,1.818181818181812,-1.818181818181812,17,D3,78,1725025500000,,False,15,0.14,0.19,35.7142857142857,26.315789473684205,-57.89473684210527,-57.89473684210527,9,14,-66.66666666666666,-2.2000000000000006,71.4285714285714,-42.85714285714286,True,SCORED_WINDOW
VALE-0002,VALE,O:VALE240913C00011000,CALL,11.0,2024-09-13,14,0.0,DISCOVERY,RISK_OR_EXHAUSTION,2024-08-27T14:00:00+00:00,2024-08-27T13:45:00+00:00,35,1,55,False,True,91,WITHIN_TOLERANCE,NEAR_ATM,1.818181818181812,-1.818181818181812,17,D5,130,1725457500000,,False,32,0.14,0.19,35.7142857142857,26.315789473684205,-94.73684210526316,-94.73684210526316,9,29,-95.83333333333334,-3.600000000000001,71.4285714285714,-92.85714285714286,True,SCORED_WINDOW
VALE-0002,VALE,O:VALE240913C00011000,CALL,11.0,2024-09-13,14,0.0,DISCOVERY,RISK_OR_EXHAUSTION,2024-08-27T14:00:00+00:00,2024-08-27T13:45:00+00:00,35,1,55,False,True,91,WITHIN_TOLERANCE,NEAR_ATM,1.818181818181812,-1.818181818181812,17,D10,260,1726062300000,,False,48,0.14,0.19,35.7142857142857,26.315789473684205,-94.73684210526316,-94.73684210526316,9,29,-95.83333333333334,-3.600000000000001,71.4285714285714,-92.85714285714286,True,SCORED_WINDOW
SPY-0003,SPY,O:SPY240910C00558000,CALL,558.0,2024-09-10,14,0.0,DISCOVERY,THESIS_PRESSURE,2024-08-28T15:30:00+00:00,2024-08-28T15:15:00+00:00,6,1,189,False,True,202,WITHIN_TOLERANCE,NEAR_ATM,0.055555555555545776,0.055555555555545776,13,H1,4,1724861700000,,False,2,6.37,6.44,1.098901098901095,0.0,-1.552795031055909,-1.552795031055909,1,2,-1.552795031055909,,1.098901098901095,-0.47095761381475976,True,SCORED_WINDOW
SPY-0003,SPY,O:SPY240910C00558000,CALL,558.0,2024-09-10,14,0.0,DISCOVERY,THESIS_PRESSURE,2024-08-28T15:30:00+00:00,2024-08-28T15:15:00+00:00,6,1,189,False,True,202,WITHIN_TOLERANCE,NEAR_ATM,0.055555555555545776,0.055555555555545776,13,D1,26,1724944500000,,False,17,6.37,6.44,1.098901098901095,27.329192546583837,-19.40993788819876,27.329192546583837,17,6,0.0,1.0,28.728414442700135,-18.524332810047095,False,SCORED_WINDOW
SPY-0003,SPY,O:SPY240910C00558000,CALL,558.0,2024-09-10,14,0.0,DISCOVERY,THESIS_PRESSURE,2024-08-28T15:30:00+00:00,2024-08-28T15:15:00+00:00,6,1,189,False,True,202,WITHIN_TOLERANCE,NEAR_ATM,0.055555555555545776,0.055555555555545776,13,D3,78,1725376500000,,False,57,6.37,6.44,1.098901098901095,38.198757763975145,-40.838509316770185,-34.78260869565217,18,56,-52.80898876404494,-0.9105691056910571,39.71742543171115,-40.188383045525896,True,SCORED_WINDOW
SPY-0003,SPY,O:SPY240910C00558000,CALL,558.0,2024-09-10,14,0.0,DISCOVERY,THESIS_PRESSURE,2024-08-28T15:30:00+00:00,2024-08-28T15:15:00+00:00,6,1,189,False,True,202,WITHIN_TOLERANCE,NEAR_ATM,0.055555555555545776,0.055555555555545776,13,D5,130,1725549300000,,False,111,6.37,6.44,1.098901098901095,38.198757763975145,-86.0248447204969,-86.0248447204969,18,111,-89.8876404494382,-2.252032520325204,39.71742543171115,-85.8712715855573,True,SCORED_WINDOW
SPY-0003,SPY,O:SPY240910C00558000,CALL,558.0,2024-09-10,14,0.0,DISCOVERY,THESIS_PRESSURE,2024-08-28T15:30:00+00:00,2024-08-28T15:15:00+00:00,6,1,189,False,True,202,WITHIN_TOLERANCE,NEAR_ATM,0.055555555555545776,0.055555555555545776,13,D10,260,1726154100000,CONTRACT_EXPIRY,True,195,6.37,6.44,1.098901098901095,38.198757763975145,-99.84472049689441,-99.84472049689441,18,162,-99.8876404494382,-2.613821138211383,39.71742543171115,-99.84301412872841,True,SCORED_RIGHT_CENSORED
TSLA-0003,TSLA,O:TSLA240913C00212500,CALL,212.5,2024-09-13,14,0.0,DISCOVERY,RISK_OR_EXHAUSTION,2024-08-29T14:00:00+00:00,2024-08-29T13:45:00+00:00,73,1,279,False,True,353,WITHIN_TOLERANCE,NEAR_ATM,0.4047058823529476,0.4047058823529476,15,H1,4,1724942700000,,False,4,9.0,8.97,-0.33333333333332993,0.0,-19.843924191750283,-19.843924191750283,1,4,-19.843924191750283,,-0.33333333333332993,-20.1111111111111,True,SCORED_WINDOW
TSLA-0003,TSLA,O:TSLA240913C00212500,CALL,212.5,2024-09-13,14,0.0,DISCOVERY,RISK_OR_EXHAUSTION,2024-08-29T14:00:00+00:00,2024-08-29T13:45:00+00:00,73,1,279,False,True,353,WITHIN_TOLERANCE,NEAR_ATM,0.4047058823529476,0.4047058823529476,15,D1,26,1725025500000,,False,26,9.0,8.97,-0.33333333333332993,0.0,-42.58639910813824,-27.8706800445931,1,24,-27.8706800445931,,-0.33333333333332993,-42.77777777777777,True,SCORED_WINDOW
TSLA-0003,TSLA,O:TSLA240913C00212500,CALL,212.5,2024-09-13,14,0.0,DISCOVERY,RISK_OR_EXHAUSTION,2024-08-29T14:00:00+00:00,2024-08-29T13:45:00+00:00,73,1,279,False,True,353,WITHIN_TOLERANCE,NEAR_ATM,0.4047058823529476,0.4047058823529476,15,D3,78,1725457500000,,False,78,9.0,8.97,-0.33333333333332993,33.77926421404682,-42.58639910813824,19.2865105908584,51,24,-10.83333333333334,0.5709570957095704,33.33333333333333,-42.77777777777777,False,SCORED_WINDOW
TSLA-0003,TSLA,O:TSLA240913C00212500,CALL,212.5,2024-09-13,14,0.0,DISCOVERY,RISK_OR_EXHAUSTION,2024-08-29T14:00:00+00:00,2024-08-29T13:45:00+00:00,73,1,279,False,True,353,WITHIN_TOLERANCE,NEAR_ATM,0.4047058823529476,0.4047058823529476,15,D5,130,1725630300000,,False,127,9.0,8.97,-0.33333333333332993,165.66332218506128,-42.58639910813824,64.43701226309922,106,24,-38.103231221149805,0.388963660834455,164.77777777777777,-42.77777777777777,False,SCORED_WINDOW
TSLA-0003,TSLA,O:TSLA240913C00212500,CALL,212.5,2024-09-13,14,0.0,DISCOVERY,RISK_OR_EXHAUSTION,2024-08-29T14:00:00+00:00,2024-08-29T13:45:00+00:00,73,1,279,False,True,353,WITHIN_TOLERANCE,NEAR_ATM,0.4047058823529476,0.4047058823529476,15,D10,260,1726235100000,,False,256,9.0,8.97,-0.33333333333332993,165.66332218506128,-42.58639910813824,90.07803790412486,106,24,-28.45153168275283,0.543741588156124,164.77777777777777,-42.77777777777777,False,SCORED_WINDOW
PYPL-0003,PYPL,O:PYPL240913C00073000,CALL,73.0,2024-09-13,14,0.0,DISCOVERY,RISK_OR_EXHAUSTION,2024-08-29T14:30:00+00:00,2024-08-29T14:15:00+00:00,89,0,244,False,False,333,WITHIN_TOLERANCE,NEAR_ATM,0.575342465753427,-0.575342465753427,15,H1,4,1724944500000,,False,,,,,,,,,,,,,,,UNSCORED_SIGNAL_BAR_ABSENT
PYPL-0003,PYPL,O:PYPL240913C00073000,CALL,73.0,2024-09-13,14,0.0,DISCOVERY,RISK_OR_EXHAUSTION,2024-08-29T14:30:00+00:00,2024-08-29T14:15:00+00:00,89,0,244,False,False,333,WITHIN_TOLERANCE,NEAR_ATM,0.575342465753427,-0.575342465753427,15,D1,26,1725027300000,,False,,,,,,,,,,,,,,,UNSCORED_SIGNAL_BAR_ABSENT
PYPL-0003,PYPL,O:PYPL240913C00073000,CALL,73.0,2024-09-13,14,0.0,DISCOVERY,RISK_OR_EXHAUSTION,2024-08-29T14:30:00+00:00,2024-08-29T14:15:00+00:00,89,0,244,False,False,333,WITHIN_TOLERANCE,NEAR_ATM,0.575342465753427,-0.575342465753427,15,D3,78,1725459300000,,False,,,,,,,,,,,,,,,UNSCORED_SIGNAL_BAR_ABSENT
PYPL-0003,PYPL,O:PYPL240913C00073000,CALL,73.0,2024-09-13,14,0.0,DISCOVERY,RISK_OR_EXHAUSTION,2024-08-29T14:30:00+00:00,2024-08-29T14:15:00+00:00,89,0,244,False,False,333,WITHIN_TOLERANCE,NEAR_ATM,0.575342465753427,-0.575342465753427,15,D5,130,1725632100000,,False,,,,,,,,,,,,,,,UNSCORED_SIGNAL_BAR_ABSENT
PYPL-0003,PYPL,O:PYPL240913C00073000,CALL,73.0,2024-09-13,14,0.0,DISCOVERY,RISK_OR_EXHAUSTION,2024-08-29T14:30:00+00:00,2024-08-29T14:15:00+00:00,89,0,244,False,False,333,WITHIN_TOLERANCE,NEAR_ATM,0.575342465753427,-0.575342465753427,15,D10,260,1726236900000,,False,,,,,,,,,,,,,,,UNSCORED_SIGNAL_BAR_ABSENT
GME-0003,GME,O:GME240913C00022500,CALL,22.5,2024-09-13,14,0.0,DISCOVERY,RISK_OR_EXHAUSTION,2024-08-29T17:45:00+00:00,2024-08-29T17:30:00+00:00,93,1,249,False,True,343,WITHIN_TOLERANCE,NEAR_ATM,0.5355555555555548,-0.5355555555555548,15,H1,4,1724956200000,,False,4,2.0,2.0,0.0,2.0000000000000018,-31.000000000000007,-22.499999999999996,1,3,-24.01960784313726,-11.249999999999988,2.0000000000000018,-31.000000000000007,True,SCORED_WINDOW
GME-0003,GME,O:GME240913C00022500,CALL,22.5,2024-09-13,14,0.0,DISCOVERY,RISK_OR_EXHAUSTION,2024-08-29T17:45:00+00:00,2024-08-29T17:30:00+00:00,93,1,249,False,True,343,WITHIN_TOLERANCE,NEAR_ATM,0.5355555555555548,-0.5355555555555548,15,D1,26,1725039000000,,False,23,2.0,2.0,0.0,6.499999999999995,-31.000000000000007,4.0000000000000036,23,3,-2.3474178403755763,0.6153846153846164,6.499999999999995,-31.000000000000007,False,SCORED_WINDOW
GME-0003,GME,O:GME240913C00022500,CALL,22.5,2024-09-13,14,0.0,DISCOVERY,RISK_OR_EXHAUSTION,2024-08-29T17:45:00+00:00,2024-08-29T17:30:00+00:00,93,1,249,False,True,343,WITHIN_TOLERANCE,NEAR_ATM,0.5355555555555548,-0.5355555555555548,15,D3,78,1725471000000,,False,62,2.0,2.0,0.0,67.5,-31.000000000000007,-4.0000000000000036,33,3,-42.68656716417911,-0.05925925925925931,67.5,-31.000000000000007,False,SCORED_WINDOW
GME-0003,GME,O:GME240913C00022500,CALL,22.5,2024-09-13,14,0.0,DISCOVERY,RISK_OR_EXHAUSTION,2024-08-29T17:45:00+00:00,2024-08-29T17:30:00+00:00,93,1,249,False,True,343,WITHIN_TOLERANCE,NEAR_ATM,0.5355555555555548,-0.5355555555555548,15,D5,130,1725643800000,,False,111,2.0,2.0,0.0,70.0,-34.0,15.500000000000004,105,100,-32.05882352941176,0.22142857142857147,70.0,-34.0,False,SCORED_WINDOW
GME-0003,GME,O:GME240913C00022500,CALL,22.5,2024-09-13,14,0.0,DISCOVERY,RISK_OR_EXHAUSTION,2024-08-29T17:45:00+00:00,2024-08-29T17:30:00+00:00,93,1,249,False,True,343,WITHIN_TOLERANCE,NEAR_ATM,0.5355555555555548,-0.5355555555555548,15,D10,260,1726248600000,,False,241,2.0,2.0,0.0,70.0,-99.5,-99.5,105,236,-99.70588235294117,-1.4214285714285715,70.0,-99.5,True,SCORED_WINDOW
RBLX-0002,RBLX,O:RBLX240913C00044000,CALL,44.0,2024-09-13,14,0.0,DISCOVERY,THESIS_PRESSURE,2024-08-29T17:45:00+00:00,2024-08-29T17:30:00+00:00,29,0,160,False,False,189,WITHIN_TOLERANCE,NEAR_ATM,0.13636363636364154,0.13636363636364154,15,H1,4,1724956200000,,False,,,,,,,,,,,,,,,UNSCORED_SIGNAL_BAR_ABSENT
RBLX-0002,RBLX,O:RBLX240913C00044000,CALL,44.0,2024-09-13,14,0.0,DISCOVERY,THESIS_PRESSURE,2024-08-29T17:45:00+00:00,2024-08-29T17:30:00+00:00,29,0,160,False,False,189,WITHIN_TOLERANCE,NEAR_ATM,0.13636363636364154,0.13636363636364154,15,D1,26,1725039000000,,False,,,,,,,,,,,,,,,UNSCORED_SIGNAL_BAR_ABSENT
RBLX-0002,RBLX,O:RBLX240913C00044000,CALL,44.0,2024-09-13,14,0.0,DISCOVERY,THESIS_PRESSURE,2024-08-29T17:45:00+00:00,2024-08-29T17:30:00+00:00,29,0,160,False,False,189,WITHIN_TOLERANCE,NEAR_ATM,0.13636363636364154,0.13636363636364154,15,D3,78,1725471000000,,False,,,,,,,,,,,,,,,UNSCORED_SIGNAL_BAR_ABSENT
RBLX-0002,RBLX,O:RBLX240913C00044000,CALL,44.0,2024-09-13,14,0.0,DISCOVERY,THESIS_PRESSURE,2024-08-29T17:45:00+00:00,2024-08-29T17:30:00+00:00,29,0,160,False,False,189,WITHIN_TOLERANCE,NEAR_ATM,0.13636363636364154,0.13636363636364154,15,D5,130,1725643800000,,False,,,,,,,,,,,,,,,UNSCORED_SIGNAL_BAR_ABSENT
RBLX-0002,RBLX,O:RBLX240913C00044000,CALL,44.0,2024-09-13,14,0.0,DISCOVERY,THESIS_PRESSURE,2024-08-29T17:45:00+00:00,2024-08-29T17:30:00+00:00,29,0,160,False,False,189,WITHIN_TOLERANCE,NEAR_ATM,0.13636363636364154,0.13636363636364154,15,D10,260,1726248600000,,False,,,,,,,,,,,,,,,UNSCORED_SIGNAL_BAR_ABSENT
PYPL-0004,PYPL,O:PYPL240913C00073000,CALL,73.0,2024-09-13,14,0.0,DISCOVERY,ENTRY_FORMING,2024-08-29T19:30:00+00:00,2024-08-29T19:15:00+00:00,107,1,225,False,True,333,WITHIN_TOLERANCE,NEAR_ATM,0.45205479452054564,0.45205479452054564,15,H1,4,1725025500000,,False,3,2.0,2.0,0.0,0.0,-27.0,-26.0,1,3,-26.0,,0.0,-27.0,True,SCORED_WINDOW
PYPL-0004,PYPL,O:PYPL240913C00073000,CALL,73.0,2024-09-13,14,0.0,DISCOVERY,ENTRY_FORMING,2024-08-29T19:30:00+00:00,2024-08-29T19:15:00+00:00,107,1,225,False,True,333,WITHIN_TOLERANCE,NEAR_ATM,0.45205479452054564,0.45205479452054564,15,D1,26,1725045300000,,False,17,2.0,2.0,0.0,0.0,-42.50000000000001,-35.5,1,9,-35.5,,0.0,-42.50000000000001,True,SCORED_WINDOW
PYPL-0004,PYPL,O:PYPL240913C00073000,CALL,73.0,2024-09-13,14,0.0,DISCOVERY,ENTRY_FORMING,2024-08-29T19:30:00+00:00,2024-08-29T19:15:00+00:00,107,1,225,False,True,333,WITHIN_TOLERANCE,NEAR_ATM,0.45205479452054564,0.45205479452054564,15,D3,78,1725477300000,,False,64,2.0,2.0,0.0,0.0,-55.00000000000001,-39.0,1,19,-39.0,,0.0,-55.00000000000001,True,SCORED_WINDOW
PYPL-0004,PYPL,O:PYPL240913C00073000,CALL,73.0,2024-09-13,14,0.0,DISCOVERY,ENTRY_FORMING,2024-08-29T19:30:00+00:00,2024-08-29T19:15:00+00:00,107,1,225,False,True,333,WITHIN_TOLERANCE,NEAR_ATM,0.45205479452054564,0.45205479452054564,15,D5,130,1725650100000,,False,114,2.0,2.0,0.0,10.000000000000009,-92.0,-91.0,67,112,-91.81818181818183,-9.099999999999993,10.000000000000009,-92.0,True,SCORED_WINDOW
PYPL-0004,PYPL,O:PYPL240913C00073000,CALL,73.0,2024-09-13,14,0.0,DISCOVERY,ENTRY_FORMING,2024-08-29T19:30:00+00:00,2024-08-29T19:15:00+00:00,107,1,225,False,True,333,WITHIN_TOLERANCE,NEAR_ATM,0.45205479452054564,0.45205479452054564,15,D10,260,1726254900000,,False,224,2.0,2.0,0.0,10.000000000000009,-99.5,-99.5,67,187,-99.54545454545455,-9.94999999999999,10.000000000000009,-99.5,True,SCORED_WINDOW
RBLX-0003,RBLX,O:RBLX240913C00044000,CALL,44.0,2024-09-13,14,0.0,DISCOVERY,CONTINUATION,2024-08-30T14:00:00+00:00,2024-08-30T13:45:00+00:00,31,0,158,False,False,189,WITHIN_TOLERANCE,NEAR_ATM,0.29545454545455124,0.29545454545455124,14,H1,4,1725029100000,,False,,,,,,,,,,,,,,,UNSCORED_SIGNAL_BAR_ABSENT
RBLX-0003,RBLX,O:RBLX240913C00044000,CALL,44.0,2024-09-13,14,0.0,DISCOVERY,CONTINUATION,2024-08-30T14:00:00+00:00,2024-08-30T13:45:00+00:00,31,0,158,False,False,189,WITHIN_TOLERANCE,NEAR_ATM,0.29545454545455124,0.29545454545455124,14,D1,26,1725371100000,,False,,,,,,,,,,,,,,,UNSCORED_SIGNAL_BAR_ABSENT
RBLX-0003,RBLX,O:RBLX240913C00044000,CALL,44.0,2024-09-13,14,0.0,DISCOVERY,CONTINUATION,2024-08-30T14:00:00+00:00,2024-08-30T13:45:00+00:00,31,0,158,False,False,189,WITHIN_TOLERANCE,NEAR_ATM,0.29545454545455124,0.29545454545455124,14,D3,78,1725543900000,,False,,,,,,,,,,,,,,,UNSCORED_SIGNAL_BAR_ABSENT
RBLX-0003,RBLX,O:RBLX240913C00044000,CALL,44.0,2024-09-13,14,0.0,DISCOVERY,CONTINUATION,2024-08-30T14:00:00+00:00,2024-08-30T13:45:00+00:00,31,0,158,False,False,189,WITHIN_TOLERANCE,NEAR_ATM,0.29545454545455124,0.29545454545455124,14,D5,130,1725889500000,,False,,,,,,,,,,,,,,,UNSCORED_SIGNAL_BAR_ABSENT
RBLX-0003,RBLX,O:RBLX240913C00044000,CALL,44.0,2024-09-13,14,0.0,DISCOVERY,CONTINUATION,2024-08-30T14:00:00+00:00,2024-08-30T13:45:00+00:00,31,0,158,False,False,189,WITHIN_TOLERANCE,NEAR_ATM,0.29545454545455124,0.29545454545455124,14,D10,260,1726494300000,CONTRACT_EXPIRY,True,,,,,,,,,,,,,,,UNSCORED_SIGNAL_BAR_ABSENT
GME-0004,GME,O:GME240920C00023500,CALL,23.5,2024-09-20,14,0.0,DISCOVERY,ENTRY_FORMING,2024-09-04T14:00:00+00:00,2024-09-04T13:45:00+00:00,71,1,292,False,True,364,WITHIN_TOLERANCE,NEAR_ATM,0.12765957446808993,0.12765957446808993,16,H1,4,1725461100000,,False,4,2.3,2.2,-4.347826086956507,1.3636363636363447,-8.18181818181819,-5.454545454545457,3,1,-6.726457399103136,-4.000000000000058,-3.0434782608695587,-12.173913043478258,False,SCORED_WINDOW
GME-0004,GME,O:GME240920C00023500,CALL,23.5,2024-09-20,14,0.0,DISCOVERY,ENTRY_FORMING,2024-09-04T14:00:00+00:00,2024-09-04T13:45:00+00:00,71,1,292,False,True,364,WITHIN_TOLERANCE,NEAR_ATM,0.12765957446808993,0.12765957446808993,16,D1,26,1725543900000,,False,20,2.3,2.2,-4.347826086956507,1.3636363636363447,-30.90909090909092,-20.90909090909091,3,19,-21.973094170403584,-15.333333333333547,-3.0434782608695587,-33.91304347826086,True,SCORED_WINDOW
GME-0004,GME,O:GME240920C00023500,CALL,23.5,2024-09-20,14,0.0,DISCOVERY,ENTRY_FORMING,2024-09-04T14:00:00+00:00,2024-09-04T13:45:00+00:00,71,1,292,False,True,364,WITHIN_TOLERANCE,NEAR_ATM,0.12765957446808993,0.12765957446808993,16,D3,78,1725889500000,,False,62,2.3,2.2,-4.347826086956507,54.54545454545452,-37.727272727272734,2.2727272727272707,45,27,-33.82352941176471,0.04166666666666665,47.82608695652175,-40.43478260869564,False,SCORED_WINDOW
GME-0004,GME,O:GME240920C00023500,CALL,23.5,2024-09-20,14,0.0,DISCOVERY,ENTRY_FORMING,2024-09-04T14:00:00+00:00,2024-09-04T13:45:00+00:00,71,1,292,False,True,364,WITHIN_TOLERANCE,NEAR_ATM,0.12765957446808993,0.12765957446808993,16,D5,130,1726062300000,,False,110,2.3,2.2,-4.347826086956507,54.54545454545452,-87.72727272727273,-82.72727272727273,45,109,-88.8235294117647,-1.5166666666666675,47.82608695652175,-88.26086956521739,True,SCORED_WINDOW
GME-0004,GME,O:GME240920C00023500,CALL,23.5,2024-09-20,14,0.0,DISCOVERY,ENTRY_FORMING,2024-09-04T14:00:00+00:00,2024-09-04T13:45:00+00:00,71,1,292,False,True,364,WITHIN_TOLERANCE,NEAR_ATM,0.12765957446808993,0.12765957446808993,16,D10,260,1726667100000,,False,227,2.3,2.2,-4.347826086956507,54.54545454545452,-97.72727272727273,-96.81818181818181,45,214,-97.94117647058823,-1.7750000000000008,47.82608695652175,-97.82608695652173,True,SCORED_WINDOW
U-0004,U,O:U240920C00017000,CALL,17.0,2024-09-20,14,0.0,DISCOVERY,RISK_OR_EXHAUSTION,2024-09-05T18:30:00+00:00,2024-09-05T18:15:00+00:00,86,1,182,False,True,269,WITHIN_TOLERANCE,NEAR_ATM,0.414705882352936,-0.414705882352936,15,H1,4,1725563700000,,False,4,0.8,0.83,3.7499999999999867,9.63855421686748,-2.409638554216853,-2.409638554216853,3,3,-10.989010989010984,-0.24999999999999825,13.749999999999996,1.2499999999999956,False,SCORED_WINDOW
U-0004,U,O:U240920C00017000,CALL,17.0,2024-09-20,14,0.0,DISCOVERY,RISK_OR_EXHAUSTION,2024-09-05T18:30:00+00:00,2024-09-05T18:15:00+00:00,86,1,182,False,True,269,WITHIN_TOLERANCE,NEAR_ATM,0.414705882352936,-0.414705882352936,15,D1,26,1725646500000,,False,23,0.8,0.83,3.7499999999999867,28.915662650602414,-60.24096385542168,-59.036144578313255,7,22,-68.22429906542055,-2.0416666666666665,33.74999999999999,-58.75,True,SCORED_WINDOW
U-0004,U,O:U240920C00017000,CALL,17.0,2024-09-20,14,0.0,DISCOVERY,RISK_OR_EXHAUSTION,2024-09-05T18:30:00+00:00,2024-09-05T18:15:00+00:00,86,1,182,False,True,269,WITHIN_TOLERANCE,NEAR_ATM,0.414705882352936,-0.414705882352936,15,D3,78,1725992100000,,False,59,0.8,0.83,3.7499999999999867,28.915662650602414,-60.24096385542168,-38.55421686746987,7,22,-52.33644859813084,-1.3333333333333328,33.74999999999999,-58.75,True,SCORED_WINDOW
U-0004,U,O:U240920C00017000,CALL,17.0,2024-09-20,14,0.0,DISCOVERY,RISK_OR_EXHAUSTION,2024-09-05T18:30:00+00:00,2024-09-05T18:15:00+00:00,86,1,182,False,True,269,WITHIN_TOLERANCE,NEAR_ATM,0.414705882352936,-0.414705882352936,15,D5,130,1726164900000,,False,105,0.8,0.83,3.7499999999999867,213.2530120481928,-60.24096385542168,197.5903614457832,102,22,-4.999999999999993,0.9265536723163844,225.0,-58.75,False,SCORED_WINDOW
U-0004,U,O:U240920C00017000,CALL,17.0,2024-09-20,14,0.0,DISCOVERY,RISK_OR_EXHAUSTION,2024-09-05T18:30:00+00:00,2024-09-05T18:15:00+00:00,86,1,182,False,True,269,WITHIN_TOLERANCE,NEAR_ATM,0.414705882352936,-0.414705882352936,15,D10,260,1726769700000,,False,163,0.8,0.83,3.7499999999999867,387.9518072289157,-60.24096385542168,332.53012048192767,135,22,-11.358024691358025,0.857142857142857,406.2499999999999,-58.75,False,SCORED_WINDOW
TSLA-0004,TSLA,O:TSLA240920C00230000,CALL,230.0,2024-09-20,14,0.0,DISCOVERY,ENTRY_FORMING,2024-09-05T20:00:00+00:00,2024-09-05T19:45:00+00:00,129,1,286,False,True,416,WITHIN_TOLERANCE,NEAR_ATM,0.07826086956522035,0.07826086956522035,15,H1,4,1725632100000,,False,4,10.35,11.5,11.111111111111116,7.478260869565223,-47.39130434782609,-47.30434782608695,1,3,-50.970873786407765,-6.325581395348832,19.42028985507247,-41.545893719806756,True,SCORED_WINDOW
TSLA-0004,TSLA,O:TSLA240920C00230000,CALL,230.0,2024-09-20,14,0.0,DISCOVERY,ENTRY_FORMING,2024-09-05T20:00:00+00:00,2024-09-05T19:45:00+00:00,129,1,286,False,True,416,WITHIN_TOLERANCE,NEAR_ATM,0.07826086956522035,0.07826086956522035,15,D1,26,1725651900000,,False,26,10.35,11.5,11.111111111111116,7.478260869565223,-73.04347826086956,-73.04347826086956,1,26,-74.91909385113269,-9.767441860465109,19.42028985507247,-70.04830917874396,True,SCORED_WINDOW
TSLA-0004,TSLA,O:TSLA240920C00230000,CALL,230.0,2024-09-20,14,0.0,DISCOVERY,ENTRY_FORMING,2024-09-05T20:00:00+00:00,2024-09-05T19:45:00+00:00,129,1,286,False,True,416,WITHIN_TOLERANCE,NEAR_ATM,0.07826086956522035,0.07826086956522035,15,D3,78,1725997500000,,False,78,10.35,11.5,11.111111111111116,7.478260869565223,-74.08695652173914,-41.91304347826087,1,50,-45.9546925566343,-5.604651162790693,19.42028985507247,-71.20772946859904,True,SCORED_WINDOW
TSLA-0004,TSLA,O:TSLA240920C00230000,CALL,230.0,2024-09-20,14,0.0,DISCOVERY,ENTRY_FORMING,2024-09-05T20:00:00+00:00,2024-09-05T19:45:00+00:00,129,1,286,False,True,416,WITHIN_TOLERANCE,NEAR_ATM,0.07826086956522035,0.07826086956522035,15,D5,130,1726170300000,,False,130,10.35,11.5,11.111111111111116,7.478260869565223,-74.08695652173914,-39.13043478260869,1,50,-43.36569579288025,-5.232558139534879,19.42028985507247,-71.20772946859904,True,SCORED_WINDOW
TSLA-0004,TSLA,O:TSLA240920C00230000,CALL,230.0,2024-09-20,14,0.0,DISCOVERY,ENTRY_FORMING,2024-09-05T20:00:00+00:00,2024-09-05T19:45:00+00:00,129,1,286,False,True,416,WITHIN_TOLERANCE,NEAR_ATM,0.07826086956522035,0.07826086956522035,15,D10,260,1726775100000,,False,260,10.35,11.5,11.111111111111116,27.04347826086957,-76.52173913043478,23.043478260869566,253,234,-3.1485284052019114,0.8520900321543408,41.15942028985506,-73.91304347826086,False,SCORED_WINDOW
VALE-0003,VALE,O:VALE240920C00010000,CALL,10.0,2024-09-20,14,0.0,DISCOVERY,ENTRY_FORMING,2024-09-05T20:00:00+00:00,2024-09-05T19:45:00+00:00,35,0,110,False,False,145,WITHIN_TOLERANCE,NEAR_ATM,2.400000000000002,2.400000000000002,15,H1,4,1725632100000,,False,,,,,,,,,,,,,,,UNSCORED_SIGNAL_BAR_ABSENT
VALE-0003,VALE,O:VALE240920C00010000,CALL,10.0,2024-09-20,14,0.0,DISCOVERY,ENTRY_FORMING,2024-09-05T20:00:00+00:00,2024-09-05T19:45:00+00:00,35,0,110,False,False,145,WITHIN_TOLERANCE,NEAR_ATM,2.400000000000002,2.400000000000002,15,D1,26,1725651900000,,False,,,,,,,,,,,,,,,UNSCORED_SIGNAL_BAR_ABSENT
VALE-0003,VALE,O:VALE240920C00010000,CALL,10.0,2024-09-20,14,0.0,DISCOVERY,ENTRY_FORMING,2024-09-05T20:00:00+00:00,2024-09-05T19:45:00+00:00,35,0,110,False,False,145,WITHIN_TOLERANCE,NEAR_ATM,2.400000000000002,2.400000000000002,15,D3,78,1725997500000,,False,,,,,,,,,,,,,,,UNSCORED_SIGNAL_BAR_ABSENT
VALE-0003,VALE,O:VALE240920C00010000,CALL,10.0,2024-09-20,14,0.0,DISCOVERY,ENTRY_FORMING,2024-09-05T20:00:00+00:00,2024-09-05T19:45:00+00:00,35,0,110,False,False,145,WITHIN_TOLERANCE,NEAR_ATM,2.400000000000002,2.400000000000002,15,D5,130,1726170300000,,False,,,,,,,,,,,,,,,UNSCORED_SIGNAL_BAR_ABSENT
VALE-0003,VALE,O:VALE240920C00010000,CALL,10.0,2024-09-20,14,0.0,DISCOVERY,ENTRY_FORMING,2024-09-05T20:00:00+00:00,2024-09-05T19:45:00+00:00,35,0,110,False,False,145,WITHIN_TOLERANCE,NEAR_ATM,2.400000000000002,2.400000000000002,15,D10,260,1726775100000,,False,,,,,,,,,,,,,,,UNSCORED_SIGNAL_BAR_ABSENT
VALE-0004,VALE,O:VALE240920C00010000,CALL,10.0,2024-09-20,14,0.0,DISCOVERY,THESIS_PRESSURE,2024-09-06T15:45:00+00:00,2024-09-06T15:30:00+00:00,38,1,106,False,True,145,WITHIN_TOLERANCE,NEAR_ATM,1.1999999999999922,1.1999999999999922,14,H1,4,1725640200000,,False,0,,,,,,,,,,,,,,UNSCORED_NO_POST_SIGNAL_PRINT
VALE-0004,VALE,O:VALE240920C00010000,CALL,10.0,2024-09-20,14,0.0,DISCOVERY,THESIS_PRESSURE,2024-09-06T15:45:00+00:00,2024-09-06T15:30:00+00:00,38,1,106,False,True,145,WITHIN_TOLERANCE,NEAR_ATM,1.1999999999999922,1.1999999999999922,14,D1,26,1725895800000,,False,2,0.32,0.33,3.125,0.0,0.0,0.0,1,1,0.0,,3.125,3.125,False,SCORED_WINDOW
VALE-0004,VALE,O:VALE240920C00010000,CALL,10.0,2024-09-20,14,0.0,DISCOVERY,THESIS_PRESSURE,2024-09-06T15:45:00+00:00,2024-09-06T15:30:00+00:00,38,1,106,False,True,145,WITHIN_TOLERANCE,NEAR_ATM,1.1999999999999922,1.1999999999999922,14,D3,78,1726068600000,,False,23,0.32,0.33,3.125,9.090909090909083,-57.57575757575757,-27.27272727272728,5,17,-33.333333333333336,-3.0000000000000036,12.5,-56.25,True,SCORED_WINDOW
VALE-0004,VALE,O:VALE240920C00010000,CALL,10.0,2024-09-20,14,0.0,DISCOVERY,THESIS_PRESSURE,2024-09-06T15:45:00+00:00,2024-09-06T15:30:00+00:00,38,1,106,False,True,145,WITHIN_TOLERANCE,NEAR_ATM,1.1999999999999922,1.1999999999999922,14,D5,130,1726241400000,,False,44,0.32,0.33,3.125,93.93939393939394,-57.57575757575757,90.90909090909089,42,17,-1.5625,0.9677419354838708,100.0,-56.25,False,SCORED_WINDOW
VALE-0004,VALE,O:VALE240920C00010000,CALL,10.0,2024-09-20,14,0.0,DISCOVERY,THESIS_PRESSURE,2024-09-06T15:45:00+00:00,2024-09-06T15:30:00+00:00,38,1,106,False,True,145,WITHIN_TOLERANCE,NEAR_ATM,1.1999999999999922,1.1999999999999922,14,D10,260,1726846200000,,False,96,0.32,0.33,3.125,154.54545454545453,-57.57575757575757,57.57575757575757,86,17,-38.095238095238095,0.37254901960784315,162.5,-56.25,False,SCORED_WINDOW
RBLX-0004,RBLX,O:RBLX240927C00045000,CALL,45.0,2024-09-27,14,0.0,DISCOVERY,RISK_OR_EXHAUSTION,2024-09-10T19:15:00+00:00,2024-09-10T19:00:00+00:00,58,1,172,False,True,232,WITHIN_TOLERANCE,NEAR_ATM,0.4666666666666685,-0.4666666666666685,17,H1,4,1726061400000,,False,4,1.37,1.37,0.0,2.1897810218977964,-10.94890510948906,-10.94890510948906,3,4,-12.857142857142856,-5.0000000000000355,2.1897810218977964,-10.94890510948906,True,SCORED_WINDOW
RBLX-0004,RBLX,O:RBLX240927C00045000,CALL,45.0,2024-09-27,14,0.0,DISCOVERY,RISK_OR_EXHAUSTION,2024-09-10T19:15:00+00:00,2024-09-10T19:00:00+00:00,58,1,172,False,True,232,WITHIN_TOLERANCE,NEAR_ATM,0.4666666666666685,-0.4666666666666685,17,D1,26,1726081200000,,False,16,1.37,1.37,0.0,9.48905109489051,-23.357664233576646,-5.109489051094895,5,8,-13.33333333333333,-0.5384615384615391,9.48905109489051,-23.357664233576646,True,SCORED_WINDOW
RBLX-0004,RBLX,O:RBLX240927C00045000,CALL,45.0,2024-09-27,14,0.0,DISCOVERY,RISK_OR_EXHAUSTION,2024-09-10T19:15:00+00:00,2024-09-10T19:00:00+00:00,58,1,172,False,True,232,WITHIN_TOLERANCE,NEAR_ATM,0.4666666666666685,-0.4666666666666685,17,D3,78,1726254000000,,False,52,1.37,1.37,0.0,37.226277372262764,-23.357664233576646,25.547445255474432,47,8,-8.510638297872342,0.6862745098039212,37.226277372262764,-23.357664233576646,False,SCORED_WINDOW
RBLX-0004,RBLX,O:RBLX240927C00045000,CALL,45.0,2024-09-27,14,0.0,DISCOVERY,RISK_OR_EXHAUSTION,2024-09-10T19:15:00+00:00,2024-09-10T19:00:00+00:00,58,1,172,False,True,232,WITHIN_TOLERANCE,NEAR_ATM,0.4666666666666685,-0.4666666666666685,17,D5,130,1726599600000,,False,75,1.37,1.37,0.0,114.59854014598538,-23.357664233576646,45.255474452554736,66,8,-32.31292517006803,0.39490445859872614,114.59854014598538,-23.357664233576646,False,SCORED_WINDOW
RBLX-0004,RBLX,O:RBLX240927C00045000,CALL,45.0,2024-09-27,14,0.0,DISCOVERY,RISK_OR_EXHAUSTION,2024-09-10T19:15:00+00:00,2024-09-10T19:00:00+00:00,58,1,172,False,True,232,WITHIN_TOLERANCE,NEAR_ATM,0.4666666666666685,-0.4666666666666685,17,D10,260,1727204400000,,False,119,1.37,1.37,0.0,114.59854014598538,-24.087591240875916,64.23357664233575,66,115,-23.469387755102044,0.5605095541401274,114.59854014598538,-24.087591240875916,True,SCORED_WINDOW
LULU-0004,LULU,O:LULU240927C00267500,CALL,267.5,2024-09-27,14,0.0,DISCOVERY,ENTRY_FORMING,2024-09-13T20:00:00+00:00,2024-09-13T19:45:00+00:00,26,0,161,False,False,187,WITHIN_TOLERANCE,NEAR_ATM,0.2990654205607519,-0.2990654205607519,14,H1,4,1726496100000,,False,,,,,,,,,,,,,,,UNSCORED_SIGNAL_BAR_ABSENT
LULU-0004,LULU,O:LULU240927C00267500,CALL,267.5,2024-09-27,14,0.0,DISCOVERY,ENTRY_FORMING,2024-09-13T20:00:00+00:00,2024-09-13T19:45:00+00:00,26,0,161,False,False,187,WITHIN_TOLERANCE,NEAR_ATM,0.2990654205607519,-0.2990654205607519,14,D1,26,1726515900000,,False,,,,,,,,,,,,,,,UNSCORED_SIGNAL_BAR_ABSENT
LULU-0004,LULU,O:LULU240927C00267500,CALL,267.5,2024-09-27,14,0.0,DISCOVERY,ENTRY_FORMING,2024-09-13T20:00:00+00:00,2024-09-13T19:45:00+00:00,26,0,161,False,False,187,WITHIN_TOLERANCE,NEAR_ATM,0.2990654205607519,-0.2990654205607519,14,D3,78,1726688700000,,False,,,,,,,,,,,,,,,UNSCORED_SIGNAL_BAR_ABSENT
LULU-0004,LULU,O:LULU240927C00267500,CALL,267.5,2024-09-27,14,0.0,DISCOVERY,ENTRY_FORMING,2024-09-13T20:00:00+00:00,2024-09-13T19:45:00+00:00,26,0,161,False,False,187,WITHIN_TOLERANCE,NEAR_ATM,0.2990654205607519,-0.2990654205607519,14,D5,130,1726861500000,,False,,,,,,,,,,,,,,,UNSCORED_SIGNAL_BAR_ABSENT
LULU-0004,LULU,O:LULU240927C00267500,CALL,267.5,2024-09-27,14,0.0,DISCOVERY,ENTRY_FORMING,2024-09-13T20:00:00+00:00,2024-09-13T19:45:00+00:00,26,0,161,False,False,187,WITHIN_TOLERANCE,NEAR_ATM,0.2990654205607519,-0.2990654205607519,14,D10,260,1727466300000,,False,,,,,,,,,,,,,,,UNSCORED_SIGNAL_BAR_ABSENT
SPY-0004,SPY,O:SPY241001C00564000,CALL,564.0,2024-10-01,14,0.0,DISCOVERY,RISK_OR_EXHAUSTION,2024-09-17T14:00:00+00:00,2024-09-17T13:45:00+00:00,1,1,158,False,True,164,WITHIN_TOLERANCE,NEAR_ATM,0.08687943262411509,0.08687943262411509,14,H1,4,1726584300000,,False,3,6.15,6.75,9.756097560975597,1.0370370370370363,-5.777777777777771,-5.777777777777771,2,3,-6.74486803519061,-5.5714285714285685,10.894308943089426,3.4146341463414664,True,SCORED_WINDOW
SPY-0004,SPY,O:SPY241001C00564000,CALL,564.0,2024-10-01,14,0.0,DISCOVERY,RISK_OR_EXHAUSTION,2024-09-17T14:00:00+00:00,2024-09-17T13:45:00+00:00,1,1,158,False,True,164,WITHIN_TOLERANCE,NEAR_ATM,0.08687943262411509,0.08687943262411509,14,D1,26,1726667100000,,False,18,6.15,6.75,9.756097560975597,1.0370370370370363,-30.37037037037037,-22.81481481481481,2,9,-23.607038123167158,-22.00000000000001,10.894308943089426,-23.57723577235773,True,SCORED_WINDOW
SPY-0004,SPY,O:SPY241001C00564000,CALL,564.0,2024-10-01,14,0.0,DISCOVERY,RISK_OR_EXHAUSTION,2024-09-17T14:00:00+00:00,2024-09-17T13:45:00+00:00,1,1,158,False,True,164,WITHIN_TOLERANCE,NEAR_ATM,0.08687943262411509,0.08687943262411509,14,D3,78,1726839900000,,False,56,6.15,6.75,9.756097560975597,52.59259259259261,-39.11111111111111,41.925925925925924,54,41,-6.990291262135928,0.797183098591549,67.47967479674797,-33.17073170731707,False,SCORED_WINDOW
SPY-0004,SPY,O:SPY241001C00564000,CALL,564.0,2024-10-01,14,0.0,DISCOVERY,RISK_OR_EXHAUSTION,2024-09-17T14:00:00+00:00,2024-09-17T13:45:00+00:00,1,1,158,False,True,164,WITHIN_TOLERANCE,NEAR_ATM,0.08687943262411509,0.08687943262411509,14,D5,130,1727185500000,,False,81,6.15,6.75,9.756097560975597,52.59259259259261,-39.11111111111111,14.222222222222225,54,41,-25.145631067961173,0.2704225352112676,67.47967479674797,-33.17073170731707,False,SCORED_WINDOW
SPY-0004,SPY,O:SPY241001C00564000,CALL,564.0,2024-10-01,14,0.0,DISCOVERY,RISK_OR_EXHAUSTION,2024-09-17T14:00:00+00:00,2024-09-17T13:45:00+00:00,1,1,158,False,True,164,WITHIN_TOLERANCE,NEAR_ATM,0.08687943262411509,0.08687943262411509,14,D10,260,1727790300000,,False,137,6.15,6.75,9.756097560975597,65.77777777777779,-39.11111111111111,-12.444444444444446,99,41,-47.18498659517426,-0.1891891891891892,81.95121951219511,-33.17073170731707,False,SCORED_WINDOW
U-0005,U,O:U241011C00023500,CALL,23.5,2024-10-11,14,0.0,DISCOVERY,CONTINUATION,2024-09-30T13:45:00+00:00,2024-09-30T13:30:00+00:00,53,1,108,False,True,162,WITHIN_TOLERANCE,NEAR_ATM,0.9361702127659527,-0.9361702127659527,11,H1,4,1727706600000,,False,4,1.16,1.2,3.4482758620689724,7.500000000000018,-39.16666666666666,-23.33333333333333,1,2,-28.682170542635653,-3.111111111111103,11.206896551724155,-37.06896551724138,True,SCORED_WINDOW
U-0005,U,O:U241011C00023500,CALL,23.5,2024-10-11,14,0.0,DISCOVERY,CONTINUATION,2024-09-30T13:45:00+00:00,2024-09-30T13:30:00+00:00,53,1,108,False,True,162,WITHIN_TOLERANCE,NEAR_ATM,0.9361702127659527,-0.9361702127659527,11,D1,26,1727789400000,,False,14,1.16,1.2,3.4482758620689724,7.500000000000018,-44.99999999999999,-44.99999999999999,1,14,-48.837209302325576,-5.999999999999985,11.206896551724155,-43.103448275862064,True,SCORED_WINDOW
U-0005,U,O:U241011C00023500,CALL,23.5,2024-10-11,14,0.0,DISCOVERY,CONTINUATION,2024-09-30T13:45:00+00:00,2024-09-30T13:30:00+00:00,53,1,108,False,True,162,WITHIN_TOLERANCE,NEAR_ATM,0.9361702127659527,-0.9361702127659527,11,D3,78,1727962200000,,False,33,1.16,1.2,3.4482758620689724,7.500000000000018,-81.66666666666667,-79.16666666666666,1,32,-80.62015503875969,-10.555555555555529,11.206896551724155,-81.03448275862068,True,SCORED_WINDOW
U-0005,U,O:U241011C00023500,CALL,23.5,2024-10-11,14,0.0,DISCOVERY,CONTINUATION,2024-09-30T13:45:00+00:00,2024-09-30T13:30:00+00:00,53,1,108,False,True,162,WITHIN_TOLERANCE,NEAR_ATM,0.9361702127659527,-0.9361702127659527,11,D5,130,1728307800000,,False,54,1.16,1.2,3.4482758620689724,7.500000000000018,-92.5,-84.16666666666667,1,35,-85.27131782945736,-11.222222222222197,11.206896551724155,-92.24137931034483,True,SCORED_WINDOW
U-0005,U,O:U241011C00023500,CALL,23.5,2024-10-11,14,0.0,DISCOVERY,CONTINUATION,2024-09-30T13:45:00+00:00,2024-09-30T13:30:00+00:00,53,1,108,False,True,162,WITHIN_TOLERANCE,NEAR_ATM,0.9361702127659527,-0.9361702127659527,11,D10,260,1728912600000,CONTRACT_EXPIRY,True,108,1.16,1.2,3.4482758620689724,7.500000000000018,-99.16666666666667,-99.16666666666667,1,93,-99.2248062015504,-13.222222222222191,11.206896551724155,-99.13793103448276,True,SCORED_RIGHT_CENSORED
TSLA-0005,TSLA,O:TSLA241011C00262500,CALL,262.5,2024-10-11,14,0.0,DISCOVERY,CONTINUATION,2024-09-30T20:00:00+00:00,2024-09-30T19:45:00+00:00,75,1,232,False,True,308,WITHIN_TOLERANCE,NEAR_ATM,0.340952380952374,-0.340952380952374,11,H1,4,1727792100000,,False,4,14.95,15.5,3.678929765886285,5.806451612903207,-33.225806451612904,-33.225806451612904,1,4,-36.890243902439025,-5.722222222222241,9.698996655518389,-30.76923076923077,True,SCORED_WINDOW
TSLA-0005,TSLA,O:TSLA241011C00262500,CALL,262.5,2024-10-11,14,0.0,DISCOVERY,CONTINUATION,2024-09-30T20:00:00+00:00,2024-09-30T19:45:00+00:00,75,1,232,False,True,308,WITHIN_TOLERANCE,NEAR_ATM,0.340952380952374,-0.340952380952374,11,D1,26,1727811900000,,False,26,14.95,15.5,3.678929765886285,5.806451612903207,-36.45161290322581,-19.741935483870975,1,5,-24.146341463414632,-3.400000000000012,9.698996655518389,-34.11371237458194,True,SCORED_WINDOW
TSLA-0005,TSLA,O:TSLA241011C00262500,CALL,262.5,2024-10-11,14,0.0,DISCOVERY,CONTINUATION,2024-09-30T20:00:00+00:00,2024-09-30T19:45:00+00:00,75,1,232,False,True,308,WITHIN_TOLERANCE,NEAR_ATM,0.340952380952374,-0.340952380952374,11,D3,78,1727984700000,,False,78,14.95,15.5,3.678929765886285,5.806451612903207,-79.93548387096774,-75.80645161290323,1,70,-77.13414634146342,-13.055555555555598,9.698996655518389,-79.19732441471572,True,SCORED_WINDOW
TSLA-0005,TSLA,O:TSLA241011C00262500,CALL,262.5,2024-10-11,14,0.0,DISCOVERY,CONTINUATION,2024-09-30T20:00:00+00:00,2024-09-30T19:45:00+00:00,75,1,232,False,True,308,WITHIN_TOLERANCE,NEAR_ATM,0.340952380952374,-0.340952380952374,11,D5,130,1728330300000,,False,130,14.95,15.5,3.678929765886285,5.806451612903207,-85.61290322580646,-85.41935483870968,1,130,-86.21951219512195,-14.711111111111158,9.698996655518389,-85.08361204013379,True,SCORED_WINDOW
TSLA-0005,TSLA,O:TSLA241011C00262500,CALL,262.5,2024-10-11,14,0.0,DISCOVERY,CONTINUATION,2024-09-30T20:00:00+00:00,2024-09-30T19:45:00+00:00,75,1,232,False,True,308,WITHIN_TOLERANCE,NEAR_ATM,0.340952380952374,-0.340952380952374,11,D10,260,1728935100000,CONTRACT_EXPIRY,True,232,14.95,15.5,3.678929765886285,5.806451612903207,-99.93548387096774,-99.93548387096774,1,209,-99.9390243902439,-17.211111111111165,9.698996655518389,-99.93311036789298,True,SCORED_RIGHT_CENSORED
PYPL-0005,PYPL,O:PYPL241018C00079000,CALL,79.0,2024-10-18,14,0.0,DISCOVERY,RISK_OR_EXHAUSTION,2024-10-04T14:00:00+00:00,2024-10-04T13:45:00+00:00,75,1,196,False,True,272,WITHIN_TOLERANCE,NEAR_ATM,0.5569620253164529,-0.5569620253164529,14,H1,4,1728053100000,,False,4,1.75,1.78,1.7142857142857126,11.23595505617978,-7.303370786516861,11.23595505617978,4,1,0.0,1.0,13.142857142857146,-5.714285714285716,False,SCORED_WINDOW
PYPL-0005,PYPL,O:PYPL241018C00079000,CALL,79.0,2024-10-18,14,0.0,DISCOVERY,RISK_OR_EXHAUSTION,2024-10-04T14:00:00+00:00,2024-10-04T13:45:00+00:00,75,1,196,False,True,272,WITHIN_TOLERANCE,NEAR_ATM,0.5569620253164529,-0.5569620253164529,14,D1,26,1728308700000,,False,24,1.75,1.78,1.7142857142857126,24.157303370786522,-17.41573033707865,8.426966292134818,23,23,-12.669683257918551,0.3488372093023249,26.285714285714292,-16.000000000000004,False,SCORED_WINDOW
PYPL-0005,PYPL,O:PYPL241018C00079000,CALL,79.0,2024-10-18,14,0.0,DISCOVERY,RISK_OR_EXHAUSTION,2024-10-04T14:00:00+00:00,2024-10-04T13:45:00+00:00,75,1,196,False,True,272,WITHIN_TOLERANCE,NEAR_ATM,0.5569620253164529,-0.5569620253164529,14,D3,78,1728481500000,,False,60,1.75,1.78,1.7142857142857126,96.06741573033707,-17.41573033707865,93.82022471910112,60,23,-1.1461318051575908,0.9766081871345029,99.42857142857144,-16.000000000000004,False,SCORED_WINDOW
PYPL-0005,PYPL,O:PYPL241018C00079000,CALL,79.0,2024-10-18,14,0.0,DISCOVERY,RISK_OR_EXHAUSTION,2024-10-04T14:00:00+00:00,2024-10-04T13:45:00+00:00,75,1,196,False,True,272,WITHIN_TOLERANCE,NEAR_ATM,0.5569620253164529,-0.5569620253164529,14,D5,130,1728654300000,,False,93,1.75,1.78,1.7142857142857126,102.24719101123596,-30.33707865168539,-2.8089887640449507,61,84,-51.94444444444445,-0.027472527472527538,105.71428571428574,-29.14285714285715,True,SCORED_WINDOW
PYPL-0005,PYPL,O:PYPL241018C00079000,CALL,79.0,2024-10-18,14,0.0,DISCOVERY,RISK_OR_EXHAUSTION,2024-10-04T14:00:00+00:00,2024-10-04T13:45:00+00:00,75,1,196,False,True,272,WITHIN_TOLERANCE,NEAR_ATM,0.5569620253164529,-0.5569620253164529,14,D10,260,1729259100000,,False,175,1.75,1.78,1.7142857142857126,102.24719101123596,-69.10112359550563,-55.0561797752809,61,174,-77.77777777777779,-0.5384615384615385,105.71428571428574,-68.57142857142857,True,SCORED_WINDOW
U-0006,U,O:U241025C00021000,CALL,21.0,2024-10-25,14,0.0,DISCOVERY,THESIS_PRESSURE,2024-10-08T19:00:00+00:00,2024-10-08T18:45:00+00:00,33,0,181,False,False,214,WITHIN_TOLERANCE,NEAR_ATM,1.000000000000004,1.000000000000004,17,H1,4,1728416700000,,False,,,,,,,,,,,,,,,UNSCORED_SIGNAL_BAR_ABSENT
U-0006,U,O:U241025C00021000,CALL,21.0,2024-10-25,14,0.0,DISCOVERY,THESIS_PRESSURE,2024-10-08T19:00:00+00:00,2024-10-08T18:45:00+00:00,33,0,181,False,False,214,WITHIN_TOLERANCE,NEAR_ATM,1.000000000000004,1.000000000000004,17,D1,26,1728499500000,,False,,,,,,,,,,,,,,,UNSCORED_SIGNAL_BAR_ABSENT
U-0006,U,O:U241025C00021000,CALL,21.0,2024-10-25,14,0.0,DISCOVERY,THESIS_PRESSURE,2024-10-08T19:00:00+00:00,2024-10-08T18:45:00+00:00,33,0,181,False,False,214,WITHIN_TOLERANCE,NEAR_ATM,1.000000000000004,1.000000000000004,17,D3,78,1728672300000,,False,,,,,,,,,,,,,,,UNSCORED_SIGNAL_BAR_ABSENT
U-0006,U,O:U241025C00021000,CALL,21.0,2024-10-25,14,0.0,DISCOVERY,THESIS_PRESSURE,2024-10-08T19:00:00+00:00,2024-10-08T18:45:00+00:00,33,0,181,False,False,214,WITHIN_TOLERANCE,NEAR_ATM,1.000000000000004,1.000000000000004,17,D5,130,1729017900000,,False,,,,,,,,,,,,,,,UNSCORED_SIGNAL_BAR_ABSENT
U-0006,U,O:U241025C00021000,CALL,21.0,2024-10-25,14,0.0,DISCOVERY,THESIS_PRESSURE,2024-10-08T19:00:00+00:00,2024-10-08T18:45:00+00:00,33,0,181,False,False,214,WITHIN_TOLERANCE,NEAR_ATM,1.000000000000004,1.000000000000004,17,D10,260,1729622700000,,False,,,,,,,,,,,,,,,UNSCORED_SIGNAL_BAR_ABSENT
PYPL-0006,PYPL,O:PYPL241101C00080000,CALL,80.0,2024-11-01,14,0.0,DISCOVERY,CONTINUATION,2024-10-16T13:45:00+00:00,2024-10-16T13:30:00+00:00,86,1,268,False,True,355,WITHIN_TOLERANCE,NEAR_ATM,0.23125000000000284,-0.23125000000000284,16,H1,4,1729089000000,,False,4,3.55,3.62,1.9718309859154903,4.972375690607733,-4.696132596685077,4.972375690607733,4,1,0.0,1.0,7.042253521126751,-2.8169014084506894,False,SCORED_WINDOW
PYPL-0006,PYPL,O:PYPL241101C00080000,CALL,80.0,2024-11-01,14,0.0,DISCOVERY,CONTINUATION,2024-10-16T13:45:00+00:00,2024-10-16T13:30:00+00:00,86,1,268,False,True,355,WITHIN_TOLERANCE,NEAR_ATM,0.23125000000000284,-0.23125000000000284,16,D1,26,1729171800000,,False,21,3.55,3.62,1.9718309859154903,18.78453038674033,-4.696132596685077,18.78453038674033,21,1,0.0,1.0,21.126760563380277,-2.8169014084506894,False,SCORED_WINDOW
PYPL-0006,PYPL,O:PYPL241101C00080000,CALL,80.0,2024-11-01,14,0.0,DISCOVERY,CONTINUATION,2024-10-16T13:45:00+00:00,2024-10-16T13:30:00+00:00,86,1,268,False,True,355,WITHIN_TOLERANCE,NEAR_ATM,0.23125000000000284,-0.23125000000000284,16,D3,78,1729517400000,,False,50,3.55,3.62,1.9718309859154903,18.78453038674033,-9.944751381215477,5.248618784530379,21,31,-11.395348837209296,0.27941176470588197,21.126760563380277,-8.169014084507042,True,SCORED_WINDOW
PYPL-0006,PYPL,O:PYPL241101C00080000,CALL,80.0,2024-11-01,14,0.0,DISCOVERY,CONTINUATION,2024-10-16T13:45:00+00:00,2024-10-16T13:30:00+00:00,86,1,268,False,True,355,WITHIN_TOLERANCE,NEAR_ATM,0.23125000000000284,-0.23125000000000284,16,D5,130,1729690200000,,False,82,3.55,3.62,1.9718309859154903,33.977900552486176,-9.944751381215477,14.640883977900554,82,31,-14.432989690721632,0.4308943089430896,36.61971830985915,-8.169014084507042,False,SCORED_WINDOW
PYPL-0006,PYPL,O:PYPL241101C00080000,CALL,80.0,2024-11-01,14,0.0,DISCOVERY,CONTINUATION,2024-10-16T13:45:00+00:00,2024-10-16T13:30:00+00:00,86,1,268,False,True,355,WITHIN_TOLERANCE,NEAR_ATM,0.23125000000000284,-0.23125000000000284,16,D10,260,1730295000000,,False,198,3.55,3.62,1.9718309859154903,58.83977900552486,-88.67403314917127,-83.97790055248619,171,173,-89.91304347826087,-1.427230046948357,61.9718309859155,-88.45070422535211,True,SCORED_WINDOW
TSLA-0006,TSLA,O:TSLA241101C00217500,CALL,217.5,2024-11-01,14,0.0,DISCOVERY,THESIS_PRESSURE,2024-10-21T15:15:00+00:00,2024-10-21T15:00:00+00:00,112,1,186,False,True,299,WITHIN_TOLERANCE,NEAR_ATM,0.3448275862068966,0.3448275862068966,11,H1,4,1729526400000,,False,4,10.05,10.0,-0.4975124378109541,2.0000000000000018,-2.500000000000002,-1.0000000000000009,3,1,-2.941176470588225,-0.5,1.492537313432818,-2.9850746268656803,False,SCORED_WINDOW
TSLA-0006,TSLA,O:TSLA241101C00217500,CALL,217.5,2024-11-01,14,0.0,DISCOVERY,THESIS_PRESSURE,2024-10-21T15:15:00+00:00,2024-10-21T15:00:00+00:00,112,1,186,False,True,299,WITHIN_TOLERANCE,NEAR_ATM,0.3448275862068966,0.3448275862068966,11,D1,26,1729609200000,,False,26,10.05,10.0,-0.4975124378109541,2.0000000000000018,-16.199999999999992,-15.999999999999993,3,26,-17.647058823529406,-7.999999999999989,1.492537313432818,-16.61691542288557,True,SCORED_WINDOW
TSLA-0006,TSLA,O:TSLA241101C00217500,CALL,217.5,2024-11-01,14,0.0,DISCOVERY,THESIS_PRESSURE,2024-10-21T15:15:00+00:00,2024-10-21T15:00:00+00:00,112,1,186,False,True,299,WITHIN_TOLERANCE,NEAR_ATM,0.3448275862068966,0.3448275862068966,11,D3,78,1729782000000,,False,78,10.05,10.0,-0.4975124378109541,251.00000000000003,-20.999999999999996,251.00000000000003,78,62,0.0,1.0,249.25373134328356,-21.39303482587065,False,SCORED_WINDOW
TSLA-0006,TSLA,O:TSLA241101C00217500,CALL,217.5,2024-11-01,14,0.0,DISCOVERY,THESIS_PRESSURE,2024-10-21T15:15:00+00:00,2024-10-21T15:00:00+00:00,112,1,186,False,True,299,WITHIN_TOLERANCE,NEAR_ATM,0.3448275862068966,0.3448275862068966,11,D5,130,1730127600000,,False,125,10.05,10.0,-0.4975124378109541,459.0,-20.999999999999996,454.0,123,62,-0.8944543828264706,0.9891067538126361,456.2189054726367,-21.39303482587065,False,SCORED_WINDOW
TSLA-0006,TSLA,O:TSLA241101C00217500,CALL,217.5,2024-11-01,14,0.0,DISCOVERY,THESIS_PRESSURE,2024-10-21T15:15:00+00:00,2024-10-21T15:00:00+00:00,112,1,186,False,True,299,WITHIN_TOLERANCE,NEAR_ATM,0.3448275862068966,0.3448275862068966,11,D10,260,1730736000000,CONTRACT_EXPIRY,True,186,10.05,10.0,-0.4975124378109541,459.0,-20.999999999999996,211.49999999999997,123,62,-44.27549194991055,0.4607843137254901,456.2189054726367,-21.39303482587065,False,SCORED_RIGHT_CENSORED
SPY-0005,SPY,O:SPY241104C00582000,CALL,582.0,2024-11-04,14,0.0,DISCOVERY,THESIS_PRESSURE,2024-10-21T15:45:00+00:00,2024-10-21T15:30:00+00:00,5,1,257,False,True,274,WITHIN_TOLERANCE,NEAR_ATM,0.06487972508591572,-0.06487972508591572,14,H1,4,1729528200000,,False,4,5.8,6.0,3.4482758620689724,7.333333333333347,0.0,3.0000000000000027,1,1,-4.037267080745355,0.40909090909090867,11.03448275862069,3.4482758620689724,False,SCORED_WINDOW
SPY-0005,SPY,O:SPY241104C00582000,CALL,582.0,2024-11-04,14,0.0,DISCOVERY,THESIS_PRESSURE,2024-10-21T15:45:00+00:00,2024-10-21T15:30:00+00:00,5,1,257,False,True,274,WITHIN_TOLERANCE,NEAR_ATM,0.06487972508591572,-0.06487972508591572,14,D1,26,1729611000000,,False,24,5.8,6.0,3.4482758620689724,16.666666666666675,-12.333333333333341,1.0000000000000009,15,16,-13.428571428571434,0.060000000000000026,20.68965517241379,-9.310344827586203,True,SCORED_WINDOW
SPY-0005,SPY,O:SPY241104C00582000,CALL,582.0,2024-11-04,14,0.0,DISCOVERY,THESIS_PRESSURE,2024-10-21T15:45:00+00:00,2024-10-21T15:30:00+00:00,5,1,257,False,True,274,WITHIN_TOLERANCE,NEAR_ATM,0.06487972508591572,-0.06487972508591572,14,D3,78,1729783800000,,False,73,5.8,6.0,3.4482758620689724,21.166666666666668,-47.833333333333336,-37.0,31,58,-48.00550206327373,-1.7480314960629921,25.344827586206886,-46.03448275862069,True,SCORED_WINDOW
SPY-0005,SPY,O:SPY241104C00582000,CALL,582.0,2024-11-04,14,0.0,DISCOVERY,THESIS_PRESSURE,2024-10-21T15:45:00+00:00,2024-10-21T15:30:00+00:00,5,1,257,False,True,274,WITHIN_TOLERANCE,NEAR_ATM,0.06487972508591572,-0.06487972508591572,14,D5,130,1730129400000,,False,124,5.8,6.0,3.4482758620689724,21.166666666666668,-47.833333333333336,-27.16666666666666,31,58,-39.88995873452544,-1.2834645669291336,25.344827586206886,-46.03448275862069,True,SCORED_WINDOW
SPY-0005,SPY,O:SPY241104C00582000,CALL,582.0,2024-11-04,14,0.0,DISCOVERY,THESIS_PRESSURE,2024-10-21T15:45:00+00:00,2024-10-21T15:30:00+00:00,5,1,257,False,True,274,WITHIN_TOLERANCE,NEAR_ATM,0.06487972508591572,-0.06487972508591572,14,D10,260,1730737800000,,False,259,5.8,6.0,3.4482758620689724,21.166666666666668,-99.83333333333333,-99.83333333333333,31,249,-99.86244841815682,-4.716535433070866,25.344827586206886,-99.82758620689656,True,SCORED_WINDOW
SPY-0006,SPY,O:SPY241105C00583000,CALL,583.0,2024-11-05,14,0.0,DISCOVERY,CONTINUATION,2024-10-22T17:45:00+00:00,2024-10-22T17:30:00+00:00,12,1,241,False,True,263,WITHIN_TOLERANCE,NEAR_ATM,0.07718696397942461,0.07718696397942461,14,H1,4,1729621800000,,False,4,6.32,6.45,2.0569620253164445,6.8217054263565835,-2.170542635658923,-2.170542635658923,2,4,-8.417997097242381,-0.3181818181818197,9.018987341772133,-0.15822784810127777,True,SCORED_WINDOW
SPY-0006,SPY,O:SPY241105C00583000,CALL,583.0,2024-11-05,14,0.0,DISCOVERY,CONTINUATION,2024-10-22T17:45:00+00:00,2024-10-22T17:30:00+00:00,12,1,241,False,True,263,WITHIN_TOLERANCE,NEAR_ATM,0.07718696397942461,0.07718696397942461,14,D1,26,1729704600000,,False,25,6.32,6.45,2.0569620253164445,6.8217054263565835,-48.372093023255815,-48.372093023255815,2,25,-51.66908563134977,-7.090909090909097,9.018987341772133,-47.31012658227848,True,SCORED_WINDOW
SPY-0006,SPY,O:SPY241105C00583000,CALL,583.0,2024-11-05,14,0.0,DISCOVERY,CONTINUATION,2024-10-22T17:45:00+00:00,2024-10-22T17:30:00+00:00,12,1,241,False,True,263,WITHIN_TOLERANCE,NEAR_ATM,0.07718696397942461,0.07718696397942461,14,D3,78,1729877400000,,False,64,6.32,6.45,2.0569620253164445,6.8217054263565835,-52.4031007751938,-42.325581395348834,2,28,-46.00870827285921,-6.2045454545454595,9.018987341772133,-51.4240506329114,True,SCORED_WINDOW
SPY-0006,SPY,O:SPY241105C00583000,CALL,583.0,2024-11-05,14,0.0,DISCOVERY,CONTINUATION,2024-10-22T17:45:00+00:00,2024-10-22T17:30:00+00:00,12,1,241,False,True,263,WITHIN_TOLERANCE,NEAR_ATM,0.07718696397942461,0.07718696397942461,14,D5,130,1730223000000,,False,110,6.32,6.45,2.0569620253164445,6.8217054263565835,-52.4031007751938,-34.41860465116279,2,28,-38.60667634252539,-5.045454545454549,9.018987341772133,-51.4240506329114,True,SCORED_WINDOW
SPY-0006,SPY,O:SPY241105C00583000,CALL,583.0,2024-11-05,14,0.0,DISCOVERY,CONTINUATION,2024-10-22T17:45:00+00:00,2024-10-22T17:30:00+00:00,12,1,241,False,True,263,WITHIN_TOLERANCE,NEAR_ATM,0.07718696397942461,0.07718696397942461,14,D10,260,1730831400000,,False,244,6.32,6.45,2.0569620253164445,6.8217054263565835,-99.84496124031008,-99.84496124031008,2,211,-99.85486211901306,-14.63636363636365,9.018987341772133,-99.84177215189874,True,SCORED_WINDOW
TSLA-0007,TSLA,O:TSLA241108C00250000,CALL,250.0,2024-11-08,14,0.0,DISCOVERY,RISK_OR_EXHAUSTION,2024-10-24T14:00:00+00:00,2024-10-24T13:45:00+00:00,131,1,310,False,True,442,WITHIN_TOLERANCE,NEAR_ATM,0.29199999999999593,-0.29199999999999593,15,H1,4,1729781100000,,False,4,10.9,10.99,0.8256880733944927,10.100090991810728,-11.737943585077348,6.915377616014551,3,1,-2.892561983471076,0.6846846846846846,11.009174311926607,-11.009174311926618,False,SCORED_WINDOW
TSLA-0007,TSLA,O:TSLA241108C00250000,CALL,250.0,2024-11-08,14,0.0,DISCOVERY,RISK_OR_EXHAUSTION,2024-10-24T14:00:00+00:00,2024-10-24T13:45:00+00:00,131,1,310,False,True,442,WITHIN_TOLERANCE,NEAR_ATM,0.29199999999999593,-0.29199999999999593,15,D1,26,1729863900000,,False,26,10.9,10.99,0.8256880733944927,130.84622383985442,-11.737943585077348,127.93448589626935,26,1,-1.2613322822231043,0.9777468706536857,132.75229357798165,-11.009174311926618,False,SCORED_WINDOW
TSLA-0007,TSLA,O:TSLA241108C00250000,CALL,250.0,2024-11-08,14,0.0,DISCOVERY,RISK_OR_EXHAUSTION,2024-10-24T14:00:00+00:00,2024-10-24T13:45:00+00:00,131,1,310,False,True,442,WITHIN_TOLERANCE,NEAR_ATM,0.29199999999999593,-0.29199999999999593,15,D3,78,1730209500000,,False,78,10.9,10.99,0.8256880733944927,153.8671519563239,-11.737943585077348,52.59326660600545,56,1,-39.89247311827957,0.34180958013010054,155.96330275229357,-11.009174311926618,False,SCORED_WINDOW
TSLA-0007,TSLA,O:TSLA241108C00250000,CALL,250.0,2024-11-08,14,0.0,DISCOVERY,RISK_OR_EXHAUSTION,2024-10-24T14:00:00+00:00,2024-10-24T13:45:00+00:00,131,1,310,False,True,442,WITHIN_TOLERANCE,NEAR_ATM,0.29199999999999593,-0.29199999999999593,15,D5,130,1730382300000,,False,130,10.9,10.99,0.8256880733944927,153.8671519563239,-11.737943585077348,4.185623293903551,56,1,-58.960573476702514,0.027202838557066844,155.96330275229357,-11.009174311926618,False,SCORED_WINDOW
TSLA-0007,TSLA,O:TSLA241108C00250000,CALL,250.0,2024-11-08,14,0.0,DISCOVERY,RISK_OR_EXHAUSTION,2024-10-24T14:00:00+00:00,2024-10-24T13:45:00+00:00,131,1,310,False,True,442,WITHIN_TOLERANCE,NEAR_ATM,0.29199999999999593,-0.29199999999999593,15,D10,260,1730990700000,,False,260,10.9,10.99,0.8256880733944927,277.6160145586897,-64.0582347588717,277.6160145586897,260,181,0.0,1.0,280.73394495412845,-63.76146788990826,False,SCORED_WINDOW
SPY-0007,SPY,O:SPY241107C00579000,CALL,579.0,2024-11-07,14,0.0,DISCOVERY,ENTRY_FORMING,2024-10-24T19:15:00+00:00,2024-10-24T19:00:00+00:00,16,0,149,False,False,171,WITHIN_TOLERANCE,NEAR_ATM,0.036269430051819755,0.036269430051819755,14,H1,4,1729863000000,,False,,,,,,,,,,,,,,,UNSCORED_SIGNAL_BAR_ABSENT
SPY-0007,SPY,O:SPY241107C00579000,CALL,579.0,2024-11-07,14,0.0,DISCOVERY,ENTRY_FORMING,2024-10-24T19:15:00+00:00,2024-10-24T19:00:00+00:00,16,0,149,False,False,171,WITHIN_TOLERANCE,NEAR_ATM,0.036269430051819755,0.036269430051819755,14,D1,26,1729882800000,,False,,,,,,,,,,,,,,,UNSCORED_SIGNAL_BAR_ABSENT
SPY-0007,SPY,O:SPY241107C00579000,CALL,579.0,2024-11-07,14,0.0,DISCOVERY,ENTRY_FORMING,2024-10-24T19:15:00+00:00,2024-10-24T19:00:00+00:00,16,0,149,False,False,171,WITHIN_TOLERANCE,NEAR_ATM,0.036269430051819755,0.036269430051819755,14,D3,78,1730228400000,,False,,,,,,,,,,,,,,,UNSCORED_SIGNAL_BAR_ABSENT
SPY-0007,SPY,O:SPY241107C00579000,CALL,579.0,2024-11-07,14,0.0,DISCOVERY,ENTRY_FORMING,2024-10-24T19:15:00+00:00,2024-10-24T19:00:00+00:00,16,0,149,False,False,171,WITHIN_TOLERANCE,NEAR_ATM,0.036269430051819755,0.036269430051819755,14,D5,130,1730401200000,,False,,,,,,,,,,,,,,,UNSCORED_SIGNAL_BAR_ABSENT
SPY-0007,SPY,O:SPY241107C00579000,CALL,579.0,2024-11-07,14,0.0,DISCOVERY,ENTRY_FORMING,2024-10-24T19:15:00+00:00,2024-10-24T19:00:00+00:00,16,0,149,False,False,171,WITHIN_TOLERANCE,NEAR_ATM,0.036269430051819755,0.036269430051819755,14,D10,260,1731009600000,,False,,,,,,,,,,,,,,,UNSCORED_SIGNAL_BAR_ABSENT
GME-0005,GME,O:GME241108C00020500,CALL,20.5,2024-11-08,14,0.0,DISCOVERY,ENTRY_FORMING,2024-10-25T14:00:00+00:00,2024-10-25T13:45:00+00:00,54,1,115,False,True,170,WITHIN_TOLERANCE,NEAR_ATM,0.8536585365853694,0.8536585365853694,14,H1,4,1729867500000,,False,3,1.06,0.91,-14.150943396226412,13.186813186813184,-6.593406593406604,13.186813186813184,3,3,0.0,1.0,-2.8301886792452824,-19.811320754716988,False,SCORED_WINDOW
GME-0005,GME,O:GME241108C00020500,CALL,20.5,2024-11-08,14,0.0,DISCOVERY,ENTRY_FORMING,2024-10-25T14:00:00+00:00,2024-10-25T13:45:00+00:00,54,1,115,False,True,170,WITHIN_TOLERANCE,NEAR_ATM,0.8536585365853694,0.8536585365853694,14,D1,26,1730123100000,,False,12,1.06,0.91,-14.150943396226412,49.45054945054945,-6.593406593406604,28.57142857142856,4,3,-13.970588235294123,0.5777777777777775,28.301886792452823,-19.811320754716988,False,SCORED_WINDOW
GME-0005,GME,O:GME241108C00020500,CALL,20.5,2024-11-08,14,0.0,DISCOVERY,ENTRY_FORMING,2024-10-25T14:00:00+00:00,2024-10-25T13:45:00+00:00,54,1,115,False,True,170,WITHIN_TOLERANCE,NEAR_ATM,0.8536585365853694,0.8536585365853694,14,D3,78,1730295900000,,False,40,1.06,0.91,-14.150943396226412,361.5384615384616,-6.593406593406604,361.5384615384616,40,3,0.0,1.0,296.22641509433964,-19.811320754716988,False,SCORED_WINDOW
GME-0005,GME,O:GME241108C00020500,CALL,20.5,2024-11-08,14,0.0,DISCOVERY,ENTRY_FORMING,2024-10-25T14:00:00+00:00,2024-10-25T13:45:00+00:00,54,1,115,False,True,170,WITHIN_TOLERANCE,NEAR_ATM,0.8536585365853694,0.8536585365853694,14,D5,130,1730468700000,,False,50,1.06,0.91,-14.150943396226412,361.5384615384616,-6.593406593406604,168.13186813186812,40,3,-41.90476190476191,0.46504559270516704,296.22641509433964,-19.811320754716988,False,SCORED_WINDOW
GME-0005,GME,O:GME241108C00020500,CALL,20.5,2024-11-08,14,0.0,DISCOVERY,ENTRY_FORMING,2024-10-25T14:00:00+00:00,2024-10-25T13:45:00+00:00,54,1,115,False,True,170,WITHIN_TOLERANCE,NEAR_ATM,0.8536585365853694,0.8536585365853694,14,D10,260,1731077100000,,False,99,1.06,0.91,-14.150943396226412,361.5384615384616,-6.593406593406604,284.6153846153846,40,3,-16.666666666666675,0.7872340425531913,296.22641509433964,-19.811320754716988,False,SCORED_WINDOW
GME-0006,GME,O:GME241115C00022500,CALL,22.5,2024-11-15,14,0.0,DISCOVERY,THESIS_PRESSURE,2024-10-31T15:45:00+00:00,2024-10-31T15:30:00+00:00,91,1,247,False,True,339,WITHIN_TOLERANCE,NEAR_ATM,0.9822222222222226,0.9822222222222226,15,H1,4,1730392200000,,False,3,1.69,1.68,-0.591715976331364,1.7857142857142794,-4.166666666666652,-2.3809523809523836,3,1,-4.093567251461994,-1.3333333333333395,1.183431952662728,-4.733727810650878,False,SCORED_WINDOW
GME-0006,GME,O:GME241115C00022500,CALL,22.5,2024-11-15,14,0.0,DISCOVERY,THESIS_PRESSURE,2024-10-31T15:45:00+00:00,2024-10-31T15:30:00+00:00,91,1,247,False,True,339,WITHIN_TOLERANCE,NEAR_ATM,0.9822222222222226,0.9822222222222226,15,D1,26,1730475000000,,False,20,1.69,1.68,-0.591715976331364,1.7857142857142794,-24.404761904761894,-20.238095238095234,3,11,-21.63742690058479,-11.333333333333371,1.183431952662728,-24.852071005917153,True,SCORED_WINDOW
GME-0006,GME,O:GME241115C00022500,CALL,22.5,2024-11-15,14,0.0,DISCOVERY,THESIS_PRESSURE,2024-10-31T15:45:00+00:00,2024-10-31T15:30:00+00:00,91,1,247,False,True,339,WITHIN_TOLERANCE,NEAR_ATM,0.9822222222222226,0.9822222222222226,15,D3,78,1730824200000,,False,66,1.69,1.68,-0.591715976331364,1.7857142857142794,-46.42857142857143,-34.52380952380951,3,35,-35.67251461988303,-19.333333333333396,1.183431952662728,-46.74556213017751,True,SCORED_WINDOW
GME-0006,GME,O:GME241115C00022500,CALL,22.5,2024-11-15,14,0.0,DISCOVERY,THESIS_PRESSURE,2024-10-31T15:45:00+00:00,2024-10-31T15:30:00+00:00,91,1,247,False,True,339,WITHIN_TOLERANCE,NEAR_ATM,0.9822222222222226,0.9822222222222226,15,D5,130,1730997000000,,False,112,1.69,1.68,-0.591715976331364,12.5,-46.42857142857143,-13.095238095238093,84,35,-22.751322751322746,-1.0476190476190474,11.834319526627212,-46.74556213017751,False,SCORED_WINDOW
GME-0006,GME,O:GME241115C00022500,CALL,22.5,2024-11-15,14,0.0,DISCOVERY,THESIS_PRESSURE,2024-10-31T15:45:00+00:00,2024-10-31T15:30:00+00:00,91,1,247,False,True,339,WITHIN_TOLERANCE,NEAR_ATM,0.9822222222222226,0.9822222222222226,15,D10,260,1731601800000,,False,217,1.69,1.68,-0.591715976331364,227.38095238095238,-46.42857142857143,212.5,167,35,-4.545454545454541,0.9345549738219895,225.44378698224853,-46.74556213017751,False,SCORED_WINDOW
LULU-0005,LULU,O:LULU241115C00310000,CALL,310.0,2024-11-15,14,0.0,DISCOVERY,RISK_OR_EXHAUSTION,2024-11-01T15:15:00+00:00,2024-11-01T15:00:00+00:00,97,1,183,False,True,281,WITHIN_TOLERANCE,NEAR_ATM,0.666322580645167,0.666322580645167,14,H1,4,1730476800000,,False,4,12.48,13.3,6.570512820512819,21.80451127819547,0.0,17.669172932330834,4,1,-3.3950617283950546,0.810344827586208,29.807692307692292,6.570512820512819,False,SCORED_WINDOW
LULU-0005,LULU,O:LULU241115C00310000,CALL,310.0,2024-11-15,14,0.0,DISCOVERY,RISK_OR_EXHAUSTION,2024-11-01T15:15:00+00:00,2024-11-01T15:00:00+00:00,97,1,183,False,True,281,WITHIN_TOLERANCE,NEAR_ATM,0.666322580645167,0.666322580645167,14,D1,26,1730736000000,,False,24,12.48,13.3,6.570512820512819,48.04511278195489,0.0,27.969924812030065,13,1,-13.560182833925861,0.5821596244131453,57.772435897435905,6.570512820512819,False,SCORED_WINDOW
LULU-0005,LULU,O:LULU241115C00310000,CALL,310.0,2024-11-15,14,0.0,DISCOVERY,RISK_OR_EXHAUSTION,2024-11-01T15:15:00+00:00,2024-11-01T15:00:00+00:00,97,1,183,False,True,281,WITHIN_TOLERANCE,NEAR_ATM,0.666322580645167,0.666322580645167,14,D3,78,1730908800000,,False,55,12.48,13.3,6.570512820512819,48.04511278195489,-36.09022556390977,-17.81954887218046,13,52,-44.48958862366684,-0.37089201877934286,57.772435897435905,-31.89102564102564,True,SCORED_WINDOW
LULU-0005,LULU,O:LULU241115C00310000,CALL,310.0,2024-11-15,14,0.0,DISCOVERY,RISK_OR_EXHAUSTION,2024-11-01T15:15:00+00:00,2024-11-01T15:00:00+00:00,97,1,183,False,True,281,WITHIN_TOLERANCE,NEAR_ATM,0.666322580645167,0.666322580645167,14,D5,130,1731081600000,,False,88,12.48,13.3,6.570512820512819,48.04511278195489,-50.82706766917293,-50.82706766917293,13,88,-66.78517013712543,-1.057902973395931,57.772435897435905,-47.59615384615385,True,SCORED_WINDOW
LULU-0005,LULU,O:LULU241115C00310000,CALL,310.0,2024-11-15,14,0.0,DISCOVERY,RISK_OR_EXHAUSTION,2024-11-01T15:15:00+00:00,2024-11-01T15:00:00+00:00,97,1,183,False,True,281,WITHIN_TOLERANCE,NEAR_ATM,0.666322580645167,0.666322580645167,14,D10,260,1731686400000,,False,166,12.48,13.3,6.570512820512819,84.9624060150376,-62.255639097744364,11.87969924812029,160,104,-39.51219512195122,0.13982300884955737,97.11538461538463,-59.775641025641036,False,SCORED_WINDOW
PYPL-0007,PYPL,O:PYPL241115C00077500,CALL,77.5,2024-11-15,14,0.0,DISCOVERY,THESIS_PRESSURE,2024-11-04T17:00:00+00:00,2024-11-04T16:45:00+00:00,82,1,104,False,True,187,WITHIN_TOLERANCE,NEAR_ATM,0.038709677419356305,-0.038709677419356305,11,H1,4,1730742300000,,False,1,1.94,2.01,3.6082474226803996,0.0,0.0,0.0,1,1,0.0,,3.6082474226803996,3.6082474226803996,False,SCORED_WINDOW
PYPL-0007,PYPL,O:PYPL241115C00077500,CALL,77.5,2024-11-15,14,0.0,DISCOVERY,THESIS_PRESSURE,2024-11-04T17:00:00+00:00,2024-11-04T16:45:00+00:00,82,1,104,False,True,187,WITHIN_TOLERANCE,NEAR_ATM,0.038709677419356305,-0.038709677419356305,11,D1,26,1730825100000,,False,14,1.94,2.01,3.6082474226803996,49.25373134328359,0.0,48.75621890547266,13,1,-0.33333333333332993,0.9898989898989902,54.639175257731964,3.6082474226803996,False,SCORED_WINDOW
PYPL-0007,PYPL,O:PYPL241115C00077500,CALL,77.5,2024-11-15,14,0.0,DISCOVERY,THESIS_PRESSURE,2024-11-04T17:00:00+00:00,2024-11-04T16:45:00+00:00,82,1,104,False,True,187,WITHIN_TOLERANCE,NEAR_ATM,0.038709677419356305,-0.038709677419356305,11,D3,78,1730997900000,,False,40,1.94,2.01,3.6082474226803996,171.1442786069652,0.0,138.80597014925377,38,1,-11.926605504587162,0.8110465116279071,180.92783505154642,3.6082474226803996,False,SCORED_WINDOW
PYPL-0007,PYPL,O:PYPL241115C00077500,CALL,77.5,2024-11-15,14,0.0,DISCOVERY,THESIS_PRESSURE,2024-11-04T17:00:00+00:00,2024-11-04T16:45:00+00:00,82,1,104,False,True,187,WITHIN_TOLERANCE,NEAR_ATM,0.038709677419356305,-0.038709677419356305,11,D5,130,1731343500000,,False,62,1.94,2.01,3.6082474226803996,397.5124378109453,0.0,397.5124378109453,62,1,0.0,1.0,415.46391752577324,3.6082474226803996,False,SCORED_WINDOW
PYPL-0007,PYPL,O:PYPL241115C00077500,CALL,77.5,2024-11-15,14,0.0,DISCOVERY,THESIS_PRESSURE,2024-11-04T17:00:00+00:00,2024-11-04T16:45:00+00:00,82,1,104,False,True,187,WITHIN_TOLERANCE,NEAR_ATM,0.038709677419356305,-0.038709677419356305,11,D10,260,1731948300000,CONTRACT_EXPIRY,True,104,1.94,2.01,3.6082474226803996,409.95024875621897,0.0,321.89054726368164,86,1,-17.268292682926823,0.7851941747572816,428.35051546391753,3.6082474226803996,False,SCORED_RIGHT_CENSORED
RBLX-0005,RBLX,O:RBLX241122C00051000,CALL,51.0,2024-11-22,14,0.0,DISCOVERY,CONTINUATION,2024-11-05T16:30:00+00:00,2024-11-05T16:15:00+00:00,27,1,140,False,True,168,WITHIN_TOLERANCE,NEAR_ATM,0.3605882352941202,-0.3605882352941202,17,H1,4,1730826900000,,False,0,,,,,,,,,,,,,,UNSCORED_NO_POST_SIGNAL_PRINT
RBLX-0005,RBLX,O:RBLX241122C00051000,CALL,51.0,2024-11-22,14,0.0,DISCOVERY,CONTINUATION,2024-11-05T16:30:00+00:00,2024-11-05T16:15:00+00:00,27,1,140,False,True,168,WITHIN_TOLERANCE,NEAR_ATM,0.3605882352941202,-0.3605882352941202,17,D1,26,1730909700000,,False,3,1.5,1.38,-8.000000000000007,26.811594202898558,0.0,26.811594202898558,3,1,0.0,1.0,16.666666666666675,-8.000000000000007,False,SCORED_WINDOW
RBLX-0005,RBLX,O:RBLX241122C00051000,CALL,51.0,2024-11-22,14,0.0,DISCOVERY,CONTINUATION,2024-11-05T16:30:00+00:00,2024-11-05T16:15:00+00:00,27,1,140,False,True,168,WITHIN_TOLERANCE,NEAR_ATM,0.3605882352941202,-0.3605882352941202,17,D3,78,1731082500000,,False,8,1.5,1.38,-8.000000000000007,121.01449275362319,0.0,106.52173913043481,6,1,-6.5573770491803245,0.8802395209580841,103.33333333333331,-8.000000000000007,False,SCORED_WINDOW
RBLX-0005,RBLX,O:RBLX241122C00051000,CALL,51.0,2024-11-22,14,0.0,DISCOVERY,CONTINUATION,2024-11-05T16:30:00+00:00,2024-11-05T16:15:00+00:00,27,1,140,False,True,168,WITHIN_TOLERANCE,NEAR_ATM,0.3605882352941202,-0.3605882352941202,17,D5,130,1731428100000,,False,18,1.5,1.38,-8.000000000000007,210.14492753623193,0.0,210.14492753623193,18,1,0.0,1.0,185.33333333333334,-8.000000000000007,False,SCORED_WINDOW
RBLX-0005,RBLX,O:RBLX241122C00051000,CALL,51.0,2024-11-22,14,0.0,DISCOVERY,CONTINUATION,2024-11-05T16:30:00+00:00,2024-11-05T16:15:00+00:00,27,1,140,False,True,168,WITHIN_TOLERANCE,NEAR_ATM,0.3605882352941202,-0.3605882352941202,17,D10,260,1732032900000,,False,79,1.5,1.38,-8.000000000000007,210.14492753623193,-64.4927536231884,44.927536231884076,18,72,-53.271028037383175,0.2137931034482759,185.33333333333334,-67.33333333333333,True,SCORED_WINDOW
RBLX-0006,RBLX,O:RBLX241122C00054000,CALL,54.0,2024-11-22,14,0.0,DISCOVERY,RISK_OR_EXHAUSTION,2024-11-07T20:00:00+00:00,2024-11-07T19:45:00+00:00,50,1,170,False,True,221,WITHIN_TOLERANCE,NEAR_ATM,0.8148148148148106,-0.8148148148148106,15,H1,4,1731012300000,,False,2,1.3,1.3,0.0,0.0,-18.461538461538463,-18.461538461538463,1,2,-18.461538461538463,,0.0,-18.461538461538463,True,SCORED_WINDOW
RBLX-0006,RBLX,O:RBLX241122C00054000,CALL,54.0,2024-11-22,14,0.0,DISCOVERY,RISK_OR_EXHAUSTION,2024-11-07T20:00:00+00:00,2024-11-07T19:45:00+00:00,50,1,170,False,True,221,WITHIN_TOLERANCE,NEAR_ATM,0.8148148148148106,-0.8148148148148106,15,D1,26,1731095100000,,False,16,1.3,1.3,0.0,7.692307692307687,-45.38461538461539,-40.0,4,12,-44.285714285714285,-5.200000000000004,7.692307692307687,-45.38461538461539,True,SCORED_WINDOW
RBLX-0006,RBLX,O:RBLX241122C00054000,CALL,54.0,2024-11-22,14,0.0,DISCOVERY,RISK_OR_EXHAUSTION,2024-11-07T20:00:00+00:00,2024-11-07T19:45:00+00:00,50,1,170,False,True,221,WITHIN_TOLERANCE,NEAR_ATM,0.8148148148148106,-0.8148148148148106,15,D3,78,1731440700000,,False,51,1.3,1.3,0.0,70.76923076923079,-45.38461538461539,45.38461538461538,41,12,-14.86486486486488,0.6413043478260867,70.76923076923079,-45.38461538461539,False,SCORED_WINDOW
RBLX-0006,RBLX,O:RBLX241122C00054000,CALL,54.0,2024-11-22,14,0.0,DISCOVERY,RISK_OR_EXHAUSTION,2024-11-07T20:00:00+00:00,2024-11-07T19:45:00+00:00,50,1,170,False,True,221,WITHIN_TOLERANCE,NEAR_ATM,0.8148148148148106,-0.8148148148148106,15,D5,130,1731613500000,,False,79,1.3,1.3,0.0,70.76923076923079,-59.23076923076923,-44.61538461538462,41,68,-67.56756756756756,-0.6304347826086956,70.76923076923079,-59.23076923076923,True,SCORED_WINDOW
RBLX-0006,RBLX,O:RBLX241122C00054000,CALL,54.0,2024-11-22,14,0.0,DISCOVERY,RISK_OR_EXHAUSTION,2024-11-07T20:00:00+00:00,2024-11-07T19:45:00+00:00,50,1,170,False,True,221,WITHIN_TOLERANCE,NEAR_ATM,0.8148148148148106,-0.8148148148148106,15,D10,260,1732218300000,,False,166,1.3,1.3,0.0,70.76923076923079,-99.23076923076923,-98.46153846153847,41,157,-99.09909909909909,-1.3913043478260867,70.76923076923079,-99.23076923076923,True,SCORED_WINDOW
GME-0007,GME,O:GME241122C00024500,CALL,24.5,2024-11-22,14,0.0,DISCOVERY,CONTINUATION,2024-11-08T17:45:00+00:00,2024-11-08T17:30:00+00:00,60,1,176,False,True,237,WITHIN_TOLERANCE,NEAR_ATM,0.32693877551021067,-0.32693877551021067,14,H1,4,1731090600000,,False,3,1.49,1.75,17.4496644295302,7.999999999999985,-13.142857142857146,5.714285714285716,1,2,-2.116402116402105,0.7142857142857159,26.8456375838926,2.0134228187919545,True,SCORED_WINDOW
GME-0007,GME,O:GME241122C00024500,CALL,24.5,2024-11-22,14,0.0,DISCOVERY,CONTINUATION,2024-11-08T17:45:00+00:00,2024-11-08T17:30:00+00:00,60,1,176,False,True,237,WITHIN_TOLERANCE,NEAR_ATM,0.32693877551021067,-0.32693877551021067,14,D1,26,1731346200000,,False,24,1.49,1.75,17.4496644295302,114.28571428571428,-13.142857142857146,68.0,18,2,-21.599999999999998,0.5950000000000001,151.67785234899327,2.0134228187919545,False,SCORED_WINDOW
GME-0007,GME,O:GME241122C00024500,CALL,24.5,2024-11-22,14,0.0,DISCOVERY,CONTINUATION,2024-11-08T17:45:00+00:00,2024-11-08T17:30:00+00:00,60,1,176,False,True,237,WITHIN_TOLERANCE,NEAR_ATM,0.32693877551021067,-0.32693877551021067,14,D3,78,1731519000000,,False,57,1.49,1.75,17.4496644295302,145.14285714285714,-13.142857142857146,142.85714285714283,30,2,-0.9324009324009341,0.9842519685039368,187.91946308724832,2.0134228187919545,False,SCORED_WINDOW
GME-0007,GME,O:GME241122C00024500,CALL,24.5,2024-11-22,14,0.0,DISCOVERY,CONTINUATION,2024-11-08T17:45:00+00:00,2024-11-08T17:30:00+00:00,60,1,176,False,True,237,WITHIN_TOLERANCE,NEAR_ATM,0.32693877551021067,-0.32693877551021067,14,D5,130,1731691800000,,False,83,1.49,1.75,17.4496644295302,145.14285714285714,-13.142857142857146,90.28571428571428,30,2,-22.377622377622373,0.6220472440944882,187.91946308724832,2.0134228187919545,False,SCORED_WINDOW
GME-0007,GME,O:GME241122C00024500,CALL,24.5,2024-11-22,14,0.0,DISCOVERY,CONTINUATION,2024-11-08T17:45:00+00:00,2024-11-08T17:30:00+00:00,60,1,176,False,True,237,WITHIN_TOLERANCE,NEAR_ATM,0.32693877551021067,-0.32693877551021067,14,D10,260,1732296600000,,False,165,1.49,1.75,17.4496644295302,185.71428571428572,-46.285714285714285,110.85714285714286,141,114,-26.200000000000003,0.5969230769230769,235.5704697986577,-36.91275167785235,False,SCORED_WINDOW
RBLX-0007,RBLX,O:RBLX241122C00052000,CALL,52.0,2024-11-22,14,0.0,DISCOVERY,THESIS_PRESSURE,2024-11-08T18:00:00+00:00,2024-11-08T17:45:00+00:00,61,0,166,False,False,227,WITHIN_TOLERANCE,NEAR_ATM,0.6923076923076912,0.6923076923076912,14,H1,4,1731091500000,,False,,,,,,,,,,,,,,,UNSCORED_SIGNAL_BAR_ABSENT
RBLX-0007,RBLX,O:RBLX241122C00052000,CALL,52.0,2024-11-22,14,0.0,DISCOVERY,THESIS_PRESSURE,2024-11-08T18:00:00+00:00,2024-11-08T17:45:00+00:00,61,0,166,False,False,227,WITHIN_TOLERANCE,NEAR_ATM,0.6923076923076912,0.6923076923076912,14,D1,26,1731347100000,,False,,,,,,,,,,,,,,,UNSCORED_SIGNAL_BAR_ABSENT
RBLX-0007,RBLX,O:RBLX241122C00052000,CALL,52.0,2024-11-22,14,0.0,DISCOVERY,THESIS_PRESSURE,2024-11-08T18:00:00+00:00,2024-11-08T17:45:00+00:00,61,0,166,False,False,227,WITHIN_TOLERANCE,NEAR_ATM,0.6923076923076912,0.6923076923076912,14,D3,78,1731519900000,,False,,,,,,,,,,,,,,,UNSCORED_SIGNAL_BAR_ABSENT
RBLX-0007,RBLX,O:RBLX241122C00052000,CALL,52.0,2024-11-22,14,0.0,DISCOVERY,THESIS_PRESSURE,2024-11-08T18:00:00+00:00,2024-11-08T17:45:00+00:00,61,0,166,False,False,227,WITHIN_TOLERANCE,NEAR_ATM,0.6923076923076912,0.6923076923076912,14,D5,130,1731692700000,,False,,,,,,,,,,,,,,,UNSCORED_SIGNAL_BAR_ABSENT
RBLX-0007,RBLX,O:RBLX241122C00052000,CALL,52.0,2024-11-22,14,0.0,DISCOVERY,THESIS_PRESSURE,2024-11-08T18:00:00+00:00,2024-11-08T17:45:00+00:00,61,0,166,False,False,227,WITHIN_TOLERANCE,NEAR_ATM,0.6923076923076912,0.6923076923076912,14,D10,260,1732297500000,,False,,,,,,,,,,,,,,,UNSCORED_SIGNAL_BAR_ABSENT
GME-0008,GME,O:GME241122C00025000,CALL,25.0,2024-11-22,14,0.0,DISCOVERY,RISK_OR_EXHAUSTION,2024-11-08T19:45:00+00:00,2024-11-08T19:30:00+00:00,133,1,263,False,True,397,WITHIN_TOLERANCE,NEAR_ATM,0.7995999999999981,0.7995999999999981,14,H1,4,1731097800000,,False,4,2.05,2.05,0.0,2.9268292682926855,-19.999999999999996,-12.195121951219502,1,4,-14.691943127962082,-4.166666666666659,2.9268292682926855,-19.999999999999996,True,SCORED_WINDOW
GME-0008,GME,O:GME241122C00025000,CALL,25.0,2024-11-22,14,0.0,DISCOVERY,RISK_OR_EXHAUSTION,2024-11-08T19:45:00+00:00,2024-11-08T19:30:00+00:00,133,1,263,False,True,397,WITHIN_TOLERANCE,NEAR_ATM,0.7995999999999981,0.7995999999999981,14,D1,26,1731353400000,,False,26,2.05,2.05,0.0,70.73170731707319,-26.341463414634138,68.29268292682929,11,6,-1.4285714285714235,0.9655172413793104,70.73170731707319,-26.341463414634138,False,SCORED_WINDOW
GME-0008,GME,O:GME241122C00025000,CALL,25.0,2024-11-22,14,0.0,DISCOVERY,RISK_OR_EXHAUSTION,2024-11-08T19:45:00+00:00,2024-11-08T19:30:00+00:00,133,1,263,False,True,397,WITHIN_TOLERANCE,NEAR_ATM,0.7995999999999981,0.7995999999999981,14,D3,78,1731526200000,,False,78,2.05,2.05,0.0,100.0,-26.341463414634138,46.34146341463416,28,6,-26.82926829268292,0.46341463414634165,100.0,-26.341463414634138,False,SCORED_WINDOW
GME-0008,GME,O:GME241122C00025000,CALL,25.0,2024-11-22,14,0.0,DISCOVERY,RISK_OR_EXHAUSTION,2024-11-08T19:45:00+00:00,2024-11-08T19:30:00+00:00,133,1,263,False,True,397,WITHIN_TOLERANCE,NEAR_ATM,0.7995999999999981,0.7995999999999981,14,D5,130,1731699000000,,False,130,2.05,2.05,0.0,100.0,-26.341463414634138,51.21951219512197,28,6,-24.390243902439014,0.5121951219512197,100.0,-26.341463414634138,False,SCORED_WINDOW
GME-0008,GME,O:GME241122C00025000,CALL,25.0,2024-11-22,14,0.0,DISCOVERY,RISK_OR_EXHAUSTION,2024-11-08T19:45:00+00:00,2024-11-08T19:30:00+00:00,133,1,263,False,True,397,WITHIN_TOLERANCE,NEAR_ATM,0.7995999999999981,0.7995999999999981,14,D10,260,1732303800000,,False,258,2.05,2.05,0.0,134.14634146341467,-46.341463414634134,33.17073170731708,203,162,-43.125,0.24727272727272726,134.14634146341467,-46.341463414634134,False,SCORED_WINDOW
PYPL-0008,PYPL,O:PYPL241129C00087000,CALL,87.0,2024-11-29,14,0.0,DISCOVERY,RISK_OR_EXHAUSTION,2024-11-13T17:45:00+00:00,2024-11-13T17:30:00+00:00,59,1,226,False,True,286,WITHIN_TOLERANCE,NEAR_ATM,0.48275862068965714,0.48275862068965714,16,H1,4,1731522600000,,False,2,2.5,2.57,2.8000000000000025,0.0,-1.5564202334630406,-1.5564202334630406,1,2,-1.5564202334630406,,2.8000000000000025,1.200000000000001,True,SCORED_WINDOW
PYPL-0008,PYPL,O:PYPL241129C00087000,CALL,87.0,2024-11-29,14,0.0,DISCOVERY,RISK_OR_EXHAUSTION,2024-11-13T17:45:00+00:00,2024-11-13T17:30:00+00:00,59,1,226,False,True,286,WITHIN_TOLERANCE,NEAR_ATM,0.48275862068965714,0.48275862068965714,16,D1,26,1731605400000,,False,16,2.5,2.57,2.8000000000000025,0.0,-29.961089494163417,-28.793774319066145,1,14,-28.793774319066145,,2.8000000000000025,-28.000000000000004,True,SCORED_WINDOW
PYPL-0008,PYPL,O:PYPL241129C00087000,CALL,87.0,2024-11-29,14,0.0,DISCOVERY,RISK_OR_EXHAUSTION,2024-11-13T17:45:00+00:00,2024-11-13T17:30:00+00:00,59,1,226,False,True,286,WITHIN_TOLERANCE,NEAR_ATM,0.48275862068965714,0.48275862068965714,16,D3,78,1731951000000,,False,50,2.5,2.57,2.8000000000000025,0.0,-59.92217898832685,-59.92217898832685,1,50,-59.92217898832685,,2.8000000000000025,-58.8,True,SCORED_WINDOW
PYPL-0008,PYPL,O:PYPL241129C00087000,CALL,87.0,2024-11-29,14,0.0,DISCOVERY,RISK_OR_EXHAUSTION,2024-11-13T17:45:00+00:00,2024-11-13T17:30:00+00:00,59,1,226,False,True,286,WITHIN_TOLERANCE,NEAR_ATM,0.48275862068965714,0.48275862068965714,16,D5,130,1732123800000,,False,90,2.5,2.57,2.8000000000000025,0.0,-84.8249027237354,-72.7626459143969,1,62,-72.7626459143969,,2.8000000000000025,-84.39999999999999,True,SCORED_WINDOW
PYPL-0008,PYPL,O:PYPL241129C00087000,CALL,87.0,2024-11-29,14,0.0,DISCOVERY,RISK_OR_EXHAUSTION,2024-11-13T17:45:00+00:00,2024-11-13T17:30:00+00:00,59,1,226,False,True,286,WITHIN_TOLERANCE,NEAR_ATM,0.48275862068965714,0.48275862068965714,16,D10,260,1732728600000,,False,201,2.5,2.57,2.8000000000000025,0.0,-88.715953307393,-82.8793774319066,1,196,-82.8793774319066,,2.8000000000000025,-88.4,True,SCORED_WINDOW
VALE-0005,VALE,O:VALE241206C00010000,CALL,10.0,2024-12-06,14,0.0,DISCOVERY,ENTRY_FORMING,2024-11-19T15:45:00+00:00,2024-11-19T15:30:00+00:00,47,0,134,False,False,181,WITHIN_TOLERANCE,NEAR_ATM,0.4499999999999993,0.4499999999999993,17,H1,4,1732033800000,,False,,,,,,,,,,,,,,,UNSCORED_SIGNAL_BAR_ABSENT
VALE-0005,VALE,O:VALE241206C00010000,CALL,10.0,2024-12-06,14,0.0,DISCOVERY,ENTRY_FORMING,2024-11-19T15:45:00+00:00,2024-11-19T15:30:00+00:00,47,0,134,False,False,181,WITHIN_TOLERANCE,NEAR_ATM,0.4499999999999993,0.4499999999999993,17,D1,26,1732116600000,,False,,,,,,,,,,,,,,,UNSCORED_SIGNAL_BAR_ABSENT
VALE-0005,VALE,O:VALE241206C00010000,CALL,10.0,2024-12-06,14,0.0,DISCOVERY,ENTRY_FORMING,2024-11-19T15:45:00+00:00,2024-11-19T15:30:00+00:00,47,0,134,False,False,181,WITHIN_TOLERANCE,NEAR_ATM,0.4499999999999993,0.4499999999999993,17,D3,78,1732289400000,,False,,,,,,,,,,,,,,,UNSCORED_SIGNAL_BAR_ABSENT
VALE-0005,VALE,O:VALE241206C00010000,CALL,10.0,2024-12-06,14,0.0,DISCOVERY,ENTRY_FORMING,2024-11-19T15:45:00+00:00,2024-11-19T15:30:00+00:00,47,0,134,False,False,181,WITHIN_TOLERANCE,NEAR_ATM,0.4499999999999993,0.4499999999999993,17,D5,130,1732635000000,,False,,,,,,,,,,,,,,,UNSCORED_SIGNAL_BAR_ABSENT
VALE-0005,VALE,O:VALE241206C00010000,CALL,10.0,2024-12-06,14,0.0,DISCOVERY,ENTRY_FORMING,2024-11-19T15:45:00+00:00,2024-11-19T15:30:00+00:00,47,0,134,False,False,181,WITHIN_TOLERANCE,NEAR_ATM,0.4499999999999993,0.4499999999999993,17,D10,260,1733337000000,,False,,,,,,,,,,,,,,,UNSCORED_SIGNAL_BAR_ABSENT
LULU-0006,LULU,O:LULU241206C00307500,CALL,307.5,2024-12-06,14,0.0,DISCOVERY,ENTRY_FORMING,2024-11-20T20:45:00+00:00,2024-11-20T20:30:00+00:00,5,0,63,False,False,68,WITHIN_TOLERANCE,NEAR_ATM,0.18211382113821212,-0.18211382113821212,16,H1,4,1732201200000,,False,,,,,,,,,,,,,,,UNSCORED_SIGNAL_BAR_ABSENT
LULU-0006,LULU,O:LULU241206C00307500,CALL,307.5,2024-12-06,14,0.0,DISCOVERY,ENTRY_FORMING,2024-11-20T20:45:00+00:00,2024-11-20T20:30:00+00:00,5,0,63,False,False,68,WITHIN_TOLERANCE,NEAR_ATM,0.18211382113821212,-0.18211382113821212,16,D1,26,1732221000000,,False,,,,,,,,,,,,,,,UNSCORED_SIGNAL_BAR_ABSENT
LULU-0006,LULU,O:LULU241206C00307500,CALL,307.5,2024-12-06,14,0.0,DISCOVERY,ENTRY_FORMING,2024-11-20T20:45:00+00:00,2024-11-20T20:30:00+00:00,5,0,63,False,False,68,WITHIN_TOLERANCE,NEAR_ATM,0.18211382113821212,-0.18211382113821212,16,D3,78,1732566600000,,False,,,,,,,,,,,,,,,UNSCORED_SIGNAL_BAR_ABSENT
LULU-0006,LULU,O:LULU241206C00307500,CALL,307.5,2024-12-06,14,0.0,DISCOVERY,ENTRY_FORMING,2024-11-20T20:45:00+00:00,2024-11-20T20:30:00+00:00,5,0,63,False,False,68,WITHIN_TOLERANCE,NEAR_ATM,0.18211382113821212,-0.18211382113821212,16,D5,130,1732739400000,,False,,,,,,,,,,,,,,,UNSCORED_SIGNAL_BAR_ABSENT
LULU-0006,LULU,O:LULU241206C00307500,CALL,307.5,2024-12-06,14,0.0,DISCOVERY,ENTRY_FORMING,2024-11-20T20:45:00+00:00,2024-11-20T20:30:00+00:00,5,0,63,False,False,68,WITHIN_TOLERANCE,NEAR_ATM,0.18211382113821212,-0.18211382113821212,16,D10,260,1733504400000,,False,,,,,,,,,,,,,,,UNSCORED_SIGNAL_BAR_ABSENT
PYPL-0009,PYPL,O:PYPL241206C00085000,CALL,85.0,2024-12-06,14,0.0,DISCOVERY,ENTRY_FORMING,2024-11-20T20:45:00+00:00,2024-11-20T20:30:00+00:00,86,1,200,False,True,287,WITHIN_TOLERANCE,NEAR_ATM,0.46470588235293653,-0.46470588235293653,16,H1,4,1732201200000,,False,4,2.07,2.08,0.48309178743961567,6.730769230769229,-3.3653846153846256,6.730769230769229,4,2,0.0,1.0,7.246376811594213,-2.898550724637683,False,SCORED_WINDOW
PYPL-0009,PYPL,O:PYPL241206C00085000,CALL,85.0,2024-12-06,14,0.0,DISCOVERY,ENTRY_FORMING,2024-11-20T20:45:00+00:00,2024-11-20T20:30:00+00:00,86,1,200,False,True,287,WITHIN_TOLERANCE,NEAR_ATM,0.46470588235293653,-0.46470588235293653,16,D1,26,1732221000000,,False,21,2.07,2.08,0.48309178743961567,13.942307692307686,-7.211538461538469,6.730769230769229,15,7,-6.329113924050633,0.48275862068965525,14.492753623188426,-6.763285024154586,False,SCORED_WINDOW
PYPL-0009,PYPL,O:PYPL241206C00085000,CALL,85.0,2024-12-06,14,0.0,DISCOVERY,ENTRY_FORMING,2024-11-20T20:45:00+00:00,2024-11-20T20:30:00+00:00,86,1,200,False,True,287,WITHIN_TOLERANCE,NEAR_ATM,0.46470588235293653,-0.46470588235293653,16,D3,78,1732566600000,,False,58,2.07,2.08,0.48309178743961567,109.13461538461537,-7.211538461538469,54.32692307692306,45,7,-26.206896551724135,0.4977973568281937,110.14492753623189,-6.763285024154586,False,SCORED_WINDOW
PYPL-0009,PYPL,O:PYPL241206C00085000,CALL,85.0,2024-12-06,14,0.0,DISCOVERY,ENTRY_FORMING,2024-11-20T20:45:00+00:00,2024-11-20T20:30:00+00:00,86,1,200,False,True,287,WITHIN_TOLERANCE,NEAR_ATM,0.46470588235293653,-0.46470588235293653,16,D5,130,1732739400000,,False,85,2.07,2.08,0.48309178743961567,109.13461538461537,-7.211538461538469,15.384615384615374,45,7,-44.827586206896555,0.14096916299559464,110.14492753623189,-6.763285024154586,False,SCORED_WINDOW
PYPL-0009,PYPL,O:PYPL241206C00085000,CALL,85.0,2024-12-06,14,0.0,DISCOVERY,ENTRY_FORMING,2024-11-20T20:45:00+00:00,2024-11-20T20:30:00+00:00,86,1,200,False,True,287,WITHIN_TOLERANCE,NEAR_ATM,0.46470588235293653,-0.46470588235293653,16,D10,260,1733504400000,,False,188,2.07,2.08,0.48309178743961567,148.0769230769231,-51.92307692307693,110.09615384615384,166,140,-15.310077519379849,0.7435064935064933,149.27536231884062,-51.690821256038646,False,SCORED_WINDOW
VALE-0006,VALE,O:VALE241206C00010000,CALL,10.0,2024-12-06,14,0.0,DISCOVERY,THESIS_PRESSURE,2024-11-21T14:45:00+00:00,2024-11-21T14:30:00+00:00,52,1,128,False,True,181,WITHIN_TOLERANCE,NEAR_ATM,1.5119999999999933,-1.5119999999999933,15,H1,4,1732203000000,,False,0,,,,,,,,,,,,,,UNSCORED_NO_POST_SIGNAL_PRINT
VALE-0006,VALE,O:VALE241206C00010000,CALL,10.0,2024-12-06,14,0.0,DISCOVERY,THESIS_PRESSURE,2024-11-21T14:45:00+00:00,2024-11-21T14:30:00+00:00,52,1,128,False,True,181,WITHIN_TOLERANCE,NEAR_ATM,1.5119999999999933,-1.5119999999999933,15,D1,26,1732285800000,,False,12,0.19,0.16,-15.789473684210531,37.5,0.0,31.25,6,1,-4.545454545454552,0.8333333333333334,15.789473684210531,-15.789473684210531,False,SCORED_WINDOW
VALE-0006,VALE,O:VALE241206C00010000,CALL,10.0,2024-12-06,14,0.0,DISCOVERY,THESIS_PRESSURE,2024-11-21T14:45:00+00:00,2024-11-21T14:30:00+00:00,52,1,128,False,True,181,WITHIN_TOLERANCE,NEAR_ATM,1.5119999999999933,-1.5119999999999933,15,D3,78,1732631400000,,False,25,0.19,0.16,-15.789473684210531,93.75,-6.25,-6.25,22,25,-51.61290322580645,-0.06666666666666667,63.1578947368421,-21.052631578947366,True,SCORED_WINDOW
VALE-0006,VALE,O:VALE241206C00010000,CALL,10.0,2024-12-06,14,0.0,DISCOVERY,THESIS_PRESSURE,2024-11-21T14:45:00+00:00,2024-11-21T14:30:00+00:00,52,1,128,False,True,181,WITHIN_TOLERANCE,NEAR_ATM,1.5119999999999933,-1.5119999999999933,15,D5,130,1732890600000,,False,51,0.19,0.16,-15.789473684210531,93.75,-75.0,-75.0,22,51,-87.09677419354838,-0.8,63.1578947368421,-78.94736842105263,True,SCORED_WINDOW
VALE-0006,VALE,O:VALE241206C00010000,CALL,10.0,2024-12-06,14,0.0,DISCOVERY,THESIS_PRESSURE,2024-11-21T14:45:00+00:00,2024-11-21T14:30:00+00:00,52,1,128,False,True,181,WITHIN_TOLERANCE,NEAR_ATM,1.5119999999999933,-1.5119999999999933,15,D10,260,1733506200000,,False,123,0.19,0.16,-15.789473684210531,93.75,-93.75,-93.75,22,101,-96.7741935483871,-1.0,63.1578947368421,-94.73684210526316,True,SCORED_WINDOW
U-0007,U,O:U241206C00022500,CALL,22.5,2024-12-06,14,0.0,DISCOVERY,RISK_OR_EXHAUSTION,2024-11-21T20:00:00+00:00,2024-11-21T19:45:00+00:00,30,0,53,False,False,83,WITHIN_TOLERANCE,NEAR_ATM,0.37777777777778154,0.37777777777778154,15,H1,4,1732221900000,,False,,,,,,,,,,,,,,,UNSCORED_SIGNAL_BAR_ABSENT
U-0007,U,O:U241206C00022500,CALL,22.5,2024-12-06,14,0.0,DISCOVERY,RISK_OR_EXHAUSTION,2024-11-21T20:00:00+00:00,2024-11-21T19:45:00+00:00,30,0,53,False,False,83,WITHIN_TOLERANCE,NEAR_ATM,0.37777777777778154,0.37777777777778154,15,D1,26,1732304700000,,False,,,,,,,,,,,,,,,UNSCORED_SIGNAL_BAR_ABSENT
U-0007,U,O:U241206C00022500,CALL,22.5,2024-12-06,14,0.0,DISCOVERY,RISK_OR_EXHAUSTION,2024-11-21T20:00:00+00:00,2024-11-21T19:45:00+00:00,30,0,53,False,False,83,WITHIN_TOLERANCE,NEAR_ATM,0.37777777777778154,0.37777777777778154,15,D3,78,1732650300000,,False,,,,,,,,,,,,,,,UNSCORED_SIGNAL_BAR_ABSENT
U-0007,U,O:U241206C00022500,CALL,22.5,2024-12-06,14,0.0,DISCOVERY,RISK_OR_EXHAUSTION,2024-11-21T20:00:00+00:00,2024-11-21T19:45:00+00:00,30,0,53,False,False,83,WITHIN_TOLERANCE,NEAR_ATM,0.37777777777778154,0.37777777777778154,15,D5,130,1733156100000,,False,,,,,,,,,,,,,,,UNSCORED_SIGNAL_BAR_ABSENT
U-0007,U,O:U241206C00022500,CALL,22.5,2024-12-06,14,0.0,DISCOVERY,RISK_OR_EXHAUSTION,2024-11-21T20:00:00+00:00,2024-11-21T19:45:00+00:00,30,0,53,False,False,83,WITHIN_TOLERANCE,NEAR_ATM,0.37777777777778154,0.37777777777778154,15,D10,260,1733760900000,CONTRACT_EXPIRY,True,,,,,,,,,,,,,,,UNSCORED_SIGNAL_BAR_ABSENT
PYPL-0010,PYPL,O:PYPL241206C00086000,CALL,86.0,2024-12-06,14,0.0,DISCOVERY,CONTINUATION,2024-11-22T14:45:00+00:00,2024-11-22T14:30:00+00:00,66,1,172,False,True,239,WITHIN_TOLERANCE,NEAR_ATM,0.06976744186046777,-0.06976744186046777,14,H1,4,1732289400000,,False,4,2.03,1.93,-4.92610837438423,6.217616580310881,-4.663212435233155,6.217616580310881,4,3,0.0,1.0,0.9852216748768461,-9.359605911330037,False,SCORED_WINDOW
PYPL-0010,PYPL,O:PYPL241206C00086000,CALL,86.0,2024-12-06,14,0.0,DISCOVERY,CONTINUATION,2024-11-22T14:45:00+00:00,2024-11-22T14:30:00+00:00,66,1,172,False,True,239,WITHIN_TOLERANCE,NEAR_ATM,0.06976744186046777,-0.06976744186046777,14,D1,26,1732545000000,,False,19,2.03,1.93,-4.92610837438423,81.34715025906736,-4.663212435233155,81.34715025906736,19,3,0.0,1.0,72.41379310344828,-9.359605911330037,False,SCORED_WINDOW
PYPL-0010,PYPL,O:PYPL241206C00086000,CALL,86.0,2024-12-06,14,0.0,DISCOVERY,CONTINUATION,2024-11-22T14:45:00+00:00,2024-11-22T14:30:00+00:00,66,1,172,False,True,239,WITHIN_TOLERANCE,NEAR_ATM,0.06976744186046777,-0.06976744186046777,14,D3,78,1732717800000,,False,41,2.03,1.93,-4.92610837438423,81.34715025906736,-4.663212435233155,25.38860103626943,19,3,-30.85714285714286,0.31210191082802546,72.41379310344828,-9.359605911330037,False,SCORED_WINDOW
PYPL-0010,PYPL,O:PYPL241206C00086000,CALL,86.0,2024-12-06,14,0.0,DISCOVERY,CONTINUATION,2024-11-22T14:45:00+00:00,2024-11-22T14:30:00+00:00,66,1,172,False,True,239,WITHIN_TOLERANCE,NEAR_ATM,0.06976744186046777,-0.06976744186046777,14,D5,130,1733160600000,,False,82,2.03,1.93,-4.92610837438423,81.34715025906736,-40.932642487046635,-32.12435233160621,19,75,-62.57142857142857,-0.394904458598726,72.41379310344828,-43.84236453201971,True,SCORED_WINDOW
PYPL-0010,PYPL,O:PYPL241206C00086000,CALL,86.0,2024-12-06,14,0.0,DISCOVERY,CONTINUATION,2024-11-22T14:45:00+00:00,2024-11-22T14:30:00+00:00,66,1,172,False,True,239,WITHIN_TOLERANCE,NEAR_ATM,0.06976744186046777,-0.06976744186046777,14,D10,260,1733765400000,CONTRACT_EXPIRY,True,172,2.03,1.93,-4.92610837438423,120.72538860103626,-70.98445595854922,81.34715025906736,144,122,-17.84037558685445,0.6738197424892705,109.85221674876846,-72.41379310344827,False,SCORED_RIGHT_CENSORED
RBLX-0008,RBLX,O:RBLX241213C00050000,CALL,50.0,2024-12-13,14,0.0,DISCOVERY,ENTRY_FORMING,2024-11-29T14:45:00+00:00,2024-11-29T14:30:00+00:00,36,1,62,False,True,99,WITHIN_TOLERANCE,NEAR_ATM,0.15980000000000416,0.15980000000000416,14,H1,4,1732894200000,,False,3,1.52,1.41,-7.236842105263164,25.531914893617035,0.0,25.531914893617035,3,1,0.0,1.0,16.447368421052634,-7.236842105263164,False,SCORED_WINDOW
RBLX-0008,RBLX,O:RBLX241213C00050000,CALL,50.0,2024-12-13,14,0.0,DISCOVERY,ENTRY_FORMING,2024-11-29T14:45:00+00:00,2024-11-29T14:30:00+00:00,36,1,62,False,True,99,WITHIN_TOLERANCE,NEAR_ATM,0.15980000000000416,0.15980000000000416,14,D1,26,1733160600000,,False,20,1.52,1.41,-7.236842105263164,123.40425531914896,0.0,116.31205673758865,20,1,-3.1746031746031744,0.9425287356321836,107.23684210526314,-7.236842105263164,False,SCORED_WINDOW
RBLX-0008,RBLX,O:RBLX241213C00050000,CALL,50.0,2024-12-13,14,0.0,DISCOVERY,ENTRY_FORMING,2024-11-29T14:45:00+00:00,2024-11-29T14:30:00+00:00,36,1,62,False,True,99,WITHIN_TOLERANCE,NEAR_ATM,0.15980000000000416,0.15980000000000416,14,D3,78,1733333400000,,False,36,1.52,1.41,-7.236842105263164,190.78014184397162,0.0,180.14184397163123,33,1,-3.658536585365846,0.9442379182156135,169.73684210526315,-7.236842105263164,False,SCORED_WINDOW
RBLX-0008,RBLX,O:RBLX241213C00050000,CALL,50.0,2024-12-13,14,0.0,DISCOVERY,ENTRY_FORMING,2024-11-29T14:45:00+00:00,2024-11-29T14:30:00+00:00,36,1,62,False,True,99,WITHIN_TOLERANCE,NEAR_ATM,0.15980000000000416,0.15980000000000416,14,D5,130,1733506200000,,False,48,1.52,1.41,-7.236842105263164,545.3900709219857,0.0,545.3900709219857,48,1,0.0,1.0,498.6842105263157,-7.236842105263164,False,SCORED_WINDOW
RBLX-0008,RBLX,O:RBLX241213C00050000,CALL,50.0,2024-12-13,14,0.0,DISCOVERY,ENTRY_FORMING,2024-11-29T14:45:00+00:00,2024-11-29T14:30:00+00:00,36,1,62,False,True,99,WITHIN_TOLERANCE,NEAR_ATM,0.15980000000000416,0.15980000000000416,14,D10,260,1734111000000,,False,61,1.52,1.41,-7.236842105263164,665.9574468085108,0.0,605.6737588652483,56,1,-7.870370370370383,0.9094781682641107,610.5263157894738,-7.236842105263164,False,SCORED_WINDOW
TSLA-0008,TSLA,O:TSLA241213C00340000,CALL,340.0,2024-12-13,14,0.0,DISCOVERY,ENTRY_FORMING,2024-11-29T15:00:00+00:00,2024-11-29T14:45:00+00:00,101,1,245,False,True,347,WITHIN_TOLERANCE,NEAR_ATM,0.34108823529411375,-0.34108823529411375,14,H1,4,1732895100000,,False,4,12.8,12.85,0.390625,13.618677042801552,-3.5019455252918275,-0.7782101167315147,2,1,-12.671232876712324,-0.057142857142856954,14.0625,-3.125,False,SCORED_WINDOW
TSLA-0008,TSLA,O:TSLA241213C00340000,CALL,340.0,2024-12-13,14,0.0,DISCOVERY,ENTRY_FORMING,2024-11-29T15:00:00+00:00,2024-11-29T14:45:00+00:00,101,1,245,False,True,347,WITHIN_TOLERANCE,NEAR_ATM,0.34108823529411375,-0.34108823529411375,14,D1,26,1733161500000,,False,26,12.8,12.85,0.390625,98.44357976653697,-6.692607003891049,92.60700389105058,13,6,-2.941176470588236,0.9407114624505928,99.21875,-6.328125000000007,False,SCORED_WINDOW
TSLA-0008,TSLA,O:TSLA241213C00340000,CALL,340.0,2024-12-13,14,0.0,DISCOVERY,ENTRY_FORMING,2024-11-29T15:00:00+00:00,2024-11-29T14:45:00+00:00,101,1,245,False,True,347,WITHIN_TOLERANCE,NEAR_ATM,0.34108823529411375,-0.34108823529411375,14,D3,78,1733334300000,,False,78,12.8,12.85,0.390625,102.49027237354085,-6.692607003891049,37.7431906614786,37,6,-31.97540353574174,0.36826119969627946,103.28124999999999,-6.328125000000007,False,SCORED_WINDOW
TSLA-0008,TSLA,O:TSLA241213C00340000,CALL,340.0,2024-12-13,14,0.0,DISCOVERY,ENTRY_FORMING,2024-11-29T15:00:00+00:00,2024-11-29T14:45:00+00:00,101,1,245,False,True,347,WITHIN_TOLERANCE,NEAR_ATM,0.34108823529411375,-0.34108823529411375,14,D5,130,1733507100000,,False,130,12.8,12.85,0.390625,203.50194552529183,-6.692607003891049,180.23346303501944,117,6,-7.666666666666677,0.8856596558317399,204.6875,-6.328125000000007,False,SCORED_WINDOW
TSLA-0008,TSLA,O:TSLA241213C00340000,CALL,340.0,2024-12-13,14,0.0,DISCOVERY,ENTRY_FORMING,2024-11-29T15:00:00+00:00,2024-11-29T14:45:00+00:00,101,1,245,False,True,347,WITHIN_TOLERANCE,NEAR_ATM,0.34108823529411375,-0.34108823529411375,14,D10,260,1734111900000,,False,233,12.8,12.85,0.390625,601.9455252918289,-6.692607003891049,584.0466926070039,225,6,-2.54988913525499,0.9702650290885585,604.6875,-6.328125000000007,False,SCORED_WINDOW
SPY-0008,SPY,O:SPY241218C00608000,CALL,608.0,2024-12-18,14,0.0,DISCOVERY,RISK_OR_EXHAUSTION,2024-12-04T21:00:00+00:00,2024-12-04T20:45:00+00:00,13,1,244,False,True,268,WITHIN_TOLERANCE,NEAR_ATM,0.06414473684210302,-0.06414473684210302,14,H1,4,1733411700000,,False,4,5.01,4.87,-2.7944111776447067,3.901437371663241,-1.0266940451745366,3.901437371663241,4,2,0.0,1.0,0.9980039920159722,-3.792415169660668,False,SCORED_WINDOW
SPY-0008,SPY,O:SPY241218C00608000,CALL,608.0,2024-12-18,14,0.0,DISCOVERY,RISK_OR_EXHAUSTION,2024-12-04T21:00:00+00:00,2024-12-04T20:45:00+00:00,13,1,244,False,True,268,WITHIN_TOLERANCE,NEAR_ATM,0.06414473684210302,-0.06414473684210302,14,D1,26,1733431500000,,False,22,5.01,4.87,-2.7944111776447067,7.802874743326482,-13.757700205338807,-13.757700205338807,12,22,-19.999999999999996,-1.7631578947368434,4.790419161676662,-16.167664670658677,True,SCORED_WINDOW
SPY-0008,SPY,O:SPY241218C00608000,CALL,608.0,2024-12-18,14,0.0,DISCOVERY,RISK_OR_EXHAUSTION,2024-12-04T21:00:00+00:00,2024-12-04T20:45:00+00:00,13,1,244,False,True,268,WITHIN_TOLERANCE,NEAR_ATM,0.06414473684210302,-0.06414473684210302,14,D3,78,1733777100000,,False,70,5.01,4.87,-2.7944111776447067,7.802874743326482,-50.71868583162218,-47.63860369609857,12,70,-51.42857142857144,-6.1052631578947425,4.790419161676662,-52.09580838323353,True,SCORED_WINDOW
SPY-0008,SPY,O:SPY241218C00608000,CALL,608.0,2024-12-18,14,0.0,DISCOVERY,RISK_OR_EXHAUSTION,2024-12-04T21:00:00+00:00,2024-12-04T20:45:00+00:00,13,1,244,False,True,268,WITHIN_TOLERANCE,NEAR_ATM,0.06414473684210302,-0.06414473684210302,14,D5,130,1733949900000,,False,118,5.01,4.87,-2.7944111776447067,7.802874743326482,-66.94045174537987,-36.34496919917864,12,90,-40.95238095238095,-4.657894736842109,4.790419161676662,-67.86427145708582,True,SCORED_WINDOW
SPY-0008,SPY,O:SPY241218C00608000,CALL,608.0,2024-12-18,14,0.0,DISCOVERY,RISK_OR_EXHAUSTION,2024-12-04T21:00:00+00:00,2024-12-04T20:45:00+00:00,13,1,244,False,True,268,WITHIN_TOLERANCE,NEAR_ATM,0.06414473684210302,-0.06414473684210302,14,D10,260,1734554700000,,False,253,5.01,4.87,-2.7944111776447067,7.802874743326482,-99.7946611909651,-99.7946611909651,12,249,-99.80952380952381,-12.789473684210538,4.790419161676662,-99.8003992015968,True,SCORED_WINDOW
U-0008,U,O:U241220C00026000,CALL,26.0,2024-12-20,14,0.0,DISCOVERY,ENTRY_FORMING,2024-12-04T21:00:00+00:00,2024-12-04T20:45:00+00:00,65,1,216,False,True,282,WITHIN_TOLERANCE,NEAR_ATM,1.2692307692307625,1.2692307692307625,16,H1,4,1733411700000,,False,4,1.62,1.73,6.790123456790109,31.213872832369937,-13.294797687861271,-4.624277456647407,2,3,-27.312775330396477,-0.14814814814814845,40.123456790123456,-7.407407407407418,True,SCORED_WINDOW
U-0008,U,O:U241220C00026000,CALL,26.0,2024-12-20,14,0.0,DISCOVERY,ENTRY_FORMING,2024-12-04T21:00:00+00:00,2024-12-04T20:45:00+00:00,65,1,216,False,True,282,WITHIN_TOLERANCE,NEAR_ATM,1.2692307692307625,1.2692307692307625,16,D1,26,1733431500000,,False,24,1.62,1.73,6.790123456790109,160.1156069364162,-19.075144508670526,102.31213872832372,23,17,-22.22222222222222,0.6389891696750902,177.77777777777777,-13.580246913580263,False,SCORED_WINDOW
U-0008,U,O:U241220C00026000,CALL,26.0,2024-12-20,14,0.0,DISCOVERY,ENTRY_FORMING,2024-12-04T21:00:00+00:00,2024-12-04T20:45:00+00:00,65,1,216,False,True,282,WITHIN_TOLERANCE,NEAR_ATM,1.2692307692307625,1.2692307692307625,16,D3,78,1733777100000,,False,54,1.62,1.73,6.790123456790109,160.1156069364162,-19.075144508670526,70.52023121387285,23,17,-34.44444444444444,0.44043321299638993,177.77777777777777,-13.580246913580263,False,SCORED_WINDOW
U-0008,U,O:U241220C00026000,CALL,26.0,2024-12-20,14,0.0,DISCOVERY,ENTRY_FORMING,2024-12-04T21:00:00+00:00,2024-12-04T20:45:00+00:00,65,1,216,False,True,282,WITHIN_TOLERANCE,NEAR_ATM,1.2692307692307625,1.2692307692307625,16,D5,130,1733949900000,,False,82,1.62,1.73,6.790123456790109,160.1156069364162,-19.075144508670526,8.092485549132956,23,17,-58.44444444444444,0.0505415162454874,177.77777777777777,-13.580246913580263,False,SCORED_WINDOW
U-0008,U,O:U241220C00026000,CALL,26.0,2024-12-20,14,0.0,DISCOVERY,ENTRY_FORMING,2024-12-04T21:00:00+00:00,2024-12-04T20:45:00+00:00,65,1,216,False,True,282,WITHIN_TOLERANCE,NEAR_ATM,1.2692307692307625,1.2692307692307625,16,D10,260,1734554700000,,False,189,1.62,1.73,6.790123456790109,160.1156069364162,-94.79768786127167,-91.32947976878613,23,187,-96.66666666666667,-0.5703971119133573,177.77777777777777,-94.44444444444444,True,SCORED_WINDOW
TSLA-0009,TSLA,O:TSLA241220C00375000,CALL,375.0,2024-12-20,14,0.0,DISCOVERY,RISK_OR_EXHAUSTION,2024-12-05T15:15:00+00:00,2024-12-05T15:00:00+00:00,94,1,299,False,True,394,WITHIN_TOLERANCE,NEAR_ATM,0.6106666666666721,-0.6106666666666721,15,H1,4,1733414400000,,False,4,16.17,16.25,0.49474335188619545,8.000000000000007,-21.415384615384614,-15.384615384615385,2,4,-21.652421652421662,-1.9230769230769214,8.534322820037099,-21.026592455163893,True,SCORED_WINDOW
TSLA-0009,TSLA,O:TSLA241220C00375000,CALL,375.0,2024-12-20,14,0.0,DISCOVERY,RISK_OR_EXHAUSTION,2024-12-05T15:15:00+00:00,2024-12-05T15:00:00+00:00,94,1,299,False,True,394,WITHIN_TOLERANCE,NEAR_ATM,0.6106666666666721,-0.6106666666666721,15,D1,26,1733497200000,,False,26,16.17,16.25,0.49474335188619545,10.769230769230775,-22.461538461538467,-5.5384615384615365,24,16,-14.722222222222225,-0.5142857142857138,11.317254174397018,-22.077922077922086,False,SCORED_WINDOW
TSLA-0009,TSLA,O:TSLA241220C00375000,CALL,375.0,2024-12-20,14,0.0,DISCOVERY,RISK_OR_EXHAUSTION,2024-12-05T15:15:00+00:00,2024-12-05T15:00:00+00:00,94,1,299,False,True,394,WITHIN_TOLERANCE,NEAR_ATM,0.6106666666666721,-0.6106666666666721,15,D3,78,1733842800000,,False,78,16.17,16.25,0.49474335188619545,131.2,-22.461538461538467,115.69230769230768,78,16,-6.707479371839242,0.8818011257035647,132.34384662956091,-22.077922077922086,False,SCORED_WINDOW
TSLA-0009,TSLA,O:TSLA241220C00375000,CALL,375.0,2024-12-20,14,0.0,DISCOVERY,RISK_OR_EXHAUSTION,2024-12-05T15:15:00+00:00,2024-12-05T15:00:00+00:00,94,1,299,False,True,394,WITHIN_TOLERANCE,NEAR_ATM,0.6106666666666721,-0.6106666666666721,15,D5,130,1734015600000,,False,130,16.17,16.25,0.49474335188619545,223.5076923076923,-22.461538461538467,202.46153846153848,128,16,-6.505611565531677,0.9058370044052865,225.10822510822507,-22.077922077922086,False,SCORED_WINDOW
TSLA-0009,TSLA,O:TSLA241220C00375000,CALL,375.0,2024-12-20,14,0.0,DISCOVERY,RISK_OR_EXHAUSTION,2024-12-05T15:15:00+00:00,2024-12-05T15:00:00+00:00,94,1,299,False,True,394,WITHIN_TOLERANCE,NEAR_ATM,0.6106666666666721,-0.6106666666666721,15,D10,260,1734620400000,,False,252,16.17,16.25,0.49474335188619545,585.3538461538462,-22.461538461538467,358.21538461538455,238,16,-33.14177965340757,0.6119638351555927,588.7445887445887,-22.077922077922086,False,SCORED_WINDOW
LULU-0007,LULU,O:LULU241220C00342500,CALL,342.5,2024-12-20,14,0.0,DISCOVERY,CONTINUATION,2024-12-05T18:00:00+00:00,2024-12-05T17:45:00+00:00,20,1,21,False,True,42,WITHIN_TOLERANCE,NEAR_ATM,0.3503649635036463,0.3503649635036463,15,H1,4,1733424300000,,False,2,18.77,19.38,3.249866808737334,0.0,-0.41279669762640525,-0.41279669762640525,1,2,-0.41279669762640525,,3.249866808737334,2.823654768247219,True,SCORED_WINDOW
LULU-0007,LULU,O:LULU241220C00342500,CALL,342.5,2024-12-20,14,0.0,DISCOVERY,CONTINUATION,2024-12-05T18:00:00+00:00,2024-12-05T17:45:00+00:00,20,1,21,False,True,42,WITHIN_TOLERANCE,NEAR_ATM,0.3503649635036463,0.3503649635036463,15,D1,26,1733507100000,,False,11,18.77,19.38,3.249866808737334,240.5572755417957,-0.41279669762640525,239.68008255933952,10,2,-0.25757575757575646,0.9963534963534962,251.62493340436868,2.823654768247219,False,SCORED_WINDOW
LULU-0007,LULU,O:LULU241220C00342500,CALL,342.5,2024-12-20,14,0.0,DISCOVERY,CONTINUATION,2024-12-05T18:00:00+00:00,2024-12-05T17:45:00+00:00,20,1,21,False,True,42,WITHIN_TOLERANCE,NEAR_ATM,0.3503649635036463,0.3503649635036463,15,D3,78,1733852700000,,False,16,18.77,19.38,3.249866808737334,292.15686274509807,-0.41279669762640525,225.64499484004128,14,2,-16.96052631578947,0.772341928647121,304.9014384656367,2.823654768247219,False,SCORED_WINDOW
LULU-0007,LULU,O:LULU241220C00342500,CALL,342.5,2024-12-20,14,0.0,DISCOVERY,CONTINUATION,2024-12-05T18:00:00+00:00,2024-12-05T17:45:00+00:00,20,1,21,False,True,42,WITHIN_TOLERANCE,NEAR_ATM,0.3503649635036463,0.3503649635036463,15,D5,130,1734025500000,,False,16,18.77,19.38,3.249866808737334,292.15686274509807,-0.41279669762640525,225.64499484004128,14,2,-16.96052631578947,0.772341928647121,304.9014384656367,2.823654768247219,False,SCORED_WINDOW
LULU-0007,LULU,O:LULU241220C00342500,CALL,342.5,2024-12-20,14,0.0,DISCOVERY,CONTINUATION,2024-12-05T18:00:00+00:00,2024-12-05T17:45:00+00:00,20,1,21,False,True,42,WITHIN_TOLERANCE,NEAR_ATM,0.3503649635036463,0.3503649635036463,15,D10,260,1734630300000,,False,20,18.77,19.38,3.249866808737334,292.15686274509807,-0.41279669762640525,76.67698658410735,14,2,-54.94736842105263,0.2624514305898976,304.9014384656367,2.823654768247219,False,SCORED_WINDOW
GME-0009,GME,O:GME241220C00030000,CALL,30.0,2024-12-20,14,0.0,DISCOVERY,RISK_OR_EXHAUSTION,2024-12-05T19:15:00+00:00,2024-12-05T19:00:00+00:00,110,1,293,False,True,404,WITHIN_TOLERANCE,NEAR_ATM,0.31466666666666754,0.31466666666666754,15,H1,4,1733428800000,,False,4,3.95,3.9,-1.2658227848101333,6.410256410256432,-23.076923076923073,-16.666666666666664,2,2,-21.68674698795181,-2.5999999999999908,5.063291139240511,-24.050632911392412,False,SCORED_WINDOW
GME-0009,GME,O:GME241220C00030000,CALL,30.0,2024-12-20,14,0.0,DISCOVERY,RISK_OR_EXHAUSTION,2024-12-05T19:15:00+00:00,2024-12-05T19:00:00+00:00,110,1,293,False,True,404,WITHIN_TOLERANCE,NEAR_ATM,0.31466666666666754,0.31466666666666754,15,D1,26,1733511600000,,False,26,3.95,3.9,-1.2658227848101333,6.410256410256432,-43.58974358974358,-31.28205128205128,2,10,-35.42168674698796,-4.879999999999983,5.063291139240511,-44.30379746835443,True,SCORED_WINDOW
GME-0009,GME,O:GME241220C00030000,CALL,30.0,2024-12-20,14,0.0,DISCOVERY,RISK_OR_EXHAUSTION,2024-12-05T19:15:00+00:00,2024-12-05T19:00:00+00:00,110,1,293,False,True,404,WITHIN_TOLERANCE,NEAR_ATM,0.31466666666666754,0.31466666666666754,15,D3,78,1733857200000,,False,78,3.95,3.9,-1.2658227848101333,6.410256410256432,-64.61538461538461,-62.56410256410256,2,78,-64.81927710843374,-9.759999999999966,5.063291139240511,-65.0632911392405,True,SCORED_WINDOW
GME-0009,GME,O:GME241220C00030000,CALL,30.0,2024-12-20,14,0.0,DISCOVERY,RISK_OR_EXHAUSTION,2024-12-05T19:15:00+00:00,2024-12-05T19:00:00+00:00,110,1,293,False,True,404,WITHIN_TOLERANCE,NEAR_ATM,0.31466666666666754,0.31466666666666754,15,D5,130,1734030000000,,False,130,3.95,3.9,-1.2658227848101333,6.410256410256432,-73.84615384615385,-69.74358974358974,2,86,-71.56626506024098,-10.879999999999962,5.063291139240511,-74.17721518987341,True,SCORED_WINDOW
GME-0009,GME,O:GME241220C00030000,CALL,30.0,2024-12-20,14,0.0,DISCOVERY,RISK_OR_EXHAUSTION,2024-12-05T19:15:00+00:00,2024-12-05T19:00:00+00:00,110,1,293,False,True,404,WITHIN_TOLERANCE,NEAR_ATM,0.31466666666666754,0.31466666666666754,15,D10,260,1734634800000,,False,260,3.95,3.9,-1.2658227848101333,6.410256410256432,-93.07692307692308,-90.76923076923077,2,167,-91.32530120481928,-14.159999999999952,5.063291139240511,-93.16455696202532,True,SCORED_WINDOW
LULU-0008,LULU,O:LULU241227C00397500,CALL,397.5,2024-12-27,14,0.0,DISCOVERY,THESIS_PRESSURE,2024-12-10T21:00:00+00:00,2024-12-10T20:45:00+00:00,4,0,86,False,False,90,WITHIN_TOLERANCE,NEAR_ATM,0.12075471698113666,-0.12075471698113666,17,H1,4,1733930100000,,False,,,,,,,,,,,,,,,UNSCORED_SIGNAL_BAR_ABSENT
LULU-0008,LULU,O:LULU241227C00397500,CALL,397.5,2024-12-27,14,0.0,DISCOVERY,THESIS_PRESSURE,2024-12-10T21:00:00+00:00,2024-12-10T20:45:00+00:00,4,0,86,False,False,90,WITHIN_TOLERANCE,NEAR_ATM,0.12075471698113666,-0.12075471698113666,17,D1,26,1733949900000,,False,,,,,,,,,,,,,,,UNSCORED_SIGNAL_BAR_ABSENT
LULU-0008,LULU,O:LULU241227C00397500,CALL,397.5,2024-12-27,14,0.0,DISCOVERY,THESIS_PRESSURE,2024-12-10T21:00:00+00:00,2024-12-10T20:45:00+00:00,4,0,86,False,False,90,WITHIN_TOLERANCE,NEAR_ATM,0.12075471698113666,-0.12075471698113666,17,D3,78,1734122700000,,False,,,,,,,,,,,,,,,UNSCORED_SIGNAL_BAR_ABSENT
LULU-0008,LULU,O:LULU241227C00397500,CALL,397.5,2024-12-27,14,0.0,DISCOVERY,THESIS_PRESSURE,2024-12-10T21:00:00+00:00,2024-12-10T20:45:00+00:00,4,0,86,False,False,90,WITHIN_TOLERANCE,NEAR_ATM,0.12075471698113666,-0.12075471698113666,17,D5,130,1734468300000,,False,,,,,,,,,,,,,,,UNSCORED_SIGNAL_BAR_ABSENT
LULU-0008,LULU,O:LULU241227C00397500,CALL,397.5,2024-12-27,14,0.0,DISCOVERY,THESIS_PRESSURE,2024-12-10T21:00:00+00:00,2024-12-10T20:45:00+00:00,4,0,86,False,False,90,WITHIN_TOLERANCE,NEAR_ATM,0.12075471698113666,-0.12075471698113666,17,D10,260,1735233300000,,False,,,,,,,,,,,,,,,UNSCORED_SIGNAL_BAR_ABSENT
VALE-0007,VALE,O:VALE250110C00009000,CALL,9.0,2025-01-10,14,0.0,DISCOVERY,CONTINUATION,2024-12-26T20:30:00+00:00,2024-12-26T20:15:00+00:00,22,0,108,False,False,130,WITHIN_TOLERANCE,NEAR_ATM,0.6111111111111079,-0.6111111111111079,15,H1,4,1735310700000,,False,,,,,,,,,,,,,,,UNSCORED_SIGNAL_BAR_ABSENT
VALE-0007,VALE,O:VALE250110C00009000,CALL,9.0,2025-01-10,14,0.0,DISCOVERY,CONTINUATION,2024-12-26T20:30:00+00:00,2024-12-26T20:15:00+00:00,22,0,108,False,False,130,WITHIN_TOLERANCE,NEAR_ATM,0.6111111111111079,-0.6111111111111079,15,D1,26,1735330500000,,False,,,,,,,,,,,,,,,UNSCORED_SIGNAL_BAR_ABSENT
VALE-0007,VALE,O:VALE250110C00009000,CALL,9.0,2025-01-10,14,0.0,DISCOVERY,CONTINUATION,2024-12-26T20:30:00+00:00,2024-12-26T20:15:00+00:00,22,0,108,False,False,130,WITHIN_TOLERANCE,NEAR_ATM,0.6111111111111079,-0.6111111111111079,15,D3,78,1735676100000,,False,,,,,,,,,,,,,,,UNSCORED_SIGNAL_BAR_ABSENT
VALE-0007,VALE,O:VALE250110C00009000,CALL,9.0,2025-01-10,14,0.0,DISCOVERY,CONTINUATION,2024-12-26T20:30:00+00:00,2024-12-26T20:15:00+00:00,22,0,108,False,False,130,WITHIN_TOLERANCE,NEAR_ATM,0.6111111111111079,-0.6111111111111079,15,D5,130,1735935300000,,False,,,,,,,,,,,,,,,UNSCORED_SIGNAL_BAR_ABSENT
VALE-0007,VALE,O:VALE250110C00009000,CALL,9.0,2025-01-10,14,0.0,DISCOVERY,CONTINUATION,2024-12-26T20:30:00+00:00,2024-12-26T20:15:00+00:00,22,0,108,False,False,130,WITHIN_TOLERANCE,NEAR_ATM,0.6111111111111079,-0.6111111111111079,15,D10,260,1736799300000,CONTRACT_EXPIRY,True,,,,,,,,,,,,,,,UNSCORED_SIGNAL_BAR_ABSENT
U-0009,U,O:U250110C00024000,CALL,24.0,2025-01-10,14,0.0,DISCOVERY,CONTINUATION,2024-12-26T21:00:00+00:00,2024-12-26T20:45:00+00:00,33,1,161,False,True,195,WITHIN_TOLERANCE,NEAR_ATM,0.7083333333333404,0.7083333333333404,15,H1,4,1735312500000,,False,4,2.3,2.02,-12.173913043478258,0.0,-37.12871287128713,-33.168316831683164,1,4,-33.168316831683164,,-12.173913043478258,-44.78260869565217,True,SCORED_WINDOW
U-0009,U,O:U250110C00024000,CALL,24.0,2025-01-10,14,0.0,DISCOVERY,CONTINUATION,2024-12-26T21:00:00+00:00,2024-12-26T20:45:00+00:00,33,1,161,False,True,195,WITHIN_TOLERANCE,NEAR_ATM,0.7083333333333404,0.7083333333333404,15,D1,26,1735332300000,,False,12,2.3,2.02,-12.173913043478258,0.0,-45.04950495049505,-41.08910891089109,1,7,-41.08910891089109,,-12.173913043478258,-51.739130434782595,True,SCORED_WINDOW
U-0009,U,O:U250110C00024000,CALL,24.0,2025-01-10,14,0.0,DISCOVERY,CONTINUATION,2024-12-26T21:00:00+00:00,2024-12-26T20:45:00+00:00,33,1,161,False,True,195,WITHIN_TOLERANCE,NEAR_ATM,0.7083333333333404,0.7083333333333404,15,D3,78,1735677900000,,False,32,2.3,2.02,-12.173913043478258,0.0,-75.24752475247524,-60.89108910891089,1,13,-60.89108910891089,,-12.173913043478258,-78.26086956521738,True,SCORED_WINDOW
U-0009,U,O:U250110C00024000,CALL,24.0,2025-01-10,14,0.0,DISCOVERY,CONTINUATION,2024-12-26T21:00:00+00:00,2024-12-26T20:45:00+00:00,33,1,161,False,True,195,WITHIN_TOLERANCE,NEAR_ATM,0.7083333333333404,0.7083333333333404,15,D5,130,1735937100000,,False,80,2.3,2.02,-12.173913043478258,43.56435643564356,-75.24752475247524,-38.11881188118812,34,13,-56.89655172413792,-0.8750000000000001,26.086956521739136,-78.26086956521738,False,SCORED_WINDOW
U-0009,U,O:U250110C00024000,CALL,24.0,2025-01-10,14,0.0,DISCOVERY,CONTINUATION,2024-12-26T21:00:00+00:00,2024-12-26T20:45:00+00:00,33,1,161,False,True,195,WITHIN_TOLERANCE,NEAR_ATM,0.7083333333333404,0.7083333333333404,15,D10,260,1736801100000,CONTRACT_EXPIRY,True,161,2.3,2.02,-12.173913043478258,43.56435643564356,-99.5049504950495,-99.5049504950495,34,149,-99.6551724137931,-2.284090909090909,26.086956521739136,-99.56521739130434,True,SCORED_RIGHT_CENSORED
SPY-0009,SPY,O:SPY250113C00587000,CALL,587.0,2025-01-13,14,0.0,DISCOVERY,THESIS_PRESSURE,2024-12-30T15:45:00+00:00,2024-12-30T15:30:00+00:00,4,1,179,False,True,191,WITHIN_TOLERANCE,NEAR_ATM,0.058262350936964996,-0.058262350936964996,14,H1,4,1735576200000,,False,4,6.72,6.91,2.8273809523809534,16.497829232995677,-5.499276410998554,16.497829232995677,4,1,0.0,1.0,19.791666666666675,-2.8273809523809423,False,SCORED_WINDOW
SPY-0009,SPY,O:SPY250113C00587000,CALL,587.0,2025-01-13,14,0.0,DISCOVERY,THESIS_PRESSURE,2024-12-30T15:45:00+00:00,2024-12-30T15:30:00+00:00,4,1,179,False,True,191,WITHIN_TOLERANCE,NEAR_ATM,0.058262350936964996,-0.058262350936964996,14,D1,26,1735659000000,,False,17,6.72,6.91,2.8273809523809534,35.7452966714906,-5.499276410998554,7.38060781476122,9,1,-20.895522388059707,0.20647773279352236,39.58333333333335,-2.8273809523809423,False,SCORED_WINDOW
SPY-0009,SPY,O:SPY250113C00587000,CALL,587.0,2025-01-13,14,0.0,DISCOVERY,THESIS_PRESSURE,2024-12-30T15:45:00+00:00,2024-12-30T15:30:00+00:00,4,1,179,False,True,191,WITHIN_TOLERANCE,NEAR_ATM,0.058262350936964996,-0.058262350936964996,14,D3,78,1735918200000,,False,66,6.72,6.91,2.8273809523809534,35.7452966714906,-48.191027496382056,-2.315484804630974,9,51,-28.038379530916846,-0.06477732793522278,39.58333333333335,-46.726190476190474,True,SCORED_WINDOW
SPY-0009,SPY,O:SPY250113C00587000,CALL,587.0,2025-01-13,14,0.0,DISCOVERY,THESIS_PRESSURE,2024-12-30T15:45:00+00:00,2024-12-30T15:30:00+00:00,4,1,179,False,True,191,WITHIN_TOLERANCE,NEAR_ATM,0.058262350936964996,-0.058262350936964996,14,D5,130,1736263800000,,False,96,6.72,6.91,2.8273809523809534,98.40810419681623,-48.191027496382056,35.60057887120114,87,51,-31.655725747629482,0.36176470588235266,104.01785714285717,-46.726190476190474,False,SCORED_WINDOW
SPY-0009,SPY,O:SPY250113C00587000,CALL,587.0,2025-01-13,14,0.0,DISCOVERY,THESIS_PRESSURE,2024-12-30T15:45:00+00:00,2024-12-30T15:30:00+00:00,4,1,179,False,True,191,WITHIN_TOLERANCE,NEAR_ATM,0.058262350936964996,-0.058262350936964996,14,D10,260,1736955000000,CONTRACT_EXPIRY,True,186,6.72,6.91,2.8273809523809534,98.40810419681623,-99.85528219971056,-99.85528219971056,87,160,-99.927060539752,-1.014705882352941,104.01785714285717,-99.85119047619048,True,SCORED_RIGHT_CENSORED
PYPL-0011,PYPL,O:PYPL250110C00085000,CALL,85.0,2025-01-10,14,0.0,DISCOVERY,THESIS_PRESSURE,2024-12-30T21:00:00+00:00,2024-12-30T20:45:00+00:00,20,1,56,False,True,77,WITHIN_TOLERANCE,NEAR_ATM,0.45882352941176535,0.45882352941176535,11,H1,4,1735658100000,,False,2,2.11,2.2,4.2654028436019065,0.0,-6.363636363636371,-6.363636363636371,1,2,-6.363636363636371,,4.2654028436019065,-2.369668246445489,True,SCORED_WINDOW
PYPL-0011,PYPL,O:PYPL250110C00085000,CALL,85.0,2025-01-10,14,0.0,DISCOVERY,THESIS_PRESSURE,2024-12-30T21:00:00+00:00,2024-12-30T20:45:00+00:00,20,1,56,False,True,77,WITHIN_TOLERANCE,NEAR_ATM,0.45882352941176535,0.45882352941176535,11,D1,26,1735677900000,,False,7,2.11,2.2,4.2654028436019065,0.0,-23.181818181818194,-23.181818181818194,1,7,-23.181818181818194,,4.2654028436019065,-19.905213270142173,True,SCORED_WINDOW
PYPL-0011,PYPL,O:PYPL250110C00085000,CALL,85.0,2025-01-10,14,0.0,DISCOVERY,THESIS_PRESSURE,2024-12-30T21:00:00+00:00,2024-12-30T20:45:00+00:00,20,1,56,False,True,77,WITHIN_TOLERANCE,NEAR_ATM,0.45882352941176535,0.45882352941176535,11,D3,78,1735937100000,,False,25,2.11,2.2,4.2654028436019065,38.18181818181816,-23.181818181818194,38.18181818181816,25,7,0.0,1.0,44.07582938388626,-19.905213270142173,False,SCORED_WINDOW
PYPL-0011,PYPL,O:PYPL250110C00085000,CALL,85.0,2025-01-10,14,0.0,DISCOVERY,THESIS_PRESSURE,2024-12-30T21:00:00+00:00,2024-12-30T20:45:00+00:00,20,1,56,False,True,77,WITHIN_TOLERANCE,NEAR_ATM,0.45882352941176535,0.45882352941176535,11,D5,130,1736282700000,,False,36,2.11,2.2,4.2654028436019065,131.81818181818178,-23.181818181818194,66.8181818181818,31,7,-28.03921568627451,0.506896551724138,141.70616113744074,-19.905213270142173,False,SCORED_WINDOW
PYPL-0011,PYPL,O:PYPL250110C00085000,CALL,85.0,2025-01-10,14,0.0,DISCOVERY,THESIS_PRESSURE,2024-12-30T21:00:00+00:00,2024-12-30T20:45:00+00:00,20,1,56,False,True,77,WITHIN_TOLERANCE,NEAR_ATM,0.45882352941176535,0.45882352941176535,11,D10,260,1736973900000,CONTRACT_EXPIRY,True,56,2.11,2.2,4.2654028436019065,131.81818181818178,-99.54545454545455,-98.18181818181819,31,53,-99.2156862745098,-0.7448275862068968,141.70616113744074,-99.52606635071089,True,SCORED_RIGHT_CENSORED
GME-0010,GME,O:GME250117C00032500,CALL,32.5,2025-01-17,14,0.0,DISCOVERY,ENTRY_FORMING,2024-12-31T15:30:00+00:00,2024-12-31T15:15:00+00:00,71,0,268,False,False,339,WITHIN_TOLERANCE,NEAR_ATM,0.36923076923076137,-0.36923076923076137,17,H1,4,1735661700000,,False,,,,,,,,,,,,,,,UNSCORED_SIGNAL_BAR_ABSENT
GME-0010,GME,O:GME250117C00032500,CALL,32.5,2025-01-17,14,0.0,DISCOVERY,ENTRY_FORMING,2024-12-31T15:30:00+00:00,2024-12-31T15:15:00+00:00,71,0,268,False,False,339,WITHIN_TOLERANCE,NEAR_ATM,0.36923076923076137,-0.36923076923076137,17,D1,26,1735830900000,,False,,,,,,,,,,,,,,,UNSCORED_SIGNAL_BAR_ABSENT
GME-0010,GME,O:GME250117C00032500,CALL,32.5,2025-01-17,14,0.0,DISCOVERY,ENTRY_FORMING,2024-12-31T15:30:00+00:00,2024-12-31T15:15:00+00:00,71,0,268,False,False,339,WITHIN_TOLERANCE,NEAR_ATM,0.36923076923076137,-0.36923076923076137,17,D3,78,1736176500000,,False,,,,,,,,,,,,,,,UNSCORED_SIGNAL_BAR_ABSENT
GME-0010,GME,O:GME250117C00032500,CALL,32.5,2025-01-17,14,0.0,DISCOVERY,ENTRY_FORMING,2024-12-31T15:30:00+00:00,2024-12-31T15:15:00+00:00,71,0,268,False,False,339,WITHIN_TOLERANCE,NEAR_ATM,0.36923076923076137,-0.36923076923076137,17,D5,130,1736349300000,,False,,,,,,,,,,,,,,,UNSCORED_SIGNAL_BAR_ABSENT
GME-0010,GME,O:GME250117C00032500,CALL,32.5,2025-01-17,14,0.0,DISCOVERY,ENTRY_FORMING,2024-12-31T15:30:00+00:00,2024-12-31T15:15:00+00:00,71,0,268,False,False,339,WITHIN_TOLERANCE,NEAR_ATM,0.36923076923076137,-0.36923076923076137,17,D10,260,1737040500000,,False,,,,,,,,,,,,,,,UNSCORED_SIGNAL_BAR_ABSENT
U-0010,U,O:U250117C00025000,CALL,25.0,2025-01-17,14,0.0,DISCOVERY,RISK_OR_EXHAUSTION,2025-01-06T15:00:00+00:00,2025-01-06T14:45:00+00:00,92,1,208,False,True,301,WITHIN_TOLERANCE,NEAR_ATM,0.29999999999999716,0.29999999999999716,11,H1,4,1736178300000,,False,4,1.63,1.62,-0.6134969325153228,4.938271604938271,-12.34567901234569,-9.259259259259267,1,4,-13.529411764705879,-1.8750000000000016,4.294478527607359,-12.88343558282209,True,SCORED_WINDOW
U-0010,U,O:U250117C00025000,CALL,25.0,2025-01-17,14,0.0,DISCOVERY,RISK_OR_EXHAUSTION,2025-01-06T15:00:00+00:00,2025-01-06T14:45:00+00:00,92,1,208,False,True,301,WITHIN_TOLERANCE,NEAR_ATM,0.29999999999999716,0.29999999999999716,11,D1,26,1736261100000,,False,26,1.63,1.62,-0.6134969325153228,23.456790123456784,-19.13580246913581,-16.666666666666664,7,21,-32.49999999999999,-0.7105263157894738,22.699386503067487,-19.631901840490784,True,SCORED_WINDOW
U-0010,U,O:U250117C00025000,CALL,25.0,2025-01-17,14,0.0,DISCOVERY,RISK_OR_EXHAUSTION,2025-01-06T15:00:00+00:00,2025-01-06T14:45:00+00:00,92,1,208,False,True,301,WITHIN_TOLERANCE,NEAR_ATM,0.29999999999999716,0.29999999999999716,11,D3,78,1736520300000,,False,78,1.63,1.62,-0.6134969325153228,23.456790123456784,-84.5679012345679,-83.9506172839506,7,78,-87.0,-3.578947368421053,22.699386503067487,-84.66257668711657,True,SCORED_WINDOW
U-0010,U,O:U250117C00025000,CALL,25.0,2025-01-17,14,0.0,DISCOVERY,RISK_OR_EXHAUSTION,2025-01-06T15:00:00+00:00,2025-01-06T14:45:00+00:00,92,1,208,False,True,301,WITHIN_TOLERANCE,NEAR_ATM,0.29999999999999716,0.29999999999999716,11,D5,130,1736865900000,,False,128,1.63,1.62,-0.6134969325153228,23.456790123456784,-93.20987654320987,-90.12345679012346,7,101,-92.0,-3.8421052631578956,22.699386503067487,-93.25153374233128,True,SCORED_WINDOW
U-0010,U,O:U250117C00025000,CALL,25.0,2025-01-17,14,0.0,DISCOVERY,RISK_OR_EXHAUSTION,2025-01-06T15:00:00+00:00,2025-01-06T14:45:00+00:00,92,1,208,False,True,301,WITHIN_TOLERANCE,NEAR_ATM,0.29999999999999716,0.29999999999999716,11,D10,260,1737557100000,CONTRACT_EXPIRY,True,208,1.63,1.62,-0.6134969325153228,23.456790123456784,-99.38271604938271,-99.38271604938271,7,181,-99.5,-4.236842105263158,22.699386503067487,-99.38650306748467,True,SCORED_RIGHT_CENSORED
LULU-0009,LULU,O:LULU250117C00395000,CALL,395.0,2025-01-17,14,0.0,DISCOVERY,RISK_OR_EXHAUSTION,2025-01-06T20:15:00+00:00,2025-01-06T20:00:00+00:00,29,1,123,False,True,153,WITHIN_TOLERANCE,NEAR_ATM,0.1544303797468389,-0.1544303797468389,11,H1,4,1736260200000,,False,3,11.01,11.45,3.996366939146223,86.89956331877728,0.0,86.89956331877728,3,1,0.0,1.0,94.36875567665757,3.996366939146223,False,SCORED_WINDOW
LULU-0009,LULU,O:LULU250117C00395000,CALL,395.0,2025-01-17,14,0.0,DISCOVERY,RISK_OR_EXHAUSTION,2025-01-06T20:15:00+00:00,2025-01-06T20:00:00+00:00,29,1,123,False,True,153,WITHIN_TOLERANCE,NEAR_ATM,0.1544303797468389,-0.1544303797468389,11,D1,26,1736280000000,,False,7,11.01,11.45,3.996366939146223,86.89956331877728,0.0,3.493449781659397,3,1,-44.626168224299064,0.040201005025125726,94.36875567665757,3.996366939146223,False,SCORED_WINDOW
LULU-0009,LULU,O:LULU250117C00395000,CALL,395.0,2025-01-17,14,0.0,DISCOVERY,RISK_OR_EXHAUSTION,2025-01-06T20:15:00+00:00,2025-01-06T20:00:00+00:00,29,1,123,False,True,153,WITHIN_TOLERANCE,NEAR_ATM,0.1544303797468389,-0.1544303797468389,11,D3,78,1736539200000,,False,33,11.01,11.45,3.996366939146223,86.89956331877728,-25.764192139737986,0.4366812227074357,3,11,-46.26168224299065,0.005025125628140843,94.36875567665757,-22.797456857402366,True,SCORED_WINDOW
LULU-0009,LULU,O:LULU250117C00395000,CALL,395.0,2025-01-17,14,0.0,DISCOVERY,RISK_OR_EXHAUSTION,2025-01-06T20:15:00+00:00,2025-01-06T20:00:00+00:00,29,1,123,False,True,153,WITHIN_TOLERANCE,NEAR_ATM,0.1544303797468389,-0.1544303797468389,11,D5,130,1736884800000,,False,75,11.01,11.45,3.996366939146223,86.89956331877728,-82.53275109170306,-65.93886462882097,3,64,-81.77570093457945,-0.7587939698492464,94.36875567665757,-81.83469573115349,True,SCORED_WINDOW
LULU-0009,LULU,O:LULU250117C00395000,CALL,395.0,2025-01-17,14,0.0,DISCOVERY,RISK_OR_EXHAUSTION,2025-01-06T20:15:00+00:00,2025-01-06T20:00:00+00:00,29,1,123,False,True,153,WITHIN_TOLERANCE,NEAR_ATM,0.1544303797468389,-0.1544303797468389,11,D10,260,1737576000000,CONTRACT_EXPIRY,True,123,11.01,11.45,3.996366939146223,86.89956331877728,-99.82532751091703,-99.82532751091703,3,104,-99.90654205607477,-1.148743718592965,94.36875567665757,-99.81834695731153,True,SCORED_RIGHT_CENSORED
RBLX-0009,RBLX,O:RBLX250124C00062000,CALL,62.0,2025-01-24,14,0.0,DISCOVERY,RISK_OR_EXHAUSTION,2025-01-07T14:45:00+00:00,2025-01-07T14:30:00+00:00,28,1,131,False,True,160,WITHIN_TOLERANCE,NEAR_ATM,0.44354838709677197,0.44354838709677197,17,H1,4,1736263800000,,False,3,2.01,1.84,-8.457711442786053,4.891304347826075,-27.717391304347828,-16.84782608695652,2,3,-20.725388601036265,-3.444444444444452,-3.980099502487555,-33.83084577114427,True,SCORED_WINDOW
RBLX-0009,RBLX,O:RBLX250124C00062000,CALL,62.0,2025-01-24,14,0.0,DISCOVERY,RISK_OR_EXHAUSTION,2025-01-07T14:45:00+00:00,2025-01-07T14:30:00+00:00,28,1,131,False,True,160,WITHIN_TOLERANCE,NEAR_ATM,0.44354838709677197,0.44354838709677197,17,D1,26,1736346600000,,False,9,2.01,1.84,-8.457711442786053,35.86956521739131,-27.717391304347828,12.499999999999979,9,3,-17.200000000000003,0.34848484848484784,24.37810945273633,-33.83084577114427,False,SCORED_WINDOW
RBLX-0009,RBLX,O:RBLX250124C00062000,CALL,62.0,2025-01-24,14,0.0,DISCOVERY,RISK_OR_EXHAUSTION,2025-01-07T14:45:00+00:00,2025-01-07T14:30:00+00:00,28,1,131,False,True,160,WITHIN_TOLERANCE,NEAR_ATM,0.44354838709677197,0.44354838709677197,17,D3,78,1736778600000,,False,37,2.01,1.84,-8.457711442786053,63.043478260869556,-48.36956521739131,-48.36956521739131,11,37,-68.33333333333333,-0.7672413793103451,49.25373134328359,-52.736318407960205,True,SCORED_WINDOW
RBLX-0009,RBLX,O:RBLX250124C00062000,CALL,62.0,2025-01-24,14,0.0,DISCOVERY,RISK_OR_EXHAUSTION,2025-01-07T14:45:00+00:00,2025-01-07T14:30:00+00:00,28,1,131,False,True,160,WITHIN_TOLERANCE,NEAR_ATM,0.44354838709677197,0.44354838709677197,17,D5,130,1736951400000,,False,68,2.01,1.84,-8.457711442786053,63.043478260869556,-49.45652173913043,36.95652173913042,11,41,-16.000000000000004,0.5862068965517241,49.25373134328359,-53.73134328358209,True,SCORED_WINDOW
RBLX-0009,RBLX,O:RBLX250124C00062000,CALL,62.0,2025-01-24,14,0.0,DISCOVERY,RISK_OR_EXHAUSTION,2025-01-07T14:45:00+00:00,2025-01-07T14:30:00+00:00,28,1,131,False,True,160,WITHIN_TOLERANCE,NEAR_ATM,0.44354838709677197,0.44354838709677197,17,D10,260,1737642600000,,False,116,2.01,1.84,-8.457711442786053,156.52173913043475,-49.45652173913043,54.347826086956495,92,41,-39.83050847457628,0.3472222222222221,134.82587064676616,-53.73134328358209,False,SCORED_WINDOW
RBLX-0010,RBLX,O:RBLX250124C00061000,CALL,61.0,2025-01-24,14,0.0,DISCOVERY,CONTINUATION,2025-01-07T19:15:00+00:00,2025-01-07T19:00:00+00:00,30,0,82,False,False,112,WITHIN_TOLERANCE,NEAR_ATM,0.04098360655737472,-0.04098360655737472,17,H1,4,1736280000000,,False,,,,,,,,,,,,,,,UNSCORED_SIGNAL_BAR_ABSENT
RBLX-0010,RBLX,O:RBLX250124C00061000,CALL,61.0,2025-01-24,14,0.0,DISCOVERY,CONTINUATION,2025-01-07T19:15:00+00:00,2025-01-07T19:00:00+00:00,30,0,82,False,False,112,WITHIN_TOLERANCE,NEAR_ATM,0.04098360655737472,-0.04098360655737472,17,D1,26,1736362800000,,False,,,,,,,,,,,,,,,UNSCORED_SIGNAL_BAR_ABSENT
RBLX-0010,RBLX,O:RBLX250124C00061000,CALL,61.0,2025-01-24,14,0.0,DISCOVERY,CONTINUATION,2025-01-07T19:15:00+00:00,2025-01-07T19:00:00+00:00,30,0,82,False,False,112,WITHIN_TOLERANCE,NEAR_ATM,0.04098360655737472,-0.04098360655737472,17,D3,78,1736794800000,,False,,,,,,,,,,,,,,,UNSCORED_SIGNAL_BAR_ABSENT
RBLX-0010,RBLX,O:RBLX250124C00061000,CALL,61.0,2025-01-24,14,0.0,DISCOVERY,CONTINUATION,2025-01-07T19:15:00+00:00,2025-01-07T19:00:00+00:00,30,0,82,False,False,112,WITHIN_TOLERANCE,NEAR_ATM,0.04098360655737472,-0.04098360655737472,17,D5,130,1736967600000,,False,,,,,,,,,,,,,,,UNSCORED_SIGNAL_BAR_ABSENT
RBLX-0010,RBLX,O:RBLX250124C00061000,CALL,61.0,2025-01-24,14,0.0,DISCOVERY,CONTINUATION,2025-01-07T19:15:00+00:00,2025-01-07T19:00:00+00:00,30,0,82,False,False,112,WITHIN_TOLERANCE,NEAR_ATM,0.04098360655737472,-0.04098360655737472,17,D10,260,1737658800000,,False,,,,,,,,,,,,,,,UNSCORED_SIGNAL_BAR_ABSENT
GME-0011,GME,O:GME250124C00033500,CALL,33.5,2025-01-24,14,0.0,DISCOVERY,CONTINUATION,2025-01-07T20:15:00+00:00,2025-01-07T20:00:00+00:00,34,1,168,False,True,203,WITHIN_TOLERANCE,NEAR_ATM,0.11970149253732079,-0.11970149253732079,17,H1,4,1736346600000,,False,2,3.15,3.15,0.0,4.761904761904767,-3.1746031746031744,4.761904761904767,2,2,0.0,1.0,4.761904761904767,-3.1746031746031744,False,SCORED_WINDOW
GME-0011,GME,O:GME250124C00033500,CALL,33.5,2025-01-24,14,0.0,DISCOVERY,CONTINUATION,2025-01-07T20:15:00+00:00,2025-01-07T20:00:00+00:00,34,1,168,False,True,203,WITHIN_TOLERANCE,NEAR_ATM,0.11970149253732079,-0.11970149253732079,17,D1,26,1736366400000,,False,11,3.15,3.15,0.0,4.761904761904767,-12.698412698412698,-4.761904761904756,2,3,-9.090909090909083,-0.9999999999999976,4.761904761904767,-12.698412698412698,True,SCORED_WINDOW
GME-0011,GME,O:GME250124C00033500,CALL,33.5,2025-01-24,14,0.0,DISCOVERY,CONTINUATION,2025-01-07T20:15:00+00:00,2025-01-07T20:00:00+00:00,34,1,168,False,True,203,WITHIN_TOLERANCE,NEAR_ATM,0.11970149253732079,-0.11970149253732079,17,D3,78,1736798400000,,False,41,3.15,3.15,0.0,4.761904761904767,-60.0,-60.0,2,41,-61.81818181818181,-12.599999999999985,4.761904761904767,-60.0,True,SCORED_WINDOW
GME-0011,GME,O:GME250124C00033500,CALL,33.5,2025-01-24,14,0.0,DISCOVERY,CONTINUATION,2025-01-07T20:15:00+00:00,2025-01-07T20:00:00+00:00,34,1,168,False,True,203,WITHIN_TOLERANCE,NEAR_ATM,0.11970149253732079,-0.11970149253732079,17,D5,130,1736971200000,,False,79,3.15,3.15,0.0,4.761904761904767,-91.74603174603175,-90.47619047619048,2,75,-90.9090909090909,-18.99999999999998,4.761904761904767,-91.74603174603175,True,SCORED_WINDOW
GME-0011,GME,O:GME250124C00033500,CALL,33.5,2025-01-24,14,0.0,DISCOVERY,CONTINUATION,2025-01-07T20:15:00+00:00,2025-01-07T20:00:00+00:00,34,1,168,False,True,203,WITHIN_TOLERANCE,NEAR_ATM,0.11970149253732079,-0.11970149253732079,17,D10,260,1737662400000,,False,155,3.15,3.15,0.0,4.761904761904767,-98.73015873015873,-98.09523809523809,2,134,-98.18181818181819,-20.599999999999977,4.761904761904767,-98.73015873015873,True,SCORED_WINDOW
SPY-0010,SPY,O:SPY250122C00590000,CALL,590.0,2025-01-22,14,0.0,DISCOVERY,ENTRY_FORMING,2025-01-08T19:30:00+00:00,2025-01-08T19:15:00+00:00,10,1,190,False,True,208,WITHIN_TOLERANCE,NEAR_ATM,0.046033898305090665,0.046033898305090665,14,H1,4,1736367300000,,False,2,6.9,6.73,-2.4637681159420333,0.0,-12.63001485884102,-12.63001485884102,1,2,-12.63001485884102,,-2.4637681159420333,-14.782608695652177,True,SCORED_WINDOW
SPY-0010,SPY,O:SPY250122C00590000,CALL,590.0,2025-01-22,14,0.0,DISCOVERY,ENTRY_FORMING,2025-01-08T19:30:00+00:00,2025-01-08T19:15:00+00:00,10,1,190,False,True,208,WITHIN_TOLERANCE,NEAR_ATM,0.046033898305090665,0.046033898305090665,14,D1,26,1736536500000,,False,24,6.9,6.73,-2.4637681159420333,0.0,-67.90490341753343,-53.93759286775632,1,15,-53.93759286775632,,-2.4637681159420333,-68.69565217391305,True,SCORED_WINDOW
SPY-0010,SPY,O:SPY250122C00590000,CALL,590.0,2025-01-22,14,0.0,DISCOVERY,ENTRY_FORMING,2025-01-08T19:30:00+00:00,2025-01-08T19:15:00+00:00,10,1,190,False,True,208,WITHIN_TOLERANCE,NEAR_ATM,0.046033898305090665,0.046033898305090665,14,D3,78,1736882100000,,False,74,6.9,6.73,-2.4637681159420333,0.0,-80.83209509658246,-61.96136701337296,1,32,-61.96136701337296,,-2.4637681159420333,-81.30434782608695,True,SCORED_WINDOW
SPY-0010,SPY,O:SPY250122C00590000,CALL,590.0,2025-01-22,14,0.0,DISCOVERY,ENTRY_FORMING,2025-01-08T19:30:00+00:00,2025-01-08T19:15:00+00:00,10,1,190,False,True,208,WITHIN_TOLERANCE,NEAR_ATM,0.046033898305090665,0.046033898305090665,14,D5,130,1737054900000,,False,126,6.9,6.73,-2.4637681159420333,0.0,-80.83209509658246,-26.597325408618122,1,32,-26.597325408618122,,-2.4637681159420333,-81.30434782608695,True,SCORED_WINDOW
SPY-0010,SPY,O:SPY250122C00590000,CALL,590.0,2025-01-22,14,0.0,DISCOVERY,ENTRY_FORMING,2025-01-08T19:30:00+00:00,2025-01-08T19:15:00+00:00,10,1,190,False,True,208,WITHIN_TOLERANCE,NEAR_ATM,0.046033898305090665,0.046033898305090665,14,D10,260,1737746100000,CONTRACT_EXPIRY,True,197,6.9,6.73,-2.4637681159420333,165.52748885586922,-80.83209509658246,154.82912332838038,187,32,-4.029099048684959,0.9353680430879713,158.98550724637684,-81.30434782608695,False,SCORED_RIGHT_CENSORED
TSLA-0010,TSLA,O:TSLA250124C00395000,CALL,395.0,2025-01-24,14,0.0,DISCOVERY,CONTINUATION,2025-01-13T17:30:00+00:00,2025-01-13T17:15:00+00:00,110,1,216,False,True,327,WITHIN_TOLERANCE,NEAR_ATM,0.2329113924050673,0.2329113924050673,11,H1,4,1736792100000,,False,4,16.7,16.4,-1.7964071856287456,6.463414634146347,-7.7439024390243745,-4.2682926829268215,1,4,-10.080183276059573,-0.6603773584905642,4.550898203592824,-9.401197604790411,True,SCORED_WINDOW
TSLA-0010,TSLA,O:TSLA250124C00395000,CALL,395.0,2025-01-24,14,0.0,DISCOVERY,CONTINUATION,2025-01-13T17:30:00+00:00,2025-01-13T17:15:00+00:00,110,1,216,False,True,327,WITHIN_TOLERANCE,NEAR_ATM,0.2329113924050673,0.2329113924050673,11,D1,26,1736874900000,,False,26,16.7,16.4,-1.7964071856287456,108.7804878048781,-15.243902439024382,30.182926829268308,15,8,-37.646028037383175,0.2774663677130045,105.02994011976048,-16.766467065868262,False,SCORED_WINDOW
TSLA-0010,TSLA,O:TSLA250124C00395000,CALL,395.0,2025-01-24,14,0.0,DISCOVERY,CONTINUATION,2025-01-13T17:30:00+00:00,2025-01-13T17:15:00+00:00,110,1,216,False,True,327,WITHIN_TOLERANCE,NEAR_ATM,0.2329113924050673,0.2329113924050673,11,D3,78,1737047700000,,False,78,16.7,16.4,-1.7964071856287456,133.84146341463418,-15.243902439024382,43.292682926829286,65,8,-38.72229465449804,0.32346241457858776,129.6407185628743,-16.766467065868262,False,SCORED_WINDOW
TSLA-0010,TSLA,O:TSLA250124C00395000,CALL,395.0,2025-01-24,14,0.0,DISCOVERY,CONTINUATION,2025-01-13T17:30:00+00:00,2025-01-13T17:15:00+00:00,110,1,216,False,True,327,WITHIN_TOLERANCE,NEAR_ATM,0.2329113924050673,0.2329113924050673,11,D5,130,1737479700000,,False,130,16.7,16.4,-1.7964071856287456,178.109756097561,-15.243902439024382,44.81707317073172,112,8,-47.928085946064456,0.2516261554262239,173.11377245508984,-16.766467065868262,False,SCORED_WINDOW
TSLA-0010,TSLA,O:TSLA250124C00395000,CALL,395.0,2025-01-24,14,0.0,DISCOVERY,CONTINUATION,2025-01-13T17:30:00+00:00,2025-01-13T17:15:00+00:00,110,1,216,False,True,327,WITHIN_TOLERANCE,NEAR_ATM,0.2329113924050673,0.2329113924050673,11,D10,260,1738084500000,CONTRACT_EXPIRY,True,216,16.7,16.4,-1.7964071856287456,178.109756097561,-33.536585365853654,-26.82926829268292,112,216,-73.6899802674852,-0.1506333447449503,173.11377245508984,-34.73053892215569,True,SCORED_RIGHT_CENSORED
RBLX-0011,RBLX,O:RBLX250124C00061000,CALL,61.0,2025-01-24,14,0.0,DISCOVERY,THESIS_PRESSURE,2025-01-13T18:45:00+00:00,2025-01-13T18:30:00+00:00,54,0,58,False,False,112,WITHIN_TOLERANCE,NEAR_ATM,0.7868852459016341,-0.7868852459016341,11,H1,4,1736796600000,,False,,,,,,,,,,,,,,,UNSCORED_SIGNAL_BAR_ABSENT
RBLX-0011,RBLX,O:RBLX250124C00061000,CALL,61.0,2025-01-24,14,0.0,DISCOVERY,THESIS_PRESSURE,2025-01-13T18:45:00+00:00,2025-01-13T18:30:00+00:00,54,0,58,False,False,112,WITHIN_TOLERANCE,NEAR_ATM,0.7868852459016341,-0.7868852459016341,11,D1,26,1736879400000,,False,,,,,,,,,,,,,,,UNSCORED_SIGNAL_BAR_ABSENT
RBLX-0011,RBLX,O:RBLX250124C00061000,CALL,61.0,2025-01-24,14,0.0,DISCOVERY,THESIS_PRESSURE,2025-01-13T18:45:00+00:00,2025-01-13T18:30:00+00:00,54,0,58,False,False,112,WITHIN_TOLERANCE,NEAR_ATM,0.7868852459016341,-0.7868852459016341,11,D3,78,1737052200000,,False,,,,,,,,,,,,,,,UNSCORED_SIGNAL_BAR_ABSENT
RBLX-0011,RBLX,O:RBLX250124C00061000,CALL,61.0,2025-01-24,14,0.0,DISCOVERY,THESIS_PRESSURE,2025-01-13T18:45:00+00:00,2025-01-13T18:30:00+00:00,54,0,58,False,False,112,WITHIN_TOLERANCE,NEAR_ATM,0.7868852459016341,-0.7868852459016341,11,D5,130,1737484200000,,False,,,,,,,,,,,,,,,UNSCORED_SIGNAL_BAR_ABSENT
RBLX-0011,RBLX,O:RBLX250124C00061000,CALL,61.0,2025-01-24,14,0.0,DISCOVERY,THESIS_PRESSURE,2025-01-13T18:45:00+00:00,2025-01-13T18:30:00+00:00,54,0,58,False,False,112,WITHIN_TOLERANCE,NEAR_ATM,0.7868852459016341,-0.7868852459016341,11,D10,260,1738089000000,CONTRACT_EXPIRY,True,,,,,,,,,,,,,,,UNSCORED_SIGNAL_BAR_ABSENT
RBLX-0012,RBLX,O:RBLX250131C00064000,CALL,64.0,2025-01-31,14,0.0,DISCOVERY,ENTRY_FORMING,2025-01-15T20:45:00+00:00,2025-01-15T20:30:00+00:00,87,1,105,False,True,193,WITHIN_TOLERANCE,NEAR_ATM,0.6718749999999996,-0.6718749999999996,16,H1,4,1737039600000,,False,4,1.92,1.94,1.041666666666674,34.020618556701045,0.0,29.89690721649485,2,1,-3.076923076923077,0.8787878787878786,35.41666666666667,1.041666666666674,False,SCORED_WINDOW
RBLX-0012,RBLX,O:RBLX250131C00064000,CALL,64.0,2025-01-31,14,0.0,DISCOVERY,ENTRY_FORMING,2025-01-15T20:45:00+00:00,2025-01-15T20:30:00+00:00,87,1,105,False,True,193,WITHIN_TOLERANCE,NEAR_ATM,0.6718749999999996,-0.6718749999999996,16,D1,26,1737059400000,,False,23,1.92,1.94,1.041666666666674,88.14432989690721,0.0,68.55670103092784,22,1,-10.410958904109592,0.7777777777777779,90.10416666666667,1.041666666666674,False,SCORED_WINDOW
RBLX-0012,RBLX,O:RBLX250131C00064000,CALL,64.0,2025-01-31,14,0.0,DISCOVERY,ENTRY_FORMING,2025-01-15T20:45:00+00:00,2025-01-15T20:30:00+00:00,87,1,105,False,True,193,WITHIN_TOLERANCE,NEAR_ATM,0.6718749999999996,-0.6718749999999996,16,D3,78,1737491400000,,False,43,1.92,1.94,1.041666666666674,88.14432989690721,0.0,51.030927835051564,22,1,-19.72602739726027,0.5789473684210529,90.10416666666667,1.041666666666674,False,SCORED_WINDOW
RBLX-0012,RBLX,O:RBLX250131C00064000,CALL,64.0,2025-01-31,14,0.0,DISCOVERY,ENTRY_FORMING,2025-01-15T20:45:00+00:00,2025-01-15T20:30:00+00:00,87,1,105,False,True,193,WITHIN_TOLERANCE,NEAR_ATM,0.6718749999999996,-0.6718749999999996,16,D5,130,1737664200000,,False,64,1.92,1.94,1.041666666666674,88.14432989690721,-20.10309278350515,57.21649484536082,22,56,-16.43835616438356,0.6491228070175439,90.10416666666667,-19.270833333333325,True,SCORED_WINDOW
RBLX-0012,RBLX,O:RBLX250131C00064000,CALL,64.0,2025-01-31,14,0.0,DISCOVERY,ENTRY_FORMING,2025-01-15T20:45:00+00:00,2025-01-15T20:30:00+00:00,87,1,105,False,True,193,WITHIN_TOLERANCE,NEAR_ATM,0.6718749999999996,-0.6718749999999996,16,D10,260,1738269000000,,False,97,1.92,1.94,1.041666666666674,291.7525773195876,-23.71134020618556,288.14432989690727,93,75,-0.9210526315789447,0.9876325088339225,295.83333333333337,-22.916666666666664,False,SCORED_WINDOW
TSLA-0011,TSLA,O:TSLA250131C00412500,CALL,412.5,2025-01-31,14,0.0,DISCOVERY,THESIS_PRESSURE,2025-01-16T17:00:00+00:00,2025-01-16T16:45:00+00:00,77,1,276,False,True,354,WITHIN_TOLERANCE,NEAR_ATM,0.05454545454546005,0.05454545454546005,15,H1,4,1737049500000,,False,4,26.7,27.0,1.1235955056179803,1.2962962962963065,-3.1481481481481555,1.2962962962963065,4,3,0.0,1.0,2.4344569288389684,-2.059925093632964,False,SCORED_WINDOW
TSLA-0011,TSLA,O:TSLA250131C00412500,CALL,412.5,2025-01-31,14,0.0,DISCOVERY,THESIS_PRESSURE,2025-01-16T17:00:00+00:00,2025-01-16T16:45:00+00:00,77,1,276,False,True,354,WITHIN_TOLERANCE,NEAR_ATM,0.05454545454546005,0.05454545454546005,15,D1,26,1737132300000,,False,26,26.7,27.0,1.1235955056179803,45.444444444444464,-7.4074074074074066,43.70370370370369,26,9,-1.1968423733129785,0.9616951915240416,47.07865168539327,-6.367041198501866,False,SCORED_WINDOW
TSLA-0011,TSLA,O:TSLA250131C00412500,CALL,412.5,2025-01-31,14,0.0,DISCOVERY,THESIS_PRESSURE,2025-01-16T17:00:00+00:00,2025-01-16T16:45:00+00:00,77,1,276,False,True,354,WITHIN_TOLERANCE,NEAR_ATM,0.05454545454546005,0.05454545454546005,15,D3,78,1737564300000,,False,78,26.7,27.0,1.1235955056179803,57.96296296296295,-17.777777777777782,5.740740740740735,32,46,-33.05978898007034,0.0990415335463258,59.737827715355806,-16.85393258426966,True,SCORED_WINDOW
TSLA-0011,TSLA,O:TSLA250131C00412500,CALL,412.5,2025-01-31,14,0.0,DISCOVERY,THESIS_PRESSURE,2025-01-16T17:00:00+00:00,2025-01-16T16:45:00+00:00,77,1,276,False,True,354,WITHIN_TOLERANCE,NEAR_ATM,0.05454545454546005,0.05454545454546005,15,D5,130,1737737100000,,False,130,26.7,27.0,1.1235955056179803,57.96296296296295,-28.51851851851852,-25.92592592592593,32,128,-53.106682297772565,-0.4472843450479235,59.737827715355806,-27.715355805243437,True,SCORED_WINDOW
TSLA-0011,TSLA,O:TSLA250131C00412500,CALL,412.5,2025-01-31,14,0.0,DISCOVERY,THESIS_PRESSURE,2025-01-16T17:00:00+00:00,2025-01-16T16:45:00+00:00,77,1,276,False,True,354,WITHIN_TOLERANCE,NEAR_ATM,0.05454545454546005,0.05454545454546005,15,D10,260,1738341900000,,False,260,26.7,27.0,1.1235955056179803,57.96296296296295,-95.18518518518519,-74.07407407407408,32,231,-83.5873388042204,-1.2779552715654956,59.737827715355806,-95.13108614232209,True,SCORED_WINDOW
SPY-0011,SPY,O:SPY250207C00610000,CALL,610.0,2025-02-07,14,0.0,DISCOVERY,RISK_OR_EXHAUSTION,2025-01-24T16:45:00+00:00,2025-01-24T16:30:00+00:00,110,1,277,False,True,403,WITHIN_TOLERANCE,NEAR_ATM,0.018852459016394933,0.018852459016394933,14,H1,4,1737739800000,,False,4,6.24,6.24,0.0,1.4423076923076872,-6.570512820512819,-6.250000000000011,1,4,-7.582938388625604,-4.333333333333356,1.4423076923076872,-6.570512820512819,True,SCORED_WINDOW
SPY-0011,SPY,O:SPY250207C00610000,CALL,610.0,2025-02-07,14,0.0,DISCOVERY,RISK_OR_EXHAUSTION,2025-01-24T16:45:00+00:00,2025-01-24T16:30:00+00:00,110,1,277,False,True,403,WITHIN_TOLERANCE,NEAR_ATM,0.018852459016394933,0.018852459016394933,14,D1,26,1737995400000,,False,27,6.24,6.24,0.0,1.4423076923076872,-74.51923076923077,-69.71153846153845,1,19,-70.14218009478674,-48.3333333333335,1.4423076923076872,-74.51923076923077,True,SCORED_WINDOW
SPY-0011,SPY,O:SPY250207C00610000,CALL,610.0,2025-02-07,14,0.0,DISCOVERY,RISK_OR_EXHAUSTION,2025-01-24T16:45:00+00:00,2025-01-24T16:30:00+00:00,110,1,277,False,True,403,WITHIN_TOLERANCE,NEAR_ATM,0.018852459016394933,0.018852459016394933,14,D3,78,1738168200000,,False,81,6.24,6.24,0.0,1.4423076923076872,-74.51923076923077,-54.00641025641026,1,19,-54.66034755134282,-37.444444444444585,1.4423076923076872,-74.51923076923077,True,SCORED_WINDOW
SPY-0011,SPY,O:SPY250207C00610000,CALL,610.0,2025-02-07,14,0.0,DISCOVERY,RISK_OR_EXHAUSTION,2025-01-24T16:45:00+00:00,2025-01-24T16:30:00+00:00,110,1,277,False,True,403,WITHIN_TOLERANCE,NEAR_ATM,0.018852459016394933,0.018852459016394933,14,D5,130,1738341000000,,False,135,6.24,6.24,0.0,1.4423076923076872,-78.2051282051282,-34.455128205128204,1,99,-35.387045813586106,-23.888888888888975,1.4423076923076872,-78.2051282051282,True,SCORED_WINDOW
SPY-0011,SPY,O:SPY250207C00610000,CALL,610.0,2025-02-07,14,0.0,DISCOVERY,RISK_OR_EXHAUSTION,2025-01-24T16:45:00+00:00,2025-01-24T16:30:00+00:00,110,1,277,False,True,403,WITHIN_TOLERANCE,NEAR_ATM,0.018852459016394933,0.018852459016394933,14,D10,260,1738945800000,,False,270,6.24,6.24,0.0,1.4423076923076872,-99.67948717948718,-99.67948717948718,1,270,-99.68404423380727,-69.11111111111136,1.4423076923076872,-99.67948717948718,True,SCORED_WINDOW
VALE-0008,VALE,O:VALE250207C00009000,CALL,9.0,2025-02-07,14,0.0,DISCOVERY,RISK_OR_EXHAUSTION,2025-01-27T18:45:00+00:00,2025-01-27T18:30:00+00:00,37,1,94,False,True,132,WITHIN_TOLERANCE,NEAR_ATM,1.7777777777777795,1.7777777777777795,11,H1,4,1738006200000,,False,3,0.3,0.29,-3.3333333333333326,0.0,-6.896551724137923,-6.896551724137923,1,3,-6.896551724137923,,-3.3333333333333326,-9.999999999999986,True,SCORED_WINDOW
VALE-0008,VALE,O:VALE250207C00009000,CALL,9.0,2025-02-07,14,0.0,DISCOVERY,RISK_OR_EXHAUSTION,2025-01-27T18:45:00+00:00,2025-01-27T18:30:00+00:00,37,1,94,False,True,132,WITHIN_TOLERANCE,NEAR_ATM,1.7777777777777795,1.7777777777777795,11,D1,26,1738089000000,,False,12,0.3,0.29,-3.3333333333333326,10.344827586206918,-27.586206896551722,-20.68965517241378,5,9,-28.125,-1.9999999999999944,6.666666666666665,-30.000000000000004,True,SCORED_WINDOW
VALE-0008,VALE,O:VALE250207C00009000,CALL,9.0,2025-02-07,14,0.0,DISCOVERY,RISK_OR_EXHAUSTION,2025-01-27T18:45:00+00:00,2025-01-27T18:30:00+00:00,37,1,94,False,True,132,WITHIN_TOLERANCE,NEAR_ATM,1.7777777777777795,1.7777777777777795,11,D3,78,1738261800000,,False,38,0.3,0.29,-3.3333333333333326,68.96551724137932,-44.82758620689654,68.96551724137932,38,16,0.0,1.0,63.33333333333333,-46.666666666666664,False,SCORED_WINDOW
VALE-0008,VALE,O:VALE250207C00009000,CALL,9.0,2025-02-07,14,0.0,DISCOVERY,RISK_OR_EXHAUSTION,2025-01-27T18:45:00+00:00,2025-01-27T18:30:00+00:00,37,1,94,False,True,132,WITHIN_TOLERANCE,NEAR_ATM,1.7777777777777795,1.7777777777777795,11,D5,130,1738607400000,,False,57,0.3,0.29,-3.3333333333333326,79.31034482758623,-44.82758620689654,17.24137931034484,39,16,-34.61538461538461,0.21739130434782616,73.33333333333334,-46.666666666666664,False,SCORED_WINDOW
VALE-0008,VALE,O:VALE250207C00009000,CALL,9.0,2025-02-07,14,0.0,DISCOVERY,RISK_OR_EXHAUSTION,2025-01-27T18:45:00+00:00,2025-01-27T18:30:00+00:00,37,1,94,False,True,132,WITHIN_TOLERANCE,NEAR_ATM,1.7777777777777795,1.7777777777777795,11,D10,260,1739212200000,CONTRACT_EXPIRY,True,94,0.3,0.29,-3.3333333333333326,141.3793103448276,-44.82758620689654,51.7241379310345,84,16,-37.14285714285713,0.36585365853658547,133.33333333333334,-46.666666666666664,False,SCORED_RIGHT_CENSORED
VALE-0009,VALE,O:VALE250214C00009000,CALL,9.0,2025-02-14,14,0.0,DISCOVERY,THESIS_PRESSURE,2025-01-28T16:45:00+00:00,2025-01-28T16:30:00+00:00,50,1,96,False,True,147,WITHIN_TOLERANCE,NEAR_ATM,0.27777777777778173,0.27777777777778173,17,H1,4,1738085400000,,False,1,0.26,0.26,0.0,0.0,0.0,0.0,1,1,0.0,,0.0,0.0,False,SCORED_WINDOW
VALE-0009,VALE,O:VALE250214C00009000,CALL,9.0,2025-02-14,14,0.0,DISCOVERY,THESIS_PRESSURE,2025-01-28T16:45:00+00:00,2025-01-28T16:30:00+00:00,50,1,96,False,True,147,WITHIN_TOLERANCE,NEAR_ATM,0.27777777777778173,0.27777777777778173,17,D1,26,1738168200000,,False,9,0.26,0.26,0.0,3.8461538461538547,-3.8461538461538547,-3.8461538461538547,2,4,-7.407407407407418,-1.0,3.8461538461538547,-3.8461538461538547,True,SCORED_WINDOW
VALE-0009,VALE,O:VALE250214C00009000,CALL,9.0,2025-02-14,14,0.0,DISCOVERY,THESIS_PRESSURE,2025-01-28T16:45:00+00:00,2025-01-28T16:30:00+00:00,50,1,96,False,True,147,WITHIN_TOLERANCE,NEAR_ATM,0.27777777777778173,0.27777777777778173,17,D3,78,1738341000000,,False,31,0.26,0.26,0.0,115.38461538461542,-3.8461538461538547,111.53846153846155,27,4,-1.7857142857142905,0.9666666666666665,115.38461538461542,-3.8461538461538547,False,SCORED_WINDOW
VALE-0009,VALE,O:VALE250214C00009000,CALL,9.0,2025-02-14,14,0.0,DISCOVERY,THESIS_PRESSURE,2025-01-28T16:45:00+00:00,2025-01-28T16:30:00+00:00,50,1,96,False,True,147,WITHIN_TOLERANCE,NEAR_ATM,0.27777777777778173,0.27777777777778173,17,D5,130,1738686600000,,False,41,0.26,0.26,0.0,115.38461538461542,-3.8461538461538547,65.38461538461537,27,4,-23.214285714285722,0.5666666666666664,115.38461538461542,-3.8461538461538547,False,SCORED_WINDOW
VALE-0009,VALE,O:VALE250214C00009000,CALL,9.0,2025-02-14,14,0.0,DISCOVERY,THESIS_PRESSURE,2025-01-28T16:45:00+00:00,2025-01-28T16:30:00+00:00,50,1,96,False,True,147,WITHIN_TOLERANCE,NEAR_ATM,0.27777777777778173,0.27777777777778173,17,D10,260,1739291400000,,False,70,0.26,0.26,0.0,157.6923076923077,-3.8461538461538547,130.76923076923075,57,4,-10.447761194029859,0.8292682926829266,157.6923076923077,-3.8461538461538547,False,SCORED_WINDOW
PYPL-0012,PYPL,O:PYPL250214C00090000,CALL,90.0,2025-02-14,14,0.0,DISCOVERY,CONTINUATION,2025-01-30T16:00:00+00:00,2025-01-30T15:45:00+00:00,40,0,159,False,False,199,WITHIN_TOLERANCE,NEAR_ATM,0.3166666666666629,-0.3166666666666629,15,H1,4,1738255500000,,False,,,,,,,,,,,,,,,UNSCORED_SIGNAL_BAR_ABSENT
PYPL-0012,PYPL,O:PYPL250214C00090000,CALL,90.0,2025-02-14,14,0.0,DISCOVERY,CONTINUATION,2025-01-30T16:00:00+00:00,2025-01-30T15:45:00+00:00,40,0,159,False,False,199,WITHIN_TOLERANCE,NEAR_ATM,0.3166666666666629,-0.3166666666666629,15,D1,26,1738338300000,,False,,,,,,,,,,,,,,,UNSCORED_SIGNAL_BAR_ABSENT
PYPL-0012,PYPL,O:PYPL250214C00090000,CALL,90.0,2025-02-14,14,0.0,DISCOVERY,CONTINUATION,2025-01-30T16:00:00+00:00,2025-01-30T15:45:00+00:00,40,0,159,False,False,199,WITHIN_TOLERANCE,NEAR_ATM,0.3166666666666629,-0.3166666666666629,15,D3,78,1738683900000,,False,,,,,,,,,,,,,,,UNSCORED_SIGNAL_BAR_ABSENT
PYPL-0012,PYPL,O:PYPL250214C00090000,CALL,90.0,2025-02-14,14,0.0,DISCOVERY,CONTINUATION,2025-01-30T16:00:00+00:00,2025-01-30T15:45:00+00:00,40,0,159,False,False,199,WITHIN_TOLERANCE,NEAR_ATM,0.3166666666666629,-0.3166666666666629,15,D5,130,1738856700000,,False,,,,,,,,,,,,,,,UNSCORED_SIGNAL_BAR_ABSENT
PYPL-0012,PYPL,O:PYPL250214C00090000,CALL,90.0,2025-02-14,14,0.0,DISCOVERY,CONTINUATION,2025-01-30T16:00:00+00:00,2025-01-30T15:45:00+00:00,40,0,159,False,False,199,WITHIN_TOLERANCE,NEAR_ATM,0.3166666666666629,-0.3166666666666629,15,D10,260,1739461500000,,False,,,,,,,,,,,,,,,UNSCORED_SIGNAL_BAR_ABSENT
SPY-0012,SPY,O:SPY250213C00606000,CALL,606.0,2025-02-13,14,0.0,DISCOVERY,CONTINUATION,2025-01-30T20:15:00+00:00,2025-01-30T20:00:00+00:00,9,1,215,False,True,234,WITHIN_TOLERANCE,NEAR_ATM,0.013283828382843086,0.013283828382843086,14,H1,4,1738333800000,,False,2,6.6,6.78,2.7272727272727337,6.932153392330376,0.0,6.932153392330376,2,1,0.0,1.0,9.848484848484862,2.7272727272727337,False,SCORED_WINDOW
SPY-0012,SPY,O:SPY250213C00606000,CALL,606.0,2025-02-13,14,0.0,DISCOVERY,CONTINUATION,2025-01-30T20:15:00+00:00,2025-01-30T20:00:00+00:00,9,1,215,False,True,234,WITHIN_TOLERANCE,NEAR_ATM,0.013283828382843086,0.013283828382843086,14,D1,26,1738353600000,,False,11,6.6,6.78,2.7272727272727337,28.908554572271395,-27.876106194690276,-27.876106194690276,3,11,-44.050343249427925,-0.9642857142857144,32.42424242424244,-25.909090909090914,True,SCORED_WINDOW
SPY-0012,SPY,O:SPY250213C00606000,CALL,606.0,2025-02-13,14,0.0,DISCOVERY,CONTINUATION,2025-01-30T20:15:00+00:00,2025-01-30T20:00:00+00:00,9,1,215,False,True,234,WITHIN_TOLERANCE,NEAR_ATM,0.013283828382843086,0.013283828382843086,14,D3,78,1738699200000,,False,41,6.6,6.78,2.7272727272727337,28.908554572271395,-75.95870206489676,-43.21533923303835,3,16,-55.94965675057209,-1.494897959183673,32.42424242424244,-75.30303030303031,True,SCORED_WINDOW
SPY-0012,SPY,O:SPY250213C00606000,CALL,606.0,2025-02-13,14,0.0,DISCOVERY,CONTINUATION,2025-01-30T20:15:00+00:00,2025-01-30T20:00:00+00:00,9,1,215,False,True,234,WITHIN_TOLERANCE,NEAR_ATM,0.013283828382843086,0.013283828382843086,14,D5,130,1738872000000,,False,85,6.6,6.78,2.7272727272727337,28.908554572271395,-75.95870206489676,-46.312684365781706,3,16,-58.35240274599543,-1.60204081632653,32.42424242424244,-75.30303030303031,True,SCORED_WINDOW
SPY-0012,SPY,O:SPY250213C00606000,CALL,606.0,2025-02-13,14,0.0,DISCOVERY,CONTINUATION,2025-01-30T20:15:00+00:00,2025-01-30T20:00:00+00:00,9,1,215,False,True,234,WITHIN_TOLERANCE,NEAR_ATM,0.013283828382843086,0.013283828382843086,14,D10,260,1739476800000,,False,220,6.6,6.78,2.7272727272727337,28.908554572271395,-96.16519174041298,-51.91740412979351,3,171,-62.70022883295194,-1.7959183673469383,32.42424242424244,-96.06060606060606,True,SCORED_WINDOW
U-0011,U,O:U250214C00022500,CALL,22.5,2025-02-14,14,0.0,DISCOVERY,THESIS_PRESSURE,2025-01-31T18:00:00+00:00,2025-01-31T17:45:00+00:00,38,1,158,False,True,197,WITHIN_TOLERANCE,NEAR_ATM,0.26088888888889666,0.26088888888889666,14,H1,4,1738349100000,,False,3,1.23,1.21,-1.6260162601625994,22.314049586776854,0.0,7.438016528925617,2,1,-12.16216216216216,0.3333333333333333,20.32520325203253,-1.6260162601625994,False,SCORED_WINDOW
U-0011,U,O:U250214C00022500,CALL,22.5,2025-02-14,14,0.0,DISCOVERY,THESIS_PRESSURE,2025-01-31T18:00:00+00:00,2025-01-31T17:45:00+00:00,38,1,158,False,True,197,WITHIN_TOLERANCE,NEAR_ATM,0.26088888888889666,0.26088888888889666,14,D1,26,1738604700000,,False,13,1.23,1.21,-1.6260162601625994,22.314049586776854,-61.15702479338842,-34.71074380165289,2,11,-46.62162162162162,-1.5555555555555558,20.32520325203253,-61.78861788617886,True,SCORED_WINDOW
U-0011,U,O:U250214C00022500,CALL,22.5,2025-02-14,14,0.0,DISCOVERY,THESIS_PRESSURE,2025-01-31T18:00:00+00:00,2025-01-31T17:45:00+00:00,38,1,158,False,True,197,WITHIN_TOLERANCE,NEAR_ATM,0.26088888888889666,0.26088888888889666,14,D3,78,1738777500000,,False,35,1.23,1.21,-1.6260162601625994,22.314049586776854,-63.63636363636363,-61.98347107438016,2,34,-68.91891891891892,-2.7777777777777786,20.32520325203253,-64.22764227642277,True,SCORED_WINDOW
U-0011,U,O:U250214C00022500,CALL,22.5,2025-02-14,14,0.0,DISCOVERY,THESIS_PRESSURE,2025-01-31T18:00:00+00:00,2025-01-31T17:45:00+00:00,38,1,158,False,True,197,WITHIN_TOLERANCE,NEAR_ATM,0.26088888888889666,0.26088888888889666,14,D5,130,1738950300000,,False,68,1.23,1.21,-1.6260162601625994,22.314049586776854,-79.33884297520662,-73.55371900826447,2,57,-78.37837837837837,-3.296296296296297,20.32520325203253,-79.67479674796748,True,SCORED_WINDOW
U-0011,U,O:U250214C00022500,CALL,22.5,2025-02-14,14,0.0,DISCOVERY,THESIS_PRESSURE,2025-01-31T18:00:00+00:00,2025-01-31T17:45:00+00:00,38,1,158,False,True,197,WITHIN_TOLERANCE,NEAR_ATM,0.26088888888889666,0.26088888888889666,14,D10,260,1739555100000,,False,152,1.23,1.21,-1.6260162601625994,22.314049586776854,-99.17355371900827,-99.17355371900827,2,124,-99.32432432432432,-4.4444444444444455,20.32520325203253,-99.1869918699187,True,SCORED_WINDOW
VALE-0010,VALE,O:VALE250214C00009500,CALL,9.5,2025-02-14,14,0.0,DISCOVERY,ENTRY_FORMING,2025-02-03T20:30:00+00:00,2025-02-03T20:15:00+00:00,73,1,134,False,True,208,WITHIN_TOLERANCE,NEAR_ATM,1.6315789473684146,-1.6315789473684146,11,H1,4,1738680300000,,False,3,0.14,0.16,14.28571428571428,12.5,0.0,6.25,2,1,-5.5555555555555465,0.5,28.57142857142856,14.28571428571428,False,SCORED_WINDOW
VALE-0010,VALE,O:VALE250214C00009500,CALL,9.5,2025-02-14,14,0.0,DISCOVERY,ENTRY_FORMING,2025-02-03T20:30:00+00:00,2025-02-03T20:15:00+00:00,73,1,134,False,True,208,WITHIN_TOLERANCE,NEAR_ATM,1.6315789473684146,-1.6315789473684146,11,D1,26,1738700100000,,False,15,0.14,0.16,14.28571428571428,12.5,-6.25,-6.25,2,6,-16.666666666666664,-0.5,28.57142857142856,7.14285714285714,True,SCORED_WINDOW
VALE-0010,VALE,O:VALE250214C00009500,CALL,9.5,2025-02-14,14,0.0,DISCOVERY,ENTRY_FORMING,2025-02-03T20:30:00+00:00,2025-02-03T20:15:00+00:00,73,1,134,False,True,208,WITHIN_TOLERANCE,NEAR_ATM,1.6315789473684146,-1.6315789473684146,11,D3,78,1738872900000,,False,31,0.14,0.16,14.28571428571428,62.5,-18.75,56.25,23,16,-3.8461538461538547,0.9,85.7142857142857,-7.142857142857151,False,SCORED_WINDOW
VALE-0010,VALE,O:VALE250214C00009500,CALL,9.5,2025-02-14,14,0.0,DISCOVERY,ENTRY_FORMING,2025-02-03T20:30:00+00:00,2025-02-03T20:15:00+00:00,73,1,134,False,True,208,WITHIN_TOLERANCE,NEAR_ATM,1.6315789473684146,-1.6315789473684146,11,D5,130,1739218500000,,False,66,0.14,0.16,14.28571428571428,62.5,-25.0,0.0,23,45,-38.46153846153846,0.0,85.7142857142857,-14.285714285714302,True,SCORED_WINDOW
VALE-0010,VALE,O:VALE250214C00009500,CALL,9.5,2025-02-14,14,0.0,DISCOVERY,ENTRY_FORMING,2025-02-03T20:30:00+00:00,2025-02-03T20:15:00+00:00,73,1,134,False,True,208,WITHIN_TOLERANCE,NEAR_ATM,1.6315789473684146,-1.6315789473684146,11,D10,260,1739909700000,CONTRACT_EXPIRY,True,134,0.14,0.16,14.28571428571428,100.0,-87.5,75.00000000000003,133,99,-12.49999999999999,0.7500000000000003,128.57142857142856,-85.71428571428572,False,SCORED_RIGHT_CENSORED
PYPL-0013,PYPL,O:PYPL250214C00089000,CALL,89.0,2025-02-14,14,0.0,DISCOVERY,ENTRY_FORMING,2025-02-03T20:45:00+00:00,2025-02-03T20:30:00+00:00,60,1,43,False,True,104,WITHIN_TOLERANCE,NEAR_ATM,0.28651685393257914,0.28651685393257914,11,H1,4,1738681200000,,False,4,4.01,4.0,-0.24937655860348684,7.000000000000006,-94.75,-94.75,1,4,-95.09345794392523,-13.535714285714274,6.733167082294278,-94.76309226932669,True,SCORED_WINDOW
PYPL-0013,PYPL,O:PYPL250214C00089000,CALL,89.0,2025-02-14,14,0.0,DISCOVERY,ENTRY_FORMING,2025-02-03T20:45:00+00:00,2025-02-03T20:30:00+00:00,60,1,43,False,True,104,WITHIN_TOLERANCE,NEAR_ATM,0.28651685393257914,0.28651685393257914,11,D1,26,1738701000000,,False,19,4.01,4.0,-0.24937655860348684,7.000000000000006,-97.0,-96.75,1,15,-96.96261682242991,-13.821428571428559,6.733167082294278,-97.0074812967581,True,SCORED_WINDOW
PYPL-0013,PYPL,O:PYPL250214C00089000,CALL,89.0,2025-02-14,14,0.0,DISCOVERY,ENTRY_FORMING,2025-02-03T20:45:00+00:00,2025-02-03T20:30:00+00:00,60,1,43,False,True,104,WITHIN_TOLERANCE,NEAR_ATM,0.28651685393257914,0.28651685393257914,11,D3,78,1738873800000,,False,31,4.01,4.0,-0.24937655860348684,7.000000000000006,-99.0,-99.0,1,30,-99.06542056074767,-14.14285714285713,6.733167082294278,-99.00249376558602,True,SCORED_WINDOW
PYPL-0013,PYPL,O:PYPL250214C00089000,CALL,89.0,2025-02-14,14,0.0,DISCOVERY,ENTRY_FORMING,2025-02-03T20:45:00+00:00,2025-02-03T20:30:00+00:00,60,1,43,False,True,104,WITHIN_TOLERANCE,NEAR_ATM,0.28651685393257914,0.28651685393257914,11,D5,130,1739219400000,,False,36,4.01,4.0,-0.24937655860348684,7.000000000000006,-99.75,-99.75,1,36,-99.76635514018692,-14.249999999999988,6.733167082294278,-99.75062344139651,True,SCORED_WINDOW
PYPL-0013,PYPL,O:PYPL250214C00089000,CALL,89.0,2025-02-14,14,0.0,DISCOVERY,ENTRY_FORMING,2025-02-03T20:45:00+00:00,2025-02-03T20:30:00+00:00,60,1,43,False,True,104,WITHIN_TOLERANCE,NEAR_ATM,0.28651685393257914,0.28651685393257914,11,D10,260,1739910600000,CONTRACT_EXPIRY,True,43,4.01,4.0,-0.24937655860348684,7.000000000000006,-99.75,-99.5,1,36,-99.53271028037383,-14.214285714285701,6.733167082294278,-99.75062344139651,True,SCORED_RIGHT_CENSORED
LULU-0010,LULU,O:LULU250221C00415000,CALL,415.0,2025-02-21,14,0.0,DISCOVERY,ENTRY_FORMING,2025-02-04T14:45:00+00:00,2025-02-04T14:30:00+00:00,80,1,136,False,True,217,WITHIN_TOLERANCE,NEAR_ATM,0.1530120481927689,0.1530120481927689,17,H1,4,1738683000000,,False,3,12.4,10.99,-11.37096774193549,11.46496815286624,0.0,11.010009099181062,3,1,-0.40816326530612734,0.9603174603174595,-1.2096774193548376,-11.37096774193549,False,SCORED_WINDOW
LULU-0010,LULU,O:LULU250221C00415000,CALL,415.0,2025-02-21,14,0.0,DISCOVERY,ENTRY_FORMING,2025-02-04T14:45:00+00:00,2025-02-04T14:30:00+00:00,80,1,136,False,True,217,WITHIN_TOLERANCE,NEAR_ATM,0.1530120481927689,0.1530120481927689,17,D1,26,1738765800000,,False,10,12.4,10.99,-11.37096774193549,18.28935395814377,0.0,17.470427661510456,6,1,-0.6923076923076921,0.9552238805970144,4.8387096774193505,-11.37096774193549,False,SCORED_WINDOW
LULU-0010,LULU,O:LULU250221C00415000,CALL,415.0,2025-02-21,14,0.0,DISCOVERY,ENTRY_FORMING,2025-02-04T14:45:00+00:00,2025-02-04T14:30:00+00:00,80,1,136,False,True,217,WITHIN_TOLERANCE,NEAR_ATM,0.1530120481927689,0.1530120481927689,17,D3,78,1738938600000,,False,35,12.4,10.99,-11.37096774193549,18.28935395814377,-33.12101910828026,-19.017288444040037,6,27,-31.538461538461537,-1.0398009950248754,4.8387096774193505,-40.72580645161291,True,SCORED_WINDOW
LULU-0010,LULU,O:LULU250221C00415000,CALL,415.0,2025-02-21,14,0.0,DISCOVERY,ENTRY_FORMING,2025-02-04T14:45:00+00:00,2025-02-04T14:30:00+00:00,80,1,136,False,True,217,WITHIN_TOLERANCE,NEAR_ATM,0.1530120481927689,0.1530120481927689,17,D5,130,1739284200000,,False,71,12.4,10.99,-11.37096774193549,18.28935395814377,-86.53321201091902,-67.87989080982713,6,51,-72.84615384615385,-3.711442786069652,4.8387096774193505,-88.06451612903226,True,SCORED_WINDOW
LULU-0010,LULU,O:LULU250221C00415000,CALL,415.0,2025-02-21,14,0.0,DISCOVERY,ENTRY_FORMING,2025-02-04T14:45:00+00:00,2025-02-04T14:30:00+00:00,80,1,136,False,True,217,WITHIN_TOLERANCE,NEAR_ATM,0.1530120481927689,0.1530120481927689,17,D10,260,1739975400000,,False,125,12.4,10.99,-11.37096774193549,18.28935395814377,-99.90900818926298,-99.54504094631483,6,124,-99.61538461538461,-5.44278606965174,4.8387096774193505,-99.91935483870968,True,SCORED_WINDOW
U-0012,U,O:U250221C00021500,CALL,21.5,2025-02-21,14,0.0,DISCOVERY,ENTRY_FORMING,2025-02-10T14:45:00+00:00,2025-02-10T14:30:00+00:00,34,1,157,False,True,192,WITHIN_TOLERANCE,NEAR_ATM,0.6976744186046445,-0.6976744186046445,11,H1,4,1739201400000,,False,4,1.53,1.43,-6.535947712418311,2.7972027972027913,-2.0979020979021046,1.3986013986013957,3,2,-1.3605442176870763,0.5,-3.9215686274509887,-8.496732026143794,False,SCORED_WINDOW
U-0012,U,O:U250221C00021500,CALL,21.5,2025-02-21,14,0.0,DISCOVERY,ENTRY_FORMING,2025-02-10T14:45:00+00:00,2025-02-10T14:30:00+00:00,34,1,157,False,True,192,WITHIN_TOLERANCE,NEAR_ATM,0.6976744186046445,-0.6976744186046445,11,D1,26,1739284200000,,False,13,1.53,1.43,-6.535947712418311,2.7972027972027913,-45.454545454545446,-45.454545454545446,3,13,-46.93877551020408,-16.250000000000032,-3.9215686274509887,-49.01960784313726,True,SCORED_WINDOW
U-0012,U,O:U250221C00021500,CALL,21.5,2025-02-21,14,0.0,DISCOVERY,ENTRY_FORMING,2025-02-10T14:45:00+00:00,2025-02-10T14:30:00+00:00,34,1,157,False,True,192,WITHIN_TOLERANCE,NEAR_ATM,0.6976744186046445,-0.6976744186046445,11,D3,78,1739457000000,,False,35,1.53,1.43,-6.535947712418311,2.7972027972027913,-64.33566433566433,-37.06293706293706,3,30,-38.775510204081634,-13.250000000000027,-3.9215686274509887,-66.66666666666667,True,SCORED_WINDOW
U-0012,U,O:U250221C00021500,CALL,21.5,2025-02-21,14,0.0,DISCOVERY,ENTRY_FORMING,2025-02-10T14:45:00+00:00,2025-02-10T14:30:00+00:00,34,1,157,False,True,192,WITHIN_TOLERANCE,NEAR_ATM,0.6976744186046445,-0.6976744186046445,11,D5,130,1739889000000,,False,73,1.53,1.43,-6.535947712418311,16.083916083916083,-64.33566433566433,6.9930069930070005,73,30,-7.831325301204817,0.43478260869565266,8.496732026143782,-66.66666666666667,False,SCORED_WINDOW
U-0012,U,O:U250221C00021500,CALL,21.5,2025-02-21,14,0.0,DISCOVERY,ENTRY_FORMING,2025-02-10T14:45:00+00:00,2025-02-10T14:30:00+00:00,34,1,157,False,True,192,WITHIN_TOLERANCE,NEAR_ATM,0.6976744186046445,-0.6976744186046445,11,D10,260,1740493800000,CONTRACT_EXPIRY,True,157,1.53,1.43,-6.535947712418311,532.8671328671329,-64.33566433566433,350.3496503496504,144,30,-28.839779005524868,0.65748031496063,491.5032679738562,-66.66666666666667,False,SCORED_RIGHT_CENSORED
GME-0012,GME,O:GME250307C00027000,CALL,27.0,2025-03-07,14,0.0,DISCOVERY,THESIS_PRESSURE,2025-02-18T14:45:00+00:00,2025-02-18T14:30:00+00:00,70,1,351,False,True,422,WITHIN_TOLERANCE,NEAR_ATM,0.18629629629629635,-0.18629629629629635,17,H1,4,1739892600000,,False,4,1.4,1.41,0.7142857142857117,10.63829787234043,-7.801418439716301,7.801418439716312,1,2,-2.564102564102566,0.733333333333333,11.428571428571432,-7.142857142857128,True,SCORED_WINDOW
GME-0012,GME,O:GME250307C00027000,CALL,27.0,2025-03-07,14,0.0,DISCOVERY,THESIS_PRESSURE,2025-02-18T14:45:00+00:00,2025-02-18T14:30:00+00:00,70,1,351,False,True,422,WITHIN_TOLERANCE,NEAR_ATM,0.18629629629629635,-0.18629629629629635,17,D1,26,1739975400000,,False,23,1.4,1.41,0.7142857142857117,16.31205673758864,-13.475177304964536,-12.765957446808507,8,23,-25.0,-0.7826086956521743,17.14285714285715,-12.857142857142856,True,SCORED_WINDOW
GME-0012,GME,O:GME250307C00027000,CALL,27.0,2025-03-07,14,0.0,DISCOVERY,THESIS_PRESSURE,2025-02-18T14:45:00+00:00,2025-02-18T14:30:00+00:00,70,1,351,False,True,422,WITHIN_TOLERANCE,NEAR_ATM,0.18629629629629635,-0.18629629629629635,17,D3,78,1740148200000,,False,70,1.4,1.41,0.7142857142857117,16.31205673758864,-39.00709219858156,-0.7092198581560294,8,49,-14.634146341463417,-0.04347826086956531,17.14285714285715,-38.57142857142857,True,SCORED_WINDOW
GME-0012,GME,O:GME250307C00027000,CALL,27.0,2025-03-07,14,0.0,DISCOVERY,THESIS_PRESSURE,2025-02-18T14:45:00+00:00,2025-02-18T14:30:00+00:00,70,1,351,False,True,422,WITHIN_TOLERANCE,NEAR_ATM,0.18629629629629635,-0.18629629629629635,17,D5,130,1740493800000,,False,119,1.4,1.41,0.7142857142857117,17.021276595744684,-60.2836879432624,-56.02836879432624,72,118,-62.42424242424243,-3.291666666666666,17.85714285714286,-59.999999999999986,True,SCORED_WINDOW
GME-0012,GME,O:GME250307C00027000,CALL,27.0,2025-03-07,14,0.0,DISCOVERY,THESIS_PRESSURE,2025-02-18T14:45:00+00:00,2025-02-18T14:30:00+00:00,70,1,351,False,True,422,WITHIN_TOLERANCE,NEAR_ATM,0.18629629629629635,-0.18629629629629635,17,D10,260,1741098600000,,False,248,1.4,1.41,0.7142857142857117,17.021276595744684,-93.61702127659575,-92.90780141843972,72,248,-93.93939393939394,-5.458333333333332,17.85714285714286,-93.57142857142857,True,SCORED_WINDOW
VALE-0011,VALE,O:VALE250307C00009500,CALL,9.5,2025-03-07,14,0.0,DISCOVERY,CONTINUATION,2025-02-19T19:15:00+00:00,2025-02-19T19:00:00+00:00,36,0,119,False,False,155,WITHIN_TOLERANCE,NEAR_ATM,2.5263157894736867,2.5263157894736867,16,H1,4,1739995200000,,False,,,,,,,,,,,,,,,UNSCORED_SIGNAL_BAR_ABSENT
VALE-0011,VALE,O:VALE250307C00009500,CALL,9.5,2025-03-07,14,0.0,DISCOVERY,CONTINUATION,2025-02-19T19:15:00+00:00,2025-02-19T19:00:00+00:00,36,0,119,False,False,155,WITHIN_TOLERANCE,NEAR_ATM,2.5263157894736867,2.5263157894736867,16,D1,26,1740078000000,,False,,,,,,,,,,,,,,,UNSCORED_SIGNAL_BAR_ABSENT
VALE-0011,VALE,O:VALE250307C00009500,CALL,9.5,2025-03-07,14,0.0,DISCOVERY,CONTINUATION,2025-02-19T19:15:00+00:00,2025-02-19T19:00:00+00:00,36,0,119,False,False,155,WITHIN_TOLERANCE,NEAR_ATM,2.5263157894736867,2.5263157894736867,16,D3,78,1740423600000,,False,,,,,,,,,,,,,,,UNSCORED_SIGNAL_BAR_ABSENT
VALE-0011,VALE,O:VALE250307C00009500,CALL,9.5,2025-03-07,14,0.0,DISCOVERY,CONTINUATION,2025-02-19T19:15:00+00:00,2025-02-19T19:00:00+00:00,36,0,119,False,False,155,WITHIN_TOLERANCE,NEAR_ATM,2.5263157894736867,2.5263157894736867,16,D5,130,1740596400000,,False,,,,,,,,,,,,,,,UNSCORED_SIGNAL_BAR_ABSENT
VALE-0011,VALE,O:VALE250307C00009500,CALL,9.5,2025-03-07,14,0.0,DISCOVERY,CONTINUATION,2025-02-19T19:15:00+00:00,2025-02-19T19:00:00+00:00,36,0,119,False,False,155,WITHIN_TOLERANCE,NEAR_ATM,2.5263157894736867,2.5263157894736867,16,D10,260,1741201200000,,False,,,,,,,,,,,,,,,UNSCORED_SIGNAL_BAR_ABSENT
LULU-0011,LULU,O:LULU250307C00365000,CALL,365.0,2025-03-07,14,0.0,DISCOVERY,CONTINUATION,2025-02-20T18:15:00+00:00,2025-02-20T18:00:00+00:00,8,0,105,False,False,113,WITHIN_TOLERANCE,NEAR_ATM,0.367123287671226,-0.367123287671226,15,H1,4,1740078000000,,False,,,,,,,,,,,,,,,UNSCORED_SIGNAL_BAR_ABSENT
LULU-0011,LULU,O:LULU250307C00365000,CALL,365.0,2025-03-07,14,0.0,DISCOVERY,CONTINUATION,2025-02-20T18:15:00+00:00,2025-02-20T18:00:00+00:00,8,0,105,False,False,113,WITHIN_TOLERANCE,NEAR_ATM,0.367123287671226,-0.367123287671226,15,D1,26,1740160800000,,False,,,,,,,,,,,,,,,UNSCORED_SIGNAL_BAR_ABSENT
LULU-0011,LULU,O:LULU250307C00365000,CALL,365.0,2025-03-07,14,0.0,DISCOVERY,CONTINUATION,2025-02-20T18:15:00+00:00,2025-02-20T18:00:00+00:00,8,0,105,False,False,113,WITHIN_TOLERANCE,NEAR_ATM,0.367123287671226,-0.367123287671226,15,D3,78,1740506400000,,False,,,,,,,,,,,,,,,UNSCORED_SIGNAL_BAR_ABSENT
LULU-0011,LULU,O:LULU250307C00365000,CALL,365.0,2025-03-07,14,0.0,DISCOVERY,CONTINUATION,2025-02-20T18:15:00+00:00,2025-02-20T18:00:00+00:00,8,0,105,False,False,113,WITHIN_TOLERANCE,NEAR_ATM,0.367123287671226,-0.367123287671226,15,D5,130,1740679200000,,False,,,,,,,,,,,,,,,UNSCORED_SIGNAL_BAR_ABSENT
LULU-0011,LULU,O:LULU250307C00365000,CALL,365.0,2025-03-07,14,0.0,DISCOVERY,CONTINUATION,2025-02-20T18:15:00+00:00,2025-02-20T18:00:00+00:00,8,0,105,False,False,113,WITHIN_TOLERANCE,NEAR_ATM,0.367123287671226,-0.367123287671226,15,D10,260,1741284000000,,False,,,,,,,,,,,,,,,UNSCORED_SIGNAL_BAR_ABSENT
LULU-0012,LULU,O:LULU250307C00365000,CALL,365.0,2025-03-07,14,0.0,DISCOVERY,THESIS_PRESSURE,2025-02-20T20:30:00+00:00,2025-02-20T20:15:00+00:00,8,1,104,False,True,113,WITHIN_TOLERANCE,NEAR_ATM,0.3917808219178101,-0.3917808219178101,15,H1,4,1740149100000,,False,0,,,,,,,,,,,,,,UNSCORED_NO_POST_SIGNAL_PRINT
LULU-0012,LULU,O:LULU250307C00365000,CALL,365.0,2025-03-07,14,0.0,DISCOVERY,THESIS_PRESSURE,2025-02-20T20:30:00+00:00,2025-02-20T20:15:00+00:00,8,1,104,False,True,113,WITHIN_TOLERANCE,NEAR_ATM,0.3917808219178101,-0.3917808219178101,15,D1,26,1740168900000,,False,2,9.6,9.85,2.604166666666674,0.0,-30.964467005076145,-30.964467005076145,1,2,-30.964467005076145,,2.604166666666674,-29.166666666666664,True,SCORED_WINDOW
LULU-0012,LULU,O:LULU250307C00365000,CALL,365.0,2025-03-07,14,0.0,DISCOVERY,THESIS_PRESSURE,2025-02-20T20:30:00+00:00,2025-02-20T20:15:00+00:00,8,1,104,False,True,113,WITHIN_TOLERANCE,NEAR_ATM,0.3917808219178101,-0.3917808219178101,15,D3,78,1740514500000,,False,11,9.6,9.85,2.604166666666674,36.54822335025381,-30.964467005076145,24.365482233502544,7,2,-8.921933085501854,0.6666666666666669,40.10416666666667,-29.166666666666664,False,SCORED_WINDOW
LULU-0012,LULU,O:LULU250307C00365000,CALL,365.0,2025-03-07,14,0.0,DISCOVERY,THESIS_PRESSURE,2025-02-20T20:30:00+00:00,2025-02-20T20:15:00+00:00,8,1,104,False,True,113,WITHIN_TOLERANCE,NEAR_ATM,0.3917808219178101,-0.3917808219178101,15,D5,130,1740687300000,,False,20,9.6,9.85,2.604166666666674,36.54822335025381,-30.964467005076145,28.12182741116751,7,2,-6.171003717472123,0.7694444444444444,40.10416666666667,-29.166666666666664,False,SCORED_WINDOW
LULU-0012,LULU,O:LULU250307C00365000,CALL,365.0,2025-03-07,14,0.0,DISCOVERY,THESIS_PRESSURE,2025-02-20T20:30:00+00:00,2025-02-20T20:15:00+00:00,8,1,104,False,True,113,WITHIN_TOLERANCE,NEAR_ATM,0.3917808219178101,-0.3917808219178101,15,D10,260,1741292100000,,False,93,9.6,9.85,2.604166666666674,36.54822335025381,-94.11167512690355,-92.08121827411168,7,68,-94.20074349442379,-2.5194444444444444,40.10416666666667,-93.95833333333333,True,SCORED_WINDOW
PYPL-0014,PYPL,O:PYPL250321C00068000,CALL,68.0,2025-03-21,14,0.0,DISCOVERY,THESIS_PRESSURE,2025-03-10T16:45:00+00:00,2025-03-10T16:30:00+00:00,61,0,181,False,False,242,WITHIN_TOLERANCE,NEAR_ATM,0.6323529411764806,0.6323529411764806,11,H1,4,1741627800000,,False,,,,,,,,,,,,,,,UNSCORED_SIGNAL_BAR_ABSENT
PYPL-0014,PYPL,O:PYPL250321C00068000,CALL,68.0,2025-03-21,14,0.0,DISCOVERY,THESIS_PRESSURE,2025-03-10T16:45:00+00:00,2025-03-10T16:30:00+00:00,61,0,181,False,False,242,WITHIN_TOLERANCE,NEAR_ATM,0.6323529411764806,0.6323529411764806,11,D1,26,1741710600000,,False,,,,,,,,,,,,,,,UNSCORED_SIGNAL_BAR_ABSENT
PYPL-0014,PYPL,O:PYPL250321C00068000,CALL,68.0,2025-03-21,14,0.0,DISCOVERY,THESIS_PRESSURE,2025-03-10T16:45:00+00:00,2025-03-10T16:30:00+00:00,61,0,181,False,False,242,WITHIN_TOLERANCE,NEAR_ATM,0.6323529411764806,0.6323529411764806,11,D3,78,1741883400000,,False,,,,,,,,,,,,,,,UNSCORED_SIGNAL_BAR_ABSENT
PYPL-0014,PYPL,O:PYPL250321C00068000,CALL,68.0,2025-03-21,14,0.0,DISCOVERY,THESIS_PRESSURE,2025-03-10T16:45:00+00:00,2025-03-10T16:30:00+00:00,61,0,181,False,False,242,WITHIN_TOLERANCE,NEAR_ATM,0.6323529411764806,0.6323529411764806,11,D5,130,1742229000000,,False,,,,,,,,,,,,,,,UNSCORED_SIGNAL_BAR_ABSENT
PYPL-0014,PYPL,O:PYPL250321C00068000,CALL,68.0,2025-03-21,14,0.0,DISCOVERY,THESIS_PRESSURE,2025-03-10T16:45:00+00:00,2025-03-10T16:30:00+00:00,61,0,181,False,False,242,WITHIN_TOLERANCE,NEAR_ATM,0.6323529411764806,0.6323529411764806,11,D10,260,1742833800000,CONTRACT_EXPIRY,True,,,,,,,,,,,,,,,UNSCORED_SIGNAL_BAR_ABSENT
SPY-0013,SPY,O:SPY250325C00559000,CALL,559.0,2025-03-25,14,0.0,DISCOVERY,THESIS_PRESSURE,2025-03-12T17:00:00+00:00,2025-03-12T16:45:00+00:00,11,1,122,False,True,137,WITHIN_TOLERANCE,NEAR_ATM,0.01252236135957961,0.01252236135957961,13,H1,4,1741801500000,,False,0,,,,,,,,,,,,,,UNSCORED_NO_POST_SIGNAL_PRINT
SPY-0013,SPY,O:SPY250325C00559000,CALL,559.0,2025-03-25,14,0.0,DISCOVERY,THESIS_PRESSURE,2025-03-12T17:00:00+00:00,2025-03-12T16:45:00+00:00,11,1,122,False,True,137,WITHIN_TOLERANCE,NEAR_ATM,0.01252236135957961,0.01252236135957961,13,D1,26,1741884300000,,False,3,10.7,9.81,-8.317757009345783,0.0,-36.493374108053004,-36.493374108053004,1,3,-36.493374108053004,,-8.317757009345783,-41.77570093457943,True,SCORED_WINDOW
SPY-0013,SPY,O:SPY250325C00559000,CALL,559.0,2025-03-25,14,0.0,DISCOVERY,THESIS_PRESSURE,2025-03-12T17:00:00+00:00,2025-03-12T16:45:00+00:00,11,1,122,False,True,137,WITHIN_TOLERANCE,NEAR_ATM,0.01252236135957961,0.01252236135957961,13,D3,78,1742229900000,,False,16,10.7,9.81,-8.317757009345783,4.485219164118237,-43.22120285423038,-0.10193679918449883,15,4,-4.390243902439018,-0.022727272727271264,-4.2056074766355085,-47.943925233644855,False,SCORED_WINDOW
SPY-0013,SPY,O:SPY250325C00559000,CALL,559.0,2025-03-25,14,0.0,DISCOVERY,THESIS_PRESSURE,2025-03-12T17:00:00+00:00,2025-03-12T16:45:00+00:00,11,1,122,False,True,137,WITHIN_TOLERANCE,NEAR_ATM,0.01252236135957961,0.01252236135957961,13,D5,130,1742402700000,,False,44,10.7,9.81,-8.317757009345783,4.485219164118237,-43.22120285423038,-8.25688073394496,15,4,-12.195121951219512,-1.8409090909090964,-4.2056074766355085,-47.943925233644855,False,SCORED_WINDOW
SPY-0013,SPY,O:SPY250325C00559000,CALL,559.0,2025-03-25,14,0.0,DISCOVERY,THESIS_PRESSURE,2025-03-12T17:00:00+00:00,2025-03-12T16:45:00+00:00,11,1,122,False,True,137,WITHIN_TOLERANCE,NEAR_ATM,0.01252236135957961,0.01252236135957961,13,D10,260,1743007500000,CONTRACT_EXPIRY,True,124,10.7,9.81,-8.317757009345783,77.16615698267073,-59.73496432212029,65.54536187563708,114,75,-6.559263521288838,0.8494055482166446,62.42990654205607,-63.084112149532714,False,SCORED_RIGHT_CENSORED
TSLA-0012,TSLA,O:TSLA250328C00247500,CALL,247.5,2025-03-28,14,0.0,DISCOVERY,ENTRY_FORMING,2025-03-12T20:00:00+00:00,2025-03-12T19:45:00+00:00,77,1,310,False,True,388,WITHIN_TOLERANCE,NEAR_ATM,0.3151515151515156,0.3151515151515156,16,H1,4,1741875300000,,False,4,16.4,16.35,-0.30487804878046587,0.0,-35.47400611620796,-26.911314984709488,1,3,-26.911314984709488,,-0.30487804878046587,-35.67073170731706,True,SCORED_WINDOW
TSLA-0012,TSLA,O:TSLA250328C00247500,CALL,247.5,2025-03-28,14,0.0,DISCOVERY,ENTRY_FORMING,2025-03-12T20:00:00+00:00,2025-03-12T19:45:00+00:00,77,1,310,False,True,388,WITHIN_TOLERANCE,NEAR_ATM,0.3151515151515156,0.3151515151515156,16,D1,26,1741895100000,,False,26,16.4,16.35,-0.30487804878046587,0.0,-40.24464831804282,-25.688073394495415,1,9,-25.688073394495415,,-0.30487804878046587,-40.426829268292686,True,SCORED_WINDOW
TSLA-0012,TSLA,O:TSLA250328C00247500,CALL,247.5,2025-03-28,14,0.0,DISCOVERY,ENTRY_FORMING,2025-03-12T20:00:00+00:00,2025-03-12T19:45:00+00:00,77,1,310,False,True,388,WITHIN_TOLERANCE,NEAR_ATM,0.3151515151515156,0.3151515151515156,16,D3,78,1742240700000,,False,78,16.4,16.35,-0.30487804878046587,0.0,-61.16207951070337,-52.5993883792049,1,64,-52.5993883792049,,-0.30487804878046587,-61.28048780487805,True,SCORED_WINDOW
TSLA-0012,TSLA,O:TSLA250328C00247500,CALL,247.5,2025-03-28,14,0.0,DISCOVERY,ENTRY_FORMING,2025-03-12T20:00:00+00:00,2025-03-12T19:45:00+00:00,77,1,310,False,True,388,WITHIN_TOLERANCE,NEAR_ATM,0.3151515151515156,0.3151515151515156,16,D5,130,1742413500000,,False,130,16.4,16.35,-0.30487804878046587,0.0,-79.26605504587157,-65.1376146788991,1,97,-65.1376146788991,,-0.30487804878046587,-79.32926829268293,True,SCORED_WINDOW
TSLA-0012,TSLA,O:TSLA250328C00247500,CALL,247.5,2025-03-28,14,0.0,DISCOVERY,ENTRY_FORMING,2025-03-12T20:00:00+00:00,2025-03-12T19:45:00+00:00,77,1,310,False,True,388,WITHIN_TOLERANCE,NEAR_ATM,0.3151515151515156,0.3151515151515156,16,D10,260,1743018300000,,False,259,16.4,16.35,-0.30487804878046587,150.76452599388378,-79.26605504587157,54.49541284403669,234,97,-38.390243902439025,0.3614604462474645,150.0,-79.32926829268293,False,SCORED_WINDOW
PYPL-0015,PYPL,O:PYPL250404C00071000,CALL,71.0,2025-04-04,14,0.0,DISCOVERY,RISK_OR_EXHAUSTION,2025-03-20T15:00:00+00:00,2025-03-20T14:45:00+00:00,50,0,191,False,False,241,WITHIN_TOLERANCE,NEAR_ATM,0.5915492957746503,-0.5915492957746503,15,H1,4,1742485500000,,False,,,,,,,,,,,,,,,UNSCORED_SIGNAL_BAR_ABSENT
PYPL-0015,PYPL,O:PYPL250404C00071000,CALL,71.0,2025-04-04,14,0.0,DISCOVERY,RISK_OR_EXHAUSTION,2025-03-20T15:00:00+00:00,2025-03-20T14:45:00+00:00,50,0,191,False,False,241,WITHIN_TOLERANCE,NEAR_ATM,0.5915492957746503,-0.5915492957746503,15,D1,26,1742568300000,,False,,,,,,,,,,,,,,,UNSCORED_SIGNAL_BAR_ABSENT
PYPL-0015,PYPL,O:PYPL250404C00071000,CALL,71.0,2025-04-04,14,0.0,DISCOVERY,RISK_OR_EXHAUSTION,2025-03-20T15:00:00+00:00,2025-03-20T14:45:00+00:00,50,0,191,False,False,241,WITHIN_TOLERANCE,NEAR_ATM,0.5915492957746503,-0.5915492957746503,15,D3,78,1742913900000,,False,,,,,,,,,,,,,,,UNSCORED_SIGNAL_BAR_ABSENT
PYPL-0015,PYPL,O:PYPL250404C00071000,CALL,71.0,2025-04-04,14,0.0,DISCOVERY,RISK_OR_EXHAUSTION,2025-03-20T15:00:00+00:00,2025-03-20T14:45:00+00:00,50,0,191,False,False,241,WITHIN_TOLERANCE,NEAR_ATM,0.5915492957746503,-0.5915492957746503,15,D5,130,1743086700000,,False,,,,,,,,,,,,,,,UNSCORED_SIGNAL_BAR_ABSENT
PYPL-0015,PYPL,O:PYPL250404C00071000,CALL,71.0,2025-04-04,14,0.0,DISCOVERY,RISK_OR_EXHAUSTION,2025-03-20T15:00:00+00:00,2025-03-20T14:45:00+00:00,50,0,191,False,False,241,WITHIN_TOLERANCE,NEAR_ATM,0.5915492957746503,-0.5915492957746503,15,D10,260,1743691500000,,False,,,,,,,,,,,,,,,UNSCORED_SIGNAL_BAR_ABSENT
RBLX-0013,RBLX,O:RBLX250404C00059000,CALL,59.0,2025-04-04,14,0.0,DISCOVERY,ENTRY_FORMING,2025-03-21T14:00:00+00:00,2025-03-21T13:45:00+00:00,12,0,86,False,False,98,WITHIN_TOLERANCE,NEAR_ATM,0.22033898305085178,-0.22033898305085178,14,H1,4,1742568300000,,False,,,,,,,,,,,,,,,UNSCORED_SIGNAL_BAR_ABSENT
RBLX-0013,RBLX,O:RBLX250404C00059000,CALL,59.0,2025-04-04,14,0.0,DISCOVERY,ENTRY_FORMING,2025-03-21T14:00:00+00:00,2025-03-21T13:45:00+00:00,12,0,86,False,False,98,WITHIN_TOLERANCE,NEAR_ATM,0.22033898305085178,-0.22033898305085178,14,D1,26,1742823900000,,False,,,,,,,,,,,,,,,UNSCORED_SIGNAL_BAR_ABSENT
RBLX-0013,RBLX,O:RBLX250404C00059000,CALL,59.0,2025-04-04,14,0.0,DISCOVERY,ENTRY_FORMING,2025-03-21T14:00:00+00:00,2025-03-21T13:45:00+00:00,12,0,86,False,False,98,WITHIN_TOLERANCE,NEAR_ATM,0.22033898305085178,-0.22033898305085178,14,D3,78,1742996700000,,False,,,,,,,,,,,,,,,UNSCORED_SIGNAL_BAR_ABSENT
RBLX-0013,RBLX,O:RBLX250404C00059000,CALL,59.0,2025-04-04,14,0.0,DISCOVERY,ENTRY_FORMING,2025-03-21T14:00:00+00:00,2025-03-21T13:45:00+00:00,12,0,86,False,False,98,WITHIN_TOLERANCE,NEAR_ATM,0.22033898305085178,-0.22033898305085178,14,D5,130,1743169500000,,False,,,,,,,,,,,,,,,UNSCORED_SIGNAL_BAR_ABSENT
RBLX-0013,RBLX,O:RBLX250404C00059000,CALL,59.0,2025-04-04,14,0.0,DISCOVERY,ENTRY_FORMING,2025-03-21T14:00:00+00:00,2025-03-21T13:45:00+00:00,12,0,86,False,False,98,WITHIN_TOLERANCE,NEAR_ATM,0.22033898305085178,-0.22033898305085178,14,D10,260,1743774300000,,False,,,,,,,,,,,,,,,UNSCORED_SIGNAL_BAR_ABSENT
TSLA-0013,TSLA,O:TSLA250404C00272500,CALL,272.5,2025-04-04,14,0.0,DISCOVERY,RISK_OR_EXHAUSTION,2025-03-24T14:45:00+00:00,2025-03-24T14:30:00+00:00,99,1,255,False,True,355,WITHIN_TOLERANCE,NEAR_ATM,0.4440366972476989,-0.4440366972476989,11,H1,4,1742830200000,,False,4,14.0,14.1,0.7142857142857117,6.595744680851068,-6.028368794326244,-4.4680851063829685,3,4,-10.379241516966065,-0.6774193548387077,7.357142857142862,-5.35714285714286,True,SCORED_WINDOW
TSLA-0013,TSLA,O:TSLA250404C00272500,CALL,272.5,2025-04-04,14,0.0,DISCOVERY,RISK_OR_EXHAUSTION,2025-03-24T14:45:00+00:00,2025-03-24T14:30:00+00:00,99,1,255,False,True,355,WITHIN_TOLERANCE,NEAR_ATM,0.4440366972476989,-0.4440366972476989,11,D1,26,1742913000000,,False,26,14.0,14.1,0.7142857142857117,48.22695035460993,-7.092198581560282,26.95035460992907,22,5,-14.35406698564593,0.5588235294117645,49.28571428571426,-6.428571428571428,False,SCORED_WINDOW
TSLA-0013,TSLA,O:TSLA250404C00272500,CALL,272.5,2025-04-04,14,0.0,DISCOVERY,RISK_OR_EXHAUSTION,2025-03-24T14:45:00+00:00,2025-03-24T14:30:00+00:00,99,1,255,False,True,355,WITHIN_TOLERANCE,NEAR_ATM,0.4440366972476989,-0.4440366972476989,11,D3,78,1743085800000,,False,78,14.0,14.1,0.7142857142857117,67.02127659574468,-20.56737588652483,53.546099290780134,47,72,-8.067940552016994,0.7989417989417988,68.21428571428572,-20.000000000000007,True,SCORED_WINDOW
TSLA-0013,TSLA,O:TSLA250404C00272500,CALL,272.5,2025-04-04,14,0.0,DISCOVERY,RISK_OR_EXHAUSTION,2025-03-24T14:45:00+00:00,2025-03-24T14:30:00+00:00,99,1,255,False,True,355,WITHIN_TOLERANCE,NEAR_ATM,0.4440366972476989,-0.4440366972476989,11,D5,130,1743431400000,,False,130,14.0,14.1,0.7142857142857117,84.39716312056737,-80.0,-78.15602836879432,79,129,-88.15384615384615,-0.9260504201680673,85.71428571428572,-79.85714285714286,True,SCORED_WINDOW
TSLA-0013,TSLA,O:TSLA250404C00272500,CALL,272.5,2025-04-04,14,0.0,DISCOVERY,RISK_OR_EXHAUSTION,2025-03-24T14:45:00+00:00,2025-03-24T14:30:00+00:00,99,1,255,False,True,355,WITHIN_TOLERANCE,NEAR_ATM,0.4440366972476989,-0.4440366972476989,11,D10,260,1744036200000,CONTRACT_EXPIRY,True,255,14.0,14.1,0.7142857142857117,84.39716312056737,-99.9290780141844,-99.9290780141844,79,244,-99.96153846153845,-1.1840336134453782,85.71428571428572,-99.92857142857143,True,SCORED_RIGHT_CENSORED
GME-0013,GME,O:GME250411C00025500,CALL,25.5,2025-04-11,14,0.0,DISCOVERY,ENTRY_FORMING,2025-03-25T19:15:00+00:00,2025-03-25T19:00:00+00:00,17,1,284,False,True,302,WITHIN_TOLERANCE,NEAR_ATM,0.26274509803921636,-0.26274509803921636,17,H1,4,1742995800000,,False,4,1.9,1.82,-4.210526315789465,133.51648351648353,-1.6483516483516536,58.241758241758234,4,3,-32.235294117647065,0.4362139917695472,123.6842105263158,-5.789473684210522,False,SCORED_WINDOW
GME-0013,GME,O:GME250411C00025500,CALL,25.5,2025-04-11,14,0.0,DISCOVERY,ENTRY_FORMING,2025-03-25T19:15:00+00:00,2025-03-25T19:00:00+00:00,17,1,284,False,True,302,WITHIN_TOLERANCE,NEAR_ATM,0.26274509803921636,-0.26274509803921636,17,D1,26,1743015600000,,False,18,1.9,1.82,-4.210526315789465,147.80219780219775,-1.6483516483516536,64.83516483516483,9,3,-33.481152993348104,0.43866171003717486,137.3684210526316,-5.789473684210522,False,SCORED_WINDOW
GME-0013,GME,O:GME250411C00025500,CALL,25.5,2025-04-11,14,0.0,DISCOVERY,ENTRY_FORMING,2025-03-25T19:15:00+00:00,2025-03-25T19:00:00+00:00,17,1,284,False,True,302,WITHIN_TOLERANCE,NEAR_ATM,0.26274509803921636,-0.26274509803921636,17,D3,78,1743188400000,,False,52,1.9,1.82,-4.210526315789465,147.80219780219775,-67.58241758241759,-61.53846153846154,9,51,-84.47893569844788,-0.41635687732342025,137.3684210526316,-68.94736842105263,True,SCORED_WINDOW
GME-0013,GME,O:GME250411C00025500,CALL,25.5,2025-04-11,14,0.0,DISCOVERY,ENTRY_FORMING,2025-03-25T19:15:00+00:00,2025-03-25T19:00:00+00:00,17,1,284,False,True,302,WITHIN_TOLERANCE,NEAR_ATM,0.26274509803921636,-0.26274509803921636,17,D5,130,1743534000000,,False,94,1.9,1.82,-4.210526315789465,147.80219780219775,-84.61538461538461,-76.92307692307693,9,58,-90.68736141906874,-0.5204460966542753,137.3684210526316,-85.26315789473684,True,SCORED_WINDOW
GME-0013,GME,O:GME250411C00025500,CALL,25.5,2025-04-11,14,0.0,DISCOVERY,ENTRY_FORMING,2025-03-25T19:15:00+00:00,2025-03-25T19:00:00+00:00,17,1,284,False,True,302,WITHIN_TOLERANCE,NEAR_ATM,0.26274509803921636,-0.26274509803921636,17,D10,260,1744138800000,,False,203,1.9,1.82,-4.210526315789465,147.80219780219775,-91.20879120879121,-84.06593406593407,9,119,-93.56984478935698,-0.5687732342007438,137.3684210526316,-91.57894736842105,True,SCORED_WINDOW
TSLA-0014,TSLA,O:TSLA250411C00282500,CALL,282.5,2025-04-11,14,0.0,DISCOVERY,CONTINUATION,2025-03-26T13:45:00+00:00,2025-03-26T13:30:00+00:00,0,1,329,False,True,330,WITHIN_TOLERANCE,NEAR_ATM,0.33274336283185757,0.33274336283185757,16,H1,4,1742999400000,,False,4,17.23,18.0,4.468949506674402,0.0,-27.499999999999993,-18.61111111111111,1,3,-18.61111111111111,,4.468949506674402,-24.26001160766106,True,SCORED_WINDOW
TSLA-0014,TSLA,O:TSLA250411C00282500,CALL,282.5,2025-04-11,14,0.0,DISCOVERY,CONTINUATION,2025-03-26T13:45:00+00:00,2025-03-26T13:30:00+00:00,0,1,329,False,True,330,WITHIN_TOLERANCE,NEAR_ATM,0.33274336283185757,0.33274336283185757,16,D1,26,1743082200000,,False,24,17.23,18.0,4.468949506674402,0.0,-44.44444444444444,-17.77777777777777,1,22,-17.77777777777777,,4.468949506674402,-41.96169471851422,True,SCORED_WINDOW
TSLA-0014,TSLA,O:TSLA250411C00282500,CALL,282.5,2025-04-11,14,0.0,DISCOVERY,CONTINUATION,2025-03-26T13:45:00+00:00,2025-03-26T13:30:00+00:00,0,1,329,False,True,330,WITHIN_TOLERANCE,NEAR_ATM,0.33274336283185757,0.33274336283185757,16,D3,78,1743427800000,,False,72,17.23,18.0,4.468949506674402,24.333333333333318,-79.72222222222223,-79.16666666666666,29,72,-83.24396782841823,-3.2534246575342483,29.889727219965167,-78.81601857225769,True,SCORED_WINDOW
TSLA-0014,TSLA,O:TSLA250411C00282500,CALL,282.5,2025-04-11,14,0.0,DISCOVERY,CONTINUATION,2025-03-26T13:45:00+00:00,2025-03-26T13:30:00+00:00,0,1,329,False,True,330,WITHIN_TOLERANCE,NEAR_ATM,0.33274336283185757,0.33274336283185757,16,D5,130,1743600600000,,False,123,17.23,18.0,4.468949506674402,24.333333333333318,-85.61111111111111,-74.05555555555556,29,123,-79.13315460232351,-3.043378995433792,29.889727219965167,-84.96807893209518,True,SCORED_WINDOW
TSLA-0014,TSLA,O:TSLA250411C00282500,CALL,282.5,2025-04-11,14,0.0,DISCOVERY,CONTINUATION,2025-03-26T13:45:00+00:00,2025-03-26T13:30:00+00:00,0,1,329,False,True,330,WITHIN_TOLERANCE,NEAR_ATM,0.33274336283185757,0.33274336283185757,16,D10,260,1744205400000,,False,253,17.23,18.0,4.468949506674402,24.333333333333318,-98.88888888888889,-98.38888888888889,29,249,-98.704200178731,-4.043378995433792,29.889727219965167,-98.83923389437028,True,SCORED_WINDOW
TSLA-0015,TSLA,O:TSLA250411C00272500,CALL,272.5,2025-04-11,14,0.0,DISCOVERY,THESIS_PRESSURE,2025-03-26T16:15:00+00:00,2025-03-26T16:00:00+00:00,7,1,323,False,True,331,WITHIN_TOLERANCE,NEAR_ATM,0.4110091743119283,0.4110091743119283,16,H1,4,1743008400000,,False,4,17.3,17.55,1.4450867052023142,3.1339031339031376,-10.256410256410264,-7.749287749287747,2,3,-10.5524861878453,-2.472727272727269,4.6242774566473965,-8.959537572254339,True,SCORED_WINDOW
TSLA-0015,TSLA,O:TSLA250411C00272500,CALL,272.5,2025-04-11,14,0.0,DISCOVERY,THESIS_PRESSURE,2025-03-26T16:15:00+00:00,2025-03-26T16:00:00+00:00,7,1,323,False,True,331,WITHIN_TOLERANCE,NEAR_ATM,0.4110091743119283,0.4110091743119283,16,D1,26,1743091200000,,False,26,17.3,17.55,1.4450867052023142,61.36752136752137,-20.227920227920226,39.77207977207977,21,14,-13.38276836158192,0.6480965645311049,63.6994219653179,-19.075144508670526,False,SCORED_WINDOW
TSLA-0015,TSLA,O:TSLA250411C00272500,CALL,272.5,2025-04-11,14,0.0,DISCOVERY,THESIS_PRESSURE,2025-03-26T16:15:00+00:00,2025-03-26T16:00:00+00:00,7,1,323,False,True,331,WITHIN_TOLERANCE,NEAR_ATM,0.4110091743119283,0.4110091743119283,16,D3,78,1743436800000,,False,75,17.3,17.55,1.4450867052023142,61.36752136752137,-68.66096866096866,-63.24786324786324,21,66,-77.22457627118644,-1.0306406685236769,63.6994219653179,-68.20809248554913,True,SCORED_WINDOW
TSLA-0015,TSLA,O:TSLA250411C00272500,CALL,272.5,2025-04-11,14,0.0,DISCOVERY,THESIS_PRESSURE,2025-03-26T16:15:00+00:00,2025-03-26T16:00:00+00:00,7,1,323,False,True,331,WITHIN_TOLERANCE,NEAR_ATM,0.4110091743119283,0.4110091743119283,16,D5,130,1743609600000,,False,126,17.3,17.55,1.4450867052023142,61.36752136752137,-70.71225071225071,11.452991452991434,21,116,-30.932203389830516,0.18662952646239522,63.6994219653179,-70.28901734104048,True,SCORED_WINDOW
TSLA-0015,TSLA,O:TSLA250411C00272500,CALL,272.5,2025-04-11,14,0.0,DISCOVERY,THESIS_PRESSURE,2025-03-26T16:15:00+00:00,2025-03-26T16:00:00+00:00,7,1,323,False,True,331,WITHIN_TOLERANCE,NEAR_ATM,0.4110091743119283,0.4110091743119283,16,D10,260,1744214400000,,False,256,17.3,17.55,1.4450867052023142,61.36752136752137,-97.72079772079772,-96.80911680911682,21,244,-98.0225988700565,-1.5775301764159704,63.6994219653179,-97.6878612716763,True,SCORED_WINDOW
PYPL-0016,PYPL,O:PYPL250417C00065000,CALL,65.0,2025-04-17,14,0.0,DISCOVERY,ENTRY_FORMING,2025-04-01T13:45:00+00:00,2025-04-01T13:30:00+00:00,44,1,267,False,True,312,WITHIN_TOLERANCE,NEAR_ATM,0.7538461538461461,0.7538461538461461,16,H1,4,1743517800000,,False,2,2.31,2.42,4.761904761904767,3.3057851239669533,-3.3057851239669422,-3.3057851239669422,1,2,-6.400000000000006,-0.9999999999999967,8.225108225108224,1.298701298701288,True,SCORED_WINDOW
PYPL-0016,PYPL,O:PYPL250417C00065000,CALL,65.0,2025-04-17,14,0.0,DISCOVERY,ENTRY_FORMING,2025-04-01T13:45:00+00:00,2025-04-01T13:30:00+00:00,44,1,267,False,True,312,WITHIN_TOLERANCE,NEAR_ATM,0.7538461538461461,0.7538461538461461,16,D1,26,1743600600000,,False,15,2.31,2.42,4.761904761904767,13.223140495867792,-4.132231404958686,11.570247933884303,6,11,-1.4598540145985384,0.8749999999999989,18.61471861471862,0.43290043290042934,True,SCORED_WINDOW
PYPL-0016,PYPL,O:PYPL250417C00065000,CALL,65.0,2025-04-17,14,0.0,DISCOVERY,ENTRY_FORMING,2025-04-01T13:45:00+00:00,2025-04-01T13:30:00+00:00,44,1,267,False,True,312,WITHIN_TOLERANCE,NEAR_ATM,0.7538461538461461,0.7538461538461461,16,D3,78,1743773400000,,False,37,2.31,2.42,4.761904761904767,19.00826446280992,-94.62809917355372,-76.44628099173553,16,37,-80.20833333333334,-4.021739130434782,24.675324675324674,-94.37229437229438,True,SCORED_WINDOW
PYPL-0016,PYPL,O:PYPL250417C00065000,CALL,65.0,2025-04-17,14,0.0,DISCOVERY,ENTRY_FORMING,2025-04-01T13:45:00+00:00,2025-04-01T13:30:00+00:00,44,1,267,False,True,312,WITHIN_TOLERANCE,NEAR_ATM,0.7538461538461461,0.7538461538461461,16,D5,130,1744119000000,,False,89,2.31,2.42,4.761904761904767,19.00826446280992,-94.62809917355372,-75.6198347107438,16,37,-79.51388888888889,-3.9782608695652173,24.675324675324674,-94.37229437229438,True,SCORED_WINDOW
PYPL-0016,PYPL,O:PYPL250417C00065000,CALL,65.0,2025-04-17,14,0.0,DISCOVERY,ENTRY_FORMING,2025-04-01T13:45:00+00:00,2025-04-01T13:30:00+00:00,44,1,267,False,True,312,WITHIN_TOLERANCE,NEAR_ATM,0.7538461538461461,0.7538461538461461,16,D10,260,1744723800000,,False,209,2.31,2.42,4.761904761904767,19.00826446280992,-94.62809917355372,-92.14876033057851,16,37,-93.40277777777779,-4.8478260869565215,24.675324675324674,-94.37229437229438,True,SCORED_WINDOW
SPY-0014,SPY,O:SPY250415C00561000,CALL,561.0,2025-04-15,14,0.0,DISCOVERY,ENTRY_FORMING,2025-04-01T20:00:00+00:00,2025-04-01T19:45:00+00:00,14,1,173,False,True,193,WITHIN_TOLERANCE,NEAR_ATM,0.005347593582882837,0.005347593582882837,14,H1,4,1743603300000,,False,3,9.39,7.64,-18.63684771033015,24.345549738219894,0.0,24.345549738219894,3,1,0.0,1.0,1.1714589989350266,-18.63684771033015,False,SCORED_WINDOW
SPY-0014,SPY,O:SPY250415C00561000,CALL,561.0,2025-04-15,14,0.0,DISCOVERY,ENTRY_FORMING,2025-04-01T20:00:00+00:00,2025-04-01T19:45:00+00:00,14,1,173,False,True,193,WITHIN_TOLERANCE,NEAR_ATM,0.005347593582882837,0.005347593582882837,14,D1,26,1743623100000,,False,17,9.39,7.64,-18.63684771033015,66.2303664921466,0.0,34.81675392670158,12,1,-18.89763779527558,0.5256916996047432,35.25026624068157,-18.63684771033015,False,SCORED_WINDOW
SPY-0014,SPY,O:SPY250415C00561000,CALL,561.0,2025-04-15,14,0.0,DISCOVERY,ENTRY_FORMING,2025-04-01T20:00:00+00:00,2025-04-01T19:45:00+00:00,14,1,173,False,True,193,WITHIN_TOLERANCE,NEAR_ATM,0.005347593582882837,0.005347593582882837,14,D3,78,1743795900000,,False,46,9.39,7.64,-18.63684771033015,66.2303664921466,-94.10994764397905,-94.10994764397905,12,46,-96.45669291338582,-1.4209486166007903,35.25026624068157,-95.2076677316294,True,SCORED_WINDOW
SPY-0014,SPY,O:SPY250415C00561000,CALL,561.0,2025-04-15,14,0.0,DISCOVERY,ENTRY_FORMING,2025-04-01T20:00:00+00:00,2025-04-01T19:45:00+00:00,14,1,173,False,True,193,WITHIN_TOLERANCE,NEAR_ATM,0.005347593582882837,0.005347593582882837,14,D5,130,1744141500000,,False,65,9.39,7.64,-18.63684771033015,66.2303664921466,-97.5130890052356,-97.5130890052356,12,64,-98.50393700787401,-1.4723320158102766,35.25026624068157,-97.97657082002131,True,SCORED_WINDOW
SPY-0014,SPY,O:SPY250415C00561000,CALL,561.0,2025-04-15,14,0.0,DISCOVERY,ENTRY_FORMING,2025-04-01T20:00:00+00:00,2025-04-01T19:45:00+00:00,14,1,173,False,True,193,WITHIN_TOLERANCE,NEAR_ATM,0.005347593582882837,0.005347593582882837,14,D10,260,1744746300000,,False,178,9.39,7.64,-18.63684771033015,66.2303664921466,-99.86910994764398,-99.86910994764398,12,163,-99.92125984251969,-1.507905138339921,35.25026624068157,-99.89350372736953,True,SCORED_WINDOW
GME-0014,GME,O:GME250425C00024500,CALL,24.5,2025-04-25,14,0.0,DISCOVERY,RISK_OR_EXHAUSTION,2025-04-08T14:30:00+00:00,2025-04-08T14:15:00+00:00,19,0,170,False,False,189,WITHIN_TOLERANCE,NEAR_ATM,0.7346938775510192,0.7346938775510192,17,H1,4,1744125300000,,False,,,,,,,,,,,,,,,UNSCORED_SIGNAL_BAR_ABSENT
GME-0014,GME,O:GME250425C00024500,CALL,24.5,2025-04-25,14,0.0,DISCOVERY,RISK_OR_EXHAUSTION,2025-04-08T14:30:00+00:00,2025-04-08T14:15:00+00:00,19,0,170,False,False,189,WITHIN_TOLERANCE,NEAR_ATM,0.7346938775510192,0.7346938775510192,17,D1,26,1744208100000,,False,,,,,,,,,,,,,,,UNSCORED_SIGNAL_BAR_ABSENT
GME-0014,GME,O:GME250425C00024500,CALL,24.5,2025-04-25,14,0.0,DISCOVERY,RISK_OR_EXHAUSTION,2025-04-08T14:30:00+00:00,2025-04-08T14:15:00+00:00,19,0,170,False,False,189,WITHIN_TOLERANCE,NEAR_ATM,0.7346938775510192,0.7346938775510192,17,D3,78,1744380900000,,False,,,,,,,,,,,,,,,UNSCORED_SIGNAL_BAR_ABSENT
GME-0014,GME,O:GME250425C00024500,CALL,24.5,2025-04-25,14,0.0,DISCOVERY,RISK_OR_EXHAUSTION,2025-04-08T14:30:00+00:00,2025-04-08T14:15:00+00:00,19,0,170,False,False,189,WITHIN_TOLERANCE,NEAR_ATM,0.7346938775510192,0.7346938775510192,17,D5,130,1744726500000,,False,,,,,,,,,,,,,,,UNSCORED_SIGNAL_BAR_ABSENT
GME-0014,GME,O:GME250425C00024500,CALL,24.5,2025-04-25,14,0.0,DISCOVERY,RISK_OR_EXHAUSTION,2025-04-08T14:30:00+00:00,2025-04-08T14:15:00+00:00,19,0,170,False,False,189,WITHIN_TOLERANCE,NEAR_ATM,0.7346938775510192,0.7346938775510192,17,D10,260,1745417700000,,False,,,,,,,,,,,,,,,UNSCORED_SIGNAL_BAR_ABSENT
U-0013,U,O:U250425C00017500,CALL,17.5,2025-04-25,14,0.0,DISCOVERY,ENTRY_FORMING,2025-04-09T17:15:00+00:00,2025-04-09T17:00:00+00:00,14,0,13,False,False,27,WITHIN_TOLERANCE,NEAR_ATM,0.6857142857142914,-0.6857142857142914,16,H1,4,1744221600000,,False,,,,,,,,,,,,,,,UNSCORED_SIGNAL_BAR_ABSENT
U-0013,U,O:U250425C00017500,CALL,17.5,2025-04-25,14,0.0,DISCOVERY,ENTRY_FORMING,2025-04-09T17:15:00+00:00,2025-04-09T17:00:00+00:00,14,0,13,False,False,27,WITHIN_TOLERANCE,NEAR_ATM,0.6857142857142914,-0.6857142857142914,16,D1,26,1744304400000,,False,,,,,,,,,,,,,,,UNSCORED_SIGNAL_BAR_ABSENT
U-0013,U,O:U250425C00017500,CALL,17.5,2025-04-25,14,0.0,DISCOVERY,ENTRY_FORMING,2025-04-09T17:15:00+00:00,2025-04-09T17:00:00+00:00,14,0,13,False,False,27,WITHIN_TOLERANCE,NEAR_ATM,0.6857142857142914,-0.6857142857142914,16,D3,78,1744650000000,,False,,,,,,,,,,,,,,,UNSCORED_SIGNAL_BAR_ABSENT
U-0013,U,O:U250425C00017500,CALL,17.5,2025-04-25,14,0.0,DISCOVERY,ENTRY_FORMING,2025-04-09T17:15:00+00:00,2025-04-09T17:00:00+00:00,14,0,13,False,False,27,WITHIN_TOLERANCE,NEAR_ATM,0.6857142857142914,-0.6857142857142914,16,D5,130,1744822800000,,False,,,,,,,,,,,,,,,UNSCORED_SIGNAL_BAR_ABSENT
U-0013,U,O:U250425C00017500,CALL,17.5,2025-04-25,14,0.0,DISCOVERY,ENTRY_FORMING,2025-04-09T17:15:00+00:00,2025-04-09T17:00:00+00:00,14,0,13,False,False,27,WITHIN_TOLERANCE,NEAR_ATM,0.6857142857142914,-0.6857142857142914,16,D10,260,1745514000000,,False,,,,,,,,,,,,,,,UNSCORED_SIGNAL_BAR_ABSENT
LULU-0014,LULU,O:LULU250425C00285000,CALL,285.0,2025-04-25,14,0.0,DISCOVERY,RISK_OR_EXHAUSTION,2025-04-09T18:30:00+00:00,2025-04-09T18:15:00+00:00,29,0,149,False,False,178,WITHIN_TOLERANCE,NEAR_ATM,0.8140350877192958,-0.8140350877192958,16,H1,4,1744226100000,,False,,,,,,,,,,,,,,,UNSCORED_SIGNAL_BAR_ABSENT
LULU-0014,LULU,O:LULU250425C00285000,CALL,285.0,2025-04-25,14,0.0,DISCOVERY,RISK_OR_EXHAUSTION,2025-04-09T18:30:00+00:00,2025-04-09T18:15:00+00:00,29,0,149,False,False,178,WITHIN_TOLERANCE,NEAR_ATM,0.8140350877192958,-0.8140350877192958,16,D1,26,1744308900000,,False,,,,,,,,,,,,,,,UNSCORED_SIGNAL_BAR_ABSENT
LULU-0014,LULU,O:LULU250425C00285000,CALL,285.0,2025-04-25,14,0.0,DISCOVERY,RISK_OR_EXHAUSTION,2025-04-09T18:30:00+00:00,2025-04-09T18:15:00+00:00,29,0,149,False,False,178,WITHIN_TOLERANCE,NEAR_ATM,0.8140350877192958,-0.8140350877192958,16,D3,78,1744654500000,,False,,,,,,,,,,,,,,,UNSCORED_SIGNAL_BAR_ABSENT
LULU-0014,LULU,O:LULU250425C00285000,CALL,285.0,2025-04-25,14,0.0,DISCOVERY,RISK_OR_EXHAUSTION,2025-04-09T18:30:00+00:00,2025-04-09T18:15:00+00:00,29,0,149,False,False,178,WITHIN_TOLERANCE,NEAR_ATM,0.8140350877192958,-0.8140350877192958,16,D5,130,1744827300000,,False,,,,,,,,,,,,,,,UNSCORED_SIGNAL_BAR_ABSENT
LULU-0014,LULU,O:LULU250425C00285000,CALL,285.0,2025-04-25,14,0.0,DISCOVERY,RISK_OR_EXHAUSTION,2025-04-09T18:30:00+00:00,2025-04-09T18:15:00+00:00,29,0,149,False,False,178,WITHIN_TOLERANCE,NEAR_ATM,0.8140350877192958,-0.8140350877192958,16,D10,260,1745518500000,,False,,,,,,,,,,,,,,,UNSCORED_SIGNAL_BAR_ABSENT
RBLX-0014,RBLX,O:RBLX250502C00059000,CALL,59.0,2025-05-02,14,0.0,DISCOVERY,CONTINUATION,2025-04-15T14:30:00+00:00,2025-04-15T14:15:00+00:00,7,0,49,False,False,56,WITHIN_TOLERANCE,NEAR_ATM,0.01694915254236951,0.01694915254236951,17,H1,4,1744730100000,,False,,,,,,,,,,,,,,,UNSCORED_SIGNAL_BAR_ABSENT
RBLX-0014,RBLX,O:RBLX250502C00059000,CALL,59.0,2025-05-02,14,0.0,DISCOVERY,CONTINUATION,2025-04-15T14:30:00+00:00,2025-04-15T14:15:00+00:00,7,0,49,False,False,56,WITHIN_TOLERANCE,NEAR_ATM,0.01694915254236951,0.01694915254236951,17,D1,26,1744812900000,,False,,,,,,,,,,,,,,,UNSCORED_SIGNAL_BAR_ABSENT
RBLX-0014,RBLX,O:RBLX250502C00059000,CALL,59.0,2025-05-02,14,0.0,DISCOVERY,CONTINUATION,2025-04-15T14:30:00+00:00,2025-04-15T14:15:00+00:00,7,0,49,False,False,56,WITHIN_TOLERANCE,NEAR_ATM,0.01694915254236951,0.01694915254236951,17,D3,78,1745244900000,,False,,,,,,,,,,,,,,,UNSCORED_SIGNAL_BAR_ABSENT
RBLX-0014,RBLX,O:RBLX250502C00059000,CALL,59.0,2025-05-02,14,0.0,DISCOVERY,CONTINUATION,2025-04-15T14:30:00+00:00,2025-04-15T14:15:00+00:00,7,0,49,False,False,56,WITHIN_TOLERANCE,NEAR_ATM,0.01694915254236951,0.01694915254236951,17,D5,130,1745417700000,,False,,,,,,,,,,,,,,,UNSCORED_SIGNAL_BAR_ABSENT
RBLX-0014,RBLX,O:RBLX250502C00059000,CALL,59.0,2025-05-02,14,0.0,DISCOVERY,CONTINUATION,2025-04-15T14:30:00+00:00,2025-04-15T14:15:00+00:00,7,0,49,False,False,56,WITHIN_TOLERANCE,NEAR_ATM,0.01694915254236951,0.01694915254236951,17,D10,260,1746022500000,,False,,,,,,,,,,,,,,,UNSCORED_SIGNAL_BAR_ABSENT
VALE-0012,VALE,O:VALE250502C00009000,CALL,9.0,2025-05-02,14,0.0,DISCOVERY,THESIS_PRESSURE,2025-04-15T14:45:00+00:00,2025-04-15T14:30:00+00:00,21,0,72,False,False,93,WITHIN_TOLERANCE,NEAR_ATM,1.5566666666666704,1.5566666666666704,17,H1,4,1744731000000,,False,,,,,,,,,,,,,,,UNSCORED_SIGNAL_BAR_ABSENT
VALE-0012,VALE,O:VALE250502C00009000,CALL,9.0,2025-05-02,14,0.0,DISCOVERY,THESIS_PRESSURE,2025-04-15T14:45:00+00:00,2025-04-15T14:30:00+00:00,21,0,72,False,False,93,WITHIN_TOLERANCE,NEAR_ATM,1.5566666666666704,1.5566666666666704,17,D1,26,1744813800000,,False,,,,,,,,,,,,,,,UNSCORED_SIGNAL_BAR_ABSENT
VALE-0012,VALE,O:VALE250502C00009000,CALL,9.0,2025-05-02,14,0.0,DISCOVERY,THESIS_PRESSURE,2025-04-15T14:45:00+00:00,2025-04-15T14:30:00+00:00,21,0,72,False,False,93,WITHIN_TOLERANCE,NEAR_ATM,1.5566666666666704,1.5566666666666704,17,D3,78,1745245800000,,False,,,,,,,,,,,,,,,UNSCORED_SIGNAL_BAR_ABSENT
VALE-0012,VALE,O:VALE250502C00009000,CALL,9.0,2025-05-02,14,0.0,DISCOVERY,THESIS_PRESSURE,2025-04-15T14:45:00+00:00,2025-04-15T14:30:00+00:00,21,0,72,False,False,93,WITHIN_TOLERANCE,NEAR_ATM,1.5566666666666704,1.5566666666666704,17,D5,130,1745418600000,,False,,,,,,,,,,,,,,,UNSCORED_SIGNAL_BAR_ABSENT
VALE-0012,VALE,O:VALE250502C00009000,CALL,9.0,2025-05-02,14,0.0,DISCOVERY,THESIS_PRESSURE,2025-04-15T14:45:00+00:00,2025-04-15T14:30:00+00:00,21,0,72,False,False,93,WITHIN_TOLERANCE,NEAR_ATM,1.5566666666666704,1.5566666666666704,17,D10,260,1746023400000,,False,,,,,,,,,,,,,,,UNSCORED_SIGNAL_BAR_ABSENT
GME-0015,GME,O:GME250502C00026500,CALL,26.5,2025-05-02,14,0.0,DISCOVERY,CONTINUATION,2025-04-17T13:45:00+00:00,2025-04-17T13:30:00+00:00,41,1,220,False,True,262,WITHIN_TOLERANCE,NEAR_ATM,0.18867924528302155,-0.18867924528302155,15,H1,4,1744900200000,,False,4,1.6,1.8,12.5,4.444444444444429,-11.111111111111105,-8.888888888888902,1,3,-12.765957446808507,-2.00000000000001,17.499999999999982,0.0,True,SCORED_WINDOW
GME-0015,GME,O:GME250502C00026500,CALL,26.5,2025-05-02,14,0.0,DISCOVERY,CONTINUATION,2025-04-17T13:45:00+00:00,2025-04-17T13:30:00+00:00,41,1,220,False,True,262,WITHIN_TOLERANCE,NEAR_ATM,0.18867924528302155,-0.18867924528302155,15,D1,26,1745242200000,,False,20,1.6,1.8,12.5,5.555555555555558,-34.44444444444444,-30.555555555555557,13,20,-34.210526315789465,-5.499999999999998,18.74999999999998,-26.250000000000007,True,SCORED_WINDOW
GME-0015,GME,O:GME250502C00026500,CALL,26.5,2025-05-02,14,0.0,DISCOVERY,CONTINUATION,2025-04-17T13:45:00+00:00,2025-04-17T13:30:00+00:00,41,1,220,False,True,262,WITHIN_TOLERANCE,NEAR_ATM,0.18867924528302155,-0.18867924528302155,15,D3,78,1745415000000,,False,57,1.6,1.8,12.5,25.0,-45.55555555555556,9.444444444444432,57,34,-12.444444444444446,0.37777777777777727,40.625,-38.75000000000001,False,SCORED_WINDOW
GME-0015,GME,O:GME250502C00026500,CALL,26.5,2025-05-02,14,0.0,DISCOVERY,CONTINUATION,2025-04-17T13:45:00+00:00,2025-04-17T13:30:00+00:00,41,1,220,False,True,262,WITHIN_TOLERANCE,NEAR_ATM,0.18867924528302155,-0.18867924528302155,15,D5,130,1745587800000,,False,94,1.6,1.8,12.5,25.0,-45.55555555555556,-27.222222222222225,57,34,-41.77777777777778,-1.088888888888889,40.625,-38.75000000000001,False,SCORED_WINDOW
GME-0015,GME,O:GME250502C00026500,CALL,26.5,2025-05-02,14,0.0,DISCOVERY,CONTINUATION,2025-04-17T13:45:00+00:00,2025-04-17T13:30:00+00:00,41,1,220,False,True,262,WITHIN_TOLERANCE,NEAR_ATM,0.18867924528302155,-0.18867924528302155,15,D10,260,1746192600000,,False,197,1.6,1.8,12.5,25.0,-60.00000000000001,-37.77777777777778,57,159,-50.222222222222214,-1.511111111111111,40.625,-55.00000000000001,True,SCORED_WINDOW
GME-0016,GME,O:GME250502C00026500,CALL,26.5,2025-05-02,14,0.0,DISCOVERY,THESIS_PRESSURE,2025-04-21T16:30:00+00:00,2025-04-21T16:15:00+00:00,70,1,191,False,True,262,WITHIN_TOLERANCE,NEAR_ATM,0.8301886792452787,-0.8301886792452787,11,H1,4,1745255700000,,False,4,1.3,1.23,-5.384615384615388,0.0,-13.821138211382111,-13.821138211382111,1,4,-13.821138211382111,,-5.384615384615388,-18.461538461538463,True,SCORED_WINDOW
GME-0016,GME,O:GME250502C00026500,CALL,26.5,2025-05-02,14,0.0,DISCOVERY,THESIS_PRESSURE,2025-04-21T16:30:00+00:00,2025-04-21T16:15:00+00:00,70,1,191,False,True,262,WITHIN_TOLERANCE,NEAR_ATM,0.8301886792452787,-0.8301886792452787,11,D1,26,1745338500000,,False,22,1.3,1.23,-5.384615384615388,61.78861788617886,-20.32520325203252,51.21951219512195,19,5,-6.5326633165829096,0.8289473684210527,53.076923076923066,-24.615384615384617,False,SCORED_WINDOW
GME-0016,GME,O:GME250502C00026500,CALL,26.5,2025-05-02,14,0.0,DISCOVERY,THESIS_PRESSURE,2025-04-21T16:30:00+00:00,2025-04-21T16:15:00+00:00,70,1,191,False,True,262,WITHIN_TOLERANCE,NEAR_ATM,0.8301886792452787,-0.8301886792452787,11,D3,78,1745511300000,,False,54,1.3,1.23,-5.384615384615388,82.92682926829269,-20.32520325203252,13.821138211382111,28,5,-37.77777777777778,0.16666666666666663,73.07692307692307,-24.615384615384617,False,SCORED_WINDOW
GME-0016,GME,O:GME250502C00026500,CALL,26.5,2025-05-02,14,0.0,DISCOVERY,THESIS_PRESSURE,2025-04-21T16:30:00+00:00,2025-04-21T16:15:00+00:00,70,1,191,False,True,262,WITHIN_TOLERANCE,NEAR_ATM,0.8301886792452787,-0.8301886792452787,11,D5,130,1745856900000,,False,98,1.3,1.23,-5.384615384615388,82.92682926829269,-22.764227642276424,-17.886178861788615,28,89,-55.111111111111114,-0.21568627450980385,73.07692307692307,-26.923076923076927,True,SCORED_WINDOW
GME-0016,GME,O:GME250502C00026500,CALL,26.5,2025-05-02,14,0.0,DISCOVERY,THESIS_PRESSURE,2025-04-21T16:30:00+00:00,2025-04-21T16:15:00+00:00,70,1,191,False,True,262,WITHIN_TOLERANCE,NEAR_ATM,0.8301886792452787,-0.8301886792452787,11,D10,260,1746461700000,CONTRACT_EXPIRY,True,191,1.3,1.23,-5.384615384615388,82.92682926829269,-43.90243902439025,-18.699186991869922,28,172,-55.55555555555556,-0.22549019607843138,73.07692307692307,-46.923076923076934,True,SCORED_RIGHT_CENSORED
VALE-0013,VALE,O:VALE250509C00009500,CALL,9.5,2025-05-09,14,0.0,DISCOVERY,RISK_OR_EXHAUSTION,2025-04-22T15:45:00+00:00,2025-04-22T15:30:00+00:00,11,0,126,False,False,137,WITHIN_TOLERANCE,NEAR_ATM,1.5263157894736799,-1.5263157894736799,17,H1,4,1745339400000,,False,,,,,,,,,,,,,,,UNSCORED_SIGNAL_BAR_ABSENT
VALE-0013,VALE,O:VALE250509C00009500,CALL,9.5,2025-05-09,14,0.0,DISCOVERY,RISK_OR_EXHAUSTION,2025-04-22T15:45:00+00:00,2025-04-22T15:30:00+00:00,11,0,126,False,False,137,WITHIN_TOLERANCE,NEAR_ATM,1.5263157894736799,-1.5263157894736799,17,D1,26,1745422200000,,False,,,,,,,,,,,,,,,UNSCORED_SIGNAL_BAR_ABSENT
VALE-0013,VALE,O:VALE250509C00009500,CALL,9.5,2025-05-09,14,0.0,DISCOVERY,RISK_OR_EXHAUSTION,2025-04-22T15:45:00+00:00,2025-04-22T15:30:00+00:00,11,0,126,False,False,137,WITHIN_TOLERANCE,NEAR_ATM,1.5263157894736799,-1.5263157894736799,17,D3,78,1745595000000,,False,,,,,,,,,,,,,,,UNSCORED_SIGNAL_BAR_ABSENT
VALE-0013,VALE,O:VALE250509C00009500,CALL,9.5,2025-05-09,14,0.0,DISCOVERY,RISK_OR_EXHAUSTION,2025-04-22T15:45:00+00:00,2025-04-22T15:30:00+00:00,11,0,126,False,False,137,WITHIN_TOLERANCE,NEAR_ATM,1.5263157894736799,-1.5263157894736799,17,D5,130,1745940600000,,False,,,,,,,,,,,,,,,UNSCORED_SIGNAL_BAR_ABSENT
VALE-0013,VALE,O:VALE250509C00009500,CALL,9.5,2025-05-09,14,0.0,DISCOVERY,RISK_OR_EXHAUSTION,2025-04-22T15:45:00+00:00,2025-04-22T15:30:00+00:00,11,0,126,False,False,137,WITHIN_TOLERANCE,NEAR_ATM,1.5263157894736799,-1.5263157894736799,17,D10,260,1746545400000,,False,,,,,,,,,,,,,,,UNSCORED_SIGNAL_BAR_ABSENT
U-0014,U,O:U250509C00022000,CALL,22.0,2025-05-09,14,0.0,DISCOVERY,RISK_OR_EXHAUSTION,2025-04-23T14:00:00+00:00,2025-04-23T13:45:00+00:00,13,1,188,False,True,202,WITHIN_TOLERANCE,NEAR_ATM,0.9545454545454585,-0.9545454545454585,16,H1,4,1745419500000,,False,4,1.63,1.59,-2.4539877300613355,0.6289308176100628,-5.660377358490576,-2.515723270440251,3,1,-3.125,-4.0,-1.8404907975460016,-7.975460122699385,False,SCORED_WINDOW
U-0014,U,O:U250509C00022000,CALL,22.0,2025-05-09,14,0.0,DISCOVERY,RISK_OR_EXHAUSTION,2025-04-23T14:00:00+00:00,2025-04-23T13:45:00+00:00,13,1,188,False,True,202,WITHIN_TOLERANCE,NEAR_ATM,0.9545454545454585,-0.9545454545454585,16,D1,26,1745502300000,,False,10,1.63,1.59,-2.4539877300613355,0.6289308176100628,-24.52830188679246,-18.23899371069182,3,8,-18.75,-29.0,-1.8404907975460016,-26.38036809815951,True,SCORED_WINDOW
U-0014,U,O:U250509C00022000,CALL,22.0,2025-05-09,14,0.0,DISCOVERY,RISK_OR_EXHAUSTION,2025-04-23T14:00:00+00:00,2025-04-23T13:45:00+00:00,13,1,188,False,True,202,WITHIN_TOLERANCE,NEAR_ATM,0.9545454545454585,-0.9545454545454585,16,D3,78,1745847900000,,False,29,1.63,1.59,-2.4539877300613355,24.52830188679245,-24.52830188679246,19.496855345911946,27,8,-4.040404040404044,0.7948717948717949,21.47239263803682,-26.38036809815951,False,SCORED_WINDOW
U-0014,U,O:U250509C00022000,CALL,22.0,2025-05-09,14,0.0,DISCOVERY,RISK_OR_EXHAUSTION,2025-04-23T14:00:00+00:00,2025-04-23T13:45:00+00:00,13,1,188,False,True,202,WITHIN_TOLERANCE,NEAR_ATM,0.9545454545454585,-0.9545454545454585,16,D5,130,1746020700000,,False,45,1.63,1.59,-2.4539877300613355,24.52830188679245,-37.735849056603776,-27.672955974842772,27,44,-41.919191919191924,-1.1282051282051286,21.47239263803682,-39.26380368098159,True,SCORED_WINDOW
U-0014,U,O:U250509C00022000,CALL,22.0,2025-05-09,14,0.0,DISCOVERY,RISK_OR_EXHAUSTION,2025-04-23T14:00:00+00:00,2025-04-23T13:45:00+00:00,13,1,188,False,True,202,WITHIN_TOLERANCE,NEAR_ATM,0.9545454545454585,-0.9545454545454585,16,D10,260,1746625500000,,False,125,1.63,1.59,-2.4539877300613355,24.52830188679245,-88.67924528301887,-71.69811320754718,27,124,-77.27272727272727,-2.9230769230769242,21.47239263803682,-88.95705521472392,True,SCORED_WINDOW
RBLX-0015,RBLX,O:RBLX250509C00064000,CALL,64.0,2025-05-09,14,0.0,DISCOVERY,RISK_OR_EXHAUSTION,2025-04-23T14:30:00+00:00,2025-04-23T14:15:00+00:00,6,0,45,False,False,51,WITHIN_TOLERANCE,NEAR_ATM,0.14062500000000533,0.14062500000000533,16,H1,4,1745421300000,,False,,,,,,,,,,,,,,,UNSCORED_SIGNAL_BAR_ABSENT
RBLX-0015,RBLX,O:RBLX250509C00064000,CALL,64.0,2025-05-09,14,0.0,DISCOVERY,RISK_OR_EXHAUSTION,2025-04-23T14:30:00+00:00,2025-04-23T14:15:00+00:00,6,0,45,False,False,51,WITHIN_TOLERANCE,NEAR_ATM,0.14062500000000533,0.14062500000000533,16,D1,26,1745504100000,,False,,,,,,,,,,,,,,,UNSCORED_SIGNAL_BAR_ABSENT
RBLX-0015,RBLX,O:RBLX250509C00064000,CALL,64.0,2025-05-09,14,0.0,DISCOVERY,RISK_OR_EXHAUSTION,2025-04-23T14:30:00+00:00,2025-04-23T14:15:00+00:00,6,0,45,False,False,51,WITHIN_TOLERANCE,NEAR_ATM,0.14062500000000533,0.14062500000000533,16,D3,78,1745849700000,,False,,,,,,,,,,,,,,,UNSCORED_SIGNAL_BAR_ABSENT
RBLX-0015,RBLX,O:RBLX250509C00064000,CALL,64.0,2025-05-09,14,0.0,DISCOVERY,RISK_OR_EXHAUSTION,2025-04-23T14:30:00+00:00,2025-04-23T14:15:00+00:00,6,0,45,False,False,51,WITHIN_TOLERANCE,NEAR_ATM,0.14062500000000533,0.14062500000000533,16,D5,130,1746022500000,,False,,,,,,,,,,,,,,,UNSCORED_SIGNAL_BAR_ABSENT
RBLX-0015,RBLX,O:RBLX250509C00064000,CALL,64.0,2025-05-09,14,0.0,DISCOVERY,RISK_OR_EXHAUSTION,2025-04-23T14:30:00+00:00,2025-04-23T14:15:00+00:00,6,0,45,False,False,51,WITHIN_TOLERANCE,NEAR_ATM,0.14062500000000533,0.14062500000000533,16,D10,260,1746627300000,,False,,,,,,,,,,,,,,,UNSCORED_SIGNAL_BAR_ABSENT
U-0015,U,O:U250509C00021500,CALL,21.5,2025-05-09,14,0.0,DISCOVERY,CONTINUATION,2025-04-24T14:00:00+00:00,2025-04-24T13:45:00+00:00,11,0,144,False,False,155,WITHIN_TOLERANCE,NEAR_ATM,0.41860465116279005,0.41860465116279005,15,H1,4,1745505900000,,False,,,,,,,,,,,,,,,UNSCORED_SIGNAL_BAR_ABSENT
U-0015,U,O:U250509C00021500,CALL,21.5,2025-05-09,14,0.0,DISCOVERY,CONTINUATION,2025-04-24T14:00:00+00:00,2025-04-24T13:45:00+00:00,11,0,144,False,False,155,WITHIN_TOLERANCE,NEAR_ATM,0.41860465116279005,0.41860465116279005,15,D1,26,1745588700000,,False,,,,,,,,,,,,,,,UNSCORED_SIGNAL_BAR_ABSENT
U-0015,U,O:U250509C00021500,CALL,21.5,2025-05-09,14,0.0,DISCOVERY,CONTINUATION,2025-04-24T14:00:00+00:00,2025-04-24T13:45:00+00:00,11,0,144,False,False,155,WITHIN_TOLERANCE,NEAR_ATM,0.41860465116279005,0.41860465116279005,15,D3,78,1745934300000,,False,,,,,,,,,,,,,,,UNSCORED_SIGNAL_BAR_ABSENT
U-0015,U,O:U250509C00021500,CALL,21.5,2025-05-09,14,0.0,DISCOVERY,CONTINUATION,2025-04-24T14:00:00+00:00,2025-04-24T13:45:00+00:00,11,0,144,False,False,155,WITHIN_TOLERANCE,NEAR_ATM,0.41860465116279005,0.41860465116279005,15,D5,130,1746107100000,,False,,,,,,,,,,,,,,,UNSCORED_SIGNAL_BAR_ABSENT
U-0015,U,O:U250509C00021500,CALL,21.5,2025-05-09,14,0.0,DISCOVERY,CONTINUATION,2025-04-24T14:00:00+00:00,2025-04-24T13:45:00+00:00,11,0,144,False,False,155,WITHIN_TOLERANCE,NEAR_ATM,0.41860465116279005,0.41860465116279005,15,D10,260,1746711900000,,False,,,,,,,,,,,,,,,UNSCORED_SIGNAL_BAR_ABSENT
LULU-0015,LULU,O:LULU250509C00267500,CALL,267.5,2025-05-09,14,0.0,DISCOVERY,THESIS_PRESSURE,2025-04-25T15:45:00+00:00,2025-04-25T15:30:00+00:00,6,0,30,False,False,36,WITHIN_TOLERANCE,NEAR_ATM,0.12336448598130247,-0.12336448598130247,14,H1,4,1745598600000,,False,,,,,,,,,,,,,,,UNSCORED_SIGNAL_BAR_ABSENT
LULU-0015,LULU,O:LULU250509C00267500,CALL,267.5,2025-05-09,14,0.0,DISCOVERY,THESIS_PRESSURE,2025-04-25T15:45:00+00:00,2025-04-25T15:30:00+00:00,6,0,30,False,False,36,WITHIN_TOLERANCE,NEAR_ATM,0.12336448598130247,-0.12336448598130247,14,D1,26,1745854200000,,False,,,,,,,,,,,,,,,UNSCORED_SIGNAL_BAR_ABSENT
LULU-0015,LULU,O:LULU250509C00267500,CALL,267.5,2025-05-09,14,0.0,DISCOVERY,THESIS_PRESSURE,2025-04-25T15:45:00+00:00,2025-04-25T15:30:00+00:00,6,0,30,False,False,36,WITHIN_TOLERANCE,NEAR_ATM,0.12336448598130247,-0.12336448598130247,14,D3,78,1746027000000,,False,,,,,,,,,,,,,,,UNSCORED_SIGNAL_BAR_ABSENT
LULU-0015,LULU,O:LULU250509C00267500,CALL,267.5,2025-05-09,14,0.0,DISCOVERY,THESIS_PRESSURE,2025-04-25T15:45:00+00:00,2025-04-25T15:30:00+00:00,6,0,30,False,False,36,WITHIN_TOLERANCE,NEAR_ATM,0.12336448598130247,-0.12336448598130247,14,D5,130,1746199800000,,False,,,,,,,,,,,,,,,UNSCORED_SIGNAL_BAR_ABSENT
LULU-0015,LULU,O:LULU250509C00267500,CALL,267.5,2025-05-09,14,0.0,DISCOVERY,THESIS_PRESSURE,2025-04-25T15:45:00+00:00,2025-04-25T15:30:00+00:00,6,0,30,False,False,36,WITHIN_TOLERANCE,NEAR_ATM,0.12336448598130247,-0.12336448598130247,14,D10,260,1746804600000,,False,,,,,,,,,,,,,,,UNSCORED_SIGNAL_BAR_ABSENT
VALE-0014,VALE,O:VALE250509C00009500,CALL,9.5,2025-05-09,14,0.0,DISCOVERY,CONTINUATION,2025-04-28T13:45:00+00:00,2025-04-28T13:30:00+00:00,37,0,100,False,False,137,WITHIN_TOLERANCE,NEAR_ATM,0.4673684210526268,0.4673684210526268,11,H1,4,1745850600000,,False,,,,,,,,,,,,,,,UNSCORED_SIGNAL_BAR_ABSENT
VALE-0014,VALE,O:VALE250509C00009500,CALL,9.5,2025-05-09,14,0.0,DISCOVERY,CONTINUATION,2025-04-28T13:45:00+00:00,2025-04-28T13:30:00+00:00,37,0,100,False,False,137,WITHIN_TOLERANCE,NEAR_ATM,0.4673684210526268,0.4673684210526268,11,D1,26,1745933400000,,False,,,,,,,,,,,,,,,UNSCORED_SIGNAL_BAR_ABSENT
VALE-0014,VALE,O:VALE250509C00009500,CALL,9.5,2025-05-09,14,0.0,DISCOVERY,CONTINUATION,2025-04-28T13:45:00+00:00,2025-04-28T13:30:00+00:00,37,0,100,False,False,137,WITHIN_TOLERANCE,NEAR_ATM,0.4673684210526268,0.4673684210526268,11,D3,78,1746106200000,,False,,,,,,,,,,,,,,,UNSCORED_SIGNAL_BAR_ABSENT
VALE-0014,VALE,O:VALE250509C00009500,CALL,9.5,2025-05-09,14,0.0,DISCOVERY,CONTINUATION,2025-04-28T13:45:00+00:00,2025-04-28T13:30:00+00:00,37,0,100,False,False,137,WITHIN_TOLERANCE,NEAR_ATM,0.4673684210526268,0.4673684210526268,11,D5,130,1746451800000,,False,,,,,,,,,,,,,,,UNSCORED_SIGNAL_BAR_ABSENT
VALE-0014,VALE,O:VALE250509C00009500,CALL,9.5,2025-05-09,14,0.0,DISCOVERY,CONTINUATION,2025-04-28T13:45:00+00:00,2025-04-28T13:30:00+00:00,37,0,100,False,False,137,WITHIN_TOLERANCE,NEAR_ATM,0.4673684210526268,0.4673684210526268,11,D10,260,1747056600000,CONTRACT_EXPIRY,True,,,,,,,,,,,,,,,UNSCORED_SIGNAL_BAR_ABSENT
U-0016,U,O:U250509C00022000,CALL,22.0,2025-05-09,14,0.0,DISCOVERY,THESIS_PRESSURE,2025-04-28T16:00:00+00:00,2025-04-28T15:45:00+00:00,45,0,157,False,False,202,WITHIN_TOLERANCE,NEAR_ATM,0.09090909090908897,-0.09090909090908897,11,H1,4,1745858700000,,False,,,,,,,,,,,,,,,UNSCORED_SIGNAL_BAR_ABSENT
U-0016,U,O:U250509C00022000,CALL,22.0,2025-05-09,14,0.0,DISCOVERY,THESIS_PRESSURE,2025-04-28T16:00:00+00:00,2025-04-28T15:45:00+00:00,45,0,157,False,False,202,WITHIN_TOLERANCE,NEAR_ATM,0.09090909090908897,-0.09090909090908897,11,D1,26,1745941500000,,False,,,,,,,,,,,,,,,UNSCORED_SIGNAL_BAR_ABSENT
U-0016,U,O:U250509C00022000,CALL,22.0,2025-05-09,14,0.0,DISCOVERY,THESIS_PRESSURE,2025-04-28T16:00:00+00:00,2025-04-28T15:45:00+00:00,45,0,157,False,False,202,WITHIN_TOLERANCE,NEAR_ATM,0.09090909090908897,-0.09090909090908897,11,D3,78,1746114300000,,False,,,,,,,,,,,,,,,UNSCORED_SIGNAL_BAR_ABSENT
U-0016,U,O:U250509C00022000,CALL,22.0,2025-05-09,14,0.0,DISCOVERY,THESIS_PRESSURE,2025-04-28T16:00:00+00:00,2025-04-28T15:45:00+00:00,45,0,157,False,False,202,WITHIN_TOLERANCE,NEAR_ATM,0.09090909090908897,-0.09090909090908897,11,D5,130,1746459900000,,False,,,,,,,,,,,,,,,UNSCORED_SIGNAL_BAR_ABSENT
U-0016,U,O:U250509C00022000,CALL,22.0,2025-05-09,14,0.0,DISCOVERY,THESIS_PRESSURE,2025-04-28T16:00:00+00:00,2025-04-28T15:45:00+00:00,45,0,157,False,False,202,WITHIN_TOLERANCE,NEAR_ATM,0.09090909090908897,-0.09090909090908897,11,D10,260,1747064700000,CONTRACT_EXPIRY,True,,,,,,,,,,,,,,,UNSCORED_SIGNAL_BAR_ABSENT
RBLX-0016,RBLX,O:RBLX250509C00066000,CALL,66.0,2025-05-09,14,0.0,DISCOVERY,THESIS_PRESSURE,2025-04-28T17:15:00+00:00,2025-04-28T17:00:00+00:00,33,0,73,False,False,106,WITHIN_TOLERANCE,NEAR_ATM,0.3939393939394017,-0.3939393939394017,11,H1,4,1745863200000,,False,,,,,,,,,,,,,,,UNSCORED_SIGNAL_BAR_ABSENT
RBLX-0016,RBLX,O:RBLX250509C00066000,CALL,66.0,2025-05-09,14,0.0,DISCOVERY,THESIS_PRESSURE,2025-04-28T17:15:00+00:00,2025-04-28T17:00:00+00:00,33,0,73,False,False,106,WITHIN_TOLERANCE,NEAR_ATM,0.3939393939394017,-0.3939393939394017,11,D1,26,1745946000000,,False,,,,,,,,,,,,,,,UNSCORED_SIGNAL_BAR_ABSENT
RBLX-0016,RBLX,O:RBLX250509C00066000,CALL,66.0,2025-05-09,14,0.0,DISCOVERY,THESIS_PRESSURE,2025-04-28T17:15:00+00:00,2025-04-28T17:00:00+00:00,33,0,73,False,False,106,WITHIN_TOLERANCE,NEAR_ATM,0.3939393939394017,-0.3939393939394017,11,D3,78,1746118800000,,False,,,,,,,,,,,,,,,UNSCORED_SIGNAL_BAR_ABSENT
RBLX-0016,RBLX,O:RBLX250509C00066000,CALL,66.0,2025-05-09,14,0.0,DISCOVERY,THESIS_PRESSURE,2025-04-28T17:15:00+00:00,2025-04-28T17:00:00+00:00,33,0,73,False,False,106,WITHIN_TOLERANCE,NEAR_ATM,0.3939393939394017,-0.3939393939394017,11,D5,130,1746464400000,,False,,,,,,,,,,,,,,,UNSCORED_SIGNAL_BAR_ABSENT
RBLX-0016,RBLX,O:RBLX250509C00066000,CALL,66.0,2025-05-09,14,0.0,DISCOVERY,THESIS_PRESSURE,2025-04-28T17:15:00+00:00,2025-04-28T17:00:00+00:00,33,0,73,False,False,106,WITHIN_TOLERANCE,NEAR_ATM,0.3939393939394017,-0.3939393939394017,11,D10,260,1747069200000,CONTRACT_EXPIRY,True,,,,,,,,,,,,,,,UNSCORED_SIGNAL_BAR_ABSENT
PYPL-0017,PYPL,O:PYPL250509C00065000,CALL,65.0,2025-05-09,14,0.0,DISCOVERY,CONTINUATION,2025-04-28T19:15:00+00:00,2025-04-28T19:00:00+00:00,77,1,167,False,True,245,WITHIN_TOLERANCE,NEAR_ATM,0.5461538461538523,-0.5461538461538523,11,H1,4,1745933400000,,False,4,2.77,2.82,1.8050541516245522,13.475177304964546,-40.42553191489362,-35.81560283687942,4,4,-43.43750000000001,-2.657894736842103,15.523465703971118,-39.35018050541517,False,SCORED_WINDOW
PYPL-0017,PYPL,O:PYPL250509C00065000,CALL,65.0,2025-05-09,14,0.0,DISCOVERY,CONTINUATION,2025-04-28T19:15:00+00:00,2025-04-28T19:00:00+00:00,77,1,167,False,True,245,WITHIN_TOLERANCE,NEAR_ATM,0.5461538461538523,-0.5461538461538523,11,D1,26,1745953200000,,False,22,2.77,2.82,1.8050541516245522,13.475177304964546,-46.09929078014184,-9.21985815602836,4,6,-20.000000000000007,-0.6842105263157885,15.523465703971118,-45.12635379061371,True,SCORED_WINDOW
PYPL-0017,PYPL,O:PYPL250509C00065000,CALL,65.0,2025-05-09,14,0.0,DISCOVERY,CONTINUATION,2025-04-28T19:15:00+00:00,2025-04-28T19:00:00+00:00,77,1,167,False,True,245,WITHIN_TOLERANCE,NEAR_ATM,0.5461538461538523,-0.5461538461538523,11,D3,78,1746126000000,,False,70,2.77,2.82,1.8050541516245522,13.475177304964546,-60.99290780141844,-34.39716312056736,4,27,-42.1875,-2.552631578947366,15.523465703971118,-60.28880866425992,True,SCORED_WINDOW
PYPL-0017,PYPL,O:PYPL250509C00065000,CALL,65.0,2025-05-09,14,0.0,DISCOVERY,CONTINUATION,2025-04-28T19:15:00+00:00,2025-04-28T19:00:00+00:00,77,1,167,False,True,245,WITHIN_TOLERANCE,NEAR_ATM,0.5461538461538523,-0.5461538461538523,11,D5,130,1746471600000,,False,114,2.77,2.82,1.8050541516245522,54.609929078014204,-60.99290780141844,41.843971631205676,111,27,-8.25688073394496,0.766233766233766,57.40072202166067,-60.28880866425992,False,SCORED_WINDOW
PYPL-0017,PYPL,O:PYPL250509C00065000,CALL,65.0,2025-05-09,14,0.0,DISCOVERY,CONTINUATION,2025-04-28T19:15:00+00:00,2025-04-28T19:00:00+00:00,77,1,167,False,True,245,WITHIN_TOLERANCE,NEAR_ATM,0.5461538461538523,-0.5461538461538523,11,D10,260,1747076400000,CONTRACT_EXPIRY,True,167,2.77,2.82,1.8050541516245522,121.98581560283688,-60.99290780141844,82.62411347517732,147,27,-17.731629392971236,0.677325581395349,125.99277978339347,-60.28880866425992,False,SCORED_RIGHT_CENSORED
LULU-0016,LULU,O:LULU250516C00275000,CALL,275.0,2025-05-16,14,0.0,DISCOVERY,CONTINUATION,2025-05-02T19:15:00+00:00,2025-05-02T19:00:00+00:00,22,0,37,False,False,59,WITHIN_TOLERANCE,NEAR_ATM,0.40000000000000824,0.40000000000000824,14,H1,4,1746451800000,,False,,,,,,,,,,,,,,,UNSCORED_SIGNAL_BAR_ABSENT
LULU-0016,LULU,O:LULU250516C00275000,CALL,275.0,2025-05-16,14,0.0,DISCOVERY,CONTINUATION,2025-05-02T19:15:00+00:00,2025-05-02T19:00:00+00:00,22,0,37,False,False,59,WITHIN_TOLERANCE,NEAR_ATM,0.40000000000000824,0.40000000000000824,14,D1,26,1746471600000,,False,,,,,,,,,,,,,,,UNSCORED_SIGNAL_BAR_ABSENT
LULU-0016,LULU,O:LULU250516C00275000,CALL,275.0,2025-05-16,14,0.0,DISCOVERY,CONTINUATION,2025-05-02T19:15:00+00:00,2025-05-02T19:00:00+00:00,22,0,37,False,False,59,WITHIN_TOLERANCE,NEAR_ATM,0.40000000000000824,0.40000000000000824,14,D3,78,1746644400000,,False,,,,,,,,,,,,,,,UNSCORED_SIGNAL_BAR_ABSENT
LULU-0016,LULU,O:LULU250516C00275000,CALL,275.0,2025-05-16,14,0.0,DISCOVERY,CONTINUATION,2025-05-02T19:15:00+00:00,2025-05-02T19:00:00+00:00,22,0,37,False,False,59,WITHIN_TOLERANCE,NEAR_ATM,0.40000000000000824,0.40000000000000824,14,D5,130,1746817200000,,False,,,,,,,,,,,,,,,UNSCORED_SIGNAL_BAR_ABSENT
LULU-0016,LULU,O:LULU250516C00275000,CALL,275.0,2025-05-16,14,0.0,DISCOVERY,CONTINUATION,2025-05-02T19:15:00+00:00,2025-05-02T19:00:00+00:00,22,0,37,False,False,59,WITHIN_TOLERANCE,NEAR_ATM,0.40000000000000824,0.40000000000000824,14,D10,260,1747422000000,,False,,,,,,,,,,,,,,,UNSCORED_SIGNAL_BAR_ABSENT
VALE-0015,VALE,O:VALE250516C00009500,CALL,9.5,2025-05-16,14,0.0,DISCOVERY,ENTRY_FORMING,2025-05-02T20:00:00+00:00,2025-05-02T19:45:00+00:00,61,1,116,False,True,178,WITHIN_TOLERANCE,NEAR_ATM,1.3684210526315872,-1.3684210526315872,14,H1,4,1746454500000,,False,3,0.17,0.18,5.88235294117645,0.0,-16.666666666666664,-11.111111111111105,1,1,-11.111111111111105,,5.88235294117645,-11.764705882352954,False,SCORED_WINDOW
VALE-0015,VALE,O:VALE250516C00009500,CALL,9.5,2025-05-16,14,0.0,DISCOVERY,ENTRY_FORMING,2025-05-02T20:00:00+00:00,2025-05-02T19:45:00+00:00,61,1,116,False,True,178,WITHIN_TOLERANCE,NEAR_ATM,1.3684210526315872,-1.3684210526315872,14,D1,26,1746474300000,,False,11,0.17,0.18,5.88235294117645,0.0,-27.777777777777768,-27.777777777777768,1,9,-27.777777777777768,,5.88235294117645,-23.529411764705888,True,SCORED_WINDOW
VALE-0015,VALE,O:VALE250516C00009500,CALL,9.5,2025-05-16,14,0.0,DISCOVERY,ENTRY_FORMING,2025-05-02T20:00:00+00:00,2025-05-02T19:45:00+00:00,61,1,116,False,True,178,WITHIN_TOLERANCE,NEAR_ATM,1.3684210526315872,-1.3684210526315872,14,D3,78,1746647100000,,False,28,0.17,0.18,5.88235294117645,0.0,-72.22222222222221,-50.0,1,27,-50.0,,5.88235294117645,-70.58823529411764,True,SCORED_WINDOW
VALE-0015,VALE,O:VALE250516C00009500,CALL,9.5,2025-05-16,14,0.0,DISCOVERY,ENTRY_FORMING,2025-05-02T20:00:00+00:00,2025-05-02T19:45:00+00:00,61,1,116,False,True,178,WITHIN_TOLERANCE,NEAR_ATM,1.3684210526315872,-1.3684210526315872,14,D5,130,1746819900000,,False,55,0.17,0.18,5.88235294117645,0.0,-72.22222222222221,-50.0,1,27,-50.0,,5.88235294117645,-70.58823529411764,True,SCORED_WINDOW
VALE-0015,VALE,O:VALE250516C00009500,CALL,9.5,2025-05-16,14,0.0,DISCOVERY,ENTRY_FORMING,2025-05-02T20:00:00+00:00,2025-05-02T19:45:00+00:00,61,1,116,False,True,178,WITHIN_TOLERANCE,NEAR_ATM,1.3684210526315872,-1.3684210526315872,14,D10,260,1747424700000,,False,116,0.17,0.18,5.88235294117645,200.00000000000006,-72.22222222222221,66.66666666666667,93,27,-44.44444444444445,0.33333333333333326,217.6470588235294,-70.58823529411764,False,SCORED_WINDOW
TSLA-0016,TSLA,O:TSLA250523C00297500,CALL,297.5,2025-05-23,14,0.0,DISCOVERY,ENTRY_FORMING,2025-05-09T20:00:00+00:00,2025-05-09T19:45:00+00:00,107,1,158,False,True,266,WITHIN_TOLERANCE,NEAR_ATM,0.20225210084033407,0.20225210084033407,14,H1,4,1747059300000,,False,4,14.9,30.15,102.34899328859059,0.0,-26.03648424543946,-17.18076285240464,1,1,-17.18076285240464,,102.34899328859059,49.66442953020134,False,SCORED_WINDOW
TSLA-0016,TSLA,O:TSLA250523C00297500,CALL,297.5,2025-05-23,14,0.0,DISCOVERY,ENTRY_FORMING,2025-05-09T20:00:00+00:00,2025-05-09T19:45:00+00:00,107,1,158,False,True,266,WITHIN_TOLERANCE,NEAR_ATM,0.20225210084033407,0.20225210084033407,14,D1,26,1747079100000,,False,26,14.9,30.15,102.34899328859059,0.0,-26.03648424543946,-12.271973466003317,1,1,-12.271973466003317,,102.34899328859059,49.66442953020134,False,SCORED_WINDOW
TSLA-0016,TSLA,O:TSLA250523C00297500,CALL,297.5,2025-05-23,14,0.0,DISCOVERY,ENTRY_FORMING,2025-05-09T20:00:00+00:00,2025-05-09T19:45:00+00:00,107,1,158,False,True,266,WITHIN_TOLERANCE,NEAR_ATM,0.20225210084033407,0.20225210084033407,14,D3,78,1747251900000,,False,63,14.9,30.15,102.34899328859059,75.787728026534,-26.03648424543946,73.30016583747927,62,1,-1.4150943396226467,0.9671772428884026,255.70469798657717,49.66442953020134,False,SCORED_WINDOW
TSLA-0016,TSLA,O:TSLA250523C00297500,CALL,297.5,2025-05-23,14,0.0,DISCOVERY,ENTRY_FORMING,2025-05-09T20:00:00+00:00,2025-05-09T19:45:00+00:00,107,1,158,False,True,266,WITHIN_TOLERANCE,NEAR_ATM,0.20225210084033407,0.20225210084033407,14,D5,130,1747424700000,,False,87,14.9,30.15,102.34899328859059,76.45107794361527,-26.03648424543946,76.45107794361527,87,1,0.0,1.0,257.04697986577185,49.66442953020134,False,SCORED_WINDOW
TSLA-0016,TSLA,O:TSLA250523C00297500,CALL,297.5,2025-05-23,14,0.0,DISCOVERY,ENTRY_FORMING,2025-05-09T20:00:00+00:00,2025-05-09T19:45:00+00:00,107,1,158,False,True,266,WITHIN_TOLERANCE,NEAR_ATM,0.20225210084033407,0.20225210084033407,14,D10,260,1748029500000,,False,158,14.9,30.15,102.34899328859059,94.02985074626866,-26.03648424543946,37.9436152570481,104,1,-28.905982905982896,0.40352733686067027,292.6174496644295,49.66442953020134,False,SCORED_WINDOW
SPY-0016,SPY,O:SPY250523C00579000,CALL,579.0,2025-05-23,14,0.0,DISCOVERY,RISK_OR_EXHAUSTION,2025-05-12T14:00:00+00:00,2025-05-12T13:45:00+00:00,65,1,180,False,True,257,WITHIN_TOLERANCE,NEAR_ATM,0.036269430051819755,-0.036269430051819755,11,H1,4,1747061100000,,False,4,7.16,7.2,0.5586592178770999,10.972222222222229,-9.583333333333343,5.972222222222223,2,3,-4.505632040050067,0.5443037974683542,11.592178770949712,-9.078212290502796,True,SCORED_WINDOW
SPY-0016,SPY,O:SPY250523C00579000,CALL,579.0,2025-05-23,14,0.0,DISCOVERY,RISK_OR_EXHAUSTION,2025-05-12T14:00:00+00:00,2025-05-12T13:45:00+00:00,65,1,180,False,True,257,WITHIN_TOLERANCE,NEAR_ATM,0.036269430051819755,-0.036269430051819755,11,D1,26,1747143900000,,False,27,7.16,7.2,0.5586592178770999,46.1111111111111,-9.583333333333343,46.1111111111111,27,3,0.0,1.0,46.927374301675975,-9.078212290502796,False,SCORED_WINDOW
SPY-0016,SPY,O:SPY250523C00579000,CALL,579.0,2025-05-23,14,0.0,DISCOVERY,RISK_OR_EXHAUSTION,2025-05-12T14:00:00+00:00,2025-05-12T13:45:00+00:00,65,1,180,False,True,257,WITHIN_TOLERANCE,NEAR_ATM,0.036269430051819755,-0.036269430051819755,11,D3,78,1747316700000,,False,59,7.16,7.2,0.5586592178770999,83.19444444444444,-9.583333333333343,47.6388888888889,42,3,-19.408642911296425,0.5726210350584309,84.21787709497207,-9.078212290502796,False,SCORED_WINDOW
SPY-0016,SPY,O:SPY250523C00579000,CALL,579.0,2025-05-23,14,0.0,DISCOVERY,RISK_OR_EXHAUSTION,2025-05-12T14:00:00+00:00,2025-05-12T13:45:00+00:00,65,1,180,False,True,257,WITHIN_TOLERANCE,NEAR_ATM,0.036269430051819755,-0.036269430051819755,11,D5,130,1747662300000,,False,94,7.16,7.2,0.5586592178770999,126.38888888888889,-9.583333333333343,87.5,91,3,-17.177914110429448,0.6923076923076923,127.65363128491623,-9.078212290502796,False,SCORED_WINDOW
SPY-0016,SPY,O:SPY250523C00579000,CALL,579.0,2025-05-23,14,0.0,DISCOVERY,RISK_OR_EXHAUSTION,2025-05-12T14:00:00+00:00,2025-05-12T13:45:00+00:00,65,1,180,False,True,257,WITHIN_TOLERANCE,NEAR_ATM,0.036269430051819755,-0.036269430051819755,11,D10,260,1748353500000,CONTRACT_EXPIRY,True,188,7.16,7.2,0.5586592178770999,140.97222222222223,-99.44444444444444,-98.75,104,188,-99.48126801152738,-0.7004926108374384,142.31843575418998,-99.4413407821229,True,SCORED_RIGHT_CENSORED
GME-0017,GME,O:GME250530C00029500,CALL,29.5,2025-05-30,14,0.0,DISCOVERY,RISK_OR_EXHAUSTION,2025-05-14T14:45:00+00:00,2025-05-14T14:30:00+00:00,47,1,272,False,True,320,WITHIN_TOLERANCE,NEAR_ATM,0.7454237288135563,-0.7454237288135563,16,H1,4,1747236600000,,False,3,1.35,1.45,7.407407407407396,3.4482758620689724,-11.724137931034473,3.4482758620689724,3,2,0.0,1.0,11.111111111111093,-5.185185185185192,False,SCORED_WINDOW
GME-0017,GME,O:GME250530C00029500,CALL,29.5,2025-05-30,14,0.0,DISCOVERY,RISK_OR_EXHAUSTION,2025-05-14T14:45:00+00:00,2025-05-14T14:30:00+00:00,47,1,272,False,True,320,WITHIN_TOLERANCE,NEAR_ATM,0.7454237288135563,-0.7454237288135563,16,D1,26,1747319400000,,False,17,1.35,1.45,7.407407407407396,3.4482758620689724,-44.827586206896555,-41.379310344827594,3,16,-43.333333333333336,-11.999999999999979,11.111111111111093,-40.74074074074075,True,SCORED_WINDOW
GME-0017,GME,O:GME250530C00029500,CALL,29.5,2025-05-30,14,0.0,DISCOVERY,RISK_OR_EXHAUSTION,2025-05-14T14:45:00+00:00,2025-05-14T14:30:00+00:00,47,1,272,False,True,320,WITHIN_TOLERANCE,NEAR_ATM,0.7454237288135563,-0.7454237288135563,16,D3,78,1747665000000,,False,55,1.35,1.45,7.407407407407396,3.4482758620689724,-79.3103448275862,-60.00000000000001,3,51,-61.33333333333333,-17.399999999999967,11.111111111111093,-77.77777777777779,True,SCORED_WINDOW
GME-0017,GME,O:GME250530C00029500,CALL,29.5,2025-05-30,14,0.0,DISCOVERY,RISK_OR_EXHAUSTION,2025-05-14T14:45:00+00:00,2025-05-14T14:30:00+00:00,47,1,272,False,True,320,WITHIN_TOLERANCE,NEAR_ATM,0.7454237288135563,-0.7454237288135563,16,D5,130,1747837800000,,False,103,1.35,1.45,7.407407407407396,3.4482758620689724,-79.3103448275862,-53.103448275862064,3,51,-54.666666666666664,-15.399999999999968,11.111111111111093,-77.77777777777779,True,SCORED_WINDOW
GME-0017,GME,O:GME250530C00029500,CALL,29.5,2025-05-30,14,0.0,DISCOVERY,RISK_OR_EXHAUSTION,2025-05-14T14:45:00+00:00,2025-05-14T14:30:00+00:00,47,1,272,False,True,320,WITHIN_TOLERANCE,NEAR_ATM,0.7454237288135563,-0.7454237288135563,16,D10,260,1748529000000,,False,225,1.35,1.45,7.407407407407396,336.5517241379311,-79.3103448275862,1.379310344827589,184,51,-76.77725118483413,0.004098360655737712,368.8888888888888,-77.77777777777779,False,SCORED_WINDOW
TSLA-0017,TSLA,O:TSLA250606C00350000,CALL,350.0,2025-06-06,14,0.0,DISCOVERY,CONTINUATION,2025-05-20T13:45:00+00:00,2025-05-20T13:30:00+00:00,130,1,337,False,True,469,WITHIN_TOLERANCE,NEAR_ATM,0.02285714285713831,0.02285714285713831,17,H1,4,1747751400000,,False,4,19.36,19.15,-1.0847107438016534,0.8877284595300461,-14.88250652741513,-7.571801566579628,1,1,-8.385093167701873,-8.529411764705683,-0.20661157024792765,-15.805785123966931,False,SCORED_WINDOW
TSLA-0017,TSLA,O:TSLA250606C00350000,CALL,350.0,2025-06-06,14,0.0,DISCOVERY,CONTINUATION,2025-05-20T13:45:00+00:00,2025-05-20T13:30:00+00:00,130,1,337,False,True,469,WITHIN_TOLERANCE,NEAR_ATM,0.02285714285713831,0.02285714285713831,17,D1,26,1747834200000,,False,26,19.36,19.15,-1.0847107438016534,15.926892950391647,-22.45430809399478,-16.97127937336814,19,26,-28.37837837837838,-1.065573770491803,14.669421487603307,-23.29545454545454,True,SCORED_WINDOW
TSLA-0017,TSLA,O:TSLA250606C00350000,CALL,350.0,2025-06-06,14,0.0,DISCOVERY,CONTINUATION,2025-05-20T13:45:00+00:00,2025-05-20T13:30:00+00:00,130,1,337,False,True,469,WITHIN_TOLERANCE,NEAR_ATM,0.02285714285713831,0.02285714285713831,17,D3,78,1748007000000,,False,78,19.36,19.15,-1.0847107438016534,15.926892950391647,-49.24281984334203,-40.2088772845953,19,52,-48.42342342342343,-2.524590163934426,14.669421487603307,-49.79338842975206,True,SCORED_WINDOW
TSLA-0017,TSLA,O:TSLA250606C00350000,CALL,350.0,2025-06-06,14,0.0,DISCOVERY,CONTINUATION,2025-05-20T13:45:00+00:00,2025-05-20T13:30:00+00:00,130,1,337,False,True,469,WITHIN_TOLERANCE,NEAR_ATM,0.02285714285713831,0.02285714285713831,17,D5,130,1748439000000,,False,130,19.36,19.15,-1.0847107438016534,23.498694516971284,-49.24281984334203,8.981723237597915,130,52,-11.754756871035932,0.3822222222222223,22.159090909090896,-49.79338842975206,False,SCORED_WINDOW
TSLA-0017,TSLA,O:TSLA250606C00350000,CALL,350.0,2025-06-06,14,0.0,DISCOVERY,CONTINUATION,2025-05-20T13:45:00+00:00,2025-05-20T13:30:00+00:00,130,1,337,False,True,469,WITHIN_TOLERANCE,NEAR_ATM,0.02285714285713831,0.02285714285713831,17,D10,260,1749043800000,,False,261,19.36,19.15,-1.0847107438016534,28.459530026109682,-84.33420365535248,-83.81201044386422,156,261,-87.39837398373984,-2.9449541284403646,27.066115702479344,-84.50413223140497,True,SCORED_WINDOW
SPY-0017,SPY,O:SPY250605C00585000,CALL,585.0,2025-06-05,14,0.0,DISCOVERY,THESIS_PRESSURE,2025-05-22T19:45:00+00:00,2025-05-22T19:30:00+00:00,22,1,200,False,True,232,WITHIN_TOLERANCE,NEAR_ATM,0.011965811965820517,0.011965811965820517,14,H1,4,1748008800000,,False,5,8.2,7.95,-3.0487804878048697,0.0,-38.9937106918239,-34.339622641509436,1,4,-34.339622641509436,,-3.0487804878048697,-40.85365853658537,True,SCORED_WINDOW
SPY-0017,SPY,O:SPY250605C00585000,CALL,585.0,2025-06-05,14,0.0,DISCOVERY,THESIS_PRESSURE,2025-05-22T19:45:00+00:00,2025-05-22T19:30:00+00:00,22,1,200,False,True,232,WITHIN_TOLERANCE,NEAR_ATM,0.011965811965820517,0.011965811965820517,14,D1,26,1748028600000,,False,24,8.2,7.95,-3.0487804878048697,0.0,-39.74842767295598,-26.9182389937107,1,6,-26.9182389937107,,-3.0487804878048697,-41.58536585365853,True,SCORED_WINDOW
SPY-0017,SPY,O:SPY250605C00585000,CALL,585.0,2025-06-05,14,0.0,DISCOVERY,THESIS_PRESSURE,2025-05-22T19:45:00+00:00,2025-05-22T19:30:00+00:00,22,1,200,False,True,232,WITHIN_TOLERANCE,NEAR_ATM,0.011965811965820517,0.011965811965820517,14,D3,78,1748460600000,,False,63,8.2,7.95,-3.0487804878048697,36.8553459119497,-39.74842767295598,1.6352201257861632,47,6,-25.73529411764707,0.04436860068259383,32.682926829268325,-41.58536585365853,False,SCORED_WINDOW
SPY-0017,SPY,O:SPY250605C00585000,CALL,585.0,2025-06-05,14,0.0,DISCOVERY,THESIS_PRESSURE,2025-05-22T19:45:00+00:00,2025-05-22T19:30:00+00:00,22,1,200,False,True,232,WITHIN_TOLERANCE,NEAR_ATM,0.011965811965820517,0.011965811965820517,14,D5,130,1748633400000,,False,117,8.2,7.95,-3.0487804878048697,37.8616352201258,-42.26415094339623,-1.6352201257861632,66,106,-28.649635036496356,-0.0431893687707641,33.65853658536588,-44.02439024390243,True,SCORED_WINDOW
SPY-0017,SPY,O:SPY250605C00585000,CALL,585.0,2025-06-05,14,0.0,DISCOVERY,THESIS_PRESSURE,2025-05-22T19:45:00+00:00,2025-05-22T19:30:00+00:00,22,1,200,False,True,232,WITHIN_TOLERANCE,NEAR_ATM,0.011965811965820517,0.011965811965820517,14,D10,260,1749238200000,CONTRACT_EXPIRY,True,209,8.2,7.95,-3.0487804878048697,73.71069182389938,-44.528301886792455,13.962264150943394,198,122,-34.39536567704562,0.18941979522184293,68.41463414634148,-46.21951219512195,False,SCORED_RIGHT_CENSORED
PYPL-0018,PYPL,O:PYPL250613C00071000,CALL,71.0,2025-06-13,14,0.0,DISCOVERY,THESIS_PRESSURE,2025-05-29T15:15:00+00:00,2025-05-29T15:00:00+00:00,24,0,144,False,False,169,WITHIN_TOLERANCE,NEAR_ATM,0.05633802816902289,-0.05633802816902289,15,H1,4,1748534400000,,False,,,,,,,,,,,,,,,UNSCORED_SIGNAL_BAR_ABSENT
PYPL-0018,PYPL,O:PYPL250613C00071000,CALL,71.0,2025-06-13,14,0.0,DISCOVERY,THESIS_PRESSURE,2025-05-29T15:15:00+00:00,2025-05-29T15:00:00+00:00,24,0,144,False,False,169,WITHIN_TOLERANCE,NEAR_ATM,0.05633802816902289,-0.05633802816902289,15,D1,26,1748617200000,,False,,,,,,,,,,,,,,,UNSCORED_SIGNAL_BAR_ABSENT
PYPL-0018,PYPL,O:PYPL250613C00071000,CALL,71.0,2025-06-13,14,0.0,DISCOVERY,THESIS_PRESSURE,2025-05-29T15:15:00+00:00,2025-05-29T15:00:00+00:00,24,0,144,False,False,169,WITHIN_TOLERANCE,NEAR_ATM,0.05633802816902289,-0.05633802816902289,15,D3,78,1748962800000,,False,,,,,,,,,,,,,,,UNSCORED_SIGNAL_BAR_ABSENT
PYPL-0018,PYPL,O:PYPL250613C00071000,CALL,71.0,2025-06-13,14,0.0,DISCOVERY,THESIS_PRESSURE,2025-05-29T15:15:00+00:00,2025-05-29T15:00:00+00:00,24,0,144,False,False,169,WITHIN_TOLERANCE,NEAR_ATM,0.05633802816902289,-0.05633802816902289,15,D5,130,1749135600000,,False,,,,,,,,,,,,,,,UNSCORED_SIGNAL_BAR_ABSENT
PYPL-0018,PYPL,O:PYPL250613C00071000,CALL,71.0,2025-06-13,14,0.0,DISCOVERY,THESIS_PRESSURE,2025-05-29T15:15:00+00:00,2025-05-29T15:00:00+00:00,24,0,144,False,False,169,WITHIN_TOLERANCE,NEAR_ATM,0.05633802816902289,-0.05633802816902289,15,D10,260,1749740400000,,False,,,,,,,,,,,,,,,UNSCORED_SIGNAL_BAR_ABSENT
TSLA-0018,TSLA,O:TSLA250613C00360000,CALL,360.0,2025-06-13,14,0.0,DISCOVERY,THESIS_PRESSURE,2025-05-29T19:00:00+00:00,2025-05-29T18:45:00+00:00,124,1,290,False,True,416,WITHIN_TOLERANCE,NEAR_ATM,0.3416666666666717,-0.3416666666666717,15,H1,4,1748547900000,,False,4,18.2,18.4,1.098901098901095,1.0869565217391353,-3.532608695652162,-1.0869565217391242,2,3,-2.1505376344086113,-0.9999999999999898,2.197802197802212,-2.4725274725274637,True,SCORED_WINDOW
TSLA-0018,TSLA,O:TSLA250613C00360000,CALL,360.0,2025-06-13,14,0.0,DISCOVERY,THESIS_PRESSURE,2025-05-29T19:00:00+00:00,2025-05-29T18:45:00+00:00,124,1,290,False,True,416,WITHIN_TOLERANCE,NEAR_ATM,0.3416666666666717,-0.3416666666666717,15,D1,26,1748630700000,,False,26,18.2,18.4,1.098901098901095,8.369565217391317,-36.68478260869564,-29.836956521739122,11,19,-35.25576730190571,-3.5649350649350584,9.56043956043957,-35.989010989010985,True,SCORED_WINDOW
TSLA-0018,TSLA,O:TSLA250613C00360000,CALL,360.0,2025-06-13,14,0.0,DISCOVERY,THESIS_PRESSURE,2025-05-29T19:00:00+00:00,2025-05-29T18:45:00+00:00,124,1,290,False,True,416,WITHIN_TOLERANCE,NEAR_ATM,0.3416666666666717,-0.3416666666666717,15,D3,78,1748976300000,,False,78,18.2,18.4,1.098901098901095,8.369565217391317,-66.41304347826087,-45.92391304347826,11,37,-50.10030090270814,-5.487012987012978,9.56043956043957,-66.04395604395604,True,SCORED_WINDOW
TSLA-0018,TSLA,O:TSLA250613C00360000,CALL,360.0,2025-06-13,14,0.0,DISCOVERY,THESIS_PRESSURE,2025-05-29T19:00:00+00:00,2025-05-29T18:45:00+00:00,124,1,290,False,True,416,WITHIN_TOLERANCE,NEAR_ATM,0.3416666666666717,-0.3416666666666717,15,D5,130,1749149100000,,False,131,18.2,18.4,1.098901098901095,8.369565217391317,-95.70652173913044,-95.43478260869566,11,131,-95.78736208625878,-11.402597402597385,9.56043956043957,-95.65934065934066,True,SCORED_WINDOW
TSLA-0018,TSLA,O:TSLA250613C00360000,CALL,360.0,2025-06-13,14,0.0,DISCOVERY,THESIS_PRESSURE,2025-05-29T19:00:00+00:00,2025-05-29T18:45:00+00:00,124,1,290,False,True,416,WITHIN_TOLERANCE,NEAR_ATM,0.3416666666666717,-0.3416666666666717,15,D10,260,1749753900000,,False,261,18.2,18.4,1.098901098901095,8.369565217391317,-99.72826086956522,-99.67391304347825,11,259,-99.69909729187563,-11.90909090909089,9.56043956043957,-99.72527472527473,True,SCORED_WINDOW
LULU-0017,LULU,O:LULU250620C00330000,CALL,330.0,2025-06-20,14,0.0,DISCOVERY,RISK_OR_EXHAUSTION,2025-06-03T14:00:00+00:00,2025-06-03T13:45:00+00:00,55,1,90,False,True,146,WITHIN_TOLERANCE,NEAR_ATM,0.03636363636363774,-0.03636363636363774,17,H1,4,1748961900000,,False,4,19.3,18.22,-5.595854922279797,19.099890230515925,0.0,19.099890230515925,4,1,0.0,1.0,12.435233160621761,-5.595854922279797,False,SCORED_WINDOW
LULU-0017,LULU,O:LULU250620C00330000,CALL,330.0,2025-06-20,14,0.0,DISCOVERY,RISK_OR_EXHAUSTION,2025-06-03T14:00:00+00:00,2025-06-03T13:45:00+00:00,55,1,90,False,True,146,WITHIN_TOLERANCE,NEAR_ATM,0.03636363636363774,-0.03636363636363774,17,D1,26,1749044700000,,False,19,19.3,18.22,-5.595854922279797,31.997804610318337,0.0,24.03951701427005,12,1,-6.029106029106024,0.7512864493996574,24.61139896373057,-5.595854922279797,False,SCORED_WINDOW
LULU-0017,LULU,O:LULU250620C00330000,CALL,330.0,2025-06-20,14,0.0,DISCOVERY,RISK_OR_EXHAUSTION,2025-06-03T14:00:00+00:00,2025-06-03T13:45:00+00:00,55,1,90,False,True,146,WITHIN_TOLERANCE,NEAR_ATM,0.03636363636363774,-0.03636363636363774,17,D3,78,1749217500000,,False,47,19.3,18.22,-5.595854922279797,31.997804610318337,-99.01207464324918,-98.51811196487377,12,46,-98.87733887733887,-3.0789022298456254,24.61139896373057,-99.06735751295336,True,SCORED_WINDOW
LULU-0017,LULU,O:LULU250620C00330000,CALL,330.0,2025-06-20,14,0.0,DISCOVERY,RISK_OR_EXHAUSTION,2025-06-03T14:00:00+00:00,2025-06-03T13:45:00+00:00,55,1,90,False,True,146,WITHIN_TOLERANCE,NEAR_ATM,0.03636363636363774,-0.03636363636363774,17,D5,130,1749563100000,,False,74,19.3,18.22,-5.595854922279797,31.997804610318337,-99.34138309549945,-99.28649835345774,12,72,-99.45945945945947,-3.1029159519725553,24.61139896373057,-99.37823834196891,True,SCORED_WINDOW
LULU-0017,LULU,O:LULU250620C00330000,CALL,330.0,2025-06-20,14,0.0,DISCOVERY,RISK_OR_EXHAUSTION,2025-06-03T14:00:00+00:00,2025-06-03T13:45:00+00:00,55,1,90,False,True,146,WITHIN_TOLERANCE,NEAR_ATM,0.03636363636363774,-0.03636363636363774,17,D10,260,1750167900000,,False,87,19.3,18.22,-5.595854922279797,31.997804610318337,-99.94511525795828,-99.94511525795828,12,87,-99.95841995841997,-3.123499142367066,24.61139896373057,-99.9481865284974,True,SCORED_WINDOW
RBLX-0017,RBLX,O:RBLX250620C00090000,CALL,90.0,2025-06-20,14,0.0,DISCOVERY,CONTINUATION,2025-06-03T19:00:00+00:00,2025-06-03T18:45:00+00:00,111,0,165,False,False,277,WITHIN_TOLERANCE,NEAR_ATM,0.06666666666666919,-0.06666666666666919,17,H1,4,1748979900000,,False,,,,,,,,,,,,,,,UNSCORED_SIGNAL_BAR_ABSENT
RBLX-0017,RBLX,O:RBLX250620C00090000,CALL,90.0,2025-06-20,14,0.0,DISCOVERY,CONTINUATION,2025-06-03T19:00:00+00:00,2025-06-03T18:45:00+00:00,111,0,165,False,False,277,WITHIN_TOLERANCE,NEAR_ATM,0.06666666666666919,-0.06666666666666919,17,D1,26,1749062700000,,False,,,,,,,,,,,,,,,UNSCORED_SIGNAL_BAR_ABSENT
RBLX-0017,RBLX,O:RBLX250620C00090000,CALL,90.0,2025-06-20,14,0.0,DISCOVERY,CONTINUATION,2025-06-03T19:00:00+00:00,2025-06-03T18:45:00+00:00,111,0,165,False,False,277,WITHIN_TOLERANCE,NEAR_ATM,0.06666666666666919,-0.06666666666666919,17,D3,78,1749235500000,,False,,,,,,,,,,,,,,,UNSCORED_SIGNAL_BAR_ABSENT
RBLX-0017,RBLX,O:RBLX250620C00090000,CALL,90.0,2025-06-20,14,0.0,DISCOVERY,CONTINUATION,2025-06-03T19:00:00+00:00,2025-06-03T18:45:00+00:00,111,0,165,False,False,277,WITHIN_TOLERANCE,NEAR_ATM,0.06666666666666919,-0.06666666666666919,17,D5,130,1749581100000,,False,,,,,,,,,,,,,,,UNSCORED_SIGNAL_BAR_ABSENT
RBLX-0017,RBLX,O:RBLX250620C00090000,CALL,90.0,2025-06-20,14,0.0,DISCOVERY,CONTINUATION,2025-06-03T19:00:00+00:00,2025-06-03T18:45:00+00:00,111,0,165,False,False,277,WITHIN_TOLERANCE,NEAR_ATM,0.06666666666666919,-0.06666666666666919,17,D10,260,1750185900000,,False,,,,,,,,,,,,,,,UNSCORED_SIGNAL_BAR_ABSENT
SPY-0018,SPY,O:SPY250617C00595000,CALL,595.0,2025-06-17,14,0.0,DISCOVERY,ENTRY_FORMING,2025-06-03T19:45:00+00:00,2025-06-03T19:30:00+00:00,23,1,190,False,True,221,WITHIN_TOLERANCE,NEAR_ATM,0.1579831932773201,0.1579831932773201,14,H1,4,1749045600000,,False,5,7.73,7.63,-1.293661060802076,14.678899082568808,-1.0484927916120546,5.111402359108785,3,1,-8.342857142857152,0.348214285714286,13.19534282018111,-2.3285899094437346,False,SCORED_WINDOW
SPY-0018,SPY,O:SPY250617C00595000,CALL,595.0,2025-06-17,14,0.0,DISCOVERY,ENTRY_FORMING,2025-06-03T19:45:00+00:00,2025-06-03T19:30:00+00:00,23,1,190,False,True,221,WITHIN_TOLERANCE,NEAR_ATM,0.1579831932773201,0.1579831932773201,14,D1,26,1749065400000,,False,26,7.73,7.63,-1.293661060802076,14.678899082568808,-1.9659239842725995,1.83486238532109,3,14,-11.20000000000001,0.12499999999999925,13.19534282018111,-3.2341526520051733,True,SCORED_WINDOW
SPY-0018,SPY,O:SPY250617C00595000,CALL,595.0,2025-06-17,14,0.0,DISCOVERY,ENTRY_FORMING,2025-06-03T19:45:00+00:00,2025-06-03T19:30:00+00:00,23,1,190,False,True,221,WITHIN_TOLERANCE,NEAR_ATM,0.1579831932773201,0.1579831932773201,14,D3,78,1749238200000,,False,61,7.73,7.63,-1.293661060802076,23.72214941022279,-34.46920052424639,8.387942332896458,50,45,-12.394067796610164,0.3535911602209945,22.12160413971538,-35.31694695989651,False,SCORED_WINDOW
SPY-0018,SPY,O:SPY250617C00595000,CALL,595.0,2025-06-17,14,0.0,DISCOVERY,ENTRY_FORMING,2025-06-03T19:45:00+00:00,2025-06-03T19:30:00+00:00,23,1,190,False,True,221,WITHIN_TOLERANCE,NEAR_ATM,0.1579831932773201,0.1579831932773201,14,D5,130,1749583800000,,False,90,7.73,7.63,-1.293661060802076,25.425950196592396,-34.46920052424639,25.425950196592396,90,45,0.0,1.0,23.80336351875809,-35.31694695989651,False,SCORED_WINDOW
SPY-0018,SPY,O:SPY250617C00595000,CALL,595.0,2025-06-17,14,0.0,DISCOVERY,ENTRY_FORMING,2025-06-03T19:45:00+00:00,2025-06-03T19:30:00+00:00,23,1,190,False,True,221,WITHIN_TOLERANCE,NEAR_ATM,0.1579831932773201,0.1579831932773201,14,D10,260,1750188600000,,False,195,7.73,7.63,-1.293661060802076,44.16775884665793,-71.42857142857142,-61.07470511140236,94,191,-73.0,-1.3827893175074184,42.30271668822767,-71.79818887451488,True,SCORED_WINDOW
RBLX-0018,RBLX,O:RBLX250620C00091000,CALL,91.0,2025-06-20,14,0.0,DISCOVERY,RISK_OR_EXHAUSTION,2025-06-04T14:15:00+00:00,2025-06-04T14:00:00+00:00,38,1,76,False,True,115,WITHIN_TOLERANCE,NEAR_ATM,0.35714285714286026,-0.35714285714286026,16,H1,4,1749049200000,,False,2,2.8,2.95,5.35714285714286,0.0,-5.084745762711873,-2.033898305084747,1,1,-2.033898305084747,,5.35714285714286,0.0,False,SCORED_WINDOW
RBLX-0018,RBLX,O:RBLX250620C00091000,CALL,91.0,2025-06-20,14,0.0,DISCOVERY,RISK_OR_EXHAUSTION,2025-06-04T14:15:00+00:00,2025-06-04T14:00:00+00:00,38,1,76,False,True,115,WITHIN_TOLERANCE,NEAR_ATM,0.35714285714286026,-0.35714285714286026,16,D1,26,1749132000000,,False,8,2.8,2.95,5.35714285714286,18.644067796610166,-5.084745762711873,17.627118644067785,7,1,-0.8571428571428563,0.945454545454545,25.0,0.0,False,SCORED_WINDOW
RBLX-0018,RBLX,O:RBLX250620C00091000,CALL,91.0,2025-06-20,14,0.0,DISCOVERY,RISK_OR_EXHAUSTION,2025-06-04T14:15:00+00:00,2025-06-04T14:00:00+00:00,38,1,76,False,True,115,WITHIN_TOLERANCE,NEAR_ATM,0.35714285714286026,-0.35714285714286026,16,D3,78,1749477600000,,False,23,2.8,2.95,5.35714285714286,112.54237288135589,-5.084745762711873,18.644067796610166,14,1,-44.1786283891547,0.16566265060240967,123.92857142857143,0.0,False,SCORED_WINDOW
RBLX-0018,RBLX,O:RBLX250620C00091000,CALL,91.0,2025-06-20,14,0.0,DISCOVERY,RISK_OR_EXHAUSTION,2025-06-04T14:15:00+00:00,2025-06-04T14:00:00+00:00,38,1,76,False,True,115,WITHIN_TOLERANCE,NEAR_ATM,0.35714285714286026,-0.35714285714286026,16,D5,130,1749650400000,,False,37,2.8,2.95,5.35714285714286,112.54237288135589,-5.084745762711873,84.7457627118644,14,1,-13.078149920255179,0.7530120481927713,123.92857142857143,0.0,False,SCORED_WINDOW
RBLX-0018,RBLX,O:RBLX250620C00091000,CALL,91.0,2025-06-20,14,0.0,DISCOVERY,RISK_OR_EXHAUSTION,2025-06-04T14:15:00+00:00,2025-06-04T14:00:00+00:00,38,1,76,False,True,115,WITHIN_TOLERANCE,NEAR_ATM,0.35714285714286026,-0.35714285714286026,16,D10,260,1750255200000,,False,67,2.8,2.95,5.35714285714286,243.3898305084746,-5.084745762711873,236.27118644067795,66,1,-2.073050345508398,0.9707520891364901,261.78571428571433,0.0,False,SCORED_WINDOW
PYPL-0019,PYPL,O:PYPL250620C00073000,CALL,73.0,2025-06-20,14,0.0,DISCOVERY,RISK_OR_EXHAUSTION,2025-06-04T15:45:00+00:00,2025-06-04T15:30:00+00:00,75,1,234,False,True,310,WITHIN_TOLERANCE,NEAR_ATM,0.1232876712328814,-0.1232876712328814,16,H1,4,1749054600000,,False,3,1.9,1.88,-1.0526315789473717,2.659574468085113,-12.234042553191493,-12.234042553191493,1,3,-14.507772020725396,-4.59999999999999,1.5789473684210575,-13.157894736842103,True,SCORED_WINDOW
PYPL-0019,PYPL,O:PYPL250620C00073000,CALL,73.0,2025-06-20,14,0.0,DISCOVERY,RISK_OR_EXHAUSTION,2025-06-04T15:45:00+00:00,2025-06-04T15:30:00+00:00,75,1,234,False,True,310,WITHIN_TOLERANCE,NEAR_ATM,0.1232876712328814,-0.1232876712328814,16,D1,26,1749137400000,,False,20,1.9,1.88,-1.0526315789473717,12.765957446808528,-20.744680851063823,7.446808510638303,17,13,-4.716981132075471,0.5833333333333329,11.578947368421066,-21.578947368421055,False,SCORED_WINDOW
PYPL-0019,PYPL,O:PYPL250620C00073000,CALL,73.0,2025-06-20,14,0.0,DISCOVERY,RISK_OR_EXHAUSTION,2025-06-04T15:45:00+00:00,2025-06-04T15:30:00+00:00,75,1,234,False,True,310,WITHIN_TOLERANCE,NEAR_ATM,0.1232876712328814,-0.1232876712328814,16,D3,78,1749483000000,,False,58,1.9,1.88,-1.0526315789473717,12.765957446808528,-20.744680851063823,-5.851063829787229,17,13,-16.509433962264154,-0.4583333333333323,11.578947368421066,-21.578947368421055,False,SCORED_WINDOW
PYPL-0019,PYPL,O:PYPL250620C00073000,CALL,73.0,2025-06-20,14,0.0,DISCOVERY,RISK_OR_EXHAUSTION,2025-06-04T15:45:00+00:00,2025-06-04T15:30:00+00:00,75,1,234,False,True,310,WITHIN_TOLERANCE,NEAR_ATM,0.1232876712328814,-0.1232876712328814,16,D5,130,1749655800000,,False,94,1.9,1.88,-1.0526315789473717,44.148936170212785,-20.744680851063823,31.91489361702129,82,13,-8.487084870848705,0.7228915662650602,42.63157894736842,-21.578947368421055,False,SCORED_WINDOW
PYPL-0019,PYPL,O:PYPL250620C00073000,CALL,73.0,2025-06-20,14,0.0,DISCOVERY,RISK_OR_EXHAUSTION,2025-06-04T15:45:00+00:00,2025-06-04T15:30:00+00:00,75,1,234,False,True,310,WITHIN_TOLERANCE,NEAR_ATM,0.1232876712328814,-0.1232876712328814,16,D10,260,1750260600000,,False,200,1.9,1.88,-1.0526315789473717,49.468085106382986,-95.2127659574468,-93.08510638297872,106,192,-95.37366548042705,-1.8817204301075265,47.89473684210528,-95.26315789473684,True,SCORED_WINDOW
TSLA-0019,TSLA,O:TSLA250620C00307500,CALL,307.5,2025-06-20,14,0.0,DISCOVERY,RISK_OR_EXHAUSTION,2025-06-09T20:00:00+00:00,2025-06-09T19:45:00+00:00,97,1,200,False,True,298,WITHIN_TOLERANCE,NEAR_ATM,0.37635772357724245,0.37635772357724245,11,H1,4,1749564900000,,False,4,14.4,18.0,25.0,7.222222222222219,-16.94444444444445,-8.333333333333337,3,2,-14.507772020725396,-1.153846153846155,34.02777777777779,3.819444444444442,False,SCORED_WINDOW
TSLA-0019,TSLA,O:TSLA250620C00307500,CALL,307.5,2025-06-20,14,0.0,DISCOVERY,RISK_OR_EXHAUSTION,2025-06-09T20:00:00+00:00,2025-06-09T19:45:00+00:00,97,1,200,False,True,298,WITHIN_TOLERANCE,NEAR_ATM,0.37635772357724245,0.37635772357724245,11,D1,26,1749584700000,,False,26,14.4,18.0,25.0,44.44444444444444,-16.94444444444445,37.77777777777778,25,2,-4.61538461538461,0.8500000000000001,80.55555555555556,3.819444444444442,False,SCORED_WINDOW
TSLA-0019,TSLA,O:TSLA250620C00307500,CALL,307.5,2025-06-20,14,0.0,DISCOVERY,RISK_OR_EXHAUSTION,2025-06-09T20:00:00+00:00,2025-06-09T19:45:00+00:00,97,1,200,False,True,298,WITHIN_TOLERANCE,NEAR_ATM,0.37635772357724245,0.37635772357724245,11,D3,78,1749757500000,,False,74,14.4,18.0,25.0,73.88888888888889,-16.94444444444445,-1.9444444444444486,27,2,-43.61022364217253,-0.026315789473684268,117.36111111111111,3.819444444444442,False,SCORED_WINDOW
TSLA-0019,TSLA,O:TSLA250620C00307500,CALL,307.5,2025-06-20,14,0.0,DISCOVERY,RISK_OR_EXHAUSTION,2025-06-09T20:00:00+00:00,2025-06-09T19:45:00+00:00,97,1,200,False,True,298,WITHIN_TOLERANCE,NEAR_ATM,0.37635772357724245,0.37635772357724245,11,D5,130,1750103100000,,False,124,14.4,18.0,25.0,73.88888888888889,-22.22222222222222,27.499999999999993,27,75,-26.67731629392972,0.37218045112781944,117.36111111111111,-2.777777777777779,True,SCORED_WINDOW
TSLA-0019,TSLA,O:TSLA250620C00307500,CALL,307.5,2025-06-20,14,0.0,DISCOVERY,RISK_OR_EXHAUSTION,2025-06-09T20:00:00+00:00,2025-06-09T19:45:00+00:00,97,1,200,False,True,298,WITHIN_TOLERANCE,NEAR_ATM,0.37635772357724245,0.37635772357724245,11,D10,260,1750794300000,CONTRACT_EXPIRY,True,200,14.4,18.0,25.0,73.88888888888889,-39.388888888888886,-20.1111111111111,27,181,-54.05750798722045,-0.2721804511278194,117.36111111111111,-24.236111111111114,True,SCORED_RIGHT_CENSORED
RBLX-0019,RBLX,O:RBLX250627C00096000,CALL,96.0,2025-06-27,14,0.0,DISCOVERY,ENTRY_FORMING,2025-06-11T19:30:00+00:00,2025-06-11T19:15:00+00:00,34,1,73,False,True,108,WITHIN_TOLERANCE,NEAR_ATM,0.20833333333333628,-0.20833333333333628,16,H1,4,1749735900000,,False,2,3.05,3.15,3.2786885245901676,26.984126984126977,0.0,26.984126984126977,2,1,0.0,1.0,31.147540983606568,3.2786885245901676,False,SCORED_WINDOW
RBLX-0019,RBLX,O:RBLX250627C00096000,CALL,96.0,2025-06-27,14,0.0,DISCOVERY,ENTRY_FORMING,2025-06-11T19:30:00+00:00,2025-06-11T19:15:00+00:00,34,1,73,False,True,108,WITHIN_TOLERANCE,NEAR_ATM,0.20833333333333628,-0.20833333333333628,16,D1,26,1749755700000,,False,13,3.05,3.15,3.2786885245901676,26.984126984126977,-17.460317460317455,-17.460317460317455,2,13,-35.0,-0.6470588235294117,31.147540983606568,-14.754098360655732,True,SCORED_WINDOW
RBLX-0019,RBLX,O:RBLX250627C00096000,CALL,96.0,2025-06-27,14,0.0,DISCOVERY,ENTRY_FORMING,2025-06-11T19:30:00+00:00,2025-06-11T19:15:00+00:00,34,1,73,False,True,108,WITHIN_TOLERANCE,NEAR_ATM,0.20833333333333628,-0.20833333333333628,16,D3,78,1750101300000,,False,42,3.05,3.15,3.2786885245901676,86.98412698412699,-17.460317460317455,73.96825396825399,37,13,-6.960950764006779,0.8503649635036499,93.11475409836065,-14.754098360655732,False,SCORED_WINDOW
RBLX-0019,RBLX,O:RBLX250627C00096000,CALL,96.0,2025-06-27,14,0.0,DISCOVERY,ENTRY_FORMING,2025-06-11T19:30:00+00:00,2025-06-11T19:15:00+00:00,34,1,73,False,True,108,WITHIN_TOLERANCE,NEAR_ATM,0.20833333333333628,-0.20833333333333628,16,D5,130,1750274100000,,False,52,3.05,3.15,3.2786885245901676,140.0,-17.460317460317455,118.7301587301587,49,13,-8.86243386243386,0.8480725623582764,147.86885245901638,-14.754098360655732,False,SCORED_WINDOW
RBLX-0019,RBLX,O:RBLX250627C00096000,CALL,96.0,2025-06-27,14,0.0,DISCOVERY,ENTRY_FORMING,2025-06-11T19:30:00+00:00,2025-06-11T19:15:00+00:00,34,1,73,False,True,108,WITHIN_TOLERANCE,NEAR_ATM,0.20833333333333628,-0.20833333333333628,16,D10,260,1750965300000,,False,66,3.05,3.15,3.2786885245901676,195.55555555555557,-17.460317460317455,177.77777777777777,64,13,-6.015037593984962,0.909090909090909,205.24590163934428,-14.754098360655732,False,SCORED_WINDOW
PYPL-0020,PYPL,O:PYPL250627C00075000,CALL,75.0,2025-06-27,14,0.0,DISCOVERY,ENTRY_FORMING,2025-06-12T18:45:00+00:00,2025-06-12T18:30:00+00:00,109,1,241,False,True,352,WITHIN_TOLERANCE,NEAR_ATM,0.2466666666666697,-0.2466666666666697,15,H1,4,1749756600000,,False,4,1.7,1.61,-5.294117647058815,6.211180124223592,0.0,2.4844720496894235,3,1,-3.508771929824561,0.39999999999999786,0.588235294117645,-5.294117647058815,False,SCORED_WINDOW
PYPL-0020,PYPL,O:PYPL250627C00075000,CALL,75.0,2025-06-27,14,0.0,DISCOVERY,ENTRY_FORMING,2025-06-12T18:45:00+00:00,2025-06-12T18:30:00+00:00,109,1,241,False,True,352,WITHIN_TOLERANCE,NEAR_ATM,0.2466666666666697,-0.2466666666666697,15,D1,26,1749839400000,,False,23,1.7,1.61,-5.294117647058815,6.211180124223592,-68.944099378882,-68.944099378882,3,23,-70.76023391812866,-11.100000000000021,0.588235294117645,-70.58823529411764,True,SCORED_WINDOW
PYPL-0020,PYPL,O:PYPL250627C00075000,CALL,75.0,2025-06-27,14,0.0,DISCOVERY,ENTRY_FORMING,2025-06-12T18:45:00+00:00,2025-06-12T18:30:00+00:00,109,1,241,False,True,352,WITHIN_TOLERANCE,NEAR_ATM,0.2466666666666697,-0.2466666666666697,15,D3,78,1750185000000,,False,66,1.7,1.61,-5.294117647058815,6.211180124223592,-85.71428571428572,-85.71428571428572,3,66,-86.54970760233918,-13.800000000000024,0.588235294117645,-86.47058823529412,True,SCORED_WINDOW
PYPL-0020,PYPL,O:PYPL250627C00075000,CALL,75.0,2025-06-27,14,0.0,DISCOVERY,ENTRY_FORMING,2025-06-12T18:45:00+00:00,2025-06-12T18:30:00+00:00,109,1,241,False,True,352,WITHIN_TOLERANCE,NEAR_ATM,0.2466666666666697,-0.2466666666666697,15,D5,130,1750444200000,,False,109,1.7,1.61,-5.294117647058815,6.211180124223592,-95.65217391304348,-95.03105590062113,3,93,-95.32163742690058,-15.300000000000027,0.588235294117645,-95.88235294117648,True,SCORED_WINDOW
PYPL-0020,PYPL,O:PYPL250627C00075000,CALL,75.0,2025-06-27,14,0.0,DISCOVERY,ENTRY_FORMING,2025-06-12T18:45:00+00:00,2025-06-12T18:30:00+00:00,109,1,241,False,True,352,WITHIN_TOLERANCE,NEAR_ATM,0.2466666666666697,-0.2466666666666697,15,D10,260,1751049000000,,False,237,1.7,1.61,-5.294117647058815,6.211180124223592,-99.37888198757764,-99.37888198757764,3,218,-99.41520467836257,-16.00000000000003,0.588235294117645,-99.41176470588235,True,SCORED_WINDOW
VALE-0016,VALE,O:VALE250711C00009000,CALL,9.0,2025-07-11,14,0.0,DISCOVERY,ENTRY_FORMING,2025-06-24T13:45:00+00:00,2025-06-24T13:30:00+00:00,17,0,33,False,False,50,WITHIN_TOLERANCE,NEAR_ATM,1.833333333333324,1.833333333333324,17,H1,4,1750775400000,,False,,,,,,,,,,,,,,,UNSCORED_SIGNAL_BAR_ABSENT
VALE-0016,VALE,O:VALE250711C00009000,CALL,9.0,2025-07-11,14,0.0,DISCOVERY,ENTRY_FORMING,2025-06-24T13:45:00+00:00,2025-06-24T13:30:00+00:00,17,0,33,False,False,50,WITHIN_TOLERANCE,NEAR_ATM,1.833333333333324,1.833333333333324,17,D1,26,1750858200000,,False,,,,,,,,,,,,,,,UNSCORED_SIGNAL_BAR_ABSENT
VALE-0016,VALE,O:VALE250711C00009000,CALL,9.0,2025-07-11,14,0.0,DISCOVERY,ENTRY_FORMING,2025-06-24T13:45:00+00:00,2025-06-24T13:30:00+00:00,17,0,33,False,False,50,WITHIN_TOLERANCE,NEAR_ATM,1.833333333333324,1.833333333333324,17,D3,78,1751031000000,,False,,,,,,,,,,,,,,,UNSCORED_SIGNAL_BAR_ABSENT
VALE-0016,VALE,O:VALE250711C00009000,CALL,9.0,2025-07-11,14,0.0,DISCOVERY,ENTRY_FORMING,2025-06-24T13:45:00+00:00,2025-06-24T13:30:00+00:00,17,0,33,False,False,50,WITHIN_TOLERANCE,NEAR_ATM,1.833333333333324,1.833333333333324,17,D5,130,1751376600000,,False,,,,,,,,,,,,,,,UNSCORED_SIGNAL_BAR_ABSENT
VALE-0016,VALE,O:VALE250711C00009000,CALL,9.0,2025-07-11,14,0.0,DISCOVERY,ENTRY_FORMING,2025-06-24T13:45:00+00:00,2025-06-24T13:30:00+00:00,17,0,33,False,False,50,WITHIN_TOLERANCE,NEAR_ATM,1.833333333333324,1.833333333333324,17,D10,260,1752078600000,,False,,,,,,,,,,,,,,,UNSCORED_SIGNAL_BAR_ABSENT
VALE-0017,VALE,O:VALE250711C00009000,CALL,9.0,2025-07-11,14,0.0,DISCOVERY,THESIS_PRESSURE,2025-06-24T17:00:00+00:00,2025-06-24T16:45:00+00:00,19,0,31,False,False,50,WITHIN_TOLERANCE,NEAR_ATM,1.6111111111111063,1.6111111111111063,17,H1,4,1750787100000,,False,,,,,,,,,,,,,,,UNSCORED_SIGNAL_BAR_ABSENT
VALE-0017,VALE,O:VALE250711C00009000,CALL,9.0,2025-07-11,14,0.0,DISCOVERY,THESIS_PRESSURE,2025-06-24T17:00:00+00:00,2025-06-24T16:45:00+00:00,19,0,31,False,False,50,WITHIN_TOLERANCE,NEAR_ATM,1.6111111111111063,1.6111111111111063,17,D1,26,1750869900000,,False,,,,,,,,,,,,,,,UNSCORED_SIGNAL_BAR_ABSENT
VALE-0017,VALE,O:VALE250711C00009000,CALL,9.0,2025-07-11,14,0.0,DISCOVERY,THESIS_PRESSURE,2025-06-24T17:00:00+00:00,2025-06-24T16:45:00+00:00,19,0,31,False,False,50,WITHIN_TOLERANCE,NEAR_ATM,1.6111111111111063,1.6111111111111063,17,D3,78,1751042700000,,False,,,,,,,,,,,,,,,UNSCORED_SIGNAL_BAR_ABSENT
VALE-0017,VALE,O:VALE250711C00009000,CALL,9.0,2025-07-11,14,0.0,DISCOVERY,THESIS_PRESSURE,2025-06-24T17:00:00+00:00,2025-06-24T16:45:00+00:00,19,0,31,False,False,50,WITHIN_TOLERANCE,NEAR_ATM,1.6111111111111063,1.6111111111111063,17,D5,130,1751388300000,,False,,,,,,,,,,,,,,,UNSCORED_SIGNAL_BAR_ABSENT
VALE-0017,VALE,O:VALE250711C00009000,CALL,9.0,2025-07-11,14,0.0,DISCOVERY,THESIS_PRESSURE,2025-06-24T17:00:00+00:00,2025-06-24T16:45:00+00:00,19,0,31,False,False,50,WITHIN_TOLERANCE,NEAR_ATM,1.6111111111111063,1.6111111111111063,17,D10,260,1752090300000,,False,,,,,,,,,,,,,,,UNSCORED_SIGNAL_BAR_ABSENT
GME-0018,GME,O:GME250711C00023000,CALL,23.0,2025-07-11,14,0.0,DISCOVERY,ENTRY_FORMING,2025-06-24T19:00:00+00:00,2025-06-24T18:45:00+00:00,92,1,256,False,True,349,WITHIN_TOLERANCE,NEAR_ATM,0.8478260869565231,0.8478260869565231,17,H1,4,1750794300000,,False,0,,,,,,,,,,,,,,UNSCORED_NO_POST_SIGNAL_PRINT
GME-0018,GME,O:GME250711C00023000,CALL,23.0,2025-07-11,14,0.0,DISCOVERY,ENTRY_FORMING,2025-06-24T19:00:00+00:00,2025-06-24T18:45:00+00:00,92,1,256,False,True,349,WITHIN_TOLERANCE,NEAR_ATM,0.8478260869565231,0.8478260869565231,17,D1,26,1750877100000,,False,19,1.18,1.3,10.169491525423746,0.7692307692307665,-22.307692307692307,-15.384615384615385,3,7,-16.030534351145032,-20.00000000000007,11.016949152542388,-14.406779661016945,True,SCORED_WINDOW
GME-0018,GME,O:GME250711C00023000,CALL,23.0,2025-07-11,14,0.0,DISCOVERY,ENTRY_FORMING,2025-06-24T19:00:00+00:00,2025-06-24T18:45:00+00:00,92,1,256,False,True,349,WITHIN_TOLERANCE,NEAR_ATM,0.8478260869565231,0.8478260869565231,17,D3,78,1751049900000,,False,57,1.18,1.3,10.169491525423746,30.76923076923077,-22.307692307692307,-13.846153846153841,46,7,-34.11764705882352,-0.44999999999999984,44.06779661016949,-14.406779661016945,False,SCORED_WINDOW
GME-0018,GME,O:GME250711C00023000,CALL,23.0,2025-07-11,14,0.0,DISCOVERY,ENTRY_FORMING,2025-06-24T19:00:00+00:00,2025-06-24T18:45:00+00:00,92,1,256,False,True,349,WITHIN_TOLERANCE,NEAR_ATM,0.8478260869565231,0.8478260869565231,17,D5,130,1751395500000,,False,93,1.18,1.3,10.169491525423746,30.76923076923077,-22.307692307692307,4.615384615384621,46,7,-19.999999999999996,0.1500000000000002,44.06779661016949,-14.406779661016945,False,SCORED_WINDOW
GME-0018,GME,O:GME250711C00023000,CALL,23.0,2025-07-11,14,0.0,DISCOVERY,ENTRY_FORMING,2025-06-24T19:00:00+00:00,2025-06-24T18:45:00+00:00,92,1,256,False,True,349,WITHIN_TOLERANCE,NEAR_ATM,0.8478260869565231,0.8478260869565231,17,D10,260,1752160500000,,False,212,1.18,1.3,10.169491525423746,30.76923076923077,-86.92307692307692,-71.53846153846153,46,187,-78.23529411764706,-2.3249999999999997,44.06779661016949,-85.59322033898304,True,SCORED_WINDOW
U-0017,U,O:U250711C00024000,CALL,24.0,2025-07-11,14,0.0,DISCOVERY,ENTRY_FORMING,2025-06-24T20:00:00+00:00,2025-06-24T19:45:00+00:00,37,0,143,False,False,180,WITHIN_TOLERANCE,NEAR_ATM,0.16666666666666313,0.16666666666666313,17,H1,4,1750860900000,,False,,,,,,,,,,,,,,,UNSCORED_SIGNAL_BAR_ABSENT
U-0017,U,O:U250711C00024000,CALL,24.0,2025-07-11,14,0.0,DISCOVERY,ENTRY_FORMING,2025-06-24T20:00:00+00:00,2025-06-24T19:45:00+00:00,37,0,143,False,False,180,WITHIN_TOLERANCE,NEAR_ATM,0.16666666666666313,0.16666666666666313,17,D1,26,1750880700000,,False,,,,,,,,,,,,,,,UNSCORED_SIGNAL_BAR_ABSENT
U-0017,U,O:U250711C00024000,CALL,24.0,2025-07-11,14,0.0,DISCOVERY,ENTRY_FORMING,2025-06-24T20:00:00+00:00,2025-06-24T19:45:00+00:00,37,0,143,False,False,180,WITHIN_TOLERANCE,NEAR_ATM,0.16666666666666313,0.16666666666666313,17,D3,78,1751053500000,,False,,,,,,,,,,,,,,,UNSCORED_SIGNAL_BAR_ABSENT
U-0017,U,O:U250711C00024000,CALL,24.0,2025-07-11,14,0.0,DISCOVERY,ENTRY_FORMING,2025-06-24T20:00:00+00:00,2025-06-24T19:45:00+00:00,37,0,143,False,False,180,WITHIN_TOLERANCE,NEAR_ATM,0.16666666666666313,0.16666666666666313,17,D5,130,1751399100000,,False,,,,,,,,,,,,,,,UNSCORED_SIGNAL_BAR_ABSENT
U-0017,U,O:U250711C00024000,CALL,24.0,2025-07-11,14,0.0,DISCOVERY,ENTRY_FORMING,2025-06-24T20:00:00+00:00,2025-06-24T19:45:00+00:00,37,0,143,False,False,180,WITHIN_TOLERANCE,NEAR_ATM,0.16666666666666313,0.16666666666666313,17,D10,260,1752164100000,,False,,,,,,,,,,,,,,,UNSCORED_SIGNAL_BAR_ABSENT
LULU-0018,LULU,O:LULU250711C00230000,CALL,230.0,2025-07-11,14,0.0,DISCOVERY,CONTINUATION,2025-06-26T16:30:00+00:00,2025-06-26T16:15:00+00:00,72,0,78,False,False,150,WITHIN_TOLERANCE,NEAR_ATM,0.5060000000000039,0.5060000000000039,15,H1,4,1750958100000,,False,,,,,,,,,,,,,,,UNSCORED_SIGNAL_BAR_ABSENT
LULU-0018,LULU,O:LULU250711C00230000,CALL,230.0,2025-07-11,14,0.0,DISCOVERY,CONTINUATION,2025-06-26T16:30:00+00:00,2025-06-26T16:15:00+00:00,72,0,78,False,False,150,WITHIN_TOLERANCE,NEAR_ATM,0.5060000000000039,0.5060000000000039,15,D1,26,1751040900000,,False,,,,,,,,,,,,,,,UNSCORED_SIGNAL_BAR_ABSENT
LULU-0018,LULU,O:LULU250711C00230000,CALL,230.0,2025-07-11,14,0.0,DISCOVERY,CONTINUATION,2025-06-26T16:30:00+00:00,2025-06-26T16:15:00+00:00,72,0,78,False,False,150,WITHIN_TOLERANCE,NEAR_ATM,0.5060000000000039,0.5060000000000039,15,D3,78,1751386500000,,False,,,,,,,,,,,,,,,UNSCORED_SIGNAL_BAR_ABSENT
LULU-0018,LULU,O:LULU250711C00230000,CALL,230.0,2025-07-11,14,0.0,DISCOVERY,CONTINUATION,2025-06-26T16:30:00+00:00,2025-06-26T16:15:00+00:00,72,0,78,False,False,150,WITHIN_TOLERANCE,NEAR_ATM,0.5060000000000039,0.5060000000000039,15,D5,130,1751559300000,,False,,,,,,,,,,,,,,,UNSCORED_SIGNAL_BAR_ABSENT
LULU-0018,LULU,O:LULU250711C00230000,CALL,230.0,2025-07-11,14,0.0,DISCOVERY,CONTINUATION,2025-06-26T16:30:00+00:00,2025-06-26T16:15:00+00:00,72,0,78,False,False,150,WITHIN_TOLERANCE,NEAR_ATM,0.5060000000000039,0.5060000000000039,15,D10,260,1752261300000,,False,,,,,,,,,,,,,,,UNSCORED_SIGNAL_BAR_ABSENT
U-0018,U,O:U250711C00023500,CALL,23.5,2025-07-11,14,0.0,DISCOVERY,THESIS_PRESSURE,2025-06-27T14:45:00+00:00,2025-06-27T14:30:00+00:00,28,1,51,False,True,80,WITHIN_TOLERANCE,NEAR_ATM,0.12851063829787518,0.12851063829787518,14,H1,4,1751038200000,,False,1,0.97,1.03,6.185567010309279,0.0,0.0,0.0,1,1,0.0,,6.185567010309279,6.185567010309279,False,SCORED_WINDOW
U-0018,U,O:U250711C00023500,CALL,23.5,2025-07-11,14,0.0,DISCOVERY,THESIS_PRESSURE,2025-06-27T14:45:00+00:00,2025-06-27T14:30:00+00:00,28,1,51,False,True,80,WITHIN_TOLERANCE,NEAR_ATM,0.12851063829787518,0.12851063829787518,14,D1,26,1751293800000,,False,7,0.97,1.03,6.185567010309279,55.33980582524271,0.0,44.66019417475729,5,1,-6.875000000000009,0.8070175438596493,64.94845360824743,6.185567010309279,False,SCORED_WINDOW
U-0018,U,O:U250711C00023500,CALL,23.5,2025-07-11,14,0.0,DISCOVERY,THESIS_PRESSURE,2025-06-27T14:45:00+00:00,2025-06-27T14:30:00+00:00,28,1,51,False,True,80,WITHIN_TOLERANCE,NEAR_ATM,0.12851063829787518,0.12851063829787518,14,D3,78,1751466600000,,False,24,0.97,1.03,6.185567010309279,55.33980582524271,0.0,43.689320388349515,5,1,-7.500000000000007,0.7894736842105264,64.94845360824743,6.185567010309279,False,SCORED_WINDOW
U-0018,U,O:U250711C00023500,CALL,23.5,2025-07-11,14,0.0,DISCOVERY,THESIS_PRESSURE,2025-06-27T14:45:00+00:00,2025-06-27T14:30:00+00:00,28,1,51,False,True,80,WITHIN_TOLERANCE,NEAR_ATM,0.12851063829787518,0.12851063829787518,14,D5,130,1751909400000,,False,38,0.97,1.03,6.185567010309279,322.3300970873786,0.0,239.80582524271844,37,1,-19.54022988505747,0.743975903614458,348.45360824742266,6.185567010309279,False,SCORED_WINDOW
U-0018,U,O:U250711C00023500,CALL,23.5,2025-07-11,14,0.0,DISCOVERY,THESIS_PRESSURE,2025-06-27T14:45:00+00:00,2025-06-27T14:30:00+00:00,28,1,51,False,True,80,WITHIN_TOLERANCE,NEAR_ATM,0.12851063829787518,0.12851063829787518,14,D10,260,1752514200000,CONTRACT_EXPIRY,True,51,0.97,1.03,6.185567010309279,487.378640776699,0.0,455.33980582524265,49,1,-5.454545454545457,0.9342629482071713,523.7113402061856,6.185567010309279,False,SCORED_RIGHT_CENSORED
SPY-0019,SPY,O:SPY250711C00616000,CALL,616.0,2025-07-11,14,0.0,DISCOVERY,RISK_OR_EXHAUSTION,2025-06-27T17:00:00+00:00,2025-06-27T16:45:00+00:00,104,1,219,False,True,334,WITHIN_TOLERANCE,NEAR_ATM,0.00487012987012544,-0.00487012987012544,14,H1,4,1751046300000,,False,4,6.43,6.37,-0.9331259720062102,0.0,-15.070643642072213,-11.145996860282569,1,4,-11.145996860282569,,-0.9331259720062102,-15.86314152410575,True,SCORED_WINDOW
SPY-0019,SPY,O:SPY250711C00616000,CALL,616.0,2025-07-11,14,0.0,DISCOVERY,RISK_OR_EXHAUSTION,2025-06-27T17:00:00+00:00,2025-06-27T16:45:00+00:00,104,1,219,False,True,334,WITHIN_TOLERANCE,NEAR_ATM,0.00487012987012544,-0.00487012987012544,14,D1,26,1751301900000,,False,27,6.43,6.37,-0.9331259720062102,7.064364207221363,-35.478806907378335,3.610675039246458,26,8,-3.2258064516129115,0.5111111111111089,6.065318818040444,-36.08087091757386,False,SCORED_WINDOW
SPY-0019,SPY,O:SPY250711C00616000,CALL,616.0,2025-07-11,14,0.0,DISCOVERY,RISK_OR_EXHAUSTION,2025-06-27T17:00:00+00:00,2025-06-27T16:45:00+00:00,104,1,219,False,True,334,WITHIN_TOLERANCE,NEAR_ATM,0.00487012987012544,-0.00487012987012544,14,D3,78,1751474700000,,False,79,6.43,6.37,-0.9331259720062102,23.23390894819466,-35.478806907378335,18.83830455259028,39,8,-3.566878980891708,0.8108108108108114,22.08398133748055,-36.08087091757386,False,SCORED_WINDOW
SPY-0019,SPY,O:SPY250711C00616000,CALL,616.0,2025-07-11,14,0.0,DISCOVERY,RISK_OR_EXHAUSTION,2025-06-27T17:00:00+00:00,2025-06-27T16:45:00+00:00,104,1,219,False,True,334,WITHIN_TOLERANCE,NEAR_ATM,0.00487012987012544,-0.00487012987012544,14,D5,130,1751917500000,,False,127,6.43,6.37,-0.9331259720062102,90.58084772370488,-35.478806907378335,13.02982731554161,103,8,-40.69192751235585,0.14384748700173317,88.80248833592536,-36.08087091757386,False,SCORED_WINDOW
SPY-0019,SPY,O:SPY250711C00616000,CALL,616.0,2025-07-11,14,0.0,DISCOVERY,RISK_OR_EXHAUSTION,2025-06-27T17:00:00+00:00,2025-06-27T16:45:00+00:00,104,1,219,False,True,334,WITHIN_TOLERANCE,NEAR_ATM,0.00487012987012544,-0.00487012987012544,14,D10,260,1752522300000,CONTRACT_EXPIRY,True,225,6.43,6.37,-0.9331259720062102,90.58084772370488,-35.478806907378335,19.466248037676603,103,8,-37.31466227347611,0.2149046793760831,88.80248833592536,-36.08087091757386,False,SCORED_RIGHT_CENSORED
U-0019,U,O:U250711C00024000,CALL,24.0,2025-07-11,14,0.0,DISCOVERY,CONTINUATION,2025-06-27T18:45:00+00:00,2025-06-27T18:30:00+00:00,66,1,113,False,True,180,WITHIN_TOLERANCE,NEAR_ATM,0.09375000000000355,0.09375000000000355,14,H1,4,1751052600000,,False,2,1.08,1.27,17.59259259259258,2.3622047244094446,-5.511811023622048,-0.7874015748031482,2,2,-3.076923076923077,-0.3333333333333333,20.370370370370374,11.111111111111093,False,SCORED_WINDOW
U-0019,U,O:U250711C00024000,CALL,24.0,2025-07-11,14,0.0,DISCOVERY,CONTINUATION,2025-06-27T18:45:00+00:00,2025-06-27T18:30:00+00:00,66,1,113,False,True,180,WITHIN_TOLERANCE,NEAR_ATM,0.09375000000000355,0.09375000000000355,14,D1,26,1751308200000,,False,20,1.08,1.27,17.59259259259258,7.086614173228356,-22.047244094488192,-15.748031496062985,3,14,-21.323529411764707,-2.2222222222222183,25.92592592592593,-8.333333333333337,True,SCORED_WINDOW
U-0019,U,O:U250711C00024000,CALL,24.0,2025-07-11,14,0.0,DISCOVERY,CONTINUATION,2025-06-27T18:45:00+00:00,2025-06-27T18:30:00+00:00,66,1,113,False,True,180,WITHIN_TOLERANCE,NEAR_ATM,0.09375000000000355,0.09375000000000355,14,D3,78,1751481000000,,False,57,1.08,1.27,17.59259259259258,29.921259842519675,-33.07086614173229,-17.322834645669293,28,44,-36.36363636363635,-0.5789473684210529,52.77777777777777,-21.2962962962963,True,SCORED_WINDOW
U-0019,U,O:U250711C00024000,CALL,24.0,2025-07-11,14,0.0,DISCOVERY,CONTINUATION,2025-06-27T18:45:00+00:00,2025-06-27T18:30:00+00:00,66,1,113,False,True,180,WITHIN_TOLERANCE,NEAR_ATM,0.09375000000000355,0.09375000000000355,14,D5,130,1751986800000,,False,88,1.08,1.27,17.59259259259258,266.1417322834646,-33.07086614173229,254.3307086614173,88,44,-3.2258064516129115,0.9556213017751478,330.55555555555554,-21.2962962962963,False,SCORED_WINDOW
U-0019,U,O:U250711C00024000,CALL,24.0,2025-07-11,14,0.0,DISCOVERY,CONTINUATION,2025-06-27T18:45:00+00:00,2025-06-27T18:30:00+00:00,66,1,113,False,True,180,WITHIN_TOLERANCE,NEAR_ATM,0.09375000000000355,0.09375000000000355,14,D10,260,1752591600000,CONTRACT_EXPIRY,True,113,1.08,1.27,17.59259259259258,339.3700787401575,-33.07086614173229,285.82677165354335,97,44,-12.186379928315406,0.8422273781902553,416.66666666666663,-21.2962962962963,False,SCORED_RIGHT_CENSORED
GME-0019,GME,O:GME250711C00024000,CALL,24.0,2025-07-11,14,0.0,DISCOVERY,CONTINUATION,2025-06-30T17:45:00+00:00,2025-06-30T17:30:00+00:00,128,1,204,False,True,333,WITHIN_TOLERANCE,NEAR_ATM,0.020833333333329186,0.020833333333329186,11,H1,4,1751308200000,,False,4,0.76,0.75,-1.3157894736842146,8.000000000000007,0.0,4.0000000000000036,2,1,-3.703703703703709,0.5,6.578947368421062,-1.3157894736842146,False,SCORED_WINDOW
GME-0019,GME,O:GME250711C00024000,CALL,24.0,2025-07-11,14,0.0,DISCOVERY,CONTINUATION,2025-06-30T17:45:00+00:00,2025-06-30T17:30:00+00:00,128,1,204,False,True,333,WITHIN_TOLERANCE,NEAR_ATM,0.020833333333329186,0.020833333333329186,11,D1,26,1751391000000,,False,26,0.76,0.75,-1.3157894736842146,38.66666666666667,-6.666666666666677,5.3333333333333455,11,16,-24.03846153846154,0.13793103448275892,36.8421052631579,-7.8947368421052655,True,SCORED_WINDOW
GME-0019,GME,O:GME250711C00024000,CALL,24.0,2025-07-11,14,0.0,DISCOVERY,CONTINUATION,2025-06-30T17:45:00+00:00,2025-06-30T17:30:00+00:00,128,1,204,False,True,333,WITHIN_TOLERANCE,NEAR_ATM,0.020833333333329186,0.020833333333329186,11,D3,78,1751896800000,,False,77,0.76,0.75,-1.3157894736842146,38.66666666666667,-70.66666666666667,-69.33333333333334,11,76,-77.88461538461539,-1.793103448275862,36.8421052631579,-71.05263157894737,True,SCORED_WINDOW
GME-0019,GME,O:GME250711C00024000,CALL,24.0,2025-07-11,14,0.0,DISCOVERY,CONTINUATION,2025-06-30T17:45:00+00:00,2025-06-30T17:30:00+00:00,128,1,204,False,True,333,WITHIN_TOLERANCE,NEAR_ATM,0.020833333333329186,0.020833333333329186,11,D5,130,1752069600000,,False,129,0.76,0.75,-1.3157894736842146,38.66666666666667,-92.0,-89.33333333333333,11,129,-92.3076923076923,-2.3103448275862064,36.8421052631579,-92.10526315789474,True,SCORED_WINDOW
GME-0019,GME,O:GME250711C00024000,CALL,24.0,2025-07-11,14,0.0,DISCOVERY,CONTINUATION,2025-06-30T17:45:00+00:00,2025-06-30T17:30:00+00:00,128,1,204,False,True,333,WITHIN_TOLERANCE,NEAR_ATM,0.020833333333329186,0.020833333333329186,11,D10,260,1752674400000,CONTRACT_EXPIRY,True,204,0.76,0.75,-1.3157894736842146,38.66666666666667,-98.66666666666667,-98.66666666666667,11,193,-99.03846153846155,-2.5517241379310343,36.8421052631579,-98.68421052631578,True,SCORED_RIGHT_CENSORED
SPY-0020,SPY,O:SPY250715C00620000,CALL,620.0,2025-07-15,14,0.0,DISCOVERY,CONTINUATION,2025-07-02T15:00:00+00:00,2025-07-02T14:45:00+00:00,30,1,207,False,True,246,WITHIN_TOLERANCE,NEAR_ATM,0.20322580645161145,-0.20322580645161145,13,H1,4,1751471100000,,False,4,5.84,5.8,-0.6849315068493178,3.7931034482758585,-1.2068965517241237,3.4482758620689724,4,1,-0.33222591362125353,0.9090909090909117,3.082191780821919,-1.8835616438356073,False,SCORED_WINDOW
SPY-0020,SPY,O:SPY250715C00620000,CALL,620.0,2025-07-15,14,0.0,DISCOVERY,CONTINUATION,2025-07-02T15:00:00+00:00,2025-07-02T14:45:00+00:00,30,1,207,False,True,246,WITHIN_TOLERANCE,NEAR_ATM,0.20322580645161145,-0.20322580645161145,13,D1,26,1751553900000,,False,22,5.84,5.8,-0.6849315068493178,59.999999999999986,-1.2068965517241237,59.999999999999986,22,1,0.0,1.0,58.904109589041084,-1.8835616438356073,False,SCORED_WINDOW
SPY-0020,SPY,O:SPY250715C00620000,CALL,620.0,2025-07-15,14,0.0,DISCOVERY,CONTINUATION,2025-07-02T15:00:00+00:00,2025-07-02T14:45:00+00:00,30,1,207,False,True,246,WITHIN_TOLERANCE,NEAR_ATM,0.20322580645161145,-0.20322580645161145,13,D3,78,1751996700000,,False,73,5.84,5.8,-0.6849315068493178,68.96551724137933,-23.96551724137931,-12.06896551724138,24,61,-47.9591836734694,-0.17499999999999996,67.80821917808223,-24.486301369863007,True,SCORED_WINDOW
SPY-0020,SPY,O:SPY250715C00620000,CALL,620.0,2025-07-15,14,0.0,DISCOVERY,CONTINUATION,2025-07-02T15:00:00+00:00,2025-07-02T14:45:00+00:00,30,1,207,False,True,246,WITHIN_TOLERANCE,NEAR_ATM,0.20322580645161145,-0.20322580645161145,13,D5,130,1752169500000,,False,126,5.84,5.8,-0.6849315068493178,68.96551724137933,-25.0,36.89655172413795,24,81,-18.9795918367347,0.5350000000000001,67.80821917808223,-25.513698630136993,True,SCORED_WINDOW
SPY-0020,SPY,O:SPY250715C00620000,CALL,620.0,2025-07-15,14,0.0,DISCOVERY,CONTINUATION,2025-07-02T15:00:00+00:00,2025-07-02T14:45:00+00:00,30,1,207,False,True,246,WITHIN_TOLERANCE,NEAR_ATM,0.20322580645161145,-0.20322580645161145,13,D10,260,1752774300000,CONTRACT_EXPIRY,True,214,5.84,5.8,-0.6849315068493178,68.96551724137933,-74.13793103448276,-72.41379310344827,24,214,-83.6734693877551,-1.0499999999999996,67.80821917808223,-74.31506849315068,True,SCORED_RIGHT_CENSORED
VALE-0018,VALE,O:VALE250718C00010500,CALL,10.5,2025-07-18,14,0.0,DISCOVERY,RISK_OR_EXHAUSTION,2025-07-02T19:45:00+00:00,2025-07-02T19:30:00+00:00,31,1,97,False,True,129,WITHIN_TOLERANCE,NEAR_ATM,2.0952380952381016,-2.0952380952381016,16,H1,4,1751551200000,,False,3,0.15,0.14,-6.666666666666654,21.42857142857142,-7.142857142857151,-7.142857142857151,1,1,-23.529411764705888,-0.33333333333333387,13.333333333333353,-13.33333333333333,False,SCORED_WINDOW
VALE-0018,VALE,O:VALE250718C00010500,CALL,10.5,2025-07-18,14,0.0,DISCOVERY,RISK_OR_EXHAUSTION,2025-07-02T19:45:00+00:00,2025-07-02T19:30:00+00:00,31,1,97,False,True,129,WITHIN_TOLERANCE,NEAR_ATM,2.0952380952381016,-2.0952380952381016,16,D1,26,1751904000000,,False,17,0.15,0.14,-6.666666666666654,21.42857142857142,-50.0,-42.85714285714286,1,14,-52.94117647058824,-2.000000000000001,13.333333333333353,-53.33333333333332,True,SCORED_WINDOW
VALE-0018,VALE,O:VALE250718C00010500,CALL,10.5,2025-07-18,14,0.0,DISCOVERY,RISK_OR_EXHAUSTION,2025-07-02T19:45:00+00:00,2025-07-02T19:30:00+00:00,31,1,97,False,True,129,WITHIN_TOLERANCE,NEAR_ATM,2.0952380952381016,-2.0952380952381016,16,D3,78,1752076800000,,False,39,0.15,0.14,-6.666666666666654,21.42857142857142,-78.57142857142858,-71.42857142857143,1,39,-76.47058823529412,-3.333333333333335,13.333333333333353,-80.0,True,SCORED_WINDOW
VALE-0018,VALE,O:VALE250718C00010500,CALL,10.5,2025-07-18,14,0.0,DISCOVERY,RISK_OR_EXHAUSTION,2025-07-02T19:45:00+00:00,2025-07-02T19:30:00+00:00,31,1,97,False,True,129,WITHIN_TOLERANCE,NEAR_ATM,2.0952380952381016,-2.0952380952381016,16,D5,130,1752249600000,,False,67,0.15,0.14,-6.666666666666654,21.42857142857142,-78.57142857142858,-71.42857142857143,1,39,-76.47058823529412,-3.333333333333335,13.333333333333353,-80.0,True,SCORED_WINDOW
VALE-0018,VALE,O:VALE250718C00010500,CALL,10.5,2025-07-18,14,0.0,DISCOVERY,RISK_OR_EXHAUSTION,2025-07-02T19:45:00+00:00,2025-07-02T19:30:00+00:00,31,1,97,False,True,129,WITHIN_TOLERANCE,NEAR_ATM,2.0952380952381016,-2.0952380952381016,16,D10,260,1752854400000,,False,97,0.15,0.14,-6.666666666666654,21.42857142857142,-92.85714285714286,-92.85714285714286,1,73,-94.11764705882352,-4.333333333333336,13.333333333333353,-93.33333333333333,True,SCORED_WINDOW
U-0020,U,O:U250718C00026000,CALL,26.0,2025-07-18,14,0.0,DISCOVERY,RISK_OR_EXHAUSTION,2025-07-03T16:00:00+00:00,2025-07-03T15:45:00+00:00,90,1,134,False,True,225,WITHIN_TOLERANCE,NEAR_ATM,0.9665384615384635,-0.9665384615384635,15,H1,4,1751561100000,,False,4,1.26,1.3,3.1746031746031855,33.07692307692307,-5.384615384615388,25.384615384615362,4,1,-5.780346820809257,0.7674418604651156,37.301587301587304,-2.3809523809523836,False,SCORED_WINDOW
U-0020,U,O:U250718C00026000,CALL,26.0,2025-07-18,14,0.0,DISCOVERY,RISK_OR_EXHAUSTION,2025-07-03T16:00:00+00:00,2025-07-03T15:45:00+00:00,90,1,134,False,True,225,WITHIN_TOLERANCE,NEAR_ATM,0.9665384615384635,-0.9665384615384635,15,D1,26,1751913900000,,False,21,1.26,1.3,3.1746031746031855,115.38461538461537,-5.384615384615388,95.38461538461537,7,1,-9.285714285714274,0.8266666666666667,122.22222222222219,-2.3809523809523836,False,SCORED_WINDOW
U-0020,U,O:U250718C00026000,CALL,26.0,2025-07-18,14,0.0,DISCOVERY,RISK_OR_EXHAUSTION,2025-07-03T16:00:00+00:00,2025-07-03T15:45:00+00:00,90,1,134,False,True,225,WITHIN_TOLERANCE,NEAR_ATM,0.9665384615384635,-0.9665384615384635,15,D3,78,1752086700000,,False,53,1.26,1.3,3.1746031746031855,223.0769230769231,-5.384615384615388,169.2307692307692,46,1,-16.666666666666675,0.7586206896551722,233.33333333333334,-2.3809523809523836,False,SCORED_WINDOW
U-0020,U,O:U250718C00026000,CALL,26.0,2025-07-18,14,0.0,DISCOVERY,RISK_OR_EXHAUSTION,2025-07-03T16:00:00+00:00,2025-07-03T15:45:00+00:00,90,1,134,False,True,225,WITHIN_TOLERANCE,NEAR_ATM,0.9665384615384635,-0.9665384615384635,15,D5,130,1752259500000,,False,73,1.26,1.3,3.1746031746031855,223.0769230769231,-5.384615384615388,136.1538461538461,46,1,-26.90476190476191,0.6103448275862067,233.33333333333334,-2.3809523809523836,False,SCORED_WINDOW
U-0020,U,O:U250718C00026000,CALL,26.0,2025-07-18,14,0.0,DISCOVERY,RISK_OR_EXHAUSTION,2025-07-03T16:00:00+00:00,2025-07-03T15:45:00+00:00,90,1,134,False,True,225,WITHIN_TOLERANCE,NEAR_ATM,0.9665384615384635,-0.9665384615384635,15,D10,260,1752864300000,,False,132,1.26,1.3,3.1746031746031855,858.4615384615385,-5.384615384615388,707.6923076923076,114,1,-15.73033707865169,0.8243727598566307,888.8888888888889,-2.3809523809523836,False,SCORED_WINDOW
LULU-0019,LULU,O:LULU250718C00237500,CALL,237.5,2025-07-18,14,0.0,DISCOVERY,THESIS_PRESSURE,2025-07-07T16:45:00+00:00,2025-07-07T16:30:00+00:00,42,1,197,False,True,240,WITHIN_TOLERANCE,NEAR_ATM,0.09684210526315358,0.09684210526315358,11,H1,4,1751909400000,,False,3,7.0,6.65,-4.999999999999993,9.022556390977442,-2.2556390977443663,-0.7518796992481258,2,1,-8.965517241379317,-0.08333333333333395,3.571428571428581,-7.14285714285714,False,SCORED_WINDOW
LULU-0019,LULU,O:LULU250718C00237500,CALL,237.5,2025-07-18,14,0.0,DISCOVERY,THESIS_PRESSURE,2025-07-07T16:45:00+00:00,2025-07-07T16:30:00+00:00,42,1,197,False,True,240,WITHIN_TOLERANCE,NEAR_ATM,0.09684210526315358,0.09684210526315358,11,D1,26,1751992200000,,False,21,7.0,6.65,-4.999999999999993,9.774436090225546,-21.052631578947366,4.060150375939853,17,13,-5.205479452054796,0.41538461538461646,4.285714285714293,-25.0,False,SCORED_WINDOW
LULU-0019,LULU,O:LULU250718C00237500,CALL,237.5,2025-07-18,14,0.0,DISCOVERY,THESIS_PRESSURE,2025-07-07T16:45:00+00:00,2025-07-07T16:30:00+00:00,42,1,197,False,True,240,WITHIN_TOLERANCE,NEAR_ATM,0.09684210526315358,0.09684210526315358,11,D3,78,1752165000000,,False,55,7.0,6.65,-4.999999999999993,9.774436090225546,-51.127819548872175,9.022556390977442,17,34,-0.6849315068493178,0.9230769230769247,4.285714285714293,-53.57142857142857,True,SCORED_WINDOW
LULU-0019,LULU,O:LULU250718C00237500,CALL,237.5,2025-07-18,14,0.0,DISCOVERY,THESIS_PRESSURE,2025-07-07T16:45:00+00:00,2025-07-07T16:30:00+00:00,42,1,197,False,True,240,WITHIN_TOLERANCE,NEAR_ATM,0.09684210526315358,0.09684210526315358,11,D5,130,1752510600000,,False,95,7.0,6.65,-4.999999999999993,9.774436090225546,-79.24812030075188,-79.09774436090225,17,95,-80.95890410958904,-8.092307692307708,4.285714285714293,-80.28571428571429,True,SCORED_WINDOW
LULU-0019,LULU,O:LULU250718C00237500,CALL,237.5,2025-07-18,14,0.0,DISCOVERY,THESIS_PRESSURE,2025-07-07T16:45:00+00:00,2025-07-07T16:30:00+00:00,42,1,197,False,True,240,WITHIN_TOLERANCE,NEAR_ATM,0.09684210526315358,0.09684210526315358,11,D10,260,1753115400000,CONTRACT_EXPIRY,True,197,7.0,6.65,-4.999999999999993,9.774436090225546,-99.84962406015038,-99.54887218045113,17,187,-99.58904109589041,-10.184615384615403,4.285714285714293,-99.85714285714286,True,SCORED_RIGHT_CENSORED
RBLX-0020,RBLX,O:RBLX250801C00118000,CALL,118.0,2025-08-01,14,0.0,DISCOVERY,RISK_OR_EXHAUSTION,2025-07-16T15:45:00+00:00,2025-07-16T15:30:00+00:00,8,1,97,False,True,106,WITHIN_TOLERANCE,NEAR_ATM,0.300847457627122,-0.300847457627122,16,H1,4,1752683400000,,False,2,8.45,9.2,8.875739644970416,10.326086956521753,0.0,10.326086956521753,2,1,0.0,1.0,20.118343195266284,8.875739644970416,False,SCORED_WINDOW
RBLX-0020,RBLX,O:RBLX250801C00118000,CALL,118.0,2025-08-01,14,0.0,DISCOVERY,RISK_OR_EXHAUSTION,2025-07-16T15:45:00+00:00,2025-07-16T15:30:00+00:00,8,1,97,False,True,106,WITHIN_TOLERANCE,NEAR_ATM,0.300847457627122,-0.300847457627122,16,D1,26,1752766200000,,False,6,8.45,9.2,8.875739644970416,20.869565217391294,0.0,20.869565217391294,6,1,0.0,1.0,31.59763313609467,8.875739644970416,False,SCORED_WINDOW
RBLX-0020,RBLX,O:RBLX250801C00118000,CALL,118.0,2025-08-01,14,0.0,DISCOVERY,RISK_OR_EXHAUSTION,2025-07-16T15:45:00+00:00,2025-07-16T15:30:00+00:00,8,1,97,False,True,106,WITHIN_TOLERANCE,NEAR_ATM,0.300847457627122,-0.300847457627122,16,D3,78,1753111800000,,False,7,8.45,9.2,8.875739644970416,20.869565217391294,0.0,19.02173913043479,6,1,-1.5287769784172678,0.911458333333334,31.59763313609467,8.875739644970416,False,SCORED_WINDOW
RBLX-0020,RBLX,O:RBLX250801C00118000,CALL,118.0,2025-08-01,14,0.0,DISCOVERY,RISK_OR_EXHAUSTION,2025-07-16T15:45:00+00:00,2025-07-16T15:30:00+00:00,8,1,97,False,True,106,WITHIN_TOLERANCE,NEAR_ATM,0.300847457627122,-0.300847457627122,16,D5,130,1753284600000,,False,11,8.45,9.2,8.875739644970416,62.717391304347835,-19.021739130434778,-17.391304347826086,8,10,-49.23179692718771,-0.27729636048526857,77.1597633136095,-11.834319526627212,True,SCORED_WINDOW
RBLX-0020,RBLX,O:RBLX250801C00118000,CALL,118.0,2025-08-01,14,0.0,DISCOVERY,RISK_OR_EXHAUSTION,2025-07-16T15:45:00+00:00,2025-07-16T15:30:00+00:00,8,1,97,False,True,106,WITHIN_TOLERANCE,NEAR_ATM,0.300847457627122,-0.300847457627122,16,D10,260,1753889400000,,False,70,8.45,9.2,8.875739644970416,62.717391304347835,-28.260869565217394,17.934782608695656,8,13,-27.521710086840358,0.2859618717504333,77.1597633136095,-21.893491124260358,True,SCORED_WINDOW
GME-0020,GME,O:GME250801C00023500,CALL,23.5,2025-08-01,14,0.0,DISCOVERY,THESIS_PRESSURE,2025-07-16T19:00:00+00:00,2025-07-16T18:45:00+00:00,45,1,286,False,True,332,WITHIN_TOLERANCE,NEAR_ATM,0.2502127659574533,-0.2502127659574533,16,H1,4,1752695100000,,False,2,0.93,0.89,-4.301075268817211,10.1123595505618,0.0,10.1123595505618,2,1,0.0,1.0,5.376344086021501,-4.301075268817211,False,SCORED_WINDOW
GME-0020,GME,O:GME250801C00023500,CALL,23.5,2025-08-01,14,0.0,DISCOVERY,THESIS_PRESSURE,2025-07-16T19:00:00+00:00,2025-07-16T18:45:00+00:00,45,1,286,False,True,332,WITHIN_TOLERANCE,NEAR_ATM,0.2502127659574533,-0.2502127659574533,16,D1,26,1752777900000,,False,17,0.93,0.89,-4.301075268817211,19.10112359550562,-5.61797752808989,5.617977528089879,6,3,-11.32075471698114,0.29411764705882304,13.978494623655923,-9.677419354838722,False,SCORED_WINDOW
GME-0020,GME,O:GME250801C00023500,CALL,23.5,2025-08-01,14,0.0,DISCOVERY,THESIS_PRESSURE,2025-07-16T19:00:00+00:00,2025-07-16T18:45:00+00:00,45,1,286,False,True,332,WITHIN_TOLERANCE,NEAR_ATM,0.2502127659574533,-0.2502127659574533,16,D3,78,1753123500000,,False,60,0.93,0.89,-4.301075268817211,64.04494382022472,-46.06741573033708,30.337078651685378,60,50,-20.547945205479458,0.47368421052631554,56.98924731182795,-48.38709677419355,False,SCORED_WINDOW
GME-0020,GME,O:GME250801C00023500,CALL,23.5,2025-08-01,14,0.0,DISCOVERY,THESIS_PRESSURE,2025-07-16T19:00:00+00:00,2025-07-16T18:45:00+00:00,45,1,286,False,True,332,WITHIN_TOLERANCE,NEAR_ATM,0.2502127659574533,-0.2502127659574533,16,D5,130,1753296300000,,False,102,0.93,0.89,-4.301075268817211,69.6629213483146,-46.06741573033708,16.85393258426966,85,50,-31.12582781456954,0.24193548387096775,62.36559139784945,-48.38709677419355,False,SCORED_WINDOW
GME-0020,GME,O:GME250801C00023500,CALL,23.5,2025-08-01,14,0.0,DISCOVERY,THESIS_PRESSURE,2025-07-16T19:00:00+00:00,2025-07-16T18:45:00+00:00,45,1,286,False,True,332,WITHIN_TOLERANCE,NEAR_ATM,0.2502127659574533,-0.2502127659574533,16,D10,260,1753901100000,,False,230,0.93,0.89,-4.301075268817211,69.6629213483146,-92.13483146067416,-91.01123595505618,85,230,-94.70198675496688,-1.306451612903226,62.36559139784945,-92.47311827956989,True,SCORED_WINDOW
PYPL-0021,PYPL,O:PYPL250801C00074000,CALL,74.0,2025-08-01,14,0.0,DISCOVERY,CONTINUATION,2025-07-17T19:45:00+00:00,2025-07-17T19:30:00+00:00,64,0,170,False,False,234,WITHIN_TOLERANCE,NEAR_ATM,0.06081081081081312,-0.06081081081081312,15,H1,4,1752847200000,,False,,,,,,,,,,,,,,,UNSCORED_SIGNAL_BAR_ABSENT
PYPL-0021,PYPL,O:PYPL250801C00074000,CALL,74.0,2025-08-01,14,0.0,DISCOVERY,CONTINUATION,2025-07-17T19:45:00+00:00,2025-07-17T19:30:00+00:00,64,0,170,False,False,234,WITHIN_TOLERANCE,NEAR_ATM,0.06081081081081312,-0.06081081081081312,15,D1,26,1752867000000,,False,,,,,,,,,,,,,,,UNSCORED_SIGNAL_BAR_ABSENT
PYPL-0021,PYPL,O:PYPL250801C00074000,CALL,74.0,2025-08-01,14,0.0,DISCOVERY,CONTINUATION,2025-07-17T19:45:00+00:00,2025-07-17T19:30:00+00:00,64,0,170,False,False,234,WITHIN_TOLERANCE,NEAR_ATM,0.06081081081081312,-0.06081081081081312,15,D3,78,1753212600000,,False,,,,,,,,,,,,,,,UNSCORED_SIGNAL_BAR_ABSENT
PYPL-0021,PYPL,O:PYPL250801C00074000,CALL,74.0,2025-08-01,14,0.0,DISCOVERY,CONTINUATION,2025-07-17T19:45:00+00:00,2025-07-17T19:30:00+00:00,64,0,170,False,False,234,WITHIN_TOLERANCE,NEAR_ATM,0.06081081081081312,-0.06081081081081312,15,D5,130,1753385400000,,False,,,,,,,,,,,,,,,UNSCORED_SIGNAL_BAR_ABSENT
PYPL-0021,PYPL,O:PYPL250801C00074000,CALL,74.0,2025-08-01,14,0.0,DISCOVERY,CONTINUATION,2025-07-17T19:45:00+00:00,2025-07-17T19:30:00+00:00,64,0,170,False,False,234,WITHIN_TOLERANCE,NEAR_ATM,0.06081081081081312,-0.06081081081081312,15,D10,260,1753990200000,,False,,,,,,,,,,,,,,,UNSCORED_SIGNAL_BAR_ABSENT
PYPL-0022,PYPL,O:PYPL250808C00076000,CALL,76.0,2025-08-08,14,0.0,DISCOVERY,RISK_OR_EXHAUSTION,2025-07-22T20:00:00+00:00,2025-07-22T19:45:00+00:00,44,1,130,False,True,175,WITHIN_TOLERANCE,NEAR_ATM,0.013157894736848839,0.013157894736848839,17,H1,4,1753280100000,,False,2,3.5,3.88,10.857142857142854,3.0927835051546504,-10.567010309278347,-8.505154639175261,1,1,-11.250000000000004,-2.749999999999991,14.28571428571428,-0.8571428571428563,False,SCORED_WINDOW
PYPL-0022,PYPL,O:PYPL250808C00076000,CALL,76.0,2025-08-08,14,0.0,DISCOVERY,RISK_OR_EXHAUSTION,2025-07-22T20:00:00+00:00,2025-07-22T19:45:00+00:00,44,1,130,False,True,175,WITHIN_TOLERANCE,NEAR_ATM,0.013157894736848839,0.013157894736848839,17,D1,26,1753299900000,,False,8,3.5,3.88,10.857142857142854,3.0927835051546504,-10.567010309278347,-2.319587628865971,1,1,-5.249999999999999,-0.7499999999999947,14.28571428571428,-0.8571428571428563,False,SCORED_WINDOW
PYPL-0022,PYPL,O:PYPL250808C00076000,CALL,76.0,2025-08-08,14,0.0,DISCOVERY,RISK_OR_EXHAUSTION,2025-07-22T20:00:00+00:00,2025-07-22T19:45:00+00:00,44,1,130,False,True,175,WITHIN_TOLERANCE,NEAR_ATM,0.013157894736848839,0.013157894736848839,17,D3,78,1753472700000,,False,20,3.5,3.88,10.857142857142854,27.061855670103085,-10.567010309278347,18.556701030927837,10,1,-6.693711967545646,0.6857142857142859,40.85714285714286,-0.8571428571428563,False,SCORED_WINDOW
PYPL-0022,PYPL,O:PYPL250808C00076000,CALL,76.0,2025-08-08,14,0.0,DISCOVERY,RISK_OR_EXHAUSTION,2025-07-22T20:00:00+00:00,2025-07-22T19:45:00+00:00,44,1,130,False,True,175,WITHIN_TOLERANCE,NEAR_ATM,0.013157894736848839,0.013157894736848839,17,D5,130,1753818300000,,False,51,3.5,3.88,10.857142857142854,27.577319587628878,-93.04123711340206,-92.26804123711341,21,40,-93.93939393939394,-3.3457943925233633,41.42857142857144,-92.28571428571428,True,SCORED_WINDOW
PYPL-0022,PYPL,O:PYPL250808C00076000,CALL,76.0,2025-08-08,14,0.0,DISCOVERY,RISK_OR_EXHAUSTION,2025-07-22T20:00:00+00:00,2025-07-22T19:45:00+00:00,44,1,130,False,True,175,WITHIN_TOLERANCE,NEAR_ATM,0.013157894736848839,0.013157894736848839,17,D10,260,1754423100000,,False,111,3.5,3.88,10.857142857142854,27.577319587628878,-99.48453608247422,-99.48453608247422,21,107,-99.5959595959596,-3.607476635514017,41.42857142857144,-99.42857142857143,True,SCORED_WINDOW
LULU-0020,LULU,O:LULU250808C00225000,CALL,225.0,2025-08-08,14,0.0,DISCOVERY,ENTRY_FORMING,2025-07-23T14:30:00+00:00,2025-07-23T14:15:00+00:00,36,1,154,False,True,191,WITHIN_TOLERANCE,NEAR_ATM,0.40155555555555916,0.40155555555555916,16,H1,4,1753283700000,,False,1,7.1,7.3,2.8169014084507005,0.0,0.0,0.0,1,1,0.0,,2.8169014084507005,2.8169014084507005,False,SCORED_WINDOW
LULU-0020,LULU,O:LULU250808C00225000,CALL,225.0,2025-08-08,14,0.0,DISCOVERY,ENTRY_FORMING,2025-07-23T14:30:00+00:00,2025-07-23T14:15:00+00:00,36,1,154,False,True,191,WITHIN_TOLERANCE,NEAR_ATM,0.40155555555555916,0.40155555555555916,16,D1,26,1753366500000,,False,10,7.1,7.3,2.8169014084507005,0.0,-10.273972602739722,-10.273972602739722,1,10,-10.273972602739722,,2.8169014084507005,-7.746478873239438,True,SCORED_WINDOW
LULU-0020,LULU,O:LULU250808C00225000,CALL,225.0,2025-08-08,14,0.0,DISCOVERY,ENTRY_FORMING,2025-07-23T14:30:00+00:00,2025-07-23T14:15:00+00:00,36,1,154,False,True,191,WITHIN_TOLERANCE,NEAR_ATM,0.40155555555555916,0.40155555555555916,16,D3,78,1753712100000,,False,38,7.1,7.3,2.8169014084507005,0.0,-72.73972602739727,-58.21917808219178,1,21,-58.21917808219178,,2.8169014084507005,-71.97183098591549,True,SCORED_WINDOW
LULU-0020,LULU,O:LULU250808C00225000,CALL,225.0,2025-08-08,14,0.0,DISCOVERY,ENTRY_FORMING,2025-07-23T14:30:00+00:00,2025-07-23T14:15:00+00:00,36,1,154,False,True,191,WITHIN_TOLERANCE,NEAR_ATM,0.40155555555555916,0.40155555555555916,16,D5,130,1753884900000,,False,79,7.1,7.3,2.8169014084507005,0.0,-83.97260273972603,-83.97260273972603,1,77,-83.97260273972603,,2.8169014084507005,-83.52112676056338,True,SCORED_WINDOW
LULU-0020,LULU,O:LULU250808C00225000,CALL,225.0,2025-08-08,14,0.0,DISCOVERY,ENTRY_FORMING,2025-07-23T14:30:00+00:00,2025-07-23T14:15:00+00:00,36,1,154,False,True,191,WITHIN_TOLERANCE,NEAR_ATM,0.40155555555555916,0.40155555555555916,16,D10,260,1754489700000,,False,150,7.1,7.3,2.8169014084507005,0.0,-99.86301369863013,-99.72602739726028,1,101,-99.72602739726028,,2.8169014084507005,-99.85915492957747,True,SCORED_WINDOW
TSLA-0020,TSLA,O:TSLA250808C00332500,CALL,332.5,2025-08-08,14,0.0,DISCOVERY,ENTRY_FORMING,2025-07-23T20:00:00+00:00,2025-07-23T19:45:00+00:00,74,1,310,False,True,385,WITHIN_TOLERANCE,NEAR_ATM,0.15037593984962408,0.15037593984962408,16,H1,4,1753366500000,,False,4,17.6,5.25,-70.17045454545455,4.190476190476189,-41.142857142857146,-41.142857142857146,1,4,-43.51005484460695,-9.818181818181822,-68.92045454545455,-82.44318181818183,True,SCORED_WINDOW
TSLA-0020,TSLA,O:TSLA250808C00332500,CALL,332.5,2025-08-08,14,0.0,DISCOVERY,ENTRY_FORMING,2025-07-23T20:00:00+00:00,2025-07-23T19:45:00+00:00,74,1,310,False,True,385,WITHIN_TOLERANCE,NEAR_ATM,0.15037593984962408,0.15037593984962408,16,D1,26,1753386300000,,False,24,17.6,5.25,-70.17045454545455,4.190476190476189,-46.666666666666664,-35.238095238095234,1,12,-37.84277879341864,-8.409090909090912,-68.92045454545455,-84.0909090909091,True,SCORED_WINDOW
TSLA-0020,TSLA,O:TSLA250808C00332500,CALL,332.5,2025-08-08,14,0.0,DISCOVERY,ENTRY_FORMING,2025-07-23T20:00:00+00:00,2025-07-23T19:45:00+00:00,74,1,310,False,True,385,WITHIN_TOLERANCE,NEAR_ATM,0.15037593984962408,0.15037593984962408,16,D3,78,1753731900000,,False,76,17.6,5.25,-70.17045454545455,96.3809523809524,-46.666666666666664,42.85714285714286,62,12,-27.255092143549952,0.44466403162055335,-41.42045454545455,-84.0909090909091,False,SCORED_WINDOW
TSLA-0020,TSLA,O:TSLA250808C00332500,CALL,332.5,2025-08-08,14,0.0,DISCOVERY,ENTRY_FORMING,2025-07-23T20:00:00+00:00,2025-07-23T19:45:00+00:00,74,1,310,False,True,385,WITHIN_TOLERANCE,NEAR_ATM,0.15037593984962408,0.15037593984962408,16,D5,130,1753904700000,,False,128,17.6,5.25,-70.17045454545455,96.3809523809524,-46.857142857142854,-23.809523809523814,62,125,-61.20271580989331,-0.24703557312252966,-41.42045454545455,-84.14772727272728,True,SCORED_WINDOW
TSLA-0020,TSLA,O:TSLA250808C00332500,CALL,332.5,2025-08-08,14,0.0,DISCOVERY,ENTRY_FORMING,2025-07-23T20:00:00+00:00,2025-07-23T19:45:00+00:00,74,1,310,False,True,385,WITHIN_TOLERANCE,NEAR_ATM,0.15037593984962408,0.15037593984962408,16,D10,260,1754509500000,,False,258,17.6,5.25,-70.17045454545455,96.3809523809524,-95.61904761904762,-85.90476190476191,62,233,-92.82250242483026,-0.8913043478260869,-41.42045454545455,-98.69318181818181,True,SCORED_WINDOW
RBLX-0021,RBLX,O:RBLX250808C00119000,CALL,119.0,2025-08-08,14,0.0,DISCOVERY,THESIS_PRESSURE,2025-07-24T19:45:00+00:00,2025-07-24T19:30:00+00:00,18,0,64,False,False,82,WITHIN_TOLERANCE,NEAR_ATM,0.32773109243697524,-0.32773109243697524,15,H1,4,1753452000000,,False,,,,,,,,,,,,,,,UNSCORED_SIGNAL_BAR_ABSENT
RBLX-0021,RBLX,O:RBLX250808C00119000,CALL,119.0,2025-08-08,14,0.0,DISCOVERY,THESIS_PRESSURE,2025-07-24T19:45:00+00:00,2025-07-24T19:30:00+00:00,18,0,64,False,False,82,WITHIN_TOLERANCE,NEAR_ATM,0.32773109243697524,-0.32773109243697524,15,D1,26,1753471800000,,False,,,,,,,,,,,,,,,UNSCORED_SIGNAL_BAR_ABSENT
RBLX-0021,RBLX,O:RBLX250808C00119000,CALL,119.0,2025-08-08,14,0.0,DISCOVERY,THESIS_PRESSURE,2025-07-24T19:45:00+00:00,2025-07-24T19:30:00+00:00,18,0,64,False,False,82,WITHIN_TOLERANCE,NEAR_ATM,0.32773109243697524,-0.32773109243697524,15,D3,78,1753817400000,,False,,,,,,,,,,,,,,,UNSCORED_SIGNAL_BAR_ABSENT
RBLX-0021,RBLX,O:RBLX250808C00119000,CALL,119.0,2025-08-08,14,0.0,DISCOVERY,THESIS_PRESSURE,2025-07-24T19:45:00+00:00,2025-07-24T19:30:00+00:00,18,0,64,False,False,82,WITHIN_TOLERANCE,NEAR_ATM,0.32773109243697524,-0.32773109243697524,15,D5,130,1753990200000,,False,,,,,,,,,,,,,,,UNSCORED_SIGNAL_BAR_ABSENT
RBLX-0021,RBLX,O:RBLX250808C00119000,CALL,119.0,2025-08-08,14,0.0,DISCOVERY,THESIS_PRESSURE,2025-07-24T19:45:00+00:00,2025-07-24T19:30:00+00:00,18,0,64,False,False,82,WITHIN_TOLERANCE,NEAR_ATM,0.32773109243697524,-0.32773109243697524,15,D10,260,1754595000000,,False,,,,,,,,,,,,,,,UNSCORED_SIGNAL_BAR_ABSENT
RBLX-0022,RBLX,O:RBLX250808C00119000,CALL,119.0,2025-08-08,14,0.0,DISCOVERY,CONTINUATION,2025-07-28T17:15:00+00:00,2025-07-28T17:00:00+00:00,36,0,46,False,False,82,WITHIN_TOLERANCE,NEAR_ATM,0.3529411764705897,0.3529411764705897,11,H1,4,1753725600000,,False,,,,,,,,,,,,,,,UNSCORED_SIGNAL_BAR_ABSENT
RBLX-0022,RBLX,O:RBLX250808C00119000,CALL,119.0,2025-08-08,14,0.0,DISCOVERY,CONTINUATION,2025-07-28T17:15:00+00:00,2025-07-28T17:00:00+00:00,36,0,46,False,False,82,WITHIN_TOLERANCE,NEAR_ATM,0.3529411764705897,0.3529411764705897,11,D1,26,1753808400000,,False,,,,,,,,,,,,,,,UNSCORED_SIGNAL_BAR_ABSENT
RBLX-0022,RBLX,O:RBLX250808C00119000,CALL,119.0,2025-08-08,14,0.0,DISCOVERY,CONTINUATION,2025-07-28T17:15:00+00:00,2025-07-28T17:00:00+00:00,36,0,46,False,False,82,WITHIN_TOLERANCE,NEAR_ATM,0.3529411764705897,0.3529411764705897,11,D3,78,1753981200000,,False,,,,,,,,,,,,,,,UNSCORED_SIGNAL_BAR_ABSENT
RBLX-0022,RBLX,O:RBLX250808C00119000,CALL,119.0,2025-08-08,14,0.0,DISCOVERY,CONTINUATION,2025-07-28T17:15:00+00:00,2025-07-28T17:00:00+00:00,36,0,46,False,False,82,WITHIN_TOLERANCE,NEAR_ATM,0.3529411764705897,0.3529411764705897,11,D5,130,1754326800000,,False,,,,,,,,,,,,,,,UNSCORED_SIGNAL_BAR_ABSENT
RBLX-0022,RBLX,O:RBLX250808C00119000,CALL,119.0,2025-08-08,14,0.0,DISCOVERY,CONTINUATION,2025-07-28T17:15:00+00:00,2025-07-28T17:00:00+00:00,36,0,46,False,False,82,WITHIN_TOLERANCE,NEAR_ATM,0.3529411764705897,0.3529411764705897,11,D10,260,1754931600000,CONTRACT_EXPIRY,True,,,,,,,,,,,,,,,UNSCORED_SIGNAL_BAR_ABSENT
SPY-0021,SPY,O:SPY250818C00630000,CALL,630.0,2025-08-18,14,0.0,DISCOVERY,ENTRY_FORMING,2025-08-04T19:30:00+00:00,2025-08-04T19:15:00+00:00,22,1,174,False,True,205,WITHIN_TOLERANCE,NEAR_ATM,0.042063492063489895,0.042063492063489895,14,H1,4,1754401500000,,False,5,7.13,7.08,-0.7012622720897643,17.3728813559322,-1.1299435028248594,10.028248587570632,5,1,-6.25752105896511,0.5772357723577243,16.54978962131839,-1.8232819074333828,False,SCORED_WINDOW
SPY-0021,SPY,O:SPY250818C00630000,CALL,630.0,2025-08-18,14,0.0,DISCOVERY,ENTRY_FORMING,2025-08-04T19:30:00+00:00,2025-08-04T19:15:00+00:00,22,1,174,False,True,205,WITHIN_TOLERANCE,NEAR_ATM,0.042063492063489895,0.042063492063489895,14,D1,26,1754421300000,,False,24,7.13,7.08,-0.7012622720897643,17.3728813559322,-19.491525423728817,-12.711864406779661,5,12,-25.6317689530686,-0.7317073170731708,16.54978962131839,-20.056100981767177,True,SCORED_WINDOW
SPY-0021,SPY,O:SPY250818C00630000,CALL,630.0,2025-08-18,14,0.0,DISCOVERY,ENTRY_FORMING,2025-08-04T19:30:00+00:00,2025-08-04T19:15:00+00:00,22,1,174,False,True,205,WITHIN_TOLERANCE,NEAR_ATM,0.042063492063489895,0.042063492063489895,14,D3,78,1754594100000,,False,71,7.13,7.08,-0.7012622720897643,48.30508474576271,-20.197740112994346,-12.146892655367235,48,31,-40.761904761904766,-0.25146198830409366,47.26507713884993,-20.75736325385693,False,SCORED_WINDOW
SPY-0021,SPY,O:SPY250818C00630000,CALL,630.0,2025-08-18,14,0.0,DISCOVERY,ENTRY_FORMING,2025-08-04T19:30:00+00:00,2025-08-04T19:15:00+00:00,22,1,174,False,True,205,WITHIN_TOLERANCE,NEAR_ATM,0.042063492063489895,0.042063492063489895,14,D5,130,1754939700000,,False,102,7.13,7.08,-0.7012622720897643,48.30508474576271,-20.197740112994346,24.152542372881335,48,31,-16.285714285714292,0.49999999999999956,47.26507713884993,-20.75736325385693,False,SCORED_WINDOW
SPY-0021,SPY,O:SPY250818C00630000,CALL,630.0,2025-08-18,14,0.0,DISCOVERY,ENTRY_FORMING,2025-08-04T19:30:00+00:00,2025-08-04T19:15:00+00:00,22,1,174,False,True,205,WITHIN_TOLERANCE,NEAR_ATM,0.042063492063489895,0.042063492063489895,14,D10,260,1755544500000,,False,179,7.13,7.08,-0.7012622720897643,127.40112994350285,-20.197740112994346,88.98305084745763,123,31,-16.8944099378882,0.6984478935698447,125.80645161290325,-20.75736325385693,False,SCORED_WINDOW
TSLA-0021,TSLA,O:TSLA250822C00307500,CALL,307.5,2025-08-22,14,0.0,DISCOVERY,THESIS_PRESSURE,2025-08-05T17:00:00+00:00,2025-08-05T16:45:00+00:00,39,1,245,False,True,285,WITHIN_TOLERANCE,NEAR_ATM,0.3837398373983762,-0.3837398373983762,17,H1,4,1754415900000,,False,4,11.99,12.2,1.7514595496246788,15.573770491803284,0.0,13.934426229508201,4,1,-1.4184397163120477,0.8947368421052632,17.597998331943288,1.7514595496246788,False,SCORED_WINDOW
TSLA-0021,TSLA,O:TSLA250822C00307500,CALL,307.5,2025-08-22,14,0.0,DISCOVERY,THESIS_PRESSURE,2025-08-05T17:00:00+00:00,2025-08-05T16:45:00+00:00,39,1,245,False,True,285,WITHIN_TOLERANCE,NEAR_ATM,0.3837398373983762,-0.3837398373983762,17,D1,26,1754498700000,,False,25,11.99,12.2,1.7514595496246788,59.01639344262295,0.0,47.54098360655738,22,1,-7.216494845360821,0.8055555555555557,61.80150125104251,1.7514595496246788,False,SCORED_WINDOW
TSLA-0021,TSLA,O:TSLA250822C00307500,CALL,307.5,2025-08-22,14,0.0,DISCOVERY,THESIS_PRESSURE,2025-08-05T17:00:00+00:00,2025-08-05T16:45:00+00:00,39,1,245,False,True,285,WITHIN_TOLERANCE,NEAR_ATM,0.3837398373983762,-0.3837398373983762,17,D3,78,1754671500000,,False,64,11.99,12.2,1.7514595496246788,145.9016393442623,0.0,111.88524590163938,60,1,-13.83333333333333,0.7668539325842699,150.20850708924104,1.7514595496246788,False,SCORED_WINDOW
TSLA-0021,TSLA,O:TSLA250822C00307500,CALL,307.5,2025-08-22,14,0.0,DISCOVERY,THESIS_PRESSURE,2025-08-05T17:00:00+00:00,2025-08-05T16:45:00+00:00,39,1,245,False,True,285,WITHIN_TOLERANCE,NEAR_ATM,0.3837398373983762,-0.3837398373983762,17,D5,130,1755017100000,,False,90,11.99,12.2,1.7514595496246788,216.8032786885246,0.0,162.13114754098365,78,1,-17.257438551099614,0.7478260869565219,222.35195996663884,1.7514595496246788,False,SCORED_WINDOW
TSLA-0021,TSLA,O:TSLA250822C00307500,CALL,307.5,2025-08-22,14,0.0,DISCOVERY,THESIS_PRESSURE,2025-08-05T17:00:00+00:00,2025-08-05T16:45:00+00:00,39,1,245,False,True,285,WITHIN_TOLERANCE,NEAR_ATM,0.3837398373983762,-0.3837398373983762,17,D10,260,1755621900000,,False,167,11.99,12.2,1.7514595496246788,240.98360655737707,0.0,104.91803278688528,94,1,-39.90384615384615,0.43537414965986404,246.9557964970809,1.7514595496246788,False,SCORED_WINDOW
SPY-0022,SPY,O:SPY250818C00630000,CALL,630.0,2025-08-18,14,0.0,DISCOVERY,THESIS_PRESSURE,2025-08-05T18:30:00+00:00,2025-08-05T18:15:00+00:00,43,1,153,False,True,205,WITHIN_TOLERANCE,NEAR_ATM,0.204761904761899,-0.204761904761899,13,H1,4,1754421300000,,False,2,6.21,6.0,-3.3816425120772986,3.0000000000000027,-2.9999999999999916,3.0000000000000027,2,1,0.0,1.0,-0.48309178743961567,-6.28019323671497,False,SCORED_WINDOW
SPY-0022,SPY,O:SPY250818C00630000,CALL,630.0,2025-08-18,14,0.0,DISCOVERY,THESIS_PRESSURE,2025-08-05T18:30:00+00:00,2025-08-05T18:15:00+00:00,43,1,153,False,True,205,WITHIN_TOLERANCE,NEAR_ATM,0.204761904761899,-0.204761904761899,13,D1,26,1754504100000,,False,22,6.21,6.0,-3.3816425120772986,33.33333333333333,-5.833333333333323,29.666666666666664,15,9,-2.749999999999997,0.89,28.824476650563604,-9.017713365539448,False,SCORED_WINDOW
SPY-0022,SPY,O:SPY250818C00630000,CALL,630.0,2025-08-18,14,0.0,DISCOVERY,THESIS_PRESSURE,2025-08-05T18:30:00+00:00,2025-08-05T18:15:00+00:00,43,1,153,False,True,205,WITHIN_TOLERANCE,NEAR_ATM,0.204761904761899,-0.204761904761899,13,D3,78,1754676900000,,False,64,6.21,6.0,-3.3816425120772986,75.0,-5.833333333333323,65.16666666666666,26,9,-5.619047619047612,0.8688888888888887,69.08212560386472,-9.017713365539448,False,SCORED_WINDOW
SPY-0022,SPY,O:SPY250818C00630000,CALL,630.0,2025-08-18,14,0.0,DISCOVERY,THESIS_PRESSURE,2025-08-05T18:30:00+00:00,2025-08-05T18:15:00+00:00,43,1,153,False,True,205,WITHIN_TOLERANCE,NEAR_ATM,0.204761904761899,-0.204761904761899,13,D5,130,1755022500000,,False,95,6.21,6.0,-3.3816425120772986,123.66666666666669,-5.833333333333323,123.66666666666669,95,9,0.0,1.0,116.10305958132044,-9.017713365539448,False,SCORED_WINDOW
SPY-0022,SPY,O:SPY250818C00630000,CALL,630.0,2025-08-18,14,0.0,DISCOVERY,THESIS_PRESSURE,2025-08-05T18:30:00+00:00,2025-08-05T18:15:00+00:00,43,1,153,False,True,205,WITHIN_TOLERANCE,NEAR_ATM,0.204761904761899,-0.204761904761899,13,D10,260,1755627300000,CONTRACT_EXPIRY,True,160,6.21,6.0,-3.3816425120772986,168.33333333333337,-5.833333333333323,121.49999999999999,101,9,-17.453416149068335,0.7217821782178215,159.2592592592593,-9.017713365539448,False,SCORED_RIGHT_CENSORED
TSLA-0022,TSLA,O:TSLA250822C00320000,CALL,320.0,2025-08-22,14,0.0,DISCOVERY,CONTINUATION,2025-08-06T19:30:00+00:00,2025-08-06T19:15:00+00:00,151,1,312,False,True,464,WITHIN_TOLERANCE,NEAR_ATM,0.22024999999999292,-0.22024999999999292,16,H1,4,1754574300000,,False,4,11.9,11.8,-0.8403361344537785,8.898305084745761,-6.779661016949157,6.355932203389836,3,3,-2.3346303501945442,0.714285714285715,7.983193277310918,-7.5630252100840405,False,SCORED_WINDOW
TSLA-0022,TSLA,O:TSLA250822C00320000,CALL,320.0,2025-08-22,14,0.0,DISCOVERY,CONTINUATION,2025-08-06T19:30:00+00:00,2025-08-06T19:15:00+00:00,151,1,312,False,True,464,WITHIN_TOLERANCE,NEAR_ATM,0.22024999999999292,-0.22024999999999292,16,D1,26,1754594100000,,False,26,11.9,11.8,-0.8403361344537785,11.016949152542367,-14.406779661016955,-5.508474576271194,5,22,-14.885496183206104,-0.500000000000001,10.084033613445364,-15.126050420168069,True,SCORED_WINDOW
TSLA-0022,TSLA,O:TSLA250822C00320000,CALL,320.0,2025-08-22,14,0.0,DISCOVERY,CONTINUATION,2025-08-06T19:30:00+00:00,2025-08-06T19:15:00+00:00,151,1,312,False,True,464,WITHIN_TOLERANCE,NEAR_ATM,0.22024999999999292,-0.22024999999999292,16,D3,78,1754939700000,,False,77,11.9,11.8,-0.8403361344537785,150.4237288135593,-14.406779661016955,118.38983050847456,67,22,-12.791878172588833,0.7870422535211268,148.31932773109244,-15.126050420168069,False,SCORED_WINDOW
TSLA-0022,TSLA,O:TSLA250822C00320000,CALL,320.0,2025-08-22,14,0.0,DISCOVERY,CONTINUATION,2025-08-06T19:30:00+00:00,2025-08-06T19:15:00+00:00,151,1,312,False,True,464,WITHIN_TOLERANCE,NEAR_ATM,0.22024999999999292,-0.22024999999999292,16,D5,130,1755112500000,,False,128,11.9,11.8,-0.8403361344537785,158.4745762711864,-14.406779661016955,100.84745762711864,107,22,-22.295081967213115,0.6363636363636365,156.30252100840335,-15.126050420168069,False,SCORED_WINDOW
TSLA-0022,TSLA,O:TSLA250822C00320000,CALL,320.0,2025-08-22,14,0.0,DISCOVERY,CONTINUATION,2025-08-06T19:30:00+00:00,2025-08-06T19:15:00+00:00,151,1,312,False,True,464,WITHIN_TOLERANCE,NEAR_ATM,0.22024999999999292,-0.22024999999999292,16,D10,260,1755717300000,,False,258,11.9,11.8,-0.8403361344537785,158.4745762711864,-69.0677966101695,-41.52542372881356,107,240,-77.37704918032786,-0.2620320855614974,156.30252100840335,-69.32773109243698,True,SCORED_WINDOW
VALE-0019,VALE,O:VALE250822C00010000,CALL,10.0,2025-08-22,14,0.0,DISCOVERY,CONTINUATION,2025-08-07T13:45:00+00:00,2025-08-07T13:30:00+00:00,19,0,155,False,False,174,WITHIN_TOLERANCE,NEAR_ATM,0.4499999999999993,-0.4499999999999993,15,H1,4,1754577000000,,False,,,,,,,,,,,,,,,UNSCORED_SIGNAL_BAR_ABSENT
VALE-0019,VALE,O:VALE250822C00010000,CALL,10.0,2025-08-22,14,0.0,DISCOVERY,CONTINUATION,2025-08-07T13:45:00+00:00,2025-08-07T13:30:00+00:00,19,0,155,False,False,174,WITHIN_TOLERANCE,NEAR_ATM,0.4499999999999993,-0.4499999999999993,15,D1,26,1754659800000,,False,,,,,,,,,,,,,,,UNSCORED_SIGNAL_BAR_ABSENT
VALE-0019,VALE,O:VALE250822C00010000,CALL,10.0,2025-08-22,14,0.0,DISCOVERY,CONTINUATION,2025-08-07T13:45:00+00:00,2025-08-07T13:30:00+00:00,19,0,155,False,False,174,WITHIN_TOLERANCE,NEAR_ATM,0.4499999999999993,-0.4499999999999993,15,D3,78,1755005400000,,False,,,,,,,,,,,,,,,UNSCORED_SIGNAL_BAR_ABSENT
VALE-0019,VALE,O:VALE250822C00010000,CALL,10.0,2025-08-22,14,0.0,DISCOVERY,CONTINUATION,2025-08-07T13:45:00+00:00,2025-08-07T13:30:00+00:00,19,0,155,False,False,174,WITHIN_TOLERANCE,NEAR_ATM,0.4499999999999993,-0.4499999999999993,15,D5,130,1755178200000,,False,,,,,,,,,,,,,,,UNSCORED_SIGNAL_BAR_ABSENT
VALE-0019,VALE,O:VALE250822C00010000,CALL,10.0,2025-08-22,14,0.0,DISCOVERY,CONTINUATION,2025-08-07T13:45:00+00:00,2025-08-07T13:30:00+00:00,19,0,155,False,False,174,WITHIN_TOLERANCE,NEAR_ATM,0.4499999999999993,-0.4499999999999993,15,D10,260,1755783000000,,False,,,,,,,,,,,,,,,UNSCORED_SIGNAL_BAR_ABSENT
SPY-0023,SPY,O:SPY250822C00636000,CALL,636.0,2025-08-22,14,0.0,DISCOVERY,RISK_OR_EXHAUSTION,2025-08-07T14:00:00+00:00,2025-08-07T13:45:00+00:00,104,1,256,False,True,372,WITHIN_TOLERANCE,NEAR_ATM,0.0754716981132104,0.0754716981132104,15,H1,4,1754577900000,,False,4,7.52,7.4,-1.5957446808510523,0.0,-23.378378378378383,-23.378378378378383,1,4,-23.378378378378383,,-1.5957446808510523,-24.60106382978723,True,SCORED_WINDOW
SPY-0023,SPY,O:SPY250822C00636000,CALL,636.0,2025-08-22,14,0.0,DISCOVERY,RISK_OR_EXHAUSTION,2025-08-07T14:00:00+00:00,2025-08-07T13:45:00+00:00,104,1,256,False,True,372,WITHIN_TOLERANCE,NEAR_ATM,0.0754716981132104,0.0754716981132104,15,D1,26,1754660700000,,False,26,7.52,7.4,-1.5957446808510523,0.0,-41.891891891891895,-10.945945945945956,1,18,-10.945945945945956,,-1.5957446808510523,-42.819148936170215,True,SCORED_WINDOW
SPY-0023,SPY,O:SPY250822C00636000,CALL,636.0,2025-08-22,14,0.0,DISCOVERY,RISK_OR_EXHAUSTION,2025-08-07T14:00:00+00:00,2025-08-07T13:45:00+00:00,104,1,256,False,True,372,WITHIN_TOLERANCE,NEAR_ATM,0.0754716981132104,0.0754716981132104,15,D3,78,1755006300000,,False,78,7.52,7.4,-1.5957446808510523,8.783783783783793,-41.891891891891895,-9.594594594594597,77,18,-16.8944099378882,-1.0923076923076913,7.047872340425543,-42.819148936170215,False,SCORED_WINDOW
SPY-0023,SPY,O:SPY250822C00636000,CALL,636.0,2025-08-22,14,0.0,DISCOVERY,RISK_OR_EXHAUSTION,2025-08-07T14:00:00+00:00,2025-08-07T13:45:00+00:00,104,1,256,False,True,372,WITHIN_TOLERANCE,NEAR_ATM,0.0754716981132104,0.0754716981132104,15,D5,130,1755179100000,,False,116,7.52,7.4,-1.5957446808510523,67.97297297297295,-41.891891891891895,27.972972972972965,104,18,-23.81335478680611,0.4115308151093439,65.29255319148936,-42.819148936170215,False,SCORED_WINDOW
SPY-0023,SPY,O:SPY250822C00636000,CALL,636.0,2025-08-22,14,0.0,DISCOVERY,RISK_OR_EXHAUSTION,2025-08-07T14:00:00+00:00,2025-08-07T13:45:00+00:00,104,1,256,False,True,372,WITHIN_TOLERANCE,NEAR_ATM,0.0754716981132104,0.0754716981132104,15,D10,260,1755783900000,,False,214,7.52,7.4,-1.5957446808510523,67.97297297297295,-70.13513513513514,-63.108108108108105,104,191,-78.03700724054707,-0.9284294234592447,65.29255319148936,-70.61170212765957,True,SCORED_WINDOW
PYPL-0023,PYPL,O:PYPL250822C00067000,CALL,67.0,2025-08-22,14,0.0,DISCOVERY,THESIS_PRESSURE,2025-08-11T17:15:00+00:00,2025-08-11T17:00:00+00:00,39,0,117,False,False,156,WITHIN_TOLERANCE,NEAR_ATM,0.19402985074626186,0.19402985074626186,11,H1,4,1754935200000,,False,,,,,,,,,,,,,,,UNSCORED_SIGNAL_BAR_ABSENT
PYPL-0023,PYPL,O:PYPL250822C00067000,CALL,67.0,2025-08-22,14,0.0,DISCOVERY,THESIS_PRESSURE,2025-08-11T17:15:00+00:00,2025-08-11T17:00:00+00:00,39,0,117,False,False,156,WITHIN_TOLERANCE,NEAR_ATM,0.19402985074626186,0.19402985074626186,11,D1,26,1755018000000,,False,,,,,,,,,,,,,,,UNSCORED_SIGNAL_BAR_ABSENT
PYPL-0023,PYPL,O:PYPL250822C00067000,CALL,67.0,2025-08-22,14,0.0,DISCOVERY,THESIS_PRESSURE,2025-08-11T17:15:00+00:00,2025-08-11T17:00:00+00:00,39,0,117,False,False,156,WITHIN_TOLERANCE,NEAR_ATM,0.19402985074626186,0.19402985074626186,11,D3,78,1755190800000,,False,,,,,,,,,,,,,,,UNSCORED_SIGNAL_BAR_ABSENT
PYPL-0023,PYPL,O:PYPL250822C00067000,CALL,67.0,2025-08-22,14,0.0,DISCOVERY,THESIS_PRESSURE,2025-08-11T17:15:00+00:00,2025-08-11T17:00:00+00:00,39,0,117,False,False,156,WITHIN_TOLERANCE,NEAR_ATM,0.19402985074626186,0.19402985074626186,11,D5,130,1755536400000,,False,,,,,,,,,,,,,,,UNSCORED_SIGNAL_BAR_ABSENT
PYPL-0023,PYPL,O:PYPL250822C00067000,CALL,67.0,2025-08-22,14,0.0,DISCOVERY,THESIS_PRESSURE,2025-08-11T17:15:00+00:00,2025-08-11T17:00:00+00:00,39,0,117,False,False,156,WITHIN_TOLERANCE,NEAR_ATM,0.19402985074626186,0.19402985074626186,11,D10,260,1756141200000,CONTRACT_EXPIRY,True,,,,,,,,,,,,,,,UNSCORED_SIGNAL_BAR_ABSENT
U-0021,U,O:U250829C00036500,CALL,36.5,2025-08-29,14,0.0,DISCOVERY,RISK_OR_EXHAUSTION,2025-08-12T18:15:00+00:00,2025-08-12T18:00:00+00:00,2,1,70,False,True,73,WITHIN_TOLERANCE,NEAR_ATM,0.4109589041095852,-0.4109589041095852,17,H1,4,1755025200000,,False,1,2.18,2.37,8.715596330275233,0.0,0.0,0.0,1,1,0.0,,8.715596330275233,8.715596330275233,False,SCORED_WINDOW
U-0021,U,O:U250829C00036500,CALL,36.5,2025-08-29,14,0.0,DISCOVERY,RISK_OR_EXHAUSTION,2025-08-12T18:15:00+00:00,2025-08-12T18:00:00+00:00,2,1,70,False,True,73,WITHIN_TOLERANCE,NEAR_ATM,0.4109589041095852,-0.4109589041095852,17,D1,26,1755108000000,,False,10,2.18,2.37,8.715596330275233,26.16033755274263,-6.7510548523206815,-6.7510548523206815,6,10,-26.086956521739136,-0.25806451612903236,37.155963302752305,1.3761467889908063,True,SCORED_WINDOW
U-0021,U,O:U250829C00036500,CALL,36.5,2025-08-29,14,0.0,DISCOVERY,RISK_OR_EXHAUSTION,2025-08-12T18:15:00+00:00,2025-08-12T18:00:00+00:00,2,1,70,False,True,73,WITHIN_TOLERANCE,NEAR_ATM,0.4109589041095852,-0.4109589041095852,17,D3,78,1755280800000,,False,14,2.18,2.37,8.715596330275233,36.28691983122363,-6.7510548523206815,1.2658227848101111,13,10,-25.69659442724458,0.034883720930232134,48.16513761467889,1.3761467889908063,False,SCORED_WINDOW
U-0021,U,O:U250829C00036500,CALL,36.5,2025-08-29,14,0.0,DISCOVERY,RISK_OR_EXHAUSTION,2025-08-12T18:15:00+00:00,2025-08-12T18:00:00+00:00,2,1,70,False,True,73,WITHIN_TOLERANCE,NEAR_ATM,0.4109589041095852,-0.4109589041095852,17,D5,130,1755626400000,,False,18,2.18,2.37,8.715596330275233,37.13080168776371,-31.22362869198313,-18.9873417721519,15,16,-40.92307692307693,-0.5113636363636365,49.082568807339435,-25.229357798165154,True,SCORED_WINDOW
U-0021,U,O:U250829C00036500,CALL,36.5,2025-08-29,14,0.0,DISCOVERY,RISK_OR_EXHAUSTION,2025-08-12T18:15:00+00:00,2025-08-12T18:00:00+00:00,2,1,70,False,True,73,WITHIN_TOLERANCE,NEAR_ATM,0.4109589041095852,-0.4109589041095852,17,D10,260,1756231200000,,False,62,2.18,2.37,8.715596330275233,78.48101265822787,-61.18143459915613,51.0548523206751,61,25,-15.366430260047292,0.6505376344086019,94.03669724770643,-57.79816513761469,False,SCORED_WINDOW
LULU-0021,LULU,O:LULU250829C00197500,CALL,197.5,2025-08-29,14,0.0,DISCOVERY,RISK_OR_EXHAUSTION,2025-08-13T14:15:00+00:00,2025-08-13T14:00:00+00:00,19,1,199,False,True,219,WITHIN_TOLERANCE,NEAR_ATM,0.07088607594936018,-0.07088607594936018,16,H1,4,1755097200000,,False,4,6.9,7.6,10.144927536231862,3.157894736842115,-5.921052631578938,1.5789473684210575,1,4,-1.5306122448979553,0.5,13.623188405797105,3.6231884057970953,True,SCORED_WINDOW
LULU-0021,LULU,O:LULU250829C00197500,CALL,197.5,2025-08-29,14,0.0,DISCOVERY,RISK_OR_EXHAUSTION,2025-08-13T14:15:00+00:00,2025-08-13T14:00:00+00:00,19,1,199,False,True,219,WITHIN_TOLERANCE,NEAR_ATM,0.07088607594936018,-0.07088607594936018,16,D1,26,1755180000000,,False,15,6.9,7.6,10.144927536231862,19.736842105263165,-27.631578947368418,-23.684210526315784,8,15,-36.26373626373627,-1.1999999999999993,31.884057971014478,-20.28985507246377,True,SCORED_WINDOW
LULU-0021,LULU,O:LULU250829C00197500,CALL,197.5,2025-08-29,14,0.0,DISCOVERY,RISK_OR_EXHAUSTION,2025-08-13T14:15:00+00:00,2025-08-13T14:00:00+00:00,19,1,199,False,True,219,WITHIN_TOLERANCE,NEAR_ATM,0.07088607594936018,-0.07088607594936018,16,D3,78,1755525600000,,False,49,6.9,7.6,10.144927536231862,52.63157894736843,-32.23684210526315,49.3421052631579,48,16,-2.155172413793105,0.9374999999999999,68.1159420289855,-25.36231884057971,False,SCORED_WINDOW
LULU-0021,LULU,O:LULU250829C00197500,CALL,197.5,2025-08-29,14,0.0,DISCOVERY,RISK_OR_EXHAUSTION,2025-08-13T14:15:00+00:00,2025-08-13T14:00:00+00:00,19,1,199,False,True,219,WITHIN_TOLERANCE,NEAR_ATM,0.07088607594936018,-0.07088607594936018,16,D5,130,1755698400000,,False,80,6.9,7.6,10.144927536231862,60.39473684210526,-32.23684210526315,-22.36842105263157,56,16,-51.599671862182106,-0.3703703703703703,76.66666666666666,-25.36231884057971,False,SCORED_WINDOW
LULU-0021,LULU,O:LULU250829C00197500,CALL,197.5,2025-08-29,14,0.0,DISCOVERY,RISK_OR_EXHAUSTION,2025-08-13T14:15:00+00:00,2025-08-13T14:00:00+00:00,19,1,199,False,True,219,WITHIN_TOLERANCE,NEAR_ATM,0.07088607594936018,-0.07088607594936018,16,D10,260,1756303200000,,False,164,6.9,7.6,10.144927536231862,60.39473684210526,-44.07894736842105,25.0,56,100,-22.067268252666118,0.4139433551198257,76.66666666666666,-38.40579710144928,True,SCORED_WINDOW
PYPL-0024,PYPL,O:PYPL250829C00069000,CALL,69.0,2025-08-29,14,0.0,DISCOVERY,ENTRY_FORMING,2025-08-14T19:45:00+00:00,2025-08-14T19:30:00+00:00,87,0,219,False,False,306,WITHIN_TOLERANCE,NEAR_ATM,0.5217391304347818,0.5217391304347818,15,H1,4,1755266400000,,False,,,,,,,,,,,,,,,UNSCORED_SIGNAL_BAR_ABSENT
PYPL-0024,PYPL,O:PYPL250829C00069000,CALL,69.0,2025-08-29,14,0.0,DISCOVERY,ENTRY_FORMING,2025-08-14T19:45:00+00:00,2025-08-14T19:30:00+00:00,87,0,219,False,False,306,WITHIN_TOLERANCE,NEAR_ATM,0.5217391304347818,0.5217391304347818,15,D1,26,1755286200000,,False,,,,,,,,,,,,,,,UNSCORED_SIGNAL_BAR_ABSENT
PYPL-0024,PYPL,O:PYPL250829C00069000,CALL,69.0,2025-08-29,14,0.0,DISCOVERY,ENTRY_FORMING,2025-08-14T19:45:00+00:00,2025-08-14T19:30:00+00:00,87,0,219,False,False,306,WITHIN_TOLERANCE,NEAR_ATM,0.5217391304347818,0.5217391304347818,15,D3,78,1755631800000,,False,,,,,,,,,,,,,,,UNSCORED_SIGNAL_BAR_ABSENT
PYPL-0024,PYPL,O:PYPL250829C00069000,CALL,69.0,2025-08-29,14,0.0,DISCOVERY,ENTRY_FORMING,2025-08-14T19:45:00+00:00,2025-08-14T19:30:00+00:00,87,0,219,False,False,306,WITHIN_TOLERANCE,NEAR_ATM,0.5217391304347818,0.5217391304347818,15,D5,130,1755804600000,,False,,,,,,,,,,,,,,,UNSCORED_SIGNAL_BAR_ABSENT
PYPL-0024,PYPL,O:PYPL250829C00069000,CALL,69.0,2025-08-29,14,0.0,DISCOVERY,ENTRY_FORMING,2025-08-14T19:45:00+00:00,2025-08-14T19:30:00+00:00,87,0,219,False,False,306,WITHIN_TOLERANCE,NEAR_ATM,0.5217391304347818,0.5217391304347818,15,D10,260,1756409400000,,False,,,,,,,,,,,,,,,UNSCORED_SIGNAL_BAR_ABSENT
SPY-0024,SPY,O:SPY250902C00645000,CALL,645.0,2025-09-02,14,0.0,DISCOVERY,CONTINUATION,2025-08-18T18:45:00+00:00,2025-08-18T18:30:00+00:00,20,1,255,False,True,287,WITHIN_TOLERANCE,NEAR_ATM,0.29224806201550246,-0.29224806201550246,15,H1,4,1755545400000,,False,4,5.2,5.21,0.19230769230769162,3.646833013435713,-0.19193857965450478,1.9193857965450922,2,1,-1.666666666666683,0.5263157894736787,3.8461538461538547,0.0,False,SCORED_WINDOW
SPY-0024,SPY,O:SPY250902C00645000,CALL,645.0,2025-09-02,14,0.0,DISCOVERY,CONTINUATION,2025-08-18T18:45:00+00:00,2025-08-18T18:30:00+00:00,20,1,255,False,True,287,WITHIN_TOLERANCE,NEAR_ATM,0.29224806201550246,-0.29224806201550246,15,D1,26,1755628200000,,False,26,5.2,5.21,0.19230769230769162,5.182341650671796,-36.46833013435701,-36.08445297504799,5,26,-39.23357664233576,-6.9629629629629495,5.384615384615388,-36.346153846153854,True,SCORED_WINDOW
SPY-0024,SPY,O:SPY250902C00645000,CALL,645.0,2025-09-02,14,0.0,DISCOVERY,CONTINUATION,2025-08-18T18:45:00+00:00,2025-08-18T18:30:00+00:00,20,1,255,False,True,287,WITHIN_TOLERANCE,NEAR_ATM,0.29224806201550246,-0.29224806201550246,15,D3,78,1755801000000,,False,72,5.2,5.21,0.19230769230769162,5.182341650671796,-68.90595009596929,-58.925143953934736,5,37,-60.94890510948905,-11.370370370370345,5.384615384615388,-68.84615384615384,True,SCORED_WINDOW
SPY-0024,SPY,O:SPY250902C00645000,CALL,645.0,2025-09-02,14,0.0,DISCOVERY,CONTINUATION,2025-08-18T18:45:00+00:00,2025-08-18T18:30:00+00:00,20,1,255,False,True,287,WITHIN_TOLERANCE,NEAR_ATM,0.29224806201550246,-0.29224806201550246,15,D5,130,1756146600000,,False,125,5.2,5.21,0.19230769230769162,9.021113243762002,-68.90595009596929,-33.78119001919385,86,37,-39.26056338028169,-3.7446808510638263,9.23076923076922,-68.84615384615384,False,SCORED_WINDOW
SPY-0024,SPY,O:SPY250902C00645000,CALL,645.0,2025-09-02,14,0.0,DISCOVERY,CONTINUATION,2025-08-18T18:45:00+00:00,2025-08-18T18:30:00+00:00,20,1,255,False,True,287,WITHIN_TOLERANCE,NEAR_ATM,0.29224806201550246,-0.29224806201550246,15,D10,260,1756837800000,,False,260,5.2,5.21,0.19230769230769162,9.021113243762002,-99.80806142034548,-99.80806142034548,86,247,-99.82394366197182,-11.063829787234035,9.23076923076922,-99.8076923076923,True,SCORED_WINDOW
U-0022,U,O:U250829C00038000,CALL,38.0,2025-08-29,14,0.0,DISCOVERY,ENTRY_FORMING,2025-08-18T20:00:00+00:00,2025-08-18T19:45:00+00:00,78,1,159,False,True,238,WITHIN_TOLERANCE,NEAR_ATM,0.8684210526315744,0.8684210526315744,11,H1,4,1755612900000,,False,4,2.03,1.55,-23.645320197044327,3.2258064516129004,-16.129032258064512,-15.48387096774193,2,3,-18.125000000000004,-4.8000000000000025,-21.182266009852203,-35.96059113300492,True,SCORED_WINDOW
U-0022,U,O:U250829C00038000,CALL,38.0,2025-08-29,14,0.0,DISCOVERY,ENTRY_FORMING,2025-08-18T20:00:00+00:00,2025-08-18T19:45:00+00:00,78,1,159,False,True,238,WITHIN_TOLERANCE,NEAR_ATM,0.8684210526315744,0.8684210526315744,11,D1,26,1755632700000,,False,18,2.03,1.55,-23.645320197044327,3.2258064516129004,-34.83870967741935,-14.193548387096778,2,5,-16.874999999999996,-4.400000000000005,-21.182266009852203,-50.2463054187192,True,SCORED_WINDOW
U-0022,U,O:U250829C00038000,CALL,38.0,2025-08-29,14,0.0,DISCOVERY,ENTRY_FORMING,2025-08-18T20:00:00+00:00,2025-08-18T19:45:00+00:00,78,1,159,False,True,238,WITHIN_TOLERANCE,NEAR_ATM,0.8684210526315744,0.8684210526315744,11,D3,78,1755805500000,,False,55,2.03,1.55,-23.645320197044327,3.2258064516129004,-65.16129032258064,-43.87096774193549,2,36,-45.62500000000001,-13.600000000000014,-21.182266009852203,-73.39901477832511,True,SCORED_WINDOW
U-0022,U,O:U250829C00038000,CALL,38.0,2025-08-29,14,0.0,DISCOVERY,ENTRY_FORMING,2025-08-18T20:00:00+00:00,2025-08-18T19:45:00+00:00,78,1,159,False,True,238,WITHIN_TOLERANCE,NEAR_ATM,0.8684210526315744,0.8684210526315744,11,D5,130,1756151100000,,False,98,2.03,1.55,-23.645320197044327,63.22580645161289,-65.16129032258064,58.06451612903227,95,36,-3.162055335968361,0.9183673469387759,24.630541871921174,-73.39901477832511,False,SCORED_WINDOW
U-0022,U,O:U250829C00038000,CALL,38.0,2025-08-29,14,0.0,DISCOVERY,ENTRY_FORMING,2025-08-18T20:00:00+00:00,2025-08-18T19:45:00+00:00,78,1,159,False,True,238,WITHIN_TOLERANCE,NEAR_ATM,0.8684210526315744,0.8684210526315744,11,D10,260,1756842300000,CONTRACT_EXPIRY,True,159,2.03,1.55,-23.645320197044327,143.2258064516129,-65.16129032258064,-11.612903225806448,130,36,-63.660477453580896,-0.08108108108108106,85.71428571428574,-73.39901477832511,False,SCORED_RIGHT_CENSORED
RBLX-0023,RBLX,O:RBLX250905C00118000,CALL,118.0,2025-09-05,14,0.0,DISCOVERY,ENTRY_FORMING,2025-08-20T15:45:00+00:00,2025-08-20T15:30:00+00:00,15,1,45,False,True,61,WITHIN_TOLERANCE,NEAR_ATM,0.389830508474571,0.389830508474571,16,H1,4,1755707400000,,False,0,,,,,,,,,,,,,,UNSCORED_NO_POST_SIGNAL_PRINT
RBLX-0023,RBLX,O:RBLX250905C00118000,CALL,118.0,2025-09-05,14,0.0,DISCOVERY,ENTRY_FORMING,2025-08-20T15:45:00+00:00,2025-08-20T15:30:00+00:00,15,1,45,False,True,61,WITHIN_TOLERANCE,NEAR_ATM,0.389830508474571,0.389830508474571,16,D1,26,1755790200000,,False,1,5.75,5.9,2.60869565217392,0.0,0.0,0.0,1,1,0.0,,2.60869565217392,2.60869565217392,False,SCORED_WINDOW
RBLX-0023,RBLX,O:RBLX250905C00118000,CALL,118.0,2025-09-05,14,0.0,DISCOVERY,ENTRY_FORMING,2025-08-20T15:45:00+00:00,2025-08-20T15:30:00+00:00,15,1,45,False,True,61,WITHIN_TOLERANCE,NEAR_ATM,0.389830508474571,0.389830508474571,16,D3,78,1756135800000,,False,21,5.75,5.9,2.60869565217392,77.96610169491525,-44.067796610169495,77.96610169491525,21,4,0.0,1.0,82.6086956521739,-42.608695652173914,False,SCORED_WINDOW
RBLX-0023,RBLX,O:RBLX250905C00118000,CALL,118.0,2025-09-05,14,0.0,DISCOVERY,ENTRY_FORMING,2025-08-20T15:45:00+00:00,2025-08-20T15:30:00+00:00,15,1,45,False,True,61,WITHIN_TOLERANCE,NEAR_ATM,0.389830508474571,0.389830508474571,16,D5,130,1756308600000,,False,26,5.75,5.9,2.60869565217392,77.96610169491525,-44.067796610169495,16.94915254237288,21,4,-34.285714285714285,0.21739130434782605,82.6086956521739,-42.608695652173914,False,SCORED_WINDOW
RBLX-0023,RBLX,O:RBLX250905C00118000,CALL,118.0,2025-09-05,14,0.0,DISCOVERY,ENTRY_FORMING,2025-08-20T15:45:00+00:00,2025-08-20T15:30:00+00:00,15,1,45,False,True,61,WITHIN_TOLERANCE,NEAR_ATM,0.389830508474571,0.389830508474571,16,D10,260,1756999800000,,False,43,5.75,5.9,2.60869565217392,163.89830508474574,-44.067796610169495,159.83050847457628,42,4,-1.5414258188824692,0.9751809720785938,170.7826086956522,-42.608695652173914,False,SCORED_WINDOW
VALE-0020,VALE,O:VALE250912C00010000,CALL,10.0,2025-09-12,14,0.0,DISCOVERY,ENTRY_FORMING,2025-08-26T14:00:00+00:00,2025-08-26T13:45:00+00:00,17,0,61,False,False,78,WITHIN_TOLERANCE,NEAR_ATM,1.8500000000000052,1.8500000000000052,17,H1,4,1756219500000,,False,,,,,,,,,,,,,,,UNSCORED_SIGNAL_BAR_ABSENT
VALE-0020,VALE,O:VALE250912C00010000,CALL,10.0,2025-09-12,14,0.0,DISCOVERY,ENTRY_FORMING,2025-08-26T14:00:00+00:00,2025-08-26T13:45:00+00:00,17,0,61,False,False,78,WITHIN_TOLERANCE,NEAR_ATM,1.8500000000000052,1.8500000000000052,17,D1,26,1756302300000,,False,,,,,,,,,,,,,,,UNSCORED_SIGNAL_BAR_ABSENT
VALE-0020,VALE,O:VALE250912C00010000,CALL,10.0,2025-09-12,14,0.0,DISCOVERY,ENTRY_FORMING,2025-08-26T14:00:00+00:00,2025-08-26T13:45:00+00:00,17,0,61,False,False,78,WITHIN_TOLERANCE,NEAR_ATM,1.8500000000000052,1.8500000000000052,17,D3,78,1756476000000,,False,,,,,,,,,,,,,,,UNSCORED_SIGNAL_BAR_ABSENT
VALE-0020,VALE,O:VALE250912C00010000,CALL,10.0,2025-09-12,14,0.0,DISCOVERY,ENTRY_FORMING,2025-08-26T14:00:00+00:00,2025-08-26T13:45:00+00:00,17,0,61,False,False,78,WITHIN_TOLERANCE,NEAR_ATM,1.8500000000000052,1.8500000000000052,17,D5,130,1756908000000,,False,,,,,,,,,,,,,,,UNSCORED_SIGNAL_BAR_ABSENT
VALE-0020,VALE,O:VALE250912C00010000,CALL,10.0,2025-09-12,14,0.0,DISCOVERY,ENTRY_FORMING,2025-08-26T14:00:00+00:00,2025-08-26T13:45:00+00:00,17,0,61,False,False,78,WITHIN_TOLERANCE,NEAR_ATM,1.8500000000000052,1.8500000000000052,17,D10,260,1757512800000,,False,,,,,,,,,,,,,,,UNSCORED_SIGNAL_BAR_ABSENT
TSLA-0023,TSLA,O:TSLA250912C00350000,CALL,350.0,2025-09-12,14,0.0,DISCOVERY,RISK_OR_EXHAUSTION,2025-08-26T19:45:00+00:00,2025-08-26T19:30:00+00:00,154,1,313,False,True,469,WITHIN_TOLERANCE,NEAR_ATM,0.18571428571427923,-0.18571428571427923,17,H1,4,1756303200000,,False,4,13.95,13.9,-0.35842293906809264,23.812949640287773,0.0,7.194244604316546,2,1,-13.422428820453225,0.30211480362537757,23.369175627240146,-0.35842293906809264,False,SCORED_WINDOW
TSLA-0023,TSLA,O:TSLA250912C00350000,CALL,350.0,2025-09-12,14,0.0,DISCOVERY,RISK_OR_EXHAUSTION,2025-08-26T19:45:00+00:00,2025-08-26T19:30:00+00:00,154,1,313,False,True,469,WITHIN_TOLERANCE,NEAR_ATM,0.18571428571427923,-0.18571428571427923,17,D1,26,1756323000000,,False,26,13.95,13.9,-0.35842293906809264,23.812949640287773,-5.39568345323741,0.0,2,25,-19.23300406740267,0.0,23.369175627240146,-5.734767025089593,True,SCORED_WINDOW
TSLA-0023,TSLA,O:TSLA250912C00350000,CALL,350.0,2025-09-12,14,0.0,DISCOVERY,RISK_OR_EXHAUSTION,2025-08-26T19:45:00+00:00,2025-08-26T19:30:00+00:00,154,1,313,False,True,469,WITHIN_TOLERANCE,NEAR_ATM,0.18571428571427923,-0.18571428571427923,17,D3,78,1756495800000,,False,78,13.95,13.9,-0.35842293906809264,23.812949640287773,-70.14388489208633,-67.62589928057554,2,75,-73.85241138872749,-2.8398791540785493,23.369175627240146,-70.25089605734766,True,SCORED_WINDOW
TSLA-0023,TSLA,O:TSLA250912C00350000,CALL,350.0,2025-09-12,14,0.0,DISCOVERY,RISK_OR_EXHAUSTION,2025-08-26T19:45:00+00:00,2025-08-26T19:30:00+00:00,154,1,313,False,True,469,WITHIN_TOLERANCE,NEAR_ATM,0.18571428571427923,-0.18571428571427923,17,D5,130,1756927800000,,False,130,13.95,13.9,-0.35842293906809264,23.812949640287773,-81.15107913669064,-69.06474820143885,2,106,-75.01452643811739,-2.9003021148036248,23.369175627240146,-81.21863799283153,True,SCORED_WINDOW
TSLA-0023,TSLA,O:TSLA250912C00350000,CALL,350.0,2025-09-12,14,0.0,DISCOVERY,RISK_OR_EXHAUSTION,2025-08-26T19:45:00+00:00,2025-08-26T19:30:00+00:00,154,1,313,False,True,469,WITHIN_TOLERANCE,NEAR_ATM,0.18571428571427923,-0.18571428571427923,17,D10,260,1757532600000,,False,260,13.95,13.9,-0.35842293906809264,23.812949640287773,-81.15107913669064,-67.98561151079137,2,106,-74.14294015107495,-2.8549848942598186,23.369175627240146,-81.21863799283153,True,SCORED_WINDOW
VALE-0021,VALE,O:VALE250912C00010500,CALL,10.5,2025-09-12,14,0.0,DISCOVERY,RISK_OR_EXHAUSTION,2025-08-28T14:45:00+00:00,2025-08-28T14:30:00+00:00,22,0,143,False,False,166,WITHIN_TOLERANCE,NEAR_ATM,1.1028571428571439,-1.1028571428571439,15,H1,4,1756395000000,,False,,,,,,,,,,,,,,,UNSCORED_SIGNAL_BAR_ABSENT
VALE-0021,VALE,O:VALE250912C00010500,CALL,10.5,2025-09-12,14,0.0,DISCOVERY,RISK_OR_EXHAUSTION,2025-08-28T14:45:00+00:00,2025-08-28T14:30:00+00:00,22,0,143,False,False,166,WITHIN_TOLERANCE,NEAR_ATM,1.1028571428571439,-1.1028571428571439,15,D1,26,1756478700000,,False,,,,,,,,,,,,,,,UNSCORED_SIGNAL_BAR_ABSENT
VALE-0021,VALE,O:VALE250912C00010500,CALL,10.5,2025-09-12,14,0.0,DISCOVERY,RISK_OR_EXHAUSTION,2025-08-28T14:45:00+00:00,2025-08-28T14:30:00+00:00,22,0,143,False,False,166,WITHIN_TOLERANCE,NEAR_ATM,1.1028571428571439,-1.1028571428571439,15,D3,78,1756910700000,,False,,,,,,,,,,,,,,,UNSCORED_SIGNAL_BAR_ABSENT
VALE-0021,VALE,O:VALE250912C00010500,CALL,10.5,2025-09-12,14,0.0,DISCOVERY,RISK_OR_EXHAUSTION,2025-08-28T14:45:00+00:00,2025-08-28T14:30:00+00:00,22,0,143,False,False,166,WITHIN_TOLERANCE,NEAR_ATM,1.1028571428571439,-1.1028571428571439,15,D5,130,1757083500000,,False,,,,,,,,,,,,,,,UNSCORED_SIGNAL_BAR_ABSENT
VALE-0021,VALE,O:VALE250912C00010500,CALL,10.5,2025-09-12,14,0.0,DISCOVERY,RISK_OR_EXHAUSTION,2025-08-28T14:45:00+00:00,2025-08-28T14:30:00+00:00,22,0,143,False,False,166,WITHIN_TOLERANCE,NEAR_ATM,1.1028571428571439,-1.1028571428571439,15,D10,260,1757688300000,,False,,,,,,,,,,,,,,,UNSCORED_SIGNAL_BAR_ABSENT
LULU-0022,LULU,O:LULU250912C00202500,CALL,202.5,2025-09-12,14,0.0,DISCOVERY,THESIS_PRESSURE,2025-08-29T18:00:00+00:00,2025-08-29T17:45:00+00:00,26,0,96,False,False,122,WITHIN_TOLERANCE,NEAR_ATM,0.041975308641979237,-0.041975308641979237,14,H1,4,1756493100000,,False,,,,,,,,,,,,,,,UNSCORED_SIGNAL_BAR_ABSENT
LULU-0022,LULU,O:LULU250912C00202500,CALL,202.5,2025-09-12,14,0.0,DISCOVERY,THESIS_PRESSURE,2025-08-29T18:00:00+00:00,2025-08-29T17:45:00+00:00,26,0,96,False,False,122,WITHIN_TOLERANCE,NEAR_ATM,0.041975308641979237,-0.041975308641979237,14,D1,26,1756835100000,,False,,,,,,,,,,,,,,,UNSCORED_SIGNAL_BAR_ABSENT
LULU-0022,LULU,O:LULU250912C00202500,CALL,202.5,2025-09-12,14,0.0,DISCOVERY,THESIS_PRESSURE,2025-08-29T18:00:00+00:00,2025-08-29T17:45:00+00:00,26,0,96,False,False,122,WITHIN_TOLERANCE,NEAR_ATM,0.041975308641979237,-0.041975308641979237,14,D3,78,1757007900000,,False,,,,,,,,,,,,,,,UNSCORED_SIGNAL_BAR_ABSENT
LULU-0022,LULU,O:LULU250912C00202500,CALL,202.5,2025-09-12,14,0.0,DISCOVERY,THESIS_PRESSURE,2025-08-29T18:00:00+00:00,2025-08-29T17:45:00+00:00,26,0,96,False,False,122,WITHIN_TOLERANCE,NEAR_ATM,0.041975308641979237,-0.041975308641979237,14,D5,130,1757353500000,,False,,,,,,,,,,,,,,,UNSCORED_SIGNAL_BAR_ABSENT
LULU-0022,LULU,O:LULU250912C00202500,CALL,202.5,2025-09-12,14,0.0,DISCOVERY,THESIS_PRESSURE,2025-08-29T18:00:00+00:00,2025-08-29T17:45:00+00:00,26,0,96,False,False,122,WITHIN_TOLERANCE,NEAR_ATM,0.041975308641979237,-0.041975308641979237,14,D10,260,1757958300000,CONTRACT_EXPIRY,True,,,,,,,,,,,,,,,UNSCORED_SIGNAL_BAR_ABSENT
GME-0021,GME,O:GME250912C00022500,CALL,22.5,2025-09-12,14,0.0,DISCOVERY,ENTRY_FORMING,2025-08-29T18:30:00+00:00,2025-08-29T18:15:00+00:00,78,1,229,False,True,308,WITHIN_TOLERANCE,NEAR_ATM,0.9777777777777727,0.9777777777777727,14,H1,4,1756494900000,,False,3,1.41,1.43,1.4184397163120588,0.6993006993007089,-7.692307692307687,-6.293706293706281,1,3,-6.94444444444443,-8.999999999999858,2.127659574468077,-6.382978723404243,True,SCORED_WINDOW
GME-0021,GME,O:GME250912C00022500,CALL,22.5,2025-09-12,14,0.0,DISCOVERY,ENTRY_FORMING,2025-08-29T18:30:00+00:00,2025-08-29T18:15:00+00:00,78,1,229,False,True,308,WITHIN_TOLERANCE,NEAR_ATM,0.9777777777777727,0.9777777777777727,14,D1,26,1756836900000,,False,25,1.41,1.43,1.4184397163120588,25.874125874125873,-16.78321678321678,13.98601398601398,22,6,-9.444444444444455,0.5405405405405403,27.65957446808511,-15.602836879432624,False,SCORED_WINDOW
GME-0021,GME,O:GME250912C00022500,CALL,22.5,2025-09-12,14,0.0,DISCOVERY,ENTRY_FORMING,2025-08-29T18:30:00+00:00,2025-08-29T18:15:00+00:00,78,1,229,False,True,308,WITHIN_TOLERANCE,NEAR_ATM,0.9777777777777727,0.9777777777777727,14,D3,78,1757009700000,,False,70,1.41,1.43,1.4184397163120588,42.65734265734267,-16.78321678321678,-4.895104895104884,32,6,-33.33333333333333,-0.11475409836065546,44.6808510638298,-15.602836879432624,False,SCORED_WINDOW
GME-0021,GME,O:GME250912C00022500,CALL,22.5,2025-09-12,14,0.0,DISCOVERY,ENTRY_FORMING,2025-08-29T18:30:00+00:00,2025-08-29T18:15:00+00:00,78,1,229,False,True,308,WITHIN_TOLERANCE,NEAR_ATM,0.9777777777777727,0.9777777777777727,14,D5,130,1757355300000,,False,122,1.41,1.43,1.4184397163120588,42.65734265734267,-21.678321678321666,17.48251748251748,32,80,-17.647058823529417,0.40983606557377034,44.6808510638298,-20.567375886524808,True,SCORED_WINDOW
GME-0021,GME,O:GME250912C00022500,CALL,22.5,2025-09-12,14,0.0,DISCOVERY,ENTRY_FORMING,2025-08-29T18:30:00+00:00,2025-08-29T18:15:00+00:00,78,1,229,False,True,308,WITHIN_TOLERANCE,NEAR_ATM,0.9777777777777727,0.9777777777777727,14,D10,260,1757960100000,CONTRACT_EXPIRY,True,229,1.41,1.43,1.4184397163120588,106.29370629370634,-21.678321678321666,72.02797202797204,157,80,-16.61016949152543,0.6776315789473683,109.21985815602841,-20.567375886524808,False,SCORED_RIGHT_CENSORED
GME-0022,GME,O:GME250919C00023500,CALL,23.5,2025-09-19,14,0.0,DISCOVERY,CONTINUATION,2025-09-03T14:00:00+00:00,2025-09-03T13:45:00+00:00,44,1,283,False,True,328,WITHIN_TOLERANCE,NEAR_ATM,0.06382978723404496,-0.06382978723404496,16,H1,4,1756910700000,,False,4,1.58,1.58,0.0,6.329113924050622,-11.392405063291145,-8.227848101265833,2,3,-13.690476190476186,-1.3000000000000038,6.329113924050622,-11.392405063291145,True,SCORED_WINDOW
GME-0022,GME,O:GME250919C00023500,CALL,23.5,2025-09-19,14,0.0,DISCOVERY,CONTINUATION,2025-09-03T14:00:00+00:00,2025-09-03T13:45:00+00:00,44,1,283,False,True,328,WITHIN_TOLERANCE,NEAR_ATM,0.06382978723404496,-0.06382978723404496,16,D1,26,1756993500000,,False,23,1.58,1.58,0.0,6.329113924050622,-27.848101265822788,-27.848101265822788,2,23,-32.14285714285715,-4.4000000000000075,6.329113924050622,-27.848101265822788,True,SCORED_WINDOW
GME-0022,GME,O:GME250919C00023500,CALL,23.5,2025-09-19,14,0.0,DISCOVERY,CONTINUATION,2025-09-03T14:00:00+00:00,2025-09-03T13:45:00+00:00,44,1,283,False,True,328,WITHIN_TOLERANCE,NEAR_ATM,0.06382978723404496,-0.06382978723404496,16,D3,78,1757339100000,,False,59,1.58,1.58,0.0,6.329113924050622,-41.13924050632911,-31.645569620253166,2,42,-35.71428571428571,-5.000000000000009,6.329113924050622,-41.13924050632911,True,SCORED_WINDOW
GME-0022,GME,O:GME250919C00023500,CALL,23.5,2025-09-19,14,0.0,DISCOVERY,CONTINUATION,2025-09-03T14:00:00+00:00,2025-09-03T13:45:00+00:00,44,1,283,False,True,328,WITHIN_TOLERANCE,NEAR_ATM,0.06382978723404496,-0.06382978723404496,16,D5,130,1757511900000,,False,110,1.58,1.58,0.0,37.34177215189873,-41.13924050632911,16.455696202531644,109,42,-15.207373271889391,0.4406779661016949,37.34177215189873,-41.13924050632911,False,SCORED_WINDOW
GME-0022,GME,O:GME250919C00023500,CALL,23.5,2025-09-19,14,0.0,DISCOVERY,CONTINUATION,2025-09-03T14:00:00+00:00,2025-09-03T13:45:00+00:00,44,1,283,False,True,328,WITHIN_TOLERANCE,NEAR_ATM,0.06382978723404496,-0.06382978723404496,16,D10,260,1758116700000,,False,231,1.58,1.58,0.0,86.70886075949366,-41.13924050632911,58.22784810126582,213,42,-15.254237288135597,0.6715328467153285,86.70886075949366,-41.13924050632911,False,SCORED_WINDOW
RBLX-0024,RBLX,O:RBLX250919C00130000,CALL,130.0,2025-09-19,14,0.0,DISCOVERY,RISK_OR_EXHAUSTION,2025-09-03T14:00:00+00:00,2025-09-03T13:45:00+00:00,87,1,275,False,True,364,WITHIN_TOLERANCE,NEAR_ATM,0.5153846153846058,0.5153846153846058,16,H1,4,1756910700000,,False,4,6.17,6.09,-1.296596434359809,12.315270935960587,-7.5533661740558316,5.090311986863716,4,2,-6.43274853801169,0.4133333333333339,10.858995137763362,-8.752025931928687,False,SCORED_WINDOW
RBLX-0024,RBLX,O:RBLX250919C00130000,CALL,130.0,2025-09-19,14,0.0,DISCOVERY,RISK_OR_EXHAUSTION,2025-09-03T14:00:00+00:00,2025-09-03T13:45:00+00:00,87,1,275,False,True,364,WITHIN_TOLERANCE,NEAR_ATM,0.5153846153846058,0.5153846153846058,16,D1,26,1756993500000,,False,23,6.17,6.09,-1.296596434359809,37.93103448275863,-7.5533661740558316,24.79474548440066,22,2,-9.523809523809534,0.6536796536796535,36.142625607779586,-8.752025931928687,False,SCORED_WINDOW
RBLX-0024,RBLX,O:RBLX250919C00130000,CALL,130.0,2025-09-19,14,0.0,DISCOVERY,RISK_OR_EXHAUSTION,2025-09-03T14:00:00+00:00,2025-09-03T13:45:00+00:00,87,1,275,False,True,364,WITHIN_TOLERANCE,NEAR_ATM,0.5153846153846058,0.5153846153846058,16,D3,78,1757339100000,,False,69,6.17,6.09,-1.296596434359809,37.93103448275863,-51.55993431855501,-26.108374384236456,22,52,-46.42857142857143,-0.6883116883116881,36.142625607779586,-52.18800648298216,True,SCORED_WINDOW
RBLX-0024,RBLX,O:RBLX250919C00130000,CALL,130.0,2025-09-19,14,0.0,DISCOVERY,RISK_OR_EXHAUSTION,2025-09-03T14:00:00+00:00,2025-09-03T13:45:00+00:00,87,1,275,False,True,364,WITHIN_TOLERANCE,NEAR_ATM,0.5153846153846058,0.5153846153846058,16,D5,130,1757511900000,,False,114,6.17,6.09,-1.296596434359809,37.93103448275863,-51.55993431855501,-21.674876847290648,22,52,-43.21428571428573,-0.5714285714285714,36.142625607779586,-52.18800648298216,True,SCORED_WINDOW
RBLX-0024,RBLX,O:RBLX250919C00130000,CALL,130.0,2025-09-19,14,0.0,DISCOVERY,RISK_OR_EXHAUSTION,2025-09-03T14:00:00+00:00,2025-09-03T13:45:00+00:00,87,1,275,False,True,364,WITHIN_TOLERANCE,NEAR_ATM,0.5153846153846058,0.5153846153846058,16,D10,260,1758116700000,,False,210,6.17,6.09,-1.296596434359809,70.11494252873563,-51.55993431855501,-17.898193760262725,181,52,-51.737451737451735,-0.25526932084309134,67.90923824959481,-52.18800648298216,False,SCORED_WINDOW
GME-0023,GME,O:GME250926C00025500,CALL,25.5,2025-09-26,14,0.0,DISCOVERY,RISK_OR_EXHAUSTION,2025-09-15T14:30:00+00:00,2025-09-15T14:15:00+00:00,94,1,238,False,True,333,WITHIN_TOLERANCE,NEAR_ATM,0.22784313725490038,-0.22784313725490038,11,H1,4,1757949300000,,False,4,0.78,0.78,0.0,15.384615384615374,0.0,7.692307692307687,3,1,-6.666666666666677,0.5,15.384615384615374,0.0,False,SCORED_WINDOW
GME-0023,GME,O:GME250926C00025500,CALL,25.5,2025-09-26,14,0.0,DISCOVERY,RISK_OR_EXHAUSTION,2025-09-15T14:30:00+00:00,2025-09-15T14:15:00+00:00,94,1,238,False,True,333,WITHIN_TOLERANCE,NEAR_ATM,0.22784313725490038,-0.22784313725490038,11,D1,26,1758032100000,,False,26,0.78,0.78,0.0,46.153846153846146,0.0,39.74358974358976,26,1,-4.3859649122806825,0.8611111111111116,46.153846153846146,0.0,False,SCORED_WINDOW
GME-0023,GME,O:GME250926C00025500,CALL,25.5,2025-09-26,14,0.0,DISCOVERY,RISK_OR_EXHAUSTION,2025-09-15T14:30:00+00:00,2025-09-15T14:15:00+00:00,94,1,238,False,True,333,WITHIN_TOLERANCE,NEAR_ATM,0.22784313725490038,-0.22784313725490038,11,D3,78,1758204900000,,False,73,0.78,0.78,0.0,85.89743589743588,0.0,55.12820512820511,29,1,-16.551724137931036,0.6417910447761193,85.89743589743588,0.0,False,SCORED_WINDOW
GME-0023,GME,O:GME250926C00025500,CALL,25.5,2025-09-26,14,0.0,DISCOVERY,RISK_OR_EXHAUSTION,2025-09-15T14:30:00+00:00,2025-09-15T14:15:00+00:00,94,1,238,False,True,333,WITHIN_TOLERANCE,NEAR_ATM,0.22784313725490038,-0.22784313725490038,11,D5,130,1758550500000,,False,122,0.78,0.78,0.0,146.15384615384613,-6.410256410256421,117.94871794871793,122,99,-11.458333333333337,0.8070175438596491,146.15384615384613,-6.410256410256421,False,SCORED_WINDOW
GME-0023,GME,O:GME250926C00025500,CALL,25.5,2025-09-26,14,0.0,DISCOVERY,RISK_OR_EXHAUSTION,2025-09-15T14:30:00+00:00,2025-09-15T14:15:00+00:00,94,1,238,False,True,333,WITHIN_TOLERANCE,NEAR_ATM,0.22784313725490038,-0.22784313725490038,11,D10,260,1759155300000,CONTRACT_EXPIRY,True,238,0.78,0.78,0.0,151.28205128205127,-69.23076923076923,11.538461538461542,127,212,-55.61224489795919,0.076271186440678,151.28205128205127,-69.23076923076923,True,SCORED_RIGHT_CENSORED
U-0023,U,O:U250926C00046000,CALL,46.0,2025-09-26,14,0.0,DISCOVERY,CONTINUATION,2025-09-15T19:15:00+00:00,2025-09-15T19:00:00+00:00,64,0,160,False,False,224,WITHIN_TOLERANCE,NEAR_ATM,0.2826086956521795,-0.2826086956521795,11,H1,4,1758029400000,,False,,,,,,,,,,,,,,,UNSCORED_SIGNAL_BAR_ABSENT
U-0023,U,O:U250926C00046000,CALL,46.0,2025-09-26,14,0.0,DISCOVERY,CONTINUATION,2025-09-15T19:15:00+00:00,2025-09-15T19:00:00+00:00,64,0,160,False,False,224,WITHIN_TOLERANCE,NEAR_ATM,0.2826086956521795,-0.2826086956521795,11,D1,26,1758049200000,,False,,,,,,,,,,,,,,,UNSCORED_SIGNAL_BAR_ABSENT
U-0023,U,O:U250926C00046000,CALL,46.0,2025-09-26,14,0.0,DISCOVERY,CONTINUATION,2025-09-15T19:15:00+00:00,2025-09-15T19:00:00+00:00,64,0,160,False,False,224,WITHIN_TOLERANCE,NEAR_ATM,0.2826086956521795,-0.2826086956521795,11,D3,78,1758222000000,,False,,,,,,,,,,,,,,,UNSCORED_SIGNAL_BAR_ABSENT
U-0023,U,O:U250926C00046000,CALL,46.0,2025-09-26,14,0.0,DISCOVERY,CONTINUATION,2025-09-15T19:15:00+00:00,2025-09-15T19:00:00+00:00,64,0,160,False,False,224,WITHIN_TOLERANCE,NEAR_ATM,0.2826086956521795,-0.2826086956521795,11,D5,130,1758567600000,,False,,,,,,,,,,,,,,,UNSCORED_SIGNAL_BAR_ABSENT
U-0023,U,O:U250926C00046000,CALL,46.0,2025-09-26,14,0.0,DISCOVERY,CONTINUATION,2025-09-15T19:15:00+00:00,2025-09-15T19:00:00+00:00,64,0,160,False,False,224,WITHIN_TOLERANCE,NEAR_ATM,0.2826086956521795,-0.2826086956521795,11,D10,260,1759172400000,CONTRACT_EXPIRY,True,,,,,,,,,,,,,,,UNSCORED_SIGNAL_BAR_ABSENT
TSLA-0024,TSLA,O:TSLA251003C00415000,CALL,415.0,2025-10-03,14,0.0,DISCOVERY,ENTRY_FORMING,2025-09-16T14:00:00+00:00,2025-09-16T13:45:00+00:00,113,1,349,False,True,464,WITHIN_TOLERANCE,NEAR_ATM,0.23855421686747205,0.23855421686747205,17,H1,4,1758033900000,,False,4,22.5,22.5,0.0,12.444444444444457,-6.666666666666665,4.0444444444444505,4,2,-7.470355731225298,0.3250000000000002,12.444444444444457,-6.666666666666665,False,SCORED_WINDOW
TSLA-0024,TSLA,O:TSLA251003C00415000,CALL,415.0,2025-10-03,14,0.0,DISCOVERY,ENTRY_FORMING,2025-09-16T14:00:00+00:00,2025-09-16T13:45:00+00:00,113,1,349,False,True,464,WITHIN_TOLERANCE,NEAR_ATM,0.23855421686747205,0.23855421686747205,17,D1,26,1758116700000,,False,26,22.5,22.5,0.0,16.933333333333334,-18.22222222222223,-6.666666666666665,23,25,-20.182440136830103,-0.3937007874015747,16.933333333333334,-18.22222222222223,True,SCORED_WINDOW
TSLA-0024,TSLA,O:TSLA251003C00415000,CALL,415.0,2025-10-03,14,0.0,DISCOVERY,ENTRY_FORMING,2025-09-16T14:00:00+00:00,2025-09-16T13:45:00+00:00,113,1,349,False,True,464,WITHIN_TOLERANCE,NEAR_ATM,0.23855421686747205,0.23855421686747205,17,D3,78,1758289500000,,False,78,22.5,22.5,0.0,34.44444444444446,-18.22222222222223,16.666666666666675,57,25,-13.223140495867769,0.48387096774193555,34.44444444444446,-18.22222222222223,False,SCORED_WINDOW
TSLA-0024,TSLA,O:TSLA251003C00415000,CALL,415.0,2025-10-03,14,0.0,DISCOVERY,ENTRY_FORMING,2025-09-16T14:00:00+00:00,2025-09-16T13:45:00+00:00,113,1,349,False,True,464,WITHIN_TOLERANCE,NEAR_ATM,0.23855421686747205,0.23855421686747205,17,D5,130,1758635100000,,False,127,22.5,22.5,0.0,66.17777777777778,-18.22222222222223,34.8888888888889,104,25,-18.828563787108855,0.5271994627266624,66.17777777777778,-18.22222222222223,False,SCORED_WINDOW
TSLA-0024,TSLA,O:TSLA251003C00415000,CALL,415.0,2025-10-03,14,0.0,DISCOVERY,ENTRY_FORMING,2025-09-16T14:00:00+00:00,2025-09-16T13:45:00+00:00,113,1,349,False,True,464,WITHIN_TOLERANCE,NEAR_ATM,0.23855421686747205,0.23855421686747205,17,D10,260,1759239900000,,False,252,22.5,22.5,0.0,68.88888888888889,-24.22222222222222,16.97777777777778,227,204,-30.73684210526316,0.24645161290322587,68.88888888888889,-24.22222222222222,False,SCORED_WINDOW
U-0024,U,O:U251003C00045500,CALL,45.5,2025-10-03,14,0.0,DISCOVERY,THESIS_PRESSURE,2025-09-17T15:30:00+00:00,2025-09-17T15:15:00+00:00,8,1,109,False,True,118,WITHIN_TOLERANCE,NEAR_ATM,0.16483516483517108,0.16483516483517108,16,H1,4,1758125700000,,False,1,3.1,2.91,-6.129032258064515,1.7182130584192379,0.0,0.3436426116838476,1,1,-1.3513513513513487,0.2,-4.516129032258065,-6.129032258064515,False,SCORED_WINDOW
U-0024,U,O:U251003C00045500,CALL,45.5,2025-10-03,14,0.0,DISCOVERY,THESIS_PRESSURE,2025-09-17T15:30:00+00:00,2025-09-17T15:15:00+00:00,8,1,109,False,True,118,WITHIN_TOLERANCE,NEAR_ATM,0.16483516483517108,0.16483516483517108,16,D1,26,1758208500000,,False,4,3.1,2.91,-6.129032258064515,1.7182130584192379,-33.333333333333336,-16.8384879725086,1,3,-18.243243243243246,-9.80000000000004,-4.516129032258065,-37.41935483870969,True,SCORED_WINDOW
U-0024,U,O:U251003C00045500,CALL,45.5,2025-10-03,14,0.0,DISCOVERY,THESIS_PRESSURE,2025-09-17T15:30:00+00:00,2025-09-17T15:15:00+00:00,8,1,109,False,True,118,WITHIN_TOLERANCE,NEAR_ATM,0.16483516483517108,0.16483516483517108,16,D3,78,1758554100000,,False,17,3.1,2.91,-6.129032258064515,3.092783505154628,-33.333333333333336,-5.841924398625431,15,3,-8.666666666666655,-1.8888888888888962,-3.2258064516129115,-37.41935483870969,False,SCORED_WINDOW
U-0024,U,O:U251003C00045500,CALL,45.5,2025-10-03,14,0.0,DISCOVERY,THESIS_PRESSURE,2025-09-17T15:30:00+00:00,2025-09-17T15:15:00+00:00,8,1,109,False,True,118,WITHIN_TOLERANCE,NEAR_ATM,0.16483516483517108,0.16483516483517108,16,D5,130,1758726900000,,False,33,3.1,2.91,-6.129032258064515,3.092783505154628,-44.67353951890034,-42.26804123711341,15,31,-44.00000000000001,-13.666666666666718,-3.2258064516129115,-48.064516129032256,True,SCORED_WINDOW
U-0024,U,O:U251003C00045500,CALL,45.5,2025-10-03,14,0.0,DISCOVERY,THESIS_PRESSURE,2025-09-17T15:30:00+00:00,2025-09-17T15:15:00+00:00,8,1,109,False,True,118,WITHIN_TOLERANCE,NEAR_ATM,0.16483516483517108,0.16483516483517108,16,D10,260,1759331700000,,False,96,3.1,2.91,-6.129032258064515,3.092783505154628,-97.2508591065292,-97.2508591065292,15,96,-97.33333333333334,-31.444444444444553,-3.2258064516129115,-97.41935483870968,True,SCORED_WINDOW
VALE-0022,VALE,O:VALE251003C00011000,CALL,11.0,2025-10-03,14,0.0,DISCOVERY,THESIS_PRESSURE,2025-09-18T16:30:00+00:00,2025-09-18T16:15:00+00:00,21,0,158,False,False,179,WITHIN_TOLERANCE,NEAR_ATM,1.272727272727278,-1.272727272727278,15,H1,4,1758215700000,,False,,,,,,,,,,,,,,,UNSCORED_SIGNAL_BAR_ABSENT
VALE-0022,VALE,O:VALE251003C00011000,CALL,11.0,2025-10-03,14,0.0,DISCOVERY,THESIS_PRESSURE,2025-09-18T16:30:00+00:00,2025-09-18T16:15:00+00:00,21,0,158,False,False,179,WITHIN_TOLERANCE,NEAR_ATM,1.272727272727278,-1.272727272727278,15,D1,26,1758298500000,,False,,,,,,,,,,,,,,,UNSCORED_SIGNAL_BAR_ABSENT
VALE-0022,VALE,O:VALE251003C00011000,CALL,11.0,2025-10-03,14,0.0,DISCOVERY,THESIS_PRESSURE,2025-09-18T16:30:00+00:00,2025-09-18T16:15:00+00:00,21,0,158,False,False,179,WITHIN_TOLERANCE,NEAR_ATM,1.272727272727278,-1.272727272727278,15,D3,78,1758644100000,,False,,,,,,,,,,,,,,,UNSCORED_SIGNAL_BAR_ABSENT
VALE-0022,VALE,O:VALE251003C00011000,CALL,11.0,2025-10-03,14,0.0,DISCOVERY,THESIS_PRESSURE,2025-09-18T16:30:00+00:00,2025-09-18T16:15:00+00:00,21,0,158,False,False,179,WITHIN_TOLERANCE,NEAR_ATM,1.272727272727278,-1.272727272727278,15,D5,130,1758816900000,,False,,,,,,,,,,,,,,,UNSCORED_SIGNAL_BAR_ABSENT
VALE-0022,VALE,O:VALE251003C00011000,CALL,11.0,2025-10-03,14,0.0,DISCOVERY,THESIS_PRESSURE,2025-09-18T16:30:00+00:00,2025-09-18T16:15:00+00:00,21,0,158,False,False,179,WITHIN_TOLERANCE,NEAR_ATM,1.272727272727278,-1.272727272727278,15,D10,260,1759421700000,,False,,,,,,,,,,,,,,,UNSCORED_SIGNAL_BAR_ABSENT
VALE-0023,VALE,O:VALE251003C00011000,CALL,11.0,2025-10-03,14,0.0,DISCOVERY,CONTINUATION,2025-09-19T19:30:00+00:00,2025-09-19T19:15:00+00:00,30,0,149,False,False,179,WITHIN_TOLERANCE,NEAR_ATM,0.7727272727272805,-0.7727272727272805,14,H1,4,1758548700000,,False,,,,,,,,,,,,,,,UNSCORED_SIGNAL_BAR_ABSENT
VALE-0023,VALE,O:VALE251003C00011000,CALL,11.0,2025-10-03,14,0.0,DISCOVERY,CONTINUATION,2025-09-19T19:30:00+00:00,2025-09-19T19:15:00+00:00,30,0,149,False,False,179,WITHIN_TOLERANCE,NEAR_ATM,0.7727272727272805,-0.7727272727272805,14,D1,26,1758568500000,,False,,,,,,,,,,,,,,,UNSCORED_SIGNAL_BAR_ABSENT
VALE-0023,VALE,O:VALE251003C00011000,CALL,11.0,2025-10-03,14,0.0,DISCOVERY,CONTINUATION,2025-09-19T19:30:00+00:00,2025-09-19T19:15:00+00:00,30,0,149,False,False,179,WITHIN_TOLERANCE,NEAR_ATM,0.7727272727272805,-0.7727272727272805,14,D3,78,1758741300000,,False,,,,,,,,,,,,,,,UNSCORED_SIGNAL_BAR_ABSENT
VALE-0023,VALE,O:VALE251003C00011000,CALL,11.0,2025-10-03,14,0.0,DISCOVERY,CONTINUATION,2025-09-19T19:30:00+00:00,2025-09-19T19:15:00+00:00,30,0,149,False,False,179,WITHIN_TOLERANCE,NEAR_ATM,0.7727272727272805,-0.7727272727272805,14,D5,130,1758914100000,,False,,,,,,,,,,,,,,,UNSCORED_SIGNAL_BAR_ABSENT
VALE-0023,VALE,O:VALE251003C00011000,CALL,11.0,2025-10-03,14,0.0,DISCOVERY,CONTINUATION,2025-09-19T19:30:00+00:00,2025-09-19T19:15:00+00:00,30,0,149,False,False,179,WITHIN_TOLERANCE,NEAR_ATM,0.7727272727272805,-0.7727272727272805,14,D10,260,1759518900000,,False,,,,,,,,,,,,,,,UNSCORED_SIGNAL_BAR_ABSENT
LULU-0023,LULU,O:LULU251010C00175000,CALL,175.0,2025-10-10,14,0.0,DISCOVERY,CONTINUATION,2025-09-23T14:45:00+00:00,2025-09-23T14:30:00+00:00,88,1,314,False,True,403,WITHIN_TOLERANCE,NEAR_ATM,0.0399999999999961,-0.0399999999999961,17,H1,4,1758641400000,,False,4,6.3,6.52,3.4920634920634797,8.895705521472387,-2.300613496932502,7.361963190184051,3,2,-1.4084507042253502,0.8275862068965525,12.698412698412698,1.1111111111111072,False,SCORED_WINDOW
LULU-0023,LULU,O:LULU251010C00175000,CALL,175.0,2025-10-10,14,0.0,DISCOVERY,CONTINUATION,2025-09-23T14:45:00+00:00,2025-09-23T14:30:00+00:00,88,1,314,False,True,403,WITHIN_TOLERANCE,NEAR_ATM,0.0399999999999961,-0.0399999999999961,17,D1,26,1758724200000,,False,23,6.3,6.52,3.4920634920634797,8.895705521472387,-19.785276073619617,-17.177914110429437,3,19,-23.943661971830977,-1.9310344827586208,12.698412698412698,-16.98412698412698,True,SCORED_WINDOW
LULU-0023,LULU,O:LULU251010C00175000,CALL,175.0,2025-10-10,14,0.0,DISCOVERY,CONTINUATION,2025-09-23T14:45:00+00:00,2025-09-23T14:30:00+00:00,88,1,314,False,True,403,WITHIN_TOLERANCE,NEAR_ATM,0.0399999999999961,-0.0399999999999961,17,D3,78,1758897000000,,False,73,6.3,6.52,3.4920634920634797,35.73619631901841,-31.13496932515336,-13.80368098159509,44,67,-36.497175141242934,-0.3862660944206007,40.47619047619047,-28.730158730158728,True,SCORED_WINDOW
LULU-0023,LULU,O:LULU251010C00175000,CALL,175.0,2025-10-10,14,0.0,DISCOVERY,CONTINUATION,2025-09-23T14:45:00+00:00,2025-09-23T14:30:00+00:00,88,1,314,False,True,403,WITHIN_TOLERANCE,NEAR_ATM,0.0399999999999961,-0.0399999999999961,17,D5,130,1759242600000,,False,112,6.3,6.52,3.4920634920634797,35.73619631901841,-31.13496932515336,0.4601226993865115,44,67,-25.988700564971744,0.01287553648068693,40.47619047619047,-28.730158730158728,True,SCORED_WINDOW
LULU-0023,LULU,O:LULU251010C00175000,CALL,175.0,2025-10-10,14,0.0,DISCOVERY,CONTINUATION,2025-09-23T14:45:00+00:00,2025-09-23T14:30:00+00:00,88,1,314,False,True,403,WITHIN_TOLERANCE,NEAR_ATM,0.0399999999999961,-0.0399999999999961,17,D10,260,1759847400000,,False,217,6.3,6.52,3.4920634920634797,35.73619631901841,-68.71165644171779,-65.6441717791411,44,217,-74.68926553672316,-1.8369098712446348,40.47619047619047,-67.61904761904762,True,SCORED_WINDOW
RBLX-0025,RBLX,O:RBLX251010C00134000,CALL,134.0,2025-10-10,14,0.0,DISCOVERY,THESIS_PRESSURE,2025-09-23T16:15:00+00:00,2025-09-23T16:00:00+00:00,20,0,132,False,False,152,WITHIN_TOLERANCE,NEAR_ATM,0.3320895522388009,0.3320895522388009,17,H1,4,1758646800000,,False,,,,,,,,,,,,,,,UNSCORED_SIGNAL_BAR_ABSENT
RBLX-0025,RBLX,O:RBLX251010C00134000,CALL,134.0,2025-10-10,14,0.0,DISCOVERY,THESIS_PRESSURE,2025-09-23T16:15:00+00:00,2025-09-23T16:00:00+00:00,20,0,132,False,False,152,WITHIN_TOLERANCE,NEAR_ATM,0.3320895522388009,0.3320895522388009,17,D1,26,1758729600000,,False,,,,,,,,,,,,,,,UNSCORED_SIGNAL_BAR_ABSENT
RBLX-0025,RBLX,O:RBLX251010C00134000,CALL,134.0,2025-10-10,14,0.0,DISCOVERY,THESIS_PRESSURE,2025-09-23T16:15:00+00:00,2025-09-23T16:00:00+00:00,20,0,132,False,False,152,WITHIN_TOLERANCE,NEAR_ATM,0.3320895522388009,0.3320895522388009,17,D3,78,1758902400000,,False,,,,,,,,,,,,,,,UNSCORED_SIGNAL_BAR_ABSENT
RBLX-0025,RBLX,O:RBLX251010C00134000,CALL,134.0,2025-10-10,14,0.0,DISCOVERY,THESIS_PRESSURE,2025-09-23T16:15:00+00:00,2025-09-23T16:00:00+00:00,20,0,132,False,False,152,WITHIN_TOLERANCE,NEAR_ATM,0.3320895522388009,0.3320895522388009,17,D5,130,1759248000000,,False,,,,,,,,,,,,,,,UNSCORED_SIGNAL_BAR_ABSENT
RBLX-0025,RBLX,O:RBLX251010C00134000,CALL,134.0,2025-10-10,14,0.0,DISCOVERY,THESIS_PRESSURE,2025-09-23T16:15:00+00:00,2025-09-23T16:00:00+00:00,20,0,132,False,False,152,WITHIN_TOLERANCE,NEAR_ATM,0.3320895522388009,0.3320895522388009,17,D10,260,1759852800000,,False,,,,,,,,,,,,,,,UNSCORED_SIGNAL_BAR_ABSENT
RBLX-0026,RBLX,O:RBLX251010C00134000,CALL,134.0,2025-10-10,14,0.0,DISCOVERY,CONTINUATION,2025-09-24T13:45:00+00:00,2025-09-24T13:30:00+00:00,24,1,127,False,True,152,WITHIN_TOLERANCE,NEAR_ATM,0.2742537313432887,0.2742537313432887,16,H1,4,1758724200000,,False,3,6.3,5.65,-10.317460317460315,0.1769911504424737,-9.026548672566381,-3.3628318584070893,2,2,-3.5335689045936425,-19.0000000000005,-10.158730158730156,-18.412698412698415,False,SCORED_WINDOW
RBLX-0026,RBLX,O:RBLX251010C00134000,CALL,134.0,2025-10-10,14,0.0,DISCOVERY,CONTINUATION,2025-09-24T13:45:00+00:00,2025-09-24T13:30:00+00:00,24,1,127,False,True,152,WITHIN_TOLERANCE,NEAR_ATM,0.2742537313432887,0.2742537313432887,16,D1,26,1758807000000,,False,7,6.3,5.65,-10.317460317460315,19.115044247787605,-9.026548672566381,7.079646017699104,5,2,-10.104011887072817,0.3703703703703699,6.825396825396846,-18.412698412698415,False,SCORED_WINDOW
RBLX-0026,RBLX,O:RBLX251010C00134000,CALL,134.0,2025-10-10,14,0.0,DISCOVERY,CONTINUATION,2025-09-24T13:45:00+00:00,2025-09-24T13:30:00+00:00,24,1,127,False,True,152,WITHIN_TOLERANCE,NEAR_ATM,0.2742537313432887,0.2742537313432887,16,D3,78,1759152600000,,False,13,6.3,5.65,-10.317460317460315,48.318584070796454,-29.20353982300885,48.318584070796454,13,8,0.0,1.0,33.015873015873034,-36.50793650793651,False,SCORED_WINDOW
RBLX-0026,RBLX,O:RBLX251010C00134000,CALL,134.0,2025-10-10,14,0.0,DISCOVERY,CONTINUATION,2025-09-24T13:45:00+00:00,2025-09-24T13:30:00+00:00,24,1,127,False,True,152,WITHIN_TOLERANCE,NEAR_ATM,0.2742537313432887,0.2742537313432887,16,D5,130,1759325400000,,False,34,6.3,5.65,-10.317460317460315,80.5309734513274,-29.20353982300885,0.8849557522123908,17,8,-44.11764705882353,0.01098901098901101,61.904761904761905,-36.50793650793651,False,SCORED_WINDOW
RBLX-0026,RBLX,O:RBLX251010C00134000,CALL,134.0,2025-10-10,14,0.0,DISCOVERY,CONTINUATION,2025-09-24T13:45:00+00:00,2025-09-24T13:30:00+00:00,24,1,127,False,True,152,WITHIN_TOLERANCE,NEAR_ATM,0.2742537313432887,0.2742537313432887,16,D10,260,1759930200000,,False,94,6.3,5.65,-10.317460317460315,80.5309734513274,-93.98230088495575,-90.97345132743364,17,90,-95.0,-1.1296703296703303,61.904761904761905,-94.6031746031746,True,SCORED_WINDOW
GME-0024,GME,O:GME251010C00026500,CALL,26.5,2025-10-10,14,0.0,DISCOVERY,THESIS_PRESSURE,2025-09-24T17:00:00+00:00,2025-09-24T16:45:00+00:00,101,1,135,False,True,237,WITHIN_TOLERANCE,NEAR_ATM,0.20754716981131968,0.20754716981131968,16,H1,4,1758735900000,,False,3,1.22,1.28,4.918032786885251,2.34375,-1.5625,-1.5625,3,3,-3.8167938931297773,-0.6666666666666666,7.377049180327866,3.2786885245901676,False,SCORED_WINDOW
GME-0024,GME,O:GME251010C00026500,CALL,26.5,2025-10-10,14,0.0,DISCOVERY,THESIS_PRESSURE,2025-09-24T17:00:00+00:00,2025-09-24T16:45:00+00:00,101,1,135,False,True,237,WITHIN_TOLERANCE,NEAR_ATM,0.20754716981131968,0.20754716981131968,16,D1,26,1758818700000,,False,22,1.22,1.28,4.918032786885251,2.34375,-47.65625,-34.375,3,12,-35.87786259541985,-14.666666666666666,7.377049180327866,-45.08196721311475,True,SCORED_WINDOW
GME-0024,GME,O:GME251010C00026500,CALL,26.5,2025-10-10,14,0.0,DISCOVERY,THESIS_PRESSURE,2025-09-24T17:00:00+00:00,2025-09-24T16:45:00+00:00,101,1,135,False,True,237,WITHIN_TOLERANCE,NEAR_ATM,0.20754716981131968,0.20754716981131968,16,D3,78,1759164300000,,False,65,1.22,1.28,4.918032786885251,15.625,-47.65625,0.78125,38,12,-12.83783783783784,0.05,21.311475409836067,-45.08196721311475,False,SCORED_WINDOW
GME-0024,GME,O:GME251010C00026500,CALL,26.5,2025-10-10,14,0.0,DISCOVERY,THESIS_PRESSURE,2025-09-24T17:00:00+00:00,2025-09-24T16:45:00+00:00,101,1,135,False,True,237,WITHIN_TOLERANCE,NEAR_ATM,0.20754716981131968,0.20754716981131968,16,D5,130,1759337100000,,False,102,1.22,1.28,4.918032786885251,32.8125,-47.65625,18.75,100,12,-10.588235294117643,0.5714285714285714,39.34426229508197,-45.08196721311475,False,SCORED_WINDOW
GME-0024,GME,O:GME251010C00026500,CALL,26.5,2025-10-10,14,0.0,DISCOVERY,THESIS_PRESSURE,2025-09-24T17:00:00+00:00,2025-09-24T16:45:00+00:00,101,1,135,False,True,237,WITHIN_TOLERANCE,NEAR_ATM,0.20754716981131968,0.20754716981131968,16,D10,260,1759941900000,,False,135,1.22,1.28,4.918032786885251,57.03124999999998,-47.65625,10.9375,112,12,-29.35323383084577,0.1917808219178083,64.75409836065573,-45.08196721311475,False,SCORED_WINDOW
LULU-0024,LULU,O:LULU251010C00175000,CALL,175.0,2025-10-10,14,0.0,DISCOVERY,ENTRY_FORMING,2025-09-26T19:45:00+00:00,2025-09-26T19:30:00+00:00,179,1,223,False,True,403,WITHIN_TOLERANCE,NEAR_ATM,0.6485714285714234,0.6485714285714234,14,H1,4,1759154400000,,False,4,6.2,6.3,1.6129032258064502,11.111111111111116,-3.1746031746031744,-3.1746031746031744,3,4,-12.857142857142867,-0.2857142857142856,12.903225806451601,-1.6129032258064613,True,SCORED_WINDOW
LULU-0024,LULU,O:LULU251010C00175000,CALL,175.0,2025-10-10,14,0.0,DISCOVERY,ENTRY_FORMING,2025-09-26T19:45:00+00:00,2025-09-26T19:30:00+00:00,179,1,223,False,True,403,WITHIN_TOLERANCE,NEAR_ATM,0.6485714285714234,0.6485714285714234,14,D1,26,1759174200000,,False,16,6.2,6.3,1.6129032258064502,20.952380952380967,-9.999999999999998,15.079365079365093,14,8,-4.855643044619429,0.7196969696969698,22.90322580645161,-8.548387096774201,False,SCORED_WINDOW
LULU-0024,LULU,O:LULU251010C00175000,CALL,175.0,2025-10-10,14,0.0,DISCOVERY,ENTRY_FORMING,2025-09-26T19:45:00+00:00,2025-09-26T19:30:00+00:00,179,1,223,False,True,403,WITHIN_TOLERANCE,NEAR_ATM,0.6485714285714234,0.6485714285714234,14,D3,78,1759347000000,,False,51,6.2,6.3,1.6129032258064502,38.095238095238095,-17.460317460317455,-6.349206349206337,36,44,-32.183908045977006,-0.16666666666666635,40.322580645161274,-16.129032258064512,True,SCORED_WINDOW
LULU-0024,LULU,O:LULU251010C00175000,CALL,175.0,2025-10-10,14,0.0,DISCOVERY,ENTRY_FORMING,2025-09-26T19:45:00+00:00,2025-09-26T19:30:00+00:00,179,1,223,False,True,403,WITHIN_TOLERANCE,NEAR_ATM,0.6485714285714234,0.6485714285714234,14,D5,130,1759519800000,,False,95,6.2,6.3,1.6129032258064502,38.095238095238095,-33.80952380952381,-26.82539682539682,36,79,-47.011494252873554,-0.7041666666666665,40.322580645161274,-32.74193548387097,True,SCORED_WINDOW
LULU-0024,LULU,O:LULU251010C00175000,CALL,175.0,2025-10-10,14,0.0,DISCOVERY,ENTRY_FORMING,2025-09-26T19:45:00+00:00,2025-09-26T19:30:00+00:00,179,1,223,False,True,403,WITHIN_TOLERANCE,NEAR_ATM,0.6485714285714234,0.6485714285714234,14,D10,260,1760124600000,,False,222,6.2,6.3,1.6129032258064502,38.095238095238095,-99.84126984126985,-99.84126984126985,36,215,-99.88505747126437,-2.6208333333333336,40.322580645161274,-99.83870967741936,True,SCORED_WINDOW
PYPL-0025,PYPL,O:PYPL251010C00069000,CALL,69.0,2025-10-10,14,0.0,DISCOVERY,RISK_OR_EXHAUSTION,2025-09-29T14:00:00+00:00,2025-09-29T13:45:00+00:00,80,1,219,False,True,300,WITHIN_TOLERANCE,NEAR_ATM,0.7246376811594203,-0.7246376811594203,11,H1,4,1759157100000,,False,4,1.25,1.37,9.600000000000009,118.97810218978103,-2.919708029197088,105.83941605839415,4,1,-6.000000000000005,0.8895705521472391,140.0,6.400000000000006,False,SCORED_WINDOW
PYPL-0025,PYPL,O:PYPL251010C00069000,CALL,69.0,2025-10-10,14,0.0,DISCOVERY,RISK_OR_EXHAUSTION,2025-09-29T14:00:00+00:00,2025-09-29T13:45:00+00:00,80,1,219,False,True,300,WITHIN_TOLERANCE,NEAR_ATM,0.7246376811594203,-0.7246376811594203,11,D1,26,1759239900000,,False,24,1.25,1.37,9.600000000000009,122.62773722627736,-2.919708029197088,16.788321167883204,12,1,-47.540983606557376,0.13690476190476186,144.0,6.400000000000006,False,SCORED_WINDOW
PYPL-0025,PYPL,O:PYPL251010C00069000,CALL,69.0,2025-10-10,14,0.0,DISCOVERY,RISK_OR_EXHAUSTION,2025-09-29T14:00:00+00:00,2025-09-29T13:45:00+00:00,80,1,219,False,True,300,WITHIN_TOLERANCE,NEAR_ATM,0.7246376811594203,-0.7246376811594203,11,D3,78,1759412700000,,False,73,1.25,1.37,9.600000000000009,122.62773722627736,-59.12408759124088,-12.408759124087599,12,64,-60.65573770491803,-0.10119047619047626,144.0,-55.199999999999996,True,SCORED_WINDOW
PYPL-0025,PYPL,O:PYPL251010C00069000,CALL,69.0,2025-10-10,14,0.0,DISCOVERY,RISK_OR_EXHAUSTION,2025-09-29T14:00:00+00:00,2025-09-29T13:45:00+00:00,80,1,219,False,True,300,WITHIN_TOLERANCE,NEAR_ATM,0.7246376811594203,-0.7246376811594203,11,D5,130,1759758300000,,False,124,1.25,1.37,9.600000000000009,122.62773722627736,-59.12408759124088,64.23357664233575,12,64,-26.22950819672131,0.5238095238095237,144.0,-55.199999999999996,True,SCORED_WINDOW
PYPL-0025,PYPL,O:PYPL251010C00069000,CALL,69.0,2025-10-10,14,0.0,DISCOVERY,RISK_OR_EXHAUSTION,2025-09-29T14:00:00+00:00,2025-09-29T13:45:00+00:00,80,1,219,False,True,300,WITHIN_TOLERANCE,NEAR_ATM,0.7246376811594203,-0.7246376811594203,11,D10,260,1760363100000,CONTRACT_EXPIRY,True,219,1.25,1.37,9.600000000000009,476.6423357664233,-59.12408759124088,-27.00729927007299,196,64,-87.34177215189874,-0.056661562021439515,532.0,-55.199999999999996,False,SCORED_RIGHT_CENSORED
PYPL-0026,PYPL,O:PYPL251010C00070000,CALL,70.0,2025-10-10,14,0.0,DISCOVERY,CONTINUATION,2025-09-29T17:15:00+00:00,2025-09-29T17:00:00+00:00,106,1,233,False,True,340,WITHIN_TOLERANCE,NEAR_ATM,0.5642857142857086,-0.5642857142857086,11,H1,4,1759168800000,,False,4,1.5,1.72,14.666666666666671,7.558139534883734,-34.30232558139535,-15.697674418604656,1,2,-21.62162162162162,-2.076923076923074,23.33333333333334,-24.66666666666667,True,SCORED_WINDOW
PYPL-0026,PYPL,O:PYPL251010C00070000,CALL,70.0,2025-10-10,14,0.0,DISCOVERY,CONTINUATION,2025-09-29T17:15:00+00:00,2025-09-29T17:00:00+00:00,106,1,233,False,True,340,WITHIN_TOLERANCE,NEAR_ATM,0.5642857142857086,-0.5642857142857086,11,D1,26,1759251600000,,False,26,1.5,1.72,14.666666666666671,7.558139534883734,-62.2093023255814,-62.2093023255814,1,25,-64.86486486486487,-8.230769230769216,23.33333333333334,-56.666666666666664,True,SCORED_WINDOW
PYPL-0026,PYPL,O:PYPL251010C00070000,CALL,70.0,2025-10-10,14,0.0,DISCOVERY,CONTINUATION,2025-09-29T17:15:00+00:00,2025-09-29T17:00:00+00:00,106,1,233,False,True,340,WITHIN_TOLERANCE,NEAR_ATM,0.5642857142857086,-0.5642857142857086,11,D3,78,1759424400000,,False,77,1.5,1.72,14.666666666666671,7.558139534883734,-77.32558139534885,-58.139534883720934,1,60,-61.08108108108108,-7.692307692307679,23.33333333333334,-74.0,True,SCORED_WINDOW
PYPL-0026,PYPL,O:PYPL251010C00070000,CALL,70.0,2025-10-10,14,0.0,DISCOVERY,CONTINUATION,2025-09-29T17:15:00+00:00,2025-09-29T17:00:00+00:00,106,1,233,False,True,340,WITHIN_TOLERANCE,NEAR_ATM,0.5642857142857086,-0.5642857142857086,11,D5,130,1759770000000,,False,129,1.5,1.72,14.666666666666671,26.16279069767442,-77.32558139534885,15.116279069767447,128,60,-8.75576036866359,0.577777777777778,44.66666666666666,-74.0,False,SCORED_WINDOW
PYPL-0026,PYPL,O:PYPL251010C00070000,CALL,70.0,2025-10-10,14,0.0,DISCOVERY,CONTINUATION,2025-09-29T17:15:00+00:00,2025-09-29T17:00:00+00:00,106,1,233,False,True,340,WITHIN_TOLERANCE,NEAR_ATM,0.5642857142857086,-0.5642857142857086,11,D10,260,1760374800000,CONTRACT_EXPIRY,True,233,1.5,1.72,14.666666666666671,306.9767441860465,-97.09302325581395,-97.09302325581395,187,233,-99.28571428571429,-0.3162878787878788,366.6666666666667,-96.66666666666667,True,SCORED_RIGHT_CENSORED
SPY-0025,SPY,O:SPY251028C00665000,CALL,665.0,2025-10-28,14,0.0,DISCOVERY,ENTRY_FORMING,2025-10-15T19:45:00+00:00,2025-10-15T19:30:00+00:00,46,1,157,False,True,213,WITHIN_TOLERANCE,NEAR_ATM,0.03326315789472984,-0.03326315789472984,13,H1,4,1760623200000,,False,5,8.12,8.19,0.8620689655172376,14.041514041514036,-5.372405372405364,7.814407814407831,4,1,-5.4603854389721596,0.5565217391304362,15.02463054187193,-4.556650246305405,False,SCORED_WINDOW
SPY-0025,SPY,O:SPY251028C00665000,CALL,665.0,2025-10-28,14,0.0,DISCOVERY,ENTRY_FORMING,2025-10-15T19:45:00+00:00,2025-10-15T19:30:00+00:00,46,1,157,False,True,213,WITHIN_TOLERANCE,NEAR_ATM,0.03326315789472984,-0.03326315789472984,13,D1,26,1760643000000,,False,26,8.12,8.19,0.8620689655172376,24.2979242979243,-28.083028083028083,-20.75702075702075,7,22,-36.2475442043222,-0.8542713567839193,25.369458128078826,-27.463054187192114,True,SCORED_WINDOW
SPY-0025,SPY,O:SPY251028C00665000,CALL,665.0,2025-10-28,14,0.0,DISCOVERY,ENTRY_FORMING,2025-10-15T19:45:00+00:00,2025-10-15T19:30:00+00:00,46,1,157,False,True,213,WITHIN_TOLERANCE,NEAR_ATM,0.03326315789472984,-0.03326315789472984,13,D3,78,1760988600000,,False,58,8.12,8.19,0.8620689655172376,24.2979242979243,-28.937728937728934,23.931623931623935,7,33,-0.29469548133594925,0.9849246231155779,25.369458128078826,-28.325123152709352,True,SCORED_WINDOW
SPY-0025,SPY,O:SPY251028C00665000,CALL,665.0,2025-10-28,14,0.0,DISCOVERY,ENTRY_FORMING,2025-10-15T19:45:00+00:00,2025-10-15T19:30:00+00:00,46,1,157,False,True,213,WITHIN_TOLERANCE,NEAR_ATM,0.03326315789472984,-0.03326315789472984,13,D5,130,1761161400000,,False,92,8.12,8.19,0.8620689655172376,24.2979242979243,-38.94993894993895,-17.582417582417577,7,85,-33.69351669941061,-0.723618090452261,25.369458128078826,-38.42364532019704,True,SCORED_WINDOW
SPY-0025,SPY,O:SPY251028C00665000,CALL,665.0,2025-10-28,14,0.0,DISCOVERY,ENTRY_FORMING,2025-10-15T19:45:00+00:00,2025-10-15T19:30:00+00:00,46,1,157,False,True,213,WITHIN_TOLERANCE,NEAR_ATM,0.03326315789472984,-0.03326315789472984,13,D10,260,1761766200000,CONTRACT_EXPIRY,True,165,8.12,8.19,0.8620689655172376,190.84249084249086,-38.94993894993895,166.30036630036628,162,85,-8.438287153652402,0.8714011516314777,193.34975369458132,-38.42364532019704,False,SCORED_RIGHT_CENSORED
SPY-0026,SPY,O:SPY251031C00663000,CALL,663.0,2025-10-31,14,0.0,DISCOVERY,THESIS_PRESSURE,2025-10-17T16:30:00+00:00,2025-10-17T16:15:00+00:00,132,1,165,False,True,310,WITHIN_TOLERANCE,NEAR_ATM,0.01659125188537159,0.01659125188537159,14,H1,4,1760721300000,,False,4,10.7,10.9,1.869158878504673,0.0,-10.458715596330281,-8.165137614678908,1,4,-8.165137614678908,,1.869158878504673,-8.785046728971956,True,SCORED_WINDOW
SPY-0026,SPY,O:SPY251031C00663000,CALL,663.0,2025-10-31,14,0.0,DISCOVERY,THESIS_PRESSURE,2025-10-17T16:30:00+00:00,2025-10-17T16:15:00+00:00,132,1,165,False,True,310,WITHIN_TOLERANCE,NEAR_ATM,0.01659125188537159,0.01659125188537159,14,D1,26,1760976900000,,False,27,10.7,10.9,1.869158878504673,25.87155963302752,-10.458715596330281,21.19266055045872,25,4,-3.7172011661807614,0.819148936170213,28.224299065420567,-8.785046728971956,False,SCORED_WINDOW
SPY-0026,SPY,O:SPY251031C00663000,CALL,663.0,2025-10-31,14,0.0,DISCOVERY,THESIS_PRESSURE,2025-10-17T16:30:00+00:00,2025-10-17T16:15:00+00:00,132,1,165,False,True,310,WITHIN_TOLERANCE,NEAR_ATM,0.01659125188537159,0.01659125188537159,14,D3,78,1761149700000,,False,61,10.7,10.9,1.869158878504673,29.357798165137616,-10.458715596330281,-0.18348623853210455,34,4,-22.8368794326241,-0.006249999999999811,31.775700934579444,-8.785046728971956,False,SCORED_WINDOW
SPY-0026,SPY,O:SPY251031C00663000,CALL,663.0,2025-10-31,14,0.0,DISCOVERY,THESIS_PRESSURE,2025-10-17T16:30:00+00:00,2025-10-17T16:15:00+00:00,132,1,165,False,True,310,WITHIN_TOLERANCE,NEAR_ATM,0.01659125188537159,0.01659125188537159,14,D5,130,1761322500000,,False,100,10.7,10.9,1.869158878504673,58.80733944954126,-19.266055045871553,58.71559633027523,98,66,-0.05777007510108234,0.9984399375975044,61.77570093457945,-17.757009345794383,False,SCORED_WINDOW
SPY-0026,SPY,O:SPY251031C00663000,CALL,663.0,2025-10-31,14,0.0,DISCOVERY,THESIS_PRESSURE,2025-10-17T16:30:00+00:00,2025-10-17T16:15:00+00:00,132,1,165,False,True,310,WITHIN_TOLERANCE,NEAR_ATM,0.01659125188537159,0.01659125188537159,14,D10,260,1761927300000,,False,163,10.7,10.9,1.869158878504673,143.21100917431195,-19.266055045871553,72.56880733944952,129,66,-29.045643153526978,0.5067264573991029,147.75700934579442,-17.757009345794383,False,SCORED_WINDOW
U-0025,U,O:U251031C00035000,CALL,35.0,2025-10-31,14,0.0,DISCOVERY,ENTRY_FORMING,2025-10-17T20:00:00+00:00,2025-10-17T19:45:00+00:00,34,1,60,False,True,95,WITHIN_TOLERANCE,NEAR_ATM,0.6999999999999927,0.6999999999999927,14,H1,4,1760969700000,,False,1,2.06,2.13,3.398058252427183,0.0,-7.981220657276989,-7.981220657276989,1,1,-7.981220657276989,,3.398058252427183,-4.8543689320388435,False,SCORED_WINDOW
U-0025,U,O:U251031C00035000,CALL,35.0,2025-10-31,14,0.0,DISCOVERY,ENTRY_FORMING,2025-10-17T20:00:00+00:00,2025-10-17T19:45:00+00:00,34,1,60,False,True,95,WITHIN_TOLERANCE,NEAR_ATM,0.6999999999999927,0.6999999999999927,14,D1,26,1760989500000,,False,6,2.06,2.13,3.398058252427183,0.0,-12.676056338028163,-6.103286384976525,1,5,-6.103286384976525,,3.398058252427183,-9.708737864077666,True,SCORED_WINDOW
U-0025,U,O:U251031C00035000,CALL,35.0,2025-10-31,14,0.0,DISCOVERY,ENTRY_FORMING,2025-10-17T20:00:00+00:00,2025-10-17T19:45:00+00:00,34,1,60,False,True,95,WITHIN_TOLERANCE,NEAR_ATM,0.6999999999999927,0.6999999999999927,14,D3,78,1761162300000,,False,22,2.06,2.13,3.398058252427183,87.79342723004694,-29.57746478873239,-21.126760563380277,10,20,-58.00000000000001,-0.2406417112299465,94.1747572815534,-27.184466019417474,True,SCORED_WINDOW
U-0025,U,O:U251031C00035000,CALL,35.0,2025-10-31,14,0.0,DISCOVERY,ENTRY_FORMING,2025-10-17T20:00:00+00:00,2025-10-17T19:45:00+00:00,34,1,60,False,True,95,WITHIN_TOLERANCE,NEAR_ATM,0.6999999999999927,0.6999999999999927,14,D5,130,1761335100000,,False,34,2.06,2.13,3.398058252427183,87.79342723004694,-29.57746478873239,30.98591549295775,10,20,-30.25,0.3529411764705883,94.1747572815534,-27.184466019417474,True,SCORED_WINDOW
U-0025,U,O:U251031C00035000,CALL,35.0,2025-10-31,14,0.0,DISCOVERY,ENTRY_FORMING,2025-10-17T20:00:00+00:00,2025-10-17T19:45:00+00:00,34,1,60,False,True,95,WITHIN_TOLERANCE,NEAR_ATM,0.6999999999999927,0.6999999999999927,14,D10,260,1761939900000,,False,60,2.06,2.13,3.398058252427183,106.57276995305165,-36.61971830985915,33.33333333333333,39,53,-35.45454545454546,0.3127753303964757,113.59223300970874,-34.46601941747572,True,SCORED_WINDOW
LULU-0025,LULU,O:LULU251031C00172500,CALL,172.5,2025-10-31,14,0.0,DISCOVERY,RISK_OR_EXHAUSTION,2025-10-20T14:00:00+00:00,2025-10-20T13:45:00+00:00,37,1,143,False,True,181,WITHIN_TOLERANCE,NEAR_ATM,0.5797101449275363,0.5797101449275363,11,H1,4,1760971500000,,False,3,6.1,5.55,-9.016393442622949,28.468468468468465,0.0,28.468468468468465,3,1,0.0,1.0,16.885245901639358,-9.016393442622949,False,SCORED_WINDOW
LULU-0025,LULU,O:LULU251031C00172500,CALL,172.5,2025-10-31,14,0.0,DISCOVERY,RISK_OR_EXHAUSTION,2025-10-20T14:00:00+00:00,2025-10-20T13:45:00+00:00,37,1,143,False,True,181,WITHIN_TOLERANCE,NEAR_ATM,0.5797101449275363,0.5797101449275363,11,D1,26,1761054300000,,False,13,6.1,5.55,-9.016393442622949,36.036036036036045,-4.504504504504503,36.036036036036045,13,11,0.0,1.0,23.770491803278702,-13.114754098360649,False,SCORED_WINDOW
LULU-0025,LULU,O:LULU251031C00172500,CALL,172.5,2025-10-31,14,0.0,DISCOVERY,RISK_OR_EXHAUSTION,2025-10-20T14:00:00+00:00,2025-10-20T13:45:00+00:00,37,1,143,False,True,181,WITHIN_TOLERANCE,NEAR_ATM,0.5797101449275363,0.5797101449275363,11,D3,78,1761227100000,,False,24,6.1,5.55,-9.016393442622949,124.3243243243243,-4.504504504504503,66.4864864864865,18,11,-25.78313253012048,0.5347826086956524,104.0983606557377,-13.114754098360649,False,SCORED_WINDOW
LULU-0025,LULU,O:LULU251031C00172500,CALL,172.5,2025-10-31,14,0.0,DISCOVERY,RISK_OR_EXHAUSTION,2025-10-20T14:00:00+00:00,2025-10-20T13:45:00+00:00,37,1,143,False,True,181,WITHIN_TOLERANCE,NEAR_ATM,0.5797101449275363,0.5797101449275363,11,D5,130,1761572700000,,False,47,6.1,5.55,-9.016393442622949,124.50450450450452,-4.504504504504503,114.59459459459462,46,11,-4.414125200642061,0.9204052098408105,104.26229508196725,-13.114754098360649,False,SCORED_WINDOW
LULU-0025,LULU,O:LULU251031C00172500,CALL,172.5,2025-10-31,14,0.0,DISCOVERY,RISK_OR_EXHAUSTION,2025-10-20T14:00:00+00:00,2025-10-20T13:45:00+00:00,37,1,143,False,True,181,WITHIN_TOLERANCE,NEAR_ATM,0.5797101449275363,0.5797101449275363,11,D10,260,1762181100000,CONTRACT_EXPIRY,True,143,6.1,5.55,-9.016393442622949,148.64864864864867,-99.81981981981983,-99.81981981981983,49,143,-99.92753623188406,-0.6715151515151514,126.22950819672134,-99.8360655737705,True,SCORED_RIGHT_CENSORED
TSLA-0025,TSLA,O:TSLA251031C00447500,CALL,447.5,2025-10-31,14,0.0,DISCOVERY,RISK_OR_EXHAUSTION,2025-10-20T20:00:00+00:00,2025-10-20T19:45:00+00:00,113,1,234,False,True,349,WITHIN_TOLERANCE,NEAR_ATM,0.03351955307262062,-0.03351955307262062,11,H1,4,1761056100000,,False,4,21.06,20.15,-4.320987654320985,7.692307692307687,-8.188585607940436,-1.7369727047146344,1,2,-8.75576036866359,-0.2258064516129026,3.038936372269707,-12.155745489078818,True,SCORED_WINDOW
TSLA-0025,TSLA,O:TSLA251031C00447500,CALL,447.5,2025-10-31,14,0.0,DISCOVERY,RISK_OR_EXHAUSTION,2025-10-20T20:00:00+00:00,2025-10-20T19:45:00+00:00,113,1,234,False,True,349,WITHIN_TOLERANCE,NEAR_ATM,0.03351955307262062,-0.03351955307262062,11,D1,26,1761075900000,,False,26,21.06,20.15,-4.320987654320985,9.429280397022332,-8.188585607940436,-8.188585607940436,11,2,-16.099773242630388,-0.8684210526315779,4.700854700854706,-12.155745489078818,False,SCORED_WINDOW
TSLA-0025,TSLA,O:TSLA251031C00447500,CALL,447.5,2025-10-31,14,0.0,DISCOVERY,RISK_OR_EXHAUSTION,2025-10-20T20:00:00+00:00,2025-10-20T19:45:00+00:00,113,1,234,False,True,349,WITHIN_TOLERANCE,NEAR_ATM,0.03351955307262062,-0.03351955307262062,11,D3,78,1761248700000,,False,78,21.06,20.15,-4.320987654320985,9.429280397022332,-83.87096774193547,-21.091811414392048,11,53,-27.89115646258503,-2.2368421052631566,4.700854700854706,-84.5679012345679,True,SCORED_WINDOW
TSLA-0025,TSLA,O:TSLA251031C00447500,CALL,447.5,2025-10-31,14,0.0,DISCOVERY,RISK_OR_EXHAUSTION,2025-10-20T20:00:00+00:00,2025-10-20T19:45:00+00:00,113,1,234,False,True,349,WITHIN_TOLERANCE,NEAR_ATM,0.03351955307262062,-0.03351955307262062,11,D5,130,1761594300000,,False,130,21.06,20.15,-4.320987654320985,9.429280397022332,-83.87096774193547,-33.64764267990075,11,53,-39.36507936507937,-3.56842105263158,4.700854700854706,-84.5679012345679,True,SCORED_WINDOW
TSLA-0025,TSLA,O:TSLA251031C00447500,CALL,447.5,2025-10-31,14,0.0,DISCOVERY,RISK_OR_EXHAUSTION,2025-10-20T20:00:00+00:00,2025-10-20T19:45:00+00:00,113,1,234,False,True,349,WITHIN_TOLERANCE,NEAR_ATM,0.03351955307262062,-0.03351955307262062,11,D10,260,1762202700000,CONTRACT_EXPIRY,True,235,21.06,20.15,-4.320987654320985,15.93052109181141,-95.23573200992556,-53.84615384615383,143,225,-60.18835616438356,-3.38006230529595,10.921177587844255,-95.44159544159544,True,SCORED_RIGHT_CENSORED
PYPL-0027,PYPL,O:PYPL251107C00069000,CALL,69.0,2025-11-07,14,0.0,DISCOVERY,THESIS_PRESSURE,2025-10-22T16:15:00+00:00,2025-10-22T16:00:00+00:00,52,0,250,False,False,302,WITHIN_TOLERANCE,NEAR_ATM,0.30434782608694744,-0.30434782608694744,16,H1,4,1761152400000,,False,,,,,,,,,,,,,,,UNSCORED_SIGNAL_BAR_ABSENT
PYPL-0027,PYPL,O:PYPL251107C00069000,CALL,69.0,2025-11-07,14,0.0,DISCOVERY,THESIS_PRESSURE,2025-10-22T16:15:00+00:00,2025-10-22T16:00:00+00:00,52,0,250,False,False,302,WITHIN_TOLERANCE,NEAR_ATM,0.30434782608694744,-0.30434782608694744,16,D1,26,1761235200000,,False,,,,,,,,,,,,,,,UNSCORED_SIGNAL_BAR_ABSENT
PYPL-0027,PYPL,O:PYPL251107C00069000,CALL,69.0,2025-11-07,14,0.0,DISCOVERY,THESIS_PRESSURE,2025-10-22T16:15:00+00:00,2025-10-22T16:00:00+00:00,52,0,250,False,False,302,WITHIN_TOLERANCE,NEAR_ATM,0.30434782608694744,-0.30434782608694744,16,D3,78,1761580800000,,False,,,,,,,,,,,,,,,UNSCORED_SIGNAL_BAR_ABSENT
PYPL-0027,PYPL,O:PYPL251107C00069000,CALL,69.0,2025-11-07,14,0.0,DISCOVERY,THESIS_PRESSURE,2025-10-22T16:15:00+00:00,2025-10-22T16:00:00+00:00,52,0,250,False,False,302,WITHIN_TOLERANCE,NEAR_ATM,0.30434782608694744,-0.30434782608694744,16,D5,130,1761753600000,,False,,,,,,,,,,,,,,,UNSCORED_SIGNAL_BAR_ABSENT
PYPL-0027,PYPL,O:PYPL251107C00069000,CALL,69.0,2025-11-07,14,0.0,DISCOVERY,THESIS_PRESSURE,2025-10-22T16:15:00+00:00,2025-10-22T16:00:00+00:00,52,0,250,False,False,302,WITHIN_TOLERANCE,NEAR_ATM,0.30434782608694744,-0.30434782608694744,16,D10,260,1762362000000,,False,,,,,,,,,,,,,,,UNSCORED_SIGNAL_BAR_ABSENT
SPY-0027,SPY,O:SPY251110C00685000,CALL,685.0,2025-11-10,14,0.0,DISCOVERY,RISK_OR_EXHAUSTION,2025-10-27T13:45:00+00:00,2025-10-27T13:30:00+00:00,0,1,269,False,True,281,WITHIN_TOLERANCE,NEAR_ATM,0.3284671532846715,-0.3284671532846715,14,H1,4,1761575400000,,False,4,5.7,5.68,-0.35087719298246833,7.7464788732394485,-0.7042253521126751,4.753521126760574,2,3,-2.777777777777779,0.613636363636364,7.36842105263158,-1.0526315789473717,True,SCORED_WINDOW
SPY-0027,SPY,O:SPY251110C00685000,CALL,685.0,2025-11-10,14,0.0,DISCOVERY,RISK_OR_EXHAUSTION,2025-10-27T13:45:00+00:00,2025-10-27T13:30:00+00:00,0,1,269,False,True,281,WITHIN_TOLERANCE,NEAR_ATM,0.3284671532846715,-0.3284671532846715,14,D1,26,1761658200000,,False,25,5.7,5.68,-0.35087719298246833,42.957746478873226,-0.7042253521126751,34.1549295774648,25,3,-6.157635467980283,0.7950819672131152,42.45614035087717,-1.0526315789473717,False,SCORED_WINDOW
SPY-0027,SPY,O:SPY251110C00685000,CALL,685.0,2025-11-10,14,0.0,DISCOVERY,RISK_OR_EXHAUSTION,2025-10-27T13:45:00+00:00,2025-10-27T13:30:00+00:00,0,1,269,False,True,281,WITHIN_TOLERANCE,NEAR_ATM,0.3284671532846715,-0.3284671532846715,14,D3,78,1761831000000,,False,65,5.7,5.68,-0.35087719298246833,82.3943661971831,-12.5,-7.3943661971831,48,65,-49.22779922779923,-0.08974358974358976,81.75438596491227,-12.807017543859656,True,SCORED_WINDOW
SPY-0027,SPY,O:SPY251110C00685000,CALL,685.0,2025-11-10,14,0.0,DISCOVERY,RISK_OR_EXHAUSTION,2025-10-27T13:45:00+00:00,2025-10-27T13:30:00+00:00,0,1,269,False,True,281,WITHIN_TOLERANCE,NEAR_ATM,0.3284671532846715,-0.3284671532846715,14,D5,130,1762180200000,,False,119,5.7,5.68,-0.35087719298246833,82.3943661971831,-34.15492957746478,-23.415492957746487,48,108,-58.011583011583014,-0.2841880341880343,81.75438596491227,-34.3859649122807,True,SCORED_WINDOW
SPY-0027,SPY,O:SPY251110C00685000,CALL,685.0,2025-11-10,14,0.0,DISCOVERY,RISK_OR_EXHAUSTION,2025-10-27T13:45:00+00:00,2025-10-27T13:30:00+00:00,0,1,269,False,True,281,WITHIN_TOLERANCE,NEAR_ATM,0.3284671532846715,-0.3284671532846715,14,D10,260,1762785000000,,False,254,5.7,5.68,-0.35087719298246833,82.3943661971831,-99.64788732394366,-99.11971830985915,48,227,-99.5173745173745,-1.202991452991453,81.75438596491227,-99.64912280701755,True,SCORED_WINDOW
PYPL-0028,PYPL,O:PYPL251107C00071000,CALL,71.0,2025-11-07,14,0.0,DISCOVERY,ENTRY_FORMING,2025-10-27T14:15:00+00:00,2025-10-27T14:00:00+00:00,47,1,244,False,True,292,WITHIN_TOLERANCE,NEAR_ATM,0.3732394366197191,-0.3732394366197191,11,H1,4,1761577200000,,False,4,3.3,3.3,0.0,6.060606060606055,-4.545454545454541,-3.0303030303030165,1,3,-8.571428571428562,-0.49999999999999817,6.060606060606055,-4.545454545454541,True,SCORED_WINDOW
PYPL-0028,PYPL,O:PYPL251107C00071000,CALL,71.0,2025-11-07,14,0.0,DISCOVERY,ENTRY_FORMING,2025-10-27T14:15:00+00:00,2025-10-27T14:00:00+00:00,47,1,244,False,True,292,WITHIN_TOLERANCE,NEAR_ATM,0.3732394366197191,-0.3732394366197191,11,D1,26,1761660000000,,False,26,3.3,3.3,0.0,133.93939393939394,-9.090909090909083,130.3030303030303,26,23,-1.5544041450777257,0.9728506787330318,133.93939393939394,-9.090909090909083,False,SCORED_WINDOW
PYPL-0028,PYPL,O:PYPL251107C00071000,CALL,71.0,2025-11-07,14,0.0,DISCOVERY,ENTRY_FORMING,2025-10-27T14:15:00+00:00,2025-10-27T14:00:00+00:00,47,1,244,False,True,292,WITHIN_TOLERANCE,NEAR_ATM,0.3732394366197191,-0.3732394366197191,11,D3,78,1761832800000,,False,78,3.3,3.3,0.0,157.57575757575756,-66.66666666666666,-65.15151515151516,27,78,-86.47058823529412,-0.41346153846153855,157.57575757575756,-66.66666666666666,True,SCORED_WINDOW
PYPL-0028,PYPL,O:PYPL251107C00071000,CALL,71.0,2025-11-07,14,0.0,DISCOVERY,ENTRY_FORMING,2025-10-27T14:15:00+00:00,2025-10-27T14:00:00+00:00,47,1,244,False,True,292,WITHIN_TOLERANCE,NEAR_ATM,0.3732394366197191,-0.3732394366197191,11,D5,130,1762182000000,,False,130,3.3,3.3,0.0,157.57575757575756,-87.57575757575758,-83.03030303030303,27,117,-93.41176470588235,-0.5269230769230769,157.57575757575756,-87.57575757575758,True,SCORED_WINDOW
PYPL-0028,PYPL,O:PYPL251107C00071000,CALL,71.0,2025-11-07,14,0.0,DISCOVERY,ENTRY_FORMING,2025-10-27T14:15:00+00:00,2025-10-27T14:00:00+00:00,47,1,244,False,True,292,WITHIN_TOLERANCE,NEAR_ATM,0.3732394366197191,-0.3732394366197191,11,D10,260,1762786800000,CONTRACT_EXPIRY,True,244,3.3,3.3,0.0,157.57575757575756,-99.69696969696969,-99.39393939393939,27,226,-99.76470588235294,-0.6307692307692307,157.57575757575756,-99.69696969696969,True,SCORED_RIGHT_CENSORED
VALE-0024,VALE,O:VALE251114C00011500,CALL,11.5,2025-11-14,14,0.0,DISCOVERY,ENTRY_FORMING,2025-10-28T13:45:00+00:00,2025-10-28T13:30:00+00:00,11,1,40,False,True,52,WITHIN_TOLERANCE,NEAR_ATM,0.04347826086957201,-0.04347826086957201,17,H1,4,1761661800000,,False,0,,,,,,,,,,,,,,UNSCORED_NO_POST_SIGNAL_PRINT
VALE-0024,VALE,O:VALE251114C00011500,CALL,11.5,2025-11-14,14,0.0,DISCOVERY,ENTRY_FORMING,2025-10-28T13:45:00+00:00,2025-10-28T13:30:00+00:00,11,1,40,False,True,52,WITHIN_TOLERANCE,NEAR_ATM,0.04347826086957201,-0.04347826086957201,17,D1,26,1761744600000,,False,3,0.36,0.35,-2.777777777777779,60.00000000000003,0.0,60.00000000000003,3,1,0.0,1.0,55.55555555555558,-2.777777777777779,False,SCORED_WINDOW
VALE-0024,VALE,O:VALE251114C00011500,CALL,11.5,2025-11-14,14,0.0,DISCOVERY,ENTRY_FORMING,2025-10-28T13:45:00+00:00,2025-10-28T13:30:00+00:00,11,1,40,False,True,52,WITHIN_TOLERANCE,NEAR_ATM,0.04347826086957201,-0.04347826086957201,17,D3,78,1761917400000,,False,8,0.36,0.35,-2.777777777777779,60.00000000000003,-5.714285714285705,37.142857142857146,3,6,-14.285714285714302,0.6190476190476188,55.55555555555558,-8.333333333333325,True,SCORED_WINDOW
VALE-0024,VALE,O:VALE251114C00011500,CALL,11.5,2025-11-14,14,0.0,DISCOVERY,ENTRY_FORMING,2025-10-28T13:45:00+00:00,2025-10-28T13:30:00+00:00,11,1,40,False,True,52,WITHIN_TOLERANCE,NEAR_ATM,0.04347826086957201,-0.04347826086957201,17,D5,130,1762266600000,,False,18,0.36,0.35,-2.777777777777779,117.14285714285717,-5.714285714285705,117.14285714285717,18,6,0.0,1.0,111.11111111111111,-8.333333333333325,False,SCORED_WINDOW
VALE-0024,VALE,O:VALE251114C00011500,CALL,11.5,2025-11-14,14,0.0,DISCOVERY,ENTRY_FORMING,2025-10-28T13:45:00+00:00,2025-10-28T13:30:00+00:00,11,1,40,False,True,52,WITHIN_TOLERANCE,NEAR_ATM,0.04347826086957201,-0.04347826086957201,17,D10,260,1762871400000,,False,29,0.36,0.35,-2.777777777777779,142.8571428571429,-5.714285714285705,125.71428571428575,21,6,-7.058823529411762,0.88,136.11111111111111,-8.333333333333325,False,SCORED_WINDOW
TSLA-0026,TSLA,O:TSLA251114C00447500,CALL,447.5,2025-11-14,14,0.0,DISCOVERY,CONTINUATION,2025-10-31T13:45:00+00:00,2025-10-31T13:30:00+00:00,77,1,274,False,True,352,WITHIN_TOLERANCE,NEAR_ATM,0.14960893854749224,0.14960893854749224,14,H1,4,1761921000000,,False,4,20.1,19.75,-1.7412935323383172,26.83544303797469,-3.8481012658227898,20.9620253164557,3,1,-4.630738522954092,0.781132075471698,24.626865671641784,-5.522388059701511,False,SCORED_WINDOW
TSLA-0026,TSLA,O:TSLA251114C00447500,CALL,447.5,2025-11-14,14,0.0,DISCOVERY,CONTINUATION,2025-10-31T13:45:00+00:00,2025-10-31T13:30:00+00:00,77,1,274,False,True,352,WITHIN_TOLERANCE,NEAR_ATM,0.14960893854749224,0.14960893854749224,14,D1,26,1762180200000,,False,26,20.1,19.75,-1.7412935323383172,44.55696202531645,-8.354430379746825,38.481012658227854,26,15,-4.203152364273199,0.8636363636363639,42.03980099502487,-9.950248756218905,False,SCORED_WINDOW
TSLA-0026,TSLA,O:TSLA251114C00447500,CALL,447.5,2025-11-14,14,0.0,DISCOVERY,CONTINUATION,2025-10-31T13:45:00+00:00,2025-10-31T13:30:00+00:00,77,1,274,False,True,352,WITHIN_TOLERANCE,NEAR_ATM,0.14960893854749224,0.14960893854749224,14,D3,78,1762353000000,,False,71,20.1,19.75,-1.7412935323383172,78.48101265822784,-16.455696202531644,-14.936708860759495,27,71,-52.34042553191489,-0.19032258064516133,75.37313432835819,-17.910447761194035,True,SCORED_WINDOW
TSLA-0026,TSLA,O:TSLA251114C00447500,CALL,447.5,2025-11-14,14,0.0,DISCOVERY,CONTINUATION,2025-10-31T13:45:00+00:00,2025-10-31T13:30:00+00:00,77,1,274,False,True,352,WITHIN_TOLERANCE,NEAR_ATM,0.14960893854749224,0.14960893854749224,14,D5,130,1762525800000,,False,123,20.1,19.75,-1.7412935323383172,78.48101265822784,-64.05063291139241,-57.974683544303794,27,123,-76.45390070921985,-0.7387096774193549,75.37313432835819,-64.6766169154229,True,SCORED_WINDOW
TSLA-0026,TSLA,O:TSLA251114C00447500,CALL,447.5,2025-11-14,14,0.0,DISCOVERY,CONTINUATION,2025-10-31T13:45:00+00:00,2025-10-31T13:30:00+00:00,77,1,274,False,True,352,WITHIN_TOLERANCE,NEAR_ATM,0.14960893854749224,0.14960893854749224,14,D10,260,1763130600000,,False,253,20.1,19.75,-1.7412935323383172,78.48101265822784,-99.89873417721519,-99.89873417721519,27,253,-99.94326241134752,-1.2729032258064517,75.37313432835819,-99.90049751243781,True,SCORED_WINDOW
GME-0025,GME,O:GME251121C00022000,CALL,22.0,2025-11-21,14,0.0,DISCOVERY,ENTRY_FORMING,2025-11-05T20:00:00+00:00,2025-11-05T19:45:00+00:00,108,1,304,False,True,413,WITHIN_TOLERANCE,NEAR_ATM,0.7499999999999961,0.7499999999999961,16,H1,4,1762375500000,,False,2,1.1,1.06,-3.6363636363636376,0.0,-3.7735849056603765,-3.7735849056603765,1,2,-3.7735849056603765,,-3.6363636363636376,-7.272727272727275,True,SCORED_WINDOW
GME-0025,GME,O:GME251121C00022000,CALL,22.0,2025-11-21,14,0.0,DISCOVERY,ENTRY_FORMING,2025-11-05T20:00:00+00:00,2025-11-05T19:45:00+00:00,108,1,304,False,True,413,WITHIN_TOLERANCE,NEAR_ATM,0.7499999999999961,0.7499999999999961,16,D1,26,1762458300000,,False,23,1.1,1.06,-3.6363636363636376,0.0,-25.47169811320755,-21.698113207547177,1,12,-21.698113207547177,,-3.6363636363636376,-28.181818181818187,True,SCORED_WINDOW
GME-0025,GME,O:GME251121C00022000,CALL,22.0,2025-11-21,14,0.0,DISCOVERY,ENTRY_FORMING,2025-11-05T20:00:00+00:00,2025-11-05T19:45:00+00:00,108,1,304,False,True,413,WITHIN_TOLERANCE,NEAR_ATM,0.7499999999999961,0.7499999999999961,16,D3,78,1762803900000,,False,70,1.1,1.06,-3.6363636363636376,0.0,-59.43396226415094,-45.28301886792453,1,55,-45.28301886792453,,-3.6363636363636376,-60.909090909090914,True,SCORED_WINDOW
GME-0025,GME,O:GME251121C00022000,CALL,22.0,2025-11-21,14,0.0,DISCOVERY,ENTRY_FORMING,2025-11-05T20:00:00+00:00,2025-11-05T19:45:00+00:00,108,1,304,False,True,413,WITHIN_TOLERANCE,NEAR_ATM,0.7499999999999961,0.7499999999999961,16,D5,130,1762976700000,,False,121,1.1,1.06,-3.6363636363636376,0.0,-71.69811320754718,-67.9245283018868,1,107,-67.9245283018868,,-3.6363636363636376,-72.72727272727273,True,SCORED_WINDOW
GME-0025,GME,O:GME251121C00022000,CALL,22.0,2025-11-21,14,0.0,DISCOVERY,ENTRY_FORMING,2025-11-05T20:00:00+00:00,2025-11-05T19:45:00+00:00,108,1,304,False,True,413,WITHIN_TOLERANCE,NEAR_ATM,0.7499999999999961,0.7499999999999961,16,D10,260,1763581500000,,False,251,1.1,1.06,-3.6363636363636376,0.0,-97.16981132075472,-96.22641509433963,1,206,-96.22641509433963,,-3.6363636363636376,-97.27272727272728,True,SCORED_WINDOW
U-0026,U,O:U251121C00043000,CALL,43.0,2025-11-21,14,0.0,DISCOVERY,RISK_OR_EXHAUSTION,2025-11-05T20:45:00+00:00,2025-11-05T20:30:00+00:00,43,1,208,False,True,252,WITHIN_TOLERANCE,NEAR_ATM,1.0813953488372172,-1.0813953488372172,16,H1,4,1762441200000,,False,4,2.72,2.67,-1.8382352941176516,1.1235955056179803,-38.20224719101124,-38.20224719101124,1,4,-38.88888888888889,-33.99999999999992,-0.7352941176470562,-39.33823529411765,True,SCORED_WINDOW
U-0026,U,O:U251121C00043000,CALL,43.0,2025-11-21,14,0.0,DISCOVERY,RISK_OR_EXHAUSTION,2025-11-05T20:45:00+00:00,2025-11-05T20:30:00+00:00,43,1,208,False,True,252,WITHIN_TOLERANCE,NEAR_ATM,1.0813953488372172,-1.0813953488372172,16,D1,26,1762461000000,,False,25,2.72,2.67,-1.8382352941176516,1.1235955056179803,-58.052434456928836,-47.940074906367045,1,12,-48.518518518518526,-42.666666666666565,-0.7352941176470562,-58.823529411764696,True,SCORED_WINDOW
U-0026,U,O:U251121C00043000,CALL,43.0,2025-11-21,14,0.0,DISCOVERY,RISK_OR_EXHAUSTION,2025-11-05T20:45:00+00:00,2025-11-05T20:30:00+00:00,43,1,208,False,True,252,WITHIN_TOLERANCE,NEAR_ATM,1.0813953488372172,-1.0813953488372172,16,D3,78,1762806600000,,False,71,2.72,2.67,-1.8382352941176516,4.868913857677892,-77.15355805243446,-22.097378277153556,51,35,-25.71428571428571,-4.538461538461548,2.941176470588225,-77.57352941176471,False,SCORED_WINDOW
U-0026,U,O:U251121C00043000,CALL,43.0,2025-11-21,14,0.0,DISCOVERY,RISK_OR_EXHAUSTION,2025-11-05T20:45:00+00:00,2025-11-05T20:30:00+00:00,43,1,208,False,True,252,WITHIN_TOLERANCE,NEAR_ATM,1.0813953488372172,-1.0813953488372172,16,D5,130,1762979400000,,False,108,2.72,2.67,-1.8382352941176516,4.868913857677892,-77.15355805243446,-70.41198501872658,51,35,-71.78571428571428,-14.46153846153849,2.941176470588225,-77.57352941176471,False,SCORED_WINDOW
U-0026,U,O:U251121C00043000,CALL,43.0,2025-11-21,14,0.0,DISCOVERY,RISK_OR_EXHAUSTION,2025-11-05T20:45:00+00:00,2025-11-05T20:30:00+00:00,43,1,208,False,True,252,WITHIN_TOLERANCE,NEAR_ATM,1.0813953488372172,-1.0813953488372172,16,D10,260,1763584200000,,False,176,2.72,2.67,-1.8382352941176516,4.868913857677892,-98.50187265917603,-92.50936329588015,51,155,-92.85714285714286,-19.00000000000004,2.941176470588225,-98.52941176470588,True,SCORED_WINDOW
TSLA-0027,TSLA,O:TSLA251121C00437500,CALL,437.5,2025-11-21,14,0.0,DISCOVERY,ENTRY_FORMING,2025-11-10T14:45:00+00:00,2025-11-10T14:30:00+00:00,90,1,257,False,True,348,WITHIN_TOLERANCE,NEAR_ATM,0.18400000000000158,0.18400000000000158,11,H1,4,1762788600000,,False,4,17.51,17.71,1.142204454597362,25.917560700169396,-9.655561829474879,25.917560700169396,4,1,0.0,1.0,27.355796687607082,-8.623643632210175,False,SCORED_WINDOW
TSLA-0027,TSLA,O:TSLA251121C00437500,CALL,437.5,2025-11-21,14,0.0,DISCOVERY,ENTRY_FORMING,2025-11-10T14:45:00+00:00,2025-11-10T14:30:00+00:00,90,1,257,False,True,348,WITHIN_TOLERANCE,NEAR_ATM,0.18400000000000158,0.18400000000000158,11,D1,26,1762871400000,,False,25,17.51,17.71,1.142204454597362,36.7588932806324,-9.655561829474879,-3.2185206098249597,7,1,-29.23203963666391,-0.08755760368663602,38.32095945174186,-8.623643632210175,False,SCORED_WINDOW
TSLA-0027,TSLA,O:TSLA251121C00437500,CALL,437.5,2025-11-21,14,0.0,DISCOVERY,ENTRY_FORMING,2025-11-10T14:45:00+00:00,2025-11-10T14:30:00+00:00,90,1,257,False,True,348,WITHIN_TOLERANCE,NEAR_ATM,0.18400000000000158,0.18400000000000158,11,D3,78,1763044200000,,False,77,17.51,17.71,1.142204454597362,36.7588932806324,-66.12083568605308,-65.33032185206098,7,77,-74.64905037159373,-1.777265745007681,38.32095945174186,-65.73386636207881,True,SCORED_WINDOW
TSLA-0027,TSLA,O:TSLA251121C00437500,CALL,437.5,2025-11-21,14,0.0,DISCOVERY,ENTRY_FORMING,2025-11-10T14:45:00+00:00,2025-11-10T14:30:00+00:00,90,1,257,False,True,348,WITHIN_TOLERANCE,NEAR_ATM,0.18400000000000158,0.18400000000000158,11,D5,130,1763389800000,,False,129,17.51,17.71,1.142204454597362,36.7588932806324,-91.86900056465274,-86.84359119141727,7,103,-90.37985136251032,-2.362519201228879,38.32095945174186,-91.77612792689892,True,SCORED_WINDOW
TSLA-0027,TSLA,O:TSLA251121C00437500,CALL,437.5,2025-11-21,14,0.0,DISCOVERY,ENTRY_FORMING,2025-11-10T14:45:00+00:00,2025-11-10T14:30:00+00:00,90,1,257,False,True,348,WITHIN_TOLERANCE,NEAR_ATM,0.18400000000000158,0.18400000000000158,11,D10,260,1763994600000,CONTRACT_EXPIRY,True,257,17.51,17.71,1.142204454597362,36.7588932806324,-99.94353472614343,-99.94353472614343,7,239,-99.95871180842279,-2.7188940092165907,38.32095945174186,-99.94288977727012,True,SCORED_RIGHT_CENSORED
RBLX-0027,RBLX,O:RBLX251121C00106000,CALL,106.0,2025-11-21,14,0.0,DISCOVERY,ENTRY_FORMING,2025-11-10T20:15:00+00:00,2025-11-10T20:00:00+00:00,25,0,100,False,False,125,WITHIN_TOLERANCE,NEAR_ATM,0.27830188679245443,0.27830188679245443,11,H1,4,1762871400000,,False,,,,,,,,,,,,,,,UNSCORED_SIGNAL_BAR_ABSENT
RBLX-0027,RBLX,O:RBLX251121C00106000,CALL,106.0,2025-11-21,14,0.0,DISCOVERY,ENTRY_FORMING,2025-11-10T20:15:00+00:00,2025-11-10T20:00:00+00:00,25,0,100,False,False,125,WITHIN_TOLERANCE,NEAR_ATM,0.27830188679245443,0.27830188679245443,11,D1,26,1762891200000,,False,,,,,,,,,,,,,,,UNSCORED_SIGNAL_BAR_ABSENT
RBLX-0027,RBLX,O:RBLX251121C00106000,CALL,106.0,2025-11-21,14,0.0,DISCOVERY,ENTRY_FORMING,2025-11-10T20:15:00+00:00,2025-11-10T20:00:00+00:00,25,0,100,False,False,125,WITHIN_TOLERANCE,NEAR_ATM,0.27830188679245443,0.27830188679245443,11,D3,78,1763064000000,,False,,,,,,,,,,,,,,,UNSCORED_SIGNAL_BAR_ABSENT
RBLX-0027,RBLX,O:RBLX251121C00106000,CALL,106.0,2025-11-21,14,0.0,DISCOVERY,ENTRY_FORMING,2025-11-10T20:15:00+00:00,2025-11-10T20:00:00+00:00,25,0,100,False,False,125,WITHIN_TOLERANCE,NEAR_ATM,0.27830188679245443,0.27830188679245443,11,D5,130,1763409600000,,False,,,,,,,,,,,,,,,UNSCORED_SIGNAL_BAR_ABSENT
RBLX-0027,RBLX,O:RBLX251121C00106000,CALL,106.0,2025-11-21,14,0.0,DISCOVERY,ENTRY_FORMING,2025-11-10T20:15:00+00:00,2025-11-10T20:00:00+00:00,25,0,100,False,False,125,WITHIN_TOLERANCE,NEAR_ATM,0.27830188679245443,0.27830188679245443,11,D10,260,1764014400000,CONTRACT_EXPIRY,True,,,,,,,,,,,,,,,UNSCORED_SIGNAL_BAR_ABSENT
SPY-0028,SPY,O:SPY251124C00680000,CALL,680.0,2025-11-24,14,0.0,DISCOVERY,CONTINUATION,2025-11-10T21:00:00+00:00,2025-11-10T20:45:00+00:00,25,1,249,False,True,284,WITHIN_TOLERANCE,NEAR_ATM,0.19558823529412364,0.19558823529412364,14,H1,4,1762874100000,,False,5,8.72,8.7,-0.2293577981651529,3.218390804597715,-20.80459770114942,-16.666666666666664,1,5,-19.265033407572385,-5.178571428571406,2.9816513761467878,-20.9862385321101,True,SCORED_WINDOW
SPY-0028,SPY,O:SPY251124C00680000,CALL,680.0,2025-11-24,14,0.0,DISCOVERY,CONTINUATION,2025-11-10T21:00:00+00:00,2025-11-10T20:45:00+00:00,25,1,249,False,True,284,WITHIN_TOLERANCE,NEAR_ATM,0.19558823529412364,0.19558823529412364,14,D1,26,1762893900000,,False,27,8.72,8.7,-0.2293577981651529,9.080459770114956,-21.034482758620687,2.0689655172414056,27,10,-6.427818756585879,0.22784810126582536,8.830275229357799,-21.215596330275233,False,SCORED_WINDOW
SPY-0028,SPY,O:SPY251124C00680000,CALL,680.0,2025-11-24,14,0.0,DISCOVERY,CONTINUATION,2025-11-10T21:00:00+00:00,2025-11-10T20:45:00+00:00,25,1,249,False,True,284,WITHIN_TOLERANCE,NEAR_ATM,0.19558823529412364,0.19558823529412364,14,D3,78,1763066700000,,False,70,8.72,8.7,-0.2293577981651529,16.436781609195418,-53.79310344827586,-53.333333333333336,29,70,-59.92102665350445,-3.244755244755242,16.1697247706422,-53.89908256880736,True,SCORED_WINDOW
SPY-0028,SPY,O:SPY251124C00680000,CALL,680.0,2025-11-24,14,0.0,DISCOVERY,CONTINUATION,2025-11-10T21:00:00+00:00,2025-11-10T20:45:00+00:00,25,1,249,False,True,284,WITHIN_TOLERANCE,NEAR_ATM,0.19558823529412364,0.19558823529412364,14,D5,130,1763412300000,,False,124,8.72,8.7,-0.2293577981651529,16.436781609195418,-86.20689655172413,-82.29885057471265,29,121,-84.79763079960514,-5.006993006993002,16.1697247706422,-86.23853211009175,True,SCORED_WINDOW
SPY-0028,SPY,O:SPY251124C00680000,CALL,680.0,2025-11-24,14,0.0,DISCOVERY,CONTINUATION,2025-11-10T21:00:00+00:00,2025-11-10T20:45:00+00:00,25,1,249,False,True,284,WITHIN_TOLERANCE,NEAR_ATM,0.19558823529412364,0.19558823529412364,14,D10,260,1764017100000,,False,258,8.72,8.7,-0.2293577981651529,16.436781609195418,-99.88505747126437,-99.88505747126437,29,230,-99.90128331688055,-6.076923076923071,16.1697247706422,-99.88532110091744,True,SCORED_WINDOW
RBLX-0028,RBLX,O:RBLX251128C00101000,CALL,101.0,2025-11-28,14,0.0,DISCOVERY,THESIS_PRESSURE,2025-11-13T16:15:00+00:00,2025-11-13T16:00:00+00:00,1,0,36,False,False,37,WITHIN_TOLERANCE,NEAR_ATM,0.4108910891089171,0.4108910891089171,15,H1,4,1763053200000,,False,,,,,,,,,,,,,,,UNSCORED_SIGNAL_BAR_ABSENT
RBLX-0028,RBLX,O:RBLX251128C00101000,CALL,101.0,2025-11-28,14,0.0,DISCOVERY,THESIS_PRESSURE,2025-11-13T16:15:00+00:00,2025-11-13T16:00:00+00:00,1,0,36,False,False,37,WITHIN_TOLERANCE,NEAR_ATM,0.4108910891089171,0.4108910891089171,15,D1,26,1763136000000,,False,,,,,,,,,,,,,,,UNSCORED_SIGNAL_BAR_ABSENT
RBLX-0028,RBLX,O:RBLX251128C00101000,CALL,101.0,2025-11-28,14,0.0,DISCOVERY,THESIS_PRESSURE,2025-11-13T16:15:00+00:00,2025-11-13T16:00:00+00:00,1,0,36,False,False,37,WITHIN_TOLERANCE,NEAR_ATM,0.4108910891089171,0.4108910891089171,15,D3,78,1763481600000,,False,,,,,,,,,,,,,,,UNSCORED_SIGNAL_BAR_ABSENT
RBLX-0028,RBLX,O:RBLX251128C00101000,CALL,101.0,2025-11-28,14,0.0,DISCOVERY,THESIS_PRESSURE,2025-11-13T16:15:00+00:00,2025-11-13T16:00:00+00:00,1,0,36,False,False,37,WITHIN_TOLERANCE,NEAR_ATM,0.4108910891089171,0.4108910891089171,15,D5,130,1763654400000,,False,,,,,,,,,,,,,,,UNSCORED_SIGNAL_BAR_ABSENT
RBLX-0028,RBLX,O:RBLX251128C00101000,CALL,101.0,2025-11-28,14,0.0,DISCOVERY,THESIS_PRESSURE,2025-11-13T16:15:00+00:00,2025-11-13T16:00:00+00:00,1,0,36,False,False,37,WITHIN_TOLERANCE,NEAR_ATM,0.4108910891089171,0.4108910891089171,15,D10,260,1764345600000,,False,,,,,,,,,,,,,,,UNSCORED_SIGNAL_BAR_ABSENT
GME-0026,GME,O:GME251128C00021000,CALL,21.0,2025-11-28,14,0.0,DISCOVERY,THESIS_PRESSURE,2025-11-14T18:30:00+00:00,2025-11-14T18:15:00+00:00,68,0,227,False,False,295,WITHIN_TOLERANCE,NEAR_ATM,0.952380952380949,-0.952380952380949,14,H1,4,1763147700000,,False,,,,,,,,,,,,,,,UNSCORED_SIGNAL_BAR_ABSENT
GME-0026,GME,O:GME251128C00021000,CALL,21.0,2025-11-28,14,0.0,DISCOVERY,THESIS_PRESSURE,2025-11-14T18:30:00+00:00,2025-11-14T18:15:00+00:00,68,0,227,False,False,295,WITHIN_TOLERANCE,NEAR_ATM,0.952380952380949,-0.952380952380949,14,D1,26,1763403300000,,False,,,,,,,,,,,,,,,UNSCORED_SIGNAL_BAR_ABSENT
GME-0026,GME,O:GME251128C00021000,CALL,21.0,2025-11-28,14,0.0,DISCOVERY,THESIS_PRESSURE,2025-11-14T18:30:00+00:00,2025-11-14T18:15:00+00:00,68,0,227,False,False,295,WITHIN_TOLERANCE,NEAR_ATM,0.952380952380949,-0.952380952380949,14,D3,78,1763576100000,,False,,,,,,,,,,,,,,,UNSCORED_SIGNAL_BAR_ABSENT
GME-0026,GME,O:GME251128C00021000,CALL,21.0,2025-11-28,14,0.0,DISCOVERY,THESIS_PRESSURE,2025-11-14T18:30:00+00:00,2025-11-14T18:15:00+00:00,68,0,227,False,False,295,WITHIN_TOLERANCE,NEAR_ATM,0.952380952380949,-0.952380952380949,14,D5,130,1763748900000,,False,,,,,,,,,,,,,,,UNSCORED_SIGNAL_BAR_ABSENT
GME-0026,GME,O:GME251128C00021000,CALL,21.0,2025-11-28,14,0.0,DISCOVERY,THESIS_PRESSURE,2025-11-14T18:30:00+00:00,2025-11-14T18:15:00+00:00,68,0,227,False,False,295,WITHIN_TOLERANCE,NEAR_ATM,0.952380952380949,-0.952380952380949,14,D10,260,1764686700000,CONTRACT_EXPIRY,True,,,,,,,,,,,,,,,UNSCORED_SIGNAL_BAR_ABSENT
TSLA-0028,TSLA,O:TSLA251128C00410000,CALL,410.0,2025-11-28,14,0.0,DISCOVERY,THESIS_PRESSURE,2025-11-17T19:00:00+00:00,2025-11-17T18:45:00+00:00,110,1,204,False,True,315,WITHIN_TOLERANCE,NEAR_ATM,0.2268292682926846,-0.2268292682926846,11,H1,4,1763408700000,,False,4,14.8,14.95,1.0135135135135087,1.3377926421404673,-12.374581939799334,-11.371237458193972,1,4,-12.541254125412548,-8.5,2.3648648648648685,-11.486486486486491,True,SCORED_WINDOW
TSLA-0028,TSLA,O:TSLA251128C00410000,CALL,410.0,2025-11-28,14,0.0,DISCOVERY,THESIS_PRESSURE,2025-11-17T19:00:00+00:00,2025-11-17T18:45:00+00:00,110,1,204,False,True,315,WITHIN_TOLERANCE,NEAR_ATM,0.2268292682926846,-0.2268292682926846,11,D1,26,1763491500000,,False,26,14.8,14.95,1.0135135135135087,1.3377926421404673,-42.47491638795987,-25.618729096989966,1,11,-26.60066006600661,-19.150000000000013,2.3648648648648685,-41.891891891891895,True,SCORED_WINDOW
TSLA-0028,TSLA,O:TSLA251128C00410000,CALL,410.0,2025-11-28,14,0.0,DISCOVERY,THESIS_PRESSURE,2025-11-17T19:00:00+00:00,2025-11-17T18:45:00+00:00,110,1,204,False,True,315,WITHIN_TOLERANCE,NEAR_ATM,0.2268292682926846,-0.2268292682926846,11,D3,78,1763664300000,,False,78,14.8,14.95,1.0135135135135087,64.21404682274247,-42.47491638795987,-36.52173913043478,65,11,-61.34419551934827,-0.56875,65.87837837837837,-41.891891891891895,False,SCORED_WINDOW
TSLA-0028,TSLA,O:TSLA251128C00410000,CALL,410.0,2025-11-28,14,0.0,DISCOVERY,THESIS_PRESSURE,2025-11-17T19:00:00+00:00,2025-11-17T18:45:00+00:00,110,1,204,False,True,315,WITHIN_TOLERANCE,NEAR_ATM,0.2268292682926846,-0.2268292682926846,11,D5,130,1764009900000,,False,130,14.8,14.95,1.0135135135135087,64.21404682274247,-73.91304347826086,-0.8695652173912993,65,93,-39.633401221995925,-0.013541666666666589,65.87837837837837,-73.64864864864865,True,SCORED_WINDOW
TSLA-0028,TSLA,O:TSLA251128C00410000,CALL,410.0,2025-11-28,14,0.0,DISCOVERY,THESIS_PRESSURE,2025-11-17T19:00:00+00:00,2025-11-17T18:45:00+00:00,110,1,204,False,True,315,WITHIN_TOLERANCE,NEAR_ATM,0.2268292682926846,-0.2268292682926846,11,D10,260,1764774900000,CONTRACT_EXPIRY,True,204,14.8,14.95,1.0135135135135087,64.21404682274247,-73.91304347826086,35.78595317725755,65,93,-17.31160896130346,0.557291666666667,65.87837837837837,-73.64864864864865,True,SCORED_RIGHT_CENSORED
VALE-0025,VALE,O:VALE251128C00012500,CALL,12.5,2025-11-28,14,0.0,DISCOVERY,THESIS_PRESSURE,2025-11-17T19:30:00+00:00,2025-11-17T19:15:00+00:00,9,0,63,False,False,72,WITHIN_TOLERANCE,NEAR_ATM,1.760000000000005,-1.760000000000005,11,H1,4,1763410500000,,False,,,,,,,,,,,,,,,UNSCORED_SIGNAL_BAR_ABSENT
VALE-0025,VALE,O:VALE251128C00012500,CALL,12.5,2025-11-28,14,0.0,DISCOVERY,THESIS_PRESSURE,2025-11-17T19:30:00+00:00,2025-11-17T19:15:00+00:00,9,0,63,False,False,72,WITHIN_TOLERANCE,NEAR_ATM,1.760000000000005,-1.760000000000005,11,D1,26,1763493300000,,False,,,,,,,,,,,,,,,UNSCORED_SIGNAL_BAR_ABSENT
VALE-0025,VALE,O:VALE251128C00012500,CALL,12.5,2025-11-28,14,0.0,DISCOVERY,THESIS_PRESSURE,2025-11-17T19:30:00+00:00,2025-11-17T19:15:00+00:00,9,0,63,False,False,72,WITHIN_TOLERANCE,NEAR_ATM,1.760000000000005,-1.760000000000005,11,D3,78,1763667000000,,False,,,,,,,,,,,,,,,UNSCORED_SIGNAL_BAR_ABSENT
VALE-0025,VALE,O:VALE251128C00012500,CALL,12.5,2025-11-28,14,0.0,DISCOVERY,THESIS_PRESSURE,2025-11-17T19:30:00+00:00,2025-11-17T19:15:00+00:00,9,0,63,False,False,72,WITHIN_TOLERANCE,NEAR_ATM,1.760000000000005,-1.760000000000005,11,D5,130,1764012600000,,False,,,,,,,,,,,,,,,UNSCORED_SIGNAL_BAR_ABSENT
VALE-0025,VALE,O:VALE251128C00012500,CALL,12.5,2025-11-28,14,0.0,DISCOVERY,THESIS_PRESSURE,2025-11-17T19:30:00+00:00,2025-11-17T19:15:00+00:00,9,0,63,False,False,72,WITHIN_TOLERANCE,NEAR_ATM,1.760000000000005,-1.760000000000005,11,D10,260,1764777600000,CONTRACT_EXPIRY,True,,,,,,,,,,,,,,,UNSCORED_SIGNAL_BAR_ABSENT
LULU-0026,LULU,O:LULU251205C00165000,CALL,165.0,2025-12-05,14,0.0,DISCOVERY,THESIS_PRESSURE,2025-11-20T19:00:00+00:00,2025-11-20T18:45:00+00:00,44,0,43,False,False,87,WITHIN_TOLERANCE,NEAR_ATM,0.439393939393936,0.439393939393936,15,H1,4,1763667900000,,False,,,,,,,,,,,,,,,UNSCORED_SIGNAL_BAR_ABSENT
LULU-0026,LULU,O:LULU251205C00165000,CALL,165.0,2025-12-05,14,0.0,DISCOVERY,THESIS_PRESSURE,2025-11-20T19:00:00+00:00,2025-11-20T18:45:00+00:00,44,0,43,False,False,87,WITHIN_TOLERANCE,NEAR_ATM,0.439393939393936,0.439393939393936,15,D1,26,1763750700000,,False,,,,,,,,,,,,,,,UNSCORED_SIGNAL_BAR_ABSENT
LULU-0026,LULU,O:LULU251205C00165000,CALL,165.0,2025-12-05,14,0.0,DISCOVERY,THESIS_PRESSURE,2025-11-20T19:00:00+00:00,2025-11-20T18:45:00+00:00,44,0,43,False,False,87,WITHIN_TOLERANCE,NEAR_ATM,0.439393939393936,0.439393939393936,15,D3,78,1764096300000,,False,,,,,,,,,,,,,,,UNSCORED_SIGNAL_BAR_ABSENT
LULU-0026,LULU,O:LULU251205C00165000,CALL,165.0,2025-12-05,14,0.0,DISCOVERY,THESIS_PRESSURE,2025-11-20T19:00:00+00:00,2025-11-20T18:45:00+00:00,44,0,43,False,False,87,WITHIN_TOLERANCE,NEAR_ATM,0.439393939393936,0.439393939393936,15,D5,130,1764602100000,,False,,,,,,,,,,,,,,,UNSCORED_SIGNAL_BAR_ABSENT
LULU-0026,LULU,O:LULU251205C00165000,CALL,165.0,2025-12-05,14,0.0,DISCOVERY,THESIS_PRESSURE,2025-11-20T19:00:00+00:00,2025-11-20T18:45:00+00:00,44,0,43,False,False,87,WITHIN_TOLERANCE,NEAR_ATM,0.439393939393936,0.439393939393936,15,D10,260,1765206900000,CONTRACT_EXPIRY,True,,,,,,,,,,,,,,,UNSCORED_SIGNAL_BAR_ABSENT
LULU-0027,LULU,O:LULU251205C00170000,CALL,170.0,2025-12-05,14,0.0,DISCOVERY,CONTINUATION,2025-11-21T18:45:00+00:00,2025-11-21T18:30:00+00:00,66,0,113,False,False,179,WITHIN_TOLERANCE,NEAR_ATM,0.2470588235294044,-0.2470588235294044,14,H1,4,1763753400000,,False,,,,,,,,,,,,,,,UNSCORED_SIGNAL_BAR_ABSENT
LULU-0027,LULU,O:LULU251205C00170000,CALL,170.0,2025-12-05,14,0.0,DISCOVERY,CONTINUATION,2025-11-21T18:45:00+00:00,2025-11-21T18:30:00+00:00,66,0,113,False,False,179,WITHIN_TOLERANCE,NEAR_ATM,0.2470588235294044,-0.2470588235294044,14,D1,26,1764009000000,,False,,,,,,,,,,,,,,,UNSCORED_SIGNAL_BAR_ABSENT
LULU-0027,LULU,O:LULU251205C00170000,CALL,170.0,2025-12-05,14,0.0,DISCOVERY,CONTINUATION,2025-11-21T18:45:00+00:00,2025-11-21T18:30:00+00:00,66,0,113,False,False,179,WITHIN_TOLERANCE,NEAR_ATM,0.2470588235294044,-0.2470588235294044,14,D3,78,1764181800000,,False,,,,,,,,,,,,,,,UNSCORED_SIGNAL_BAR_ABSENT
LULU-0027,LULU,O:LULU251205C00170000,CALL,170.0,2025-12-05,14,0.0,DISCOVERY,CONTINUATION,2025-11-21T18:45:00+00:00,2025-11-21T18:30:00+00:00,66,0,113,False,False,179,WITHIN_TOLERANCE,NEAR_ATM,0.2470588235294044,-0.2470588235294044,14,D5,130,1764687600000,,False,,,,,,,,,,,,,,,UNSCORED_SIGNAL_BAR_ABSENT
LULU-0027,LULU,O:LULU251205C00170000,CALL,170.0,2025-12-05,14,0.0,DISCOVERY,CONTINUATION,2025-11-21T18:45:00+00:00,2025-11-21T18:30:00+00:00,66,0,113,False,False,179,WITHIN_TOLERANCE,NEAR_ATM,0.2470588235294044,-0.2470588235294044,14,D10,260,1765292400000,CONTRACT_EXPIRY,True,,,,,,,,,,,,,,,UNSCORED_SIGNAL_BAR_ABSENT
VALE-0026,VALE,O:VALE251212C00012500,CALL,12.5,2025-12-12,14,0.0,DISCOVERY,RISK_OR_EXHAUSTION,2025-11-26T15:00:00+00:00,2025-11-26T14:45:00+00:00,19,0,78,False,False,97,WITHIN_TOLERANCE,NEAR_ATM,1.0799999999999983,-1.0799999999999983,16,H1,4,1764171900000,,False,,,,,,,,,,,,,,,UNSCORED_SIGNAL_BAR_ABSENT
VALE-0026,VALE,O:VALE251212C00012500,CALL,12.5,2025-12-12,14,0.0,DISCOVERY,RISK_OR_EXHAUSTION,2025-11-26T15:00:00+00:00,2025-11-26T14:45:00+00:00,19,0,78,False,False,97,WITHIN_TOLERANCE,NEAR_ATM,1.0799999999999983,-1.0799999999999983,16,D1,26,1764341100000,,False,,,,,,,,,,,,,,,UNSCORED_SIGNAL_BAR_ABSENT
VALE-0026,VALE,O:VALE251212C00012500,CALL,12.5,2025-12-12,14,0.0,DISCOVERY,RISK_OR_EXHAUSTION,2025-11-26T15:00:00+00:00,2025-11-26T14:45:00+00:00,19,0,78,False,False,97,WITHIN_TOLERANCE,NEAR_ATM,1.0799999999999983,-1.0799999999999983,16,D3,78,1764697500000,,False,,,,,,,,,,,,,,,UNSCORED_SIGNAL_BAR_ABSENT
VALE-0026,VALE,O:VALE251212C00012500,CALL,12.5,2025-12-12,14,0.0,DISCOVERY,RISK_OR_EXHAUSTION,2025-11-26T15:00:00+00:00,2025-11-26T14:45:00+00:00,19,0,78,False,False,97,WITHIN_TOLERANCE,NEAR_ATM,1.0799999999999983,-1.0799999999999983,16,D5,130,1764870300000,,False,,,,,,,,,,,,,,,UNSCORED_SIGNAL_BAR_ABSENT
VALE-0026,VALE,O:VALE251212C00012500,CALL,12.5,2025-12-12,14,0.0,DISCOVERY,RISK_OR_EXHAUSTION,2025-11-26T15:00:00+00:00,2025-11-26T14:45:00+00:00,19,0,78,False,False,97,WITHIN_TOLERANCE,NEAR_ATM,1.0799999999999983,-1.0799999999999983,16,D10,260,1765475100000,,False,,,,,,,,,,,,,,,UNSCORED_SIGNAL_BAR_ABSENT
GME-0027,GME,O:GME251212C00022000,CALL,22.0,2025-12-12,14,0.0,DISCOVERY,RISK_OR_EXHAUSTION,2025-11-26T20:45:00+00:00,2025-11-26T20:30:00+00:00,136,1,243,False,True,381,WITHIN_TOLERANCE,NEAR_ATM,1.0227272727272791,-1.0227272727272791,16,H1,4,1764342000000,,False,4,1.17,1.2,2.564102564102577,45.83333333333335,-8.333333333333325,35.83333333333334,3,1,-6.857142857142861,0.7818181818181817,49.572649572649574,-5.982905982905972,False,SCORED_WINDOW
GME-0027,GME,O:GME251212C00022000,CALL,22.0,2025-12-12,14,0.0,DISCOVERY,RISK_OR_EXHAUSTION,2025-11-26T20:45:00+00:00,2025-11-26T20:30:00+00:00,136,1,243,False,True,381,WITHIN_TOLERANCE,NEAR_ATM,1.0227272727272791,-1.0227272727272791,16,D1,26,1764608400000,,False,23,1.17,1.2,2.564102564102577,51.666666666666686,-8.333333333333325,45.83333333333335,22,1,-3.8461538461538547,0.8870967741935484,55.55555555555558,-5.982905982905972,False,SCORED_WINDOW
GME-0027,GME,O:GME251212C00022000,CALL,22.0,2025-12-12,14,0.0,DISCOVERY,RISK_OR_EXHAUSTION,2025-11-26T20:45:00+00:00,2025-11-26T20:30:00+00:00,136,1,243,False,True,381,WITHIN_TOLERANCE,NEAR_ATM,1.0227272727272791,-1.0227272727272791,16,D3,78,1764781200000,,False,68,1.17,1.2,2.564102564102577,66.66666666666667,-8.333333333333325,41.66666666666667,54,1,-15.000000000000002,0.625,70.94017094017096,-5.982905982905972,False,SCORED_WINDOW
GME-0027,GME,O:GME251212C00022000,CALL,22.0,2025-12-12,14,0.0,DISCOVERY,RISK_OR_EXHAUSTION,2025-11-26T20:45:00+00:00,2025-11-26T20:30:00+00:00,136,1,243,False,True,381,WITHIN_TOLERANCE,NEAR_ATM,1.0227272727272791,-1.0227272727272791,16,D5,130,1764954000000,,False,107,1.17,1.2,2.564102564102577,70.83333333333333,-8.333333333333325,31.666666666666686,75,1,-22.92682926829267,0.44705882352941206,75.21367521367522,-5.982905982905972,False,SCORED_WINDOW
GME-0027,GME,O:GME251212C00022000,CALL,22.0,2025-12-12,14,0.0,DISCOVERY,RISK_OR_EXHAUSTION,2025-11-26T20:45:00+00:00,2025-11-26T20:30:00+00:00,136,1,243,False,True,381,WITHIN_TOLERANCE,NEAR_ATM,1.0227272727272791,-1.0227272727272791,16,D10,260,1765558800000,,False,228,1.17,1.2,2.564102564102577,70.83333333333333,-99.16666666666667,-98.33333333333333,75,226,-99.02439024390245,-1.388235294117647,75.21367521367522,-99.14529914529915,True,SCORED_WINDOW
PYPL-0029,PYPL,O:PYPL251212C00063000,CALL,63.0,2025-12-12,14,0.0,DISCOVERY,RISK_OR_EXHAUSTION,2025-11-28T15:15:00+00:00,2025-11-28T15:00:00+00:00,71,1,261,False,True,333,WITHIN_TOLERANCE,NEAR_ATM,0.3968253968253968,-0.3968253968253968,14,H1,4,1764345600000,,False,4,1.53,1.56,1.9607843137254832,2.564102564102577,-1.9230769230769273,-1.2820512820512886,2,3,-3.749999999999998,-0.5,4.575163398692816,0.0,True,SCORED_WINDOW
PYPL-0029,PYPL,O:PYPL251212C00063000,CALL,63.0,2025-12-12,14,0.0,DISCOVERY,RISK_OR_EXHAUSTION,2025-11-28T15:15:00+00:00,2025-11-28T15:00:00+00:00,71,1,261,False,True,333,WITHIN_TOLERANCE,NEAR_ATM,0.3968253968253968,-0.3968253968253968,14,D1,26,1764612000000,,False,24,1.53,1.56,1.9607843137254832,6.41025641025641,-24.35897435897436,1.2820512820512775,23,12,-4.819277108433728,0.19999999999999932,8.496732026143782,-22.87581699346406,False,SCORED_WINDOW
PYPL-0029,PYPL,O:PYPL251212C00063000,CALL,63.0,2025-12-12,14,0.0,DISCOVERY,RISK_OR_EXHAUSTION,2025-11-28T15:15:00+00:00,2025-11-28T15:00:00+00:00,71,1,261,False,True,333,WITHIN_TOLERANCE,NEAR_ATM,0.3968253968253968,-0.3968253968253968,14,D3,78,1764784800000,,False,69,1.53,1.56,1.9607843137254832,25.64102564102564,-61.53846153846154,-52.56410256410257,45,59,-62.244897959183675,-2.0500000000000003,28.104575163398682,-60.7843137254902,True,SCORED_WINDOW
PYPL-0029,PYPL,O:PYPL251212C00063000,CALL,63.0,2025-12-12,14,0.0,DISCOVERY,RISK_OR_EXHAUSTION,2025-11-28T15:15:00+00:00,2025-11-28T15:00:00+00:00,71,1,261,False,True,333,WITHIN_TOLERANCE,NEAR_ATM,0.3968253968253968,-0.3968253968253968,14,D5,130,1764957600000,,False,121,1.53,1.56,1.9607843137254832,25.64102564102564,-75.0,-45.51282051282052,45,82,-56.63265306122449,-1.7750000000000004,28.104575163398682,-74.50980392156863,True,SCORED_WINDOW
PYPL-0029,PYPL,O:PYPL251212C00063000,CALL,63.0,2025-12-12,14,0.0,DISCOVERY,RISK_OR_EXHAUSTION,2025-11-28T15:15:00+00:00,2025-11-28T15:00:00+00:00,71,1,261,False,True,333,WITHIN_TOLERANCE,NEAR_ATM,0.3968253968253968,-0.3968253968253968,14,D10,260,1765562400000,,False,250,1.53,1.56,1.9607843137254832,25.64102564102564,-99.35897435897436,-99.35897435897436,45,241,-99.48979591836735,-3.8750000000000004,28.104575163398682,-99.34640522875817,True,SCORED_WINDOW
GME-0028,GME,O:GME251212C00023000,CALL,23.0,2025-12-12,14,0.0,DISCOVERY,CONTINUATION,2025-12-01T21:00:00+00:00,2025-12-01T20:45:00+00:00,109,1,232,False,True,342,WITHIN_TOLERANCE,NEAR_ATM,0.9565217391304299,-0.9565217391304299,11,H1,4,1764688500000,,False,4,1.07,1.07,0.0,7.47663551401867,-15.887850467289722,-9.345794392523377,4,1,-15.652173913043477,-1.2500000000000053,7.47663551401867,-15.887850467289722,False,SCORED_WINDOW
GME-0028,GME,O:GME251212C00023000,CALL,23.0,2025-12-12,14,0.0,DISCOVERY,CONTINUATION,2025-12-01T21:00:00+00:00,2025-12-01T20:45:00+00:00,109,1,232,False,True,342,WITHIN_TOLERANCE,NEAR_ATM,0.9565217391304299,-0.9565217391304299,11,D1,26,1764708300000,,False,26,1.07,1.07,0.0,33.644859813084096,-15.887850467289722,3.738317757009346,19,1,-22.377622377622362,0.11111111111111117,33.644859813084096,-15.887850467289722,False,SCORED_WINDOW
GME-0028,GME,O:GME251212C00023000,CALL,23.0,2025-12-12,14,0.0,DISCOVERY,CONTINUATION,2025-12-01T21:00:00+00:00,2025-12-01T20:45:00+00:00,109,1,232,False,True,342,WITHIN_TOLERANCE,NEAR_ATM,0.9565217391304299,-0.9565217391304299,11,D3,78,1764881100000,,False,78,1.07,1.07,0.0,34.57943925233644,-15.887850467289722,5.607476635513997,54,1,-21.52777777777778,0.16216216216216156,34.57943925233644,-15.887850467289722,False,SCORED_WINDOW
GME-0028,GME,O:GME251212C00023000,CALL,23.0,2025-12-12,14,0.0,DISCOVERY,CONTINUATION,2025-12-01T21:00:00+00:00,2025-12-01T20:45:00+00:00,109,1,232,False,True,342,WITHIN_TOLERANCE,NEAR_ATM,0.9565217391304299,-0.9565217391304299,11,D5,130,1765226700000,,False,130,1.07,1.07,0.0,34.57943925233644,-16.82242990654206,17.757009345794383,54,80,-12.5,0.5135135135135134,34.57943925233644,-16.82242990654206,True,SCORED_WINDOW
GME-0028,GME,O:GME251212C00023000,CALL,23.0,2025-12-12,14,0.0,DISCOVERY,CONTINUATION,2025-12-01T21:00:00+00:00,2025-12-01T20:45:00+00:00,109,1,232,False,True,342,WITHIN_TOLERANCE,NEAR_ATM,0.9565217391304299,-0.9565217391304299,11,D10,260,1765831500000,CONTRACT_EXPIRY,True,232,1.07,1.07,0.0,34.57943925233644,-99.06542056074767,-99.06542056074767,54,209,-99.30555555555556,-2.8648648648648654,34.57943925233644,-99.06542056074767,True,SCORED_RIGHT_CENSORED
LULU-0028,LULU,O:LULU251219C00182500,CALL,182.5,2025-12-19,14,0.0,DISCOVERY,ENTRY_FORMING,2025-12-03T20:45:00+00:00,2025-12-03T20:30:00+00:00,34,0,121,False,False,155,WITHIN_TOLERANCE,NEAR_ATM,0.38082191780821545,0.38082191780821545,16,H1,4,1764860400000,,False,,,,,,,,,,,,,,,UNSCORED_SIGNAL_BAR_ABSENT
LULU-0028,LULU,O:LULU251219C00182500,CALL,182.5,2025-12-19,14,0.0,DISCOVERY,ENTRY_FORMING,2025-12-03T20:45:00+00:00,2025-12-03T20:30:00+00:00,34,0,121,False,False,155,WITHIN_TOLERANCE,NEAR_ATM,0.38082191780821545,0.38082191780821545,16,D1,26,1764880200000,,False,,,,,,,,,,,,,,,UNSCORED_SIGNAL_BAR_ABSENT
LULU-0028,LULU,O:LULU251219C00182500,CALL,182.5,2025-12-19,14,0.0,DISCOVERY,ENTRY_FORMING,2025-12-03T20:45:00+00:00,2025-12-03T20:30:00+00:00,34,0,121,False,False,155,WITHIN_TOLERANCE,NEAR_ATM,0.38082191780821545,0.38082191780821545,16,D3,78,1765225800000,,False,,,,,,,,,,,,,,,UNSCORED_SIGNAL_BAR_ABSENT
LULU-0028,LULU,O:LULU251219C00182500,CALL,182.5,2025-12-19,14,0.0,DISCOVERY,ENTRY_FORMING,2025-12-03T20:45:00+00:00,2025-12-03T20:30:00+00:00,34,0,121,False,False,155,WITHIN_TOLERANCE,NEAR_ATM,0.38082191780821545,0.38082191780821545,16,D5,130,1765398600000,,False,,,,,,,,,,,,,,,UNSCORED_SIGNAL_BAR_ABSENT
LULU-0028,LULU,O:LULU251219C00182500,CALL,182.5,2025-12-19,14,0.0,DISCOVERY,ENTRY_FORMING,2025-12-03T20:45:00+00:00,2025-12-03T20:30:00+00:00,34,0,121,False,False,155,WITHIN_TOLERANCE,NEAR_ATM,0.38082191780821545,0.38082191780821545,16,D10,260,1766003400000,,False,,,,,,,,,,,,,,,UNSCORED_SIGNAL_BAR_ABSENT
U-0027,U,O:U251219C00044000,CALL,44.0,2025-12-19,14,0.0,DISCOVERY,CONTINUATION,2025-12-04T17:00:00+00:00,2025-12-04T16:45:00+00:00,40,1,95,False,True,136,WITHIN_TOLERANCE,NEAR_ATM,0.6904545454545511,0.6904545454545511,15,H1,4,1764870300000,,False,1,2.28,2.46,7.8947368421052655,0.0,0.0,0.0,1,1,0.0,,7.8947368421052655,7.8947368421052655,False,SCORED_WINDOW
U-0027,U,O:U251219C00044000,CALL,44.0,2025-12-19,14,0.0,DISCOVERY,CONTINUATION,2025-12-04T17:00:00+00:00,2025-12-04T16:45:00+00:00,40,1,95,False,True,136,WITHIN_TOLERANCE,NEAR_ATM,0.6904545454545511,0.6904545454545511,15,D1,26,1764953100000,,False,13,2.28,2.46,7.8947368421052655,62.601626016260155,-13.008130081300806,13.821138211382111,7,5,-30.000000000000004,0.22077922077922077,75.43859649122808,-6.140350877192969,False,SCORED_WINDOW
U-0027,U,O:U251219C00044000,CALL,44.0,2025-12-19,14,0.0,DISCOVERY,CONTINUATION,2025-12-04T17:00:00+00:00,2025-12-04T16:45:00+00:00,40,1,95,False,True,136,WITHIN_TOLERANCE,NEAR_ATM,0.6904545454545511,0.6904545454545511,15,D3,78,1765298700000,,False,26,2.28,2.46,7.8947368421052655,133.739837398374,-13.008130081300806,127.64227642276423,25,5,-2.60869565217392,0.9544072948328267,152.19298245614036,-6.140350877192969,False,SCORED_WINDOW
U-0027,U,O:U251219C00044000,CALL,44.0,2025-12-19,14,0.0,DISCOVERY,CONTINUATION,2025-12-04T17:00:00+00:00,2025-12-04T16:45:00+00:00,40,1,95,False,True,136,WITHIN_TOLERANCE,NEAR_ATM,0.6904545454545511,0.6904545454545511,15,D5,130,1765471500000,,False,32,2.28,2.46,7.8947368421052655,204.06504065040653,-13.008130081300806,192.6829268292683,30,5,-3.7433155080213942,0.944223107569721,228.07017543859652,-6.140350877192969,False,SCORED_WINDOW
U-0027,U,O:U251219C00044000,CALL,44.0,2025-12-19,14,0.0,DISCOVERY,CONTINUATION,2025-12-04T17:00:00+00:00,2025-12-04T16:45:00+00:00,40,1,95,False,True,136,WITHIN_TOLERANCE,NEAR_ATM,0.6904545454545511,0.6904545454545511,15,D10,260,1766076300000,,False,76,2.28,2.46,7.8947368421052655,204.06504065040653,-63.41463414634146,-26.42276422764227,30,71,-75.80213903743316,-0.12948207171314735,228.07017543859652,-60.52631578947367,True,SCORED_WINDOW
U-0028,U,O:U251219C00044000,CALL,44.0,2025-12-19,14,0.0,DISCOVERY,THESIS_PRESSURE,2025-12-04T19:15:00+00:00,2025-12-04T19:00:00+00:00,45,0,91,False,False,136,WITHIN_TOLERANCE,NEAR_ATM,0.15909090909090975,0.15909090909090975,15,H1,4,1764878400000,,False,,,,,,,,,,,,,,,UNSCORED_SIGNAL_BAR_ABSENT
U-0028,U,O:U251219C00044000,CALL,44.0,2025-12-19,14,0.0,DISCOVERY,THESIS_PRESSURE,2025-12-04T19:15:00+00:00,2025-12-04T19:00:00+00:00,45,0,91,False,False,136,WITHIN_TOLERANCE,NEAR_ATM,0.15909090909090975,0.15909090909090975,15,D1,26,1764961200000,,False,,,,,,,,,,,,,,,UNSCORED_SIGNAL_BAR_ABSENT
U-0028,U,O:U251219C00044000,CALL,44.0,2025-12-19,14,0.0,DISCOVERY,THESIS_PRESSURE,2025-12-04T19:15:00+00:00,2025-12-04T19:00:00+00:00,45,0,91,False,False,136,WITHIN_TOLERANCE,NEAR_ATM,0.15909090909090975,0.15909090909090975,15,D3,78,1765306800000,,False,,,,,,,,,,,,,,,UNSCORED_SIGNAL_BAR_ABSENT
U-0028,U,O:U251219C00044000,CALL,44.0,2025-12-19,14,0.0,DISCOVERY,THESIS_PRESSURE,2025-12-04T19:15:00+00:00,2025-12-04T19:00:00+00:00,45,0,91,False,False,136,WITHIN_TOLERANCE,NEAR_ATM,0.15909090909090975,0.15909090909090975,15,D5,130,1765479600000,,False,,,,,,,,,,,,,,,UNSCORED_SIGNAL_BAR_ABSENT
U-0028,U,O:U251219C00044000,CALL,44.0,2025-12-19,14,0.0,DISCOVERY,THESIS_PRESSURE,2025-12-04T19:15:00+00:00,2025-12-04T19:00:00+00:00,45,0,91,False,False,136,WITHIN_TOLERANCE,NEAR_ATM,0.15909090909090975,0.15909090909090975,15,D10,260,1766084400000,,False,,,,,,,,,,,,,,,UNSCORED_SIGNAL_BAR_ABSENT
VALE-0027,VALE,O:VALE251226C00013500,CALL,13.5,2025-12-26,14,0.0,DISCOVERY,CONTINUATION,2025-12-11T20:45:00+00:00,2025-12-11T20:30:00+00:00,33,0,50,False,False,83,WITHIN_TOLERANCE,NEAR_ATM,1.1481481481481435,-1.1481481481481435,15,H1,4,1765551600000,,False,,,,,,,,,,,,,,,UNSCORED_SIGNAL_BAR_ABSENT
VALE-0027,VALE,O:VALE251226C00013500,CALL,13.5,2025-12-26,14,0.0,DISCOVERY,CONTINUATION,2025-12-11T20:45:00+00:00,2025-12-11T20:30:00+00:00,33,0,50,False,False,83,WITHIN_TOLERANCE,NEAR_ATM,1.1481481481481435,-1.1481481481481435,15,D1,26,1765571400000,,False,,,,,,,,,,,,,,,UNSCORED_SIGNAL_BAR_ABSENT
VALE-0027,VALE,O:VALE251226C00013500,CALL,13.5,2025-12-26,14,0.0,DISCOVERY,CONTINUATION,2025-12-11T20:45:00+00:00,2025-12-11T20:30:00+00:00,33,0,50,False,False,83,WITHIN_TOLERANCE,NEAR_ATM,1.1481481481481435,-1.1481481481481435,15,D3,78,1765917000000,,False,,,,,,,,,,,,,,,UNSCORED_SIGNAL_BAR_ABSENT
VALE-0027,VALE,O:VALE251226C00013500,CALL,13.5,2025-12-26,14,0.0,DISCOVERY,CONTINUATION,2025-12-11T20:45:00+00:00,2025-12-11T20:30:00+00:00,33,0,50,False,False,83,WITHIN_TOLERANCE,NEAR_ATM,1.1481481481481435,-1.1481481481481435,15,D5,130,1766089800000,,False,,,,,,,,,,,,,,,UNSCORED_SIGNAL_BAR_ABSENT
VALE-0027,VALE,O:VALE251226C00013500,CALL,13.5,2025-12-26,14,0.0,DISCOVERY,CONTINUATION,2025-12-11T20:45:00+00:00,2025-12-11T20:30:00+00:00,33,0,50,False,False,83,WITHIN_TOLERANCE,NEAR_ATM,1.1481481481481435,-1.1481481481481435,15,D10,260,1767027600000,CONTRACT_EXPIRY,True,,,,,,,,,,,,,,,UNSCORED_SIGNAL_BAR_ABSENT
TSLA-0029,TSLA,O:TSLA260102C00492500,CALL,492.5,2026-01-02,14,0.0,DISCOVERY,RISK_OR_EXHAUSTION,2025-12-17T15:00:00+00:00,2025-12-17T14:45:00+00:00,21,1,264,False,True,286,WITHIN_TOLERANCE,NEAR_ATM,0.07985786802030673,0.07985786802030673,16,H1,4,1765986300000,,False,4,21.18,20.92,-1.227573182247399,1.0038240917781938,-32.60038240917783,-32.409177820267686,1,4,-33.08092759110269,-32.28571428571457,-0.23607176581681433,-33.42776203966006,True,SCORED_WINDOW
TSLA-0029,TSLA,O:TSLA260102C00492500,CALL,492.5,2026-01-02,14,0.0,DISCOVERY,RISK_OR_EXHAUSTION,2025-12-17T15:00:00+00:00,2025-12-17T14:45:00+00:00,21,1,264,False,True,286,WITHIN_TOLERANCE,NEAR_ATM,0.07985786802030673,0.07985786802030673,16,D1,26,1766069100000,,False,25,21.18,20.92,-1.227573182247399,1.0038240917781938,-52.43785850860421,-32.1223709369025,1,16,-32.79697113109323,-32.0000000000003,-0.23607176581681433,-53.021718602455145,True,SCORED_WINDOW
TSLA-0029,TSLA,O:TSLA260102C00492500,CALL,492.5,2026-01-02,14,0.0,DISCOVERY,RISK_OR_EXHAUSTION,2025-12-17T15:00:00+00:00,2025-12-17T14:45:00+00:00,21,1,264,False,True,286,WITHIN_TOLERANCE,NEAR_ATM,0.07985786802030673,0.07985786802030673,16,D3,78,1766414700000,,False,73,21.18,20.92,-1.227573182247399,1.0038240917781938,-52.67686424474187,-20.17208413001913,1,58,-20.965451964032177,-20.095238095238283,-0.23607176581681433,-53.25779036827195,True,SCORED_WINDOW
TSLA-0029,TSLA,O:TSLA260102C00492500,CALL,492.5,2026-01-02,14,0.0,DISCOVERY,RISK_OR_EXHAUSTION,2025-12-17T15:00:00+00:00,2025-12-17T14:45:00+00:00,21,1,264,False,True,286,WITHIN_TOLERANCE,NEAR_ATM,0.07985786802030673,0.07985786802030673,16,D5,130,1766587500000,,False,125,21.18,20.92,-1.227573182247399,1.0038240917781938,-64.24474187380498,-63.4321223709369,1,125,-63.795551348793175,-63.19047619047675,-0.23607176581681433,-64.68366383380548,True,SCORED_WINDOW
TSLA-0029,TSLA,O:TSLA260102C00492500,CALL,492.5,2026-01-02,14,0.0,DISCOVERY,RISK_OR_EXHAUSTION,2025-12-17T15:00:00+00:00,2025-12-17T14:45:00+00:00,21,1,264,False,True,286,WITHIN_TOLERANCE,NEAR_ATM,0.07985786802030673,0.07985786802030673,16,D10,260,1767375900000,,False,254,21.18,20.92,-1.227573182247399,1.0038240917781938,-99.95219885277247,-99.95219885277247,1,242,-99.95267392333176,-99.57142857142946,-0.23607176581681433,-99.95278564683665,True,SCORED_WINDOW
U-0029,U,O:U260109C00046500,CALL,46.5,2026-01-09,14,0.0,DISCOVERY,RISK_OR_EXHAUSTION,2025-12-24T16:15:00+00:00,2025-12-24T16:00:00+00:00,2,1,109,False,True,112,WITHIN_TOLERANCE,NEAR_ATM,0.1720430107526845,-0.1720430107526845,16,H1,4,1766595600000,,False,0,,,,,,,,,,,,,,UNSCORED_NO_POST_SIGNAL_PRINT
U-0029,U,O:U260109C00046500,CALL,46.5,2026-01-09,14,0.0,DISCOVERY,RISK_OR_EXHAUSTION,2025-12-24T16:15:00+00:00,2025-12-24T16:00:00+00:00,2,1,109,False,True,112,WITHIN_TOLERANCE,NEAR_ATM,0.1720430107526845,-0.1720430107526845,16,D1,26,1766775600000,,False,2,2.2,1.6,-27.27272727272727,0.0,-6.875000000000009,-6.875000000000009,1,2,-6.875000000000009,,-27.27272727272727,-32.27272727272727,True,SCORED_WINDOW
U-0029,U,O:U260109C00046500,CALL,46.5,2026-01-09,14,0.0,DISCOVERY,RISK_OR_EXHAUSTION,2025-12-24T16:15:00+00:00,2025-12-24T16:00:00+00:00,2,1,109,False,True,112,WITHIN_TOLERANCE,NEAR_ATM,0.1720430107526845,-0.1720430107526845,16,D3,78,1767121200000,,False,15,2.2,1.6,-27.27272727272727,0.0,-45.00000000000001,-26.875000000000004,1,11,-26.875000000000004,,-27.27272727272727,-60.00000000000001,True,SCORED_WINDOW
U-0029,U,O:U260109C00046500,CALL,46.5,2026-01-09,14,0.0,DISCOVERY,RISK_OR_EXHAUSTION,2025-12-24T16:15:00+00:00,2025-12-24T16:00:00+00:00,2,1,109,False,True,112,WITHIN_TOLERANCE,NEAR_ATM,0.1720430107526845,-0.1720430107526845,16,D5,130,1767380400000,,False,28,2.2,1.6,-27.27272727272727,0.0,-58.75,-42.50000000000001,1,22,-42.50000000000001,,-27.27272727272727,-70.0,True,SCORED_WINDOW
U-0029,U,O:U260109C00046500,CALL,46.5,2026-01-09,14,0.0,DISCOVERY,RISK_OR_EXHAUSTION,2025-12-24T16:15:00+00:00,2025-12-24T16:00:00+00:00,2,1,109,False,True,112,WITHIN_TOLERANCE,NEAR_ATM,0.1720430107526845,-0.1720430107526845,16,D10,260,1767985200000,,False,103,2.2,1.6,-27.27272727272727,0.0,-98.125,-98.125,1,100,-98.125,,-27.27272727272727,-98.63636363636363,True,SCORED_WINDOW
LULU-0029,LULU,O:LULU260116C00215000,CALL,215.0,2026-01-16,14,0.0,DISCOVERY,RISK_OR_EXHAUSTION,2026-01-05T15:00:00+00:00,2026-01-05T14:45:00+00:00,46,1,226,False,True,273,WITHIN_TOLERANCE,NEAR_ATM,0.334883720930232,0.334883720930232,11,H1,4,1767627900000,,False,4,7.5,8.44,12.53333333333333,0.0,-15.284360189573453,-12.914691943127965,1,3,-12.914691943127965,,12.53333333333333,-4.666666666666663,True,SCORED_WINDOW
LULU-0029,LULU,O:LULU260116C00215000,CALL,215.0,2026-01-16,14,0.0,DISCOVERY,RISK_OR_EXHAUSTION,2026-01-05T15:00:00+00:00,2026-01-05T14:45:00+00:00,46,1,226,False,True,273,WITHIN_TOLERANCE,NEAR_ATM,0.334883720930232,0.334883720930232,11,D1,26,1767710700000,,False,23,7.5,8.44,12.53333333333333,0.0,-34.834123222748815,-30.213270142180093,1,22,-30.213270142180093,,12.53333333333333,-26.66666666666667,True,SCORED_WINDOW
LULU-0029,LULU,O:LULU260116C00215000,CALL,215.0,2026-01-16,14,0.0,DISCOVERY,RISK_OR_EXHAUSTION,2026-01-05T15:00:00+00:00,2026-01-05T14:45:00+00:00,46,1,226,False,True,273,WITHIN_TOLERANCE,NEAR_ATM,0.334883720930232,0.334883720930232,11,D3,78,1767883500000,,False,66,7.5,8.44,12.53333333333333,0.0,-43.72037914691943,-43.00947867298578,1,47,-43.00947867298578,,12.53333333333333,-36.66666666666667,True,SCORED_WINDOW
LULU-0029,LULU,O:LULU260116C00215000,CALL,215.0,2026-01-16,14,0.0,DISCOVERY,RISK_OR_EXHAUSTION,2026-01-05T15:00:00+00:00,2026-01-05T14:45:00+00:00,46,1,226,False,True,273,WITHIN_TOLERANCE,NEAR_ATM,0.334883720930232,0.334883720930232,11,D5,130,1768229100000,,False,112,7.5,8.44,12.53333333333333,0.0,-84.00473933649289,-75.71090047393365,1,111,-75.71090047393365,,12.53333333333333,-82.0,True,SCORED_WINDOW
LULU-0029,LULU,O:LULU260116C00215000,CALL,215.0,2026-01-16,14,0.0,DISCOVERY,RISK_OR_EXHAUSTION,2026-01-05T15:00:00+00:00,2026-01-05T14:45:00+00:00,46,1,226,False,True,273,WITHIN_TOLERANCE,NEAR_ATM,0.334883720930232,0.334883720930232,11,D10,260,1768920300000,CONTRACT_EXPIRY,True,226,7.5,8.44,12.53333333333333,0.0,-99.88151658767772,-99.88151658767772,1,223,-99.88151658767772,,12.53333333333333,-99.86666666666667,True,SCORED_RIGHT_CENSORED
VALE-0028,VALE,O:VALE260116C00013500,CALL,13.5,2026-01-16,14,0.0,DISCOVERY,RISK_OR_EXHAUSTION,2026-01-05T15:15:00+00:00,2026-01-05T15:00:00+00:00,37,0,82,False,False,119,WITHIN_TOLERANCE,NEAR_ATM,0.4814814814814778,-0.4814814814814778,11,H1,4,1767628800000,,False,,,,,,,,,,,,,,,UNSCORED_SIGNAL_BAR_ABSENT
VALE-0028,VALE,O:VALE260116C00013500,CALL,13.5,2026-01-16,14,0.0,DISCOVERY,RISK_OR_EXHAUSTION,2026-01-05T15:15:00+00:00,2026-01-05T15:00:00+00:00,37,0,82,False,False,119,WITHIN_TOLERANCE,NEAR_ATM,0.4814814814814778,-0.4814814814814778,11,D1,26,1767711600000,,False,,,,,,,,,,,,,,,UNSCORED_SIGNAL_BAR_ABSENT
VALE-0028,VALE,O:VALE260116C00013500,CALL,13.5,2026-01-16,14,0.0,DISCOVERY,RISK_OR_EXHAUSTION,2026-01-05T15:15:00+00:00,2026-01-05T15:00:00+00:00,37,0,82,False,False,119,WITHIN_TOLERANCE,NEAR_ATM,0.4814814814814778,-0.4814814814814778,11,D3,78,1767884400000,,False,,,,,,,,,,,,,,,UNSCORED_SIGNAL_BAR_ABSENT
VALE-0028,VALE,O:VALE260116C00013500,CALL,13.5,2026-01-16,14,0.0,DISCOVERY,RISK_OR_EXHAUSTION,2026-01-05T15:15:00+00:00,2026-01-05T15:00:00+00:00,37,0,82,False,False,119,WITHIN_TOLERANCE,NEAR_ATM,0.4814814814814778,-0.4814814814814778,11,D5,130,1768230000000,,False,,,,,,,,,,,,,,,UNSCORED_SIGNAL_BAR_ABSENT
VALE-0028,VALE,O:VALE260116C00013500,CALL,13.5,2026-01-16,14,0.0,DISCOVERY,RISK_OR_EXHAUSTION,2026-01-05T15:15:00+00:00,2026-01-05T15:00:00+00:00,37,0,82,False,False,119,WITHIN_TOLERANCE,NEAR_ATM,0.4814814814814778,-0.4814814814814778,11,D10,260,1768921200000,CONTRACT_EXPIRY,True,,,,,,,,,,,,,,,UNSCORED_SIGNAL_BAR_ABSENT
RBLX-0029,RBLX,O:RBLX260130C00088000,CALL,88.0,2026-01-30,14,0.0,DISCOVERY,RISK_OR_EXHAUSTION,2026-01-15T20:00:00+00:00,2026-01-15T19:45:00+00:00,21,0,102,False,False,123,WITHIN_TOLERANCE,NEAR_ATM,0.44318181818181884,-0.44318181818181884,15,H1,4,1768509900000,,False,,,,,,,,,,,,,,,UNSCORED_SIGNAL_BAR_ABSENT
RBLX-0029,RBLX,O:RBLX260130C00088000,CALL,88.0,2026-01-30,14,0.0,DISCOVERY,RISK_OR_EXHAUSTION,2026-01-15T20:00:00+00:00,2026-01-15T19:45:00+00:00,21,0,102,False,False,123,WITHIN_TOLERANCE,NEAR_ATM,0.44318181818181884,-0.44318181818181884,15,D1,26,1768592700000,,False,,,,,,,,,,,,,,,UNSCORED_SIGNAL_BAR_ABSENT
RBLX-0029,RBLX,O:RBLX260130C00088000,CALL,88.0,2026-01-30,14,0.0,DISCOVERY,RISK_OR_EXHAUSTION,2026-01-15T20:00:00+00:00,2026-01-15T19:45:00+00:00,21,0,102,False,False,123,WITHIN_TOLERANCE,NEAR_ATM,0.44318181818181884,-0.44318181818181884,15,D3,78,1769024700000,,False,,,,,,,,,,,,,,,UNSCORED_SIGNAL_BAR_ABSENT
RBLX-0029,RBLX,O:RBLX260130C00088000,CALL,88.0,2026-01-30,14,0.0,DISCOVERY,RISK_OR_EXHAUSTION,2026-01-15T20:00:00+00:00,2026-01-15T19:45:00+00:00,21,0,102,False,False,123,WITHIN_TOLERANCE,NEAR_ATM,0.44318181818181884,-0.44318181818181884,15,D5,130,1769197500000,,False,,,,,,,,,,,,,,,UNSCORED_SIGNAL_BAR_ABSENT
RBLX-0029,RBLX,O:RBLX260130C00088000,CALL,88.0,2026-01-30,14,0.0,DISCOVERY,RISK_OR_EXHAUSTION,2026-01-15T20:00:00+00:00,2026-01-15T19:45:00+00:00,21,0,102,False,False,123,WITHIN_TOLERANCE,NEAR_ATM,0.44318181818181884,-0.44318181818181884,15,D10,260,1769802300000,,False,,,,,,,,,,,,,,,UNSCORED_SIGNAL_BAR_ABSENT
RBLX-0030,RBLX,O:RBLX260130C00089000,CALL,89.0,2026-01-30,14,0.0,DISCOVERY,CONTINUATION,2026-01-16T15:45:00+00:00,2026-01-16T15:30:00+00:00,28,1,81,False,True,110,WITHIN_TOLERANCE,NEAR_ATM,0.14606741573033197,0.14606741573033197,14,H1,4,1768581000000,,False,4,4.3,4.51,4.883720930232549,9.756097560975618,-9.090909090909093,9.756097560975618,4,3,0.0,1.0,15.116279069767447,-4.651162790697683,False,SCORED_WINDOW
RBLX-0030,RBLX,O:RBLX260130C00089000,CALL,89.0,2026-01-30,14,0.0,DISCOVERY,CONTINUATION,2026-01-16T15:45:00+00:00,2026-01-16T15:30:00+00:00,28,1,81,False,True,110,WITHIN_TOLERANCE,NEAR_ATM,0.14606741573033197,0.14606741573033197,14,D1,26,1768923000000,,False,13,4.3,4.51,4.883720930232549,14.190687361419085,-68.95787139689578,-68.95787139689578,6,13,-72.81553398058253,-4.859374999999994,19.76744186046513,-67.44186046511629,True,SCORED_WINDOW
RBLX-0030,RBLX,O:RBLX260130C00089000,CALL,89.0,2026-01-30,14,0.0,DISCOVERY,CONTINUATION,2026-01-16T15:45:00+00:00,2026-01-16T15:30:00+00:00,28,1,81,False,True,110,WITHIN_TOLERANCE,NEAR_ATM,0.14606741573033197,0.14606741573033197,14,D3,78,1769095800000,,False,28,4.3,4.51,4.883720930232549,14.190687361419085,-99.55654101995566,-96.45232815964523,6,28,-96.89320388349515,-6.796874999999992,19.76744186046513,-99.53488372093024,True,SCORED_WINDOW
RBLX-0030,RBLX,O:RBLX260130C00089000,CALL,89.0,2026-01-30,14,0.0,DISCOVERY,CONTINUATION,2026-01-16T15:45:00+00:00,2026-01-16T15:30:00+00:00,28,1,81,False,True,110,WITHIN_TOLERANCE,NEAR_ATM,0.14606741573033197,0.14606741573033197,14,D5,130,1769441400000,,False,35,4.3,4.51,4.883720930232549,14.190687361419085,-99.55654101995566,-97.5609756097561,6,28,-97.86407766990291,-6.874999999999992,19.76744186046513,-99.53488372093024,True,SCORED_WINDOW
RBLX-0030,RBLX,O:RBLX260130C00089000,CALL,89.0,2026-01-30,14,0.0,DISCOVERY,CONTINUATION,2026-01-16T15:45:00+00:00,2026-01-16T15:30:00+00:00,28,1,81,False,True,110,WITHIN_TOLERANCE,NEAR_ATM,0.14606741573033197,0.14606741573033197,14,D10,260,1770046200000,CONTRACT_EXPIRY,True,81,4.3,4.51,4.883720930232549,14.190687361419085,-99.77827050997783,-99.77827050997783,6,76,-99.80582524271846,-7.031249999999992,19.76744186046513,-99.76744186046511,True,SCORED_RIGHT_CENSORED
TSLA-0030,TSLA,O:TSLA260130C00440000,CALL,440.0,2026-01-30,14,0.0,DISCOVERY,CONTINUATION,2026-01-16T18:30:00+00:00,2026-01-16T18:15:00+00:00,141,1,244,False,True,386,WITHIN_TOLERANCE,NEAR_ATM,0.07956818181818127,0.07956818181818127,14,H1,4,1768590900000,,False,4,17.1,17.2,0.5847953216374213,0.5813953488372103,-4.651162790697683,-2.9069767441860517,1,4,-3.4682080924855585,-5.0,1.1695906432748426,-4.093567251462005,True,SCORED_WINDOW
TSLA-0030,TSLA,O:TSLA260130C00440000,CALL,440.0,2026-01-30,14,0.0,DISCOVERY,CONTINUATION,2026-01-16T18:30:00+00:00,2026-01-16T18:15:00+00:00,141,1,244,False,True,386,WITHIN_TOLERANCE,NEAR_ATM,0.07956818181818127,0.07956818181818127,14,D1,26,1768932900000,,False,26,17.1,17.2,0.5847953216374213,0.5813953488372103,-47.965116279069775,-45.639534883720934,1,18,-45.953757225433534,-78.49999999999987,1.1695906432748426,-47.660818713450304,True,SCORED_WINDOW
TSLA-0030,TSLA,O:TSLA260130C00440000,CALL,440.0,2026-01-30,14,0.0,DISCOVERY,CONTINUATION,2026-01-16T18:30:00+00:00,2026-01-16T18:15:00+00:00,141,1,244,False,True,386,WITHIN_TOLERANCE,NEAR_ATM,0.07956818181818127,0.07956818181818127,14,D3,78,1769105700000,,False,78,17.1,17.2,0.5847953216374213,16.860465116279077,-58.72093023255813,3.7209302325581506,77,48,-11.243781094527371,0.22068965517241435,17.543859649122794,-58.4795321637427,False,SCORED_WINDOW
TSLA-0030,TSLA,O:TSLA260130C00440000,CALL,440.0,2026-01-30,14,0.0,DISCOVERY,CONTINUATION,2026-01-16T18:30:00+00:00,2026-01-16T18:15:00+00:00,141,1,244,False,True,386,WITHIN_TOLERANCE,NEAR_ATM,0.07956818181818127,0.07956818181818127,14,D5,130,1769451300000,,False,130,17.1,17.2,0.5847953216374213,23.546511627906973,-58.72093023255813,-25.116279069767433,95,48,-39.38823529411765,-1.0666666666666664,24.269005847953196,-58.4795321637427,False,SCORED_WINDOW
TSLA-0030,TSLA,O:TSLA260130C00440000,CALL,440.0,2026-01-30,14,0.0,DISCOVERY,CONTINUATION,2026-01-16T18:30:00+00:00,2026-01-16T18:15:00+00:00,141,1,244,False,True,386,WITHIN_TOLERANCE,NEAR_ATM,0.07956818181818127,0.07956818181818127,14,D10,260,1770056100000,CONTRACT_EXPIRY,True,244,17.1,17.2,0.5847953216374213,23.546511627906973,-99.94186046511628,-99.88372093023256,95,242,-99.90588235294118,-4.241975308641976,24.269005847953196,-99.94152046783626,True,SCORED_RIGHT_CENSORED
U-0030,U,O:U260206C00042500,CALL,42.5,2026-02-06,14,0.0,DISCOVERY,ENTRY_FORMING,2026-01-21T16:00:00+00:00,2026-01-21T15:45:00+00:00,2,0,24,False,False,26,WITHIN_TOLERANCE,NEAR_ATM,0.200000000000002,-0.200000000000002,16,H1,4,1769013900000,,False,,,,,,,,,,,,,,,UNSCORED_SIGNAL_BAR_ABSENT
U-0030,U,O:U260206C00042500,CALL,42.5,2026-02-06,14,0.0,DISCOVERY,ENTRY_FORMING,2026-01-21T16:00:00+00:00,2026-01-21T15:45:00+00:00,2,0,24,False,False,26,WITHIN_TOLERANCE,NEAR_ATM,0.200000000000002,-0.200000000000002,16,D1,26,1769096700000,,False,,,,,,,,,,,,,,,UNSCORED_SIGNAL_BAR_ABSENT
U-0030,U,O:U260206C00042500,CALL,42.5,2026-02-06,14,0.0,DISCOVERY,ENTRY_FORMING,2026-01-21T16:00:00+00:00,2026-01-21T15:45:00+00:00,2,0,24,False,False,26,WITHIN_TOLERANCE,NEAR_ATM,0.200000000000002,-0.200000000000002,16,D3,78,1769442300000,,False,,,,,,,,,,,,,,,UNSCORED_SIGNAL_BAR_ABSENT
U-0030,U,O:U260206C00042500,CALL,42.5,2026-02-06,14,0.0,DISCOVERY,ENTRY_FORMING,2026-01-21T16:00:00+00:00,2026-01-21T15:45:00+00:00,2,0,24,False,False,26,WITHIN_TOLERANCE,NEAR_ATM,0.200000000000002,-0.200000000000002,16,D5,130,1769615100000,,False,,,,,,,,,,,,,,,UNSCORED_SIGNAL_BAR_ABSENT
U-0030,U,O:U260206C00042500,CALL,42.5,2026-02-06,14,0.0,DISCOVERY,ENTRY_FORMING,2026-01-21T16:00:00+00:00,2026-01-21T15:45:00+00:00,2,0,24,False,False,26,WITHIN_TOLERANCE,NEAR_ATM,0.200000000000002,-0.200000000000002,16,D10,260,1770219900000,,False,,,,,,,,,,,,,,,UNSCORED_SIGNAL_BAR_ABSENT
PYPL-0030,PYPL,O:PYPL260206C00056000,CALL,56.0,2026-02-06,14,0.0,DISCOVERY,CONTINUATION,2026-01-21T19:00:00+00:00,2026-01-21T18:45:00+00:00,48,1,210,False,True,260,WITHIN_TOLERANCE,NEAR_ATM,0.8750000000000036,-0.8750000000000036,16,H1,4,1769024700000,,False,2,2.46,2.65,7.72357723577235,6.037735849056602,0.0,6.037735849056602,2,1,0.0,1.0,14.22764227642277,7.72357723577235,False,SCORED_WINDOW
PYPL-0030,PYPL,O:PYPL260206C00056000,CALL,56.0,2026-02-06,14,0.0,DISCOVERY,CONTINUATION,2026-01-21T19:00:00+00:00,2026-01-21T18:45:00+00:00,48,1,210,False,True,260,WITHIN_TOLERANCE,NEAR_ATM,0.8750000000000036,-0.8750000000000036,16,D1,26,1769107500000,,False,8,2.46,2.65,7.72357723577235,31.698113207547184,-3.018867924528301,15.094339622641506,7,3,-12.607449856733533,0.4761904761904759,41.86991869918699,4.471544715447151,False,SCORED_WINDOW
PYPL-0030,PYPL,O:PYPL260206C00056000,CALL,56.0,2026-02-06,14,0.0,DISCOVERY,CONTINUATION,2026-01-21T19:00:00+00:00,2026-01-21T18:45:00+00:00,48,1,210,False,True,260,WITHIN_TOLERANCE,NEAR_ATM,0.8750000000000036,-0.8750000000000036,16,D3,78,1769453100000,,False,30,2.46,2.65,7.72357723577235,31.698113207547184,-3.018867924528301,3.396226415094361,7,3,-21.489971346704873,0.10714285714285778,41.86991869918699,4.471544715447151,False,SCORED_WINDOW
PYPL-0030,PYPL,O:PYPL260206C00056000,CALL,56.0,2026-02-06,14,0.0,DISCOVERY,CONTINUATION,2026-01-21T19:00:00+00:00,2026-01-21T18:45:00+00:00,48,1,210,False,True,260,WITHIN_TOLERANCE,NEAR_ATM,0.8750000000000036,-0.8750000000000036,16,D5,130,1769625900000,,False,73,2.46,2.65,7.72357723577235,31.698113207547184,-40.75471698113206,-40.75471698113206,7,69,-55.014326647564474,-1.2857142857142847,41.86991869918699,-36.17886178861788,True,SCORED_WINDOW
PYPL-0030,PYPL,O:PYPL260206C00056000,CALL,56.0,2026-02-06,14,0.0,DISCOVERY,CONTINUATION,2026-01-21T19:00:00+00:00,2026-01-21T18:45:00+00:00,48,1,210,False,True,260,WITHIN_TOLERANCE,NEAR_ATM,0.8750000000000036,-0.8750000000000036,16,D10,260,1770230700000,,False,187,2.46,2.65,7.72357723577235,31.698113207547184,-99.62264150943396,-99.62264150943396,7,159,-99.7134670487106,-3.1428571428571415,41.86991869918699,-99.59349593495935,True,SCORED_WINDOW
SPY-0029,SPY,O:SPY260204C00685000,CALL,685.0,2026-02-04,14,0.0,DISCOVERY,ENTRY_FORMING,2026-01-21T19:30:00+00:00,2026-01-21T19:15:00+00:00,19,1,147,False,True,173,WITHIN_TOLERANCE,NEAR_ATM,0.08759124087591573,-0.08759124087591573,14,H1,4,1769026500000,,False,4,8.02,8.2,2.244389027431426,23.17073170731707,-1.585365853658527,7.560975609756104,2,1,-12.673267326732663,0.32631578947368456,25.935162094763097,0.6234413965087393,False,SCORED_WINDOW
SPY-0029,SPY,O:SPY260204C00685000,CALL,685.0,2026-02-04,14,0.0,DISCOVERY,ENTRY_FORMING,2026-01-21T19:30:00+00:00,2026-01-21T19:15:00+00:00,19,1,147,False,True,173,WITHIN_TOLERANCE,NEAR_ATM,0.08759124087591573,-0.08759124087591573,14,D1,26,1769109300000,,False,18,8.02,8.2,2.244389027431426,34.14634146341464,-2.4390243902438935,29.756097560975636,15,6,-3.2727272727272716,0.871428571428572,37.15710723192021,-0.24937655860348684,False,SCORED_WINDOW
SPY-0029,SPY,O:SPY260204C00685000,CALL,685.0,2026-02-04,14,0.0,DISCOVERY,ENTRY_FORMING,2026-01-21T19:30:00+00:00,2026-01-21T19:15:00+00:00,19,1,147,False,True,173,WITHIN_TOLERANCE,NEAR_ATM,0.08759124087591573,-0.08759124087591573,14,D3,78,1769454900000,,False,42,8.02,8.2,2.244389027431426,46.34146341463416,-2.4390243902438935,46.34146341463416,40,6,0.0,1.0,49.62593516209477,-0.24937655860348684,False,SCORED_WINDOW
SPY-0029,SPY,O:SPY260204C00685000,CALL,685.0,2026-02-04,14,0.0,DISCOVERY,ENTRY_FORMING,2026-01-21T19:30:00+00:00,2026-01-21T19:15:00+00:00,19,1,147,False,True,173,WITHIN_TOLERANCE,NEAR_ATM,0.08759124087591573,-0.08759124087591573,14,D5,130,1769627700000,,False,47,8.02,8.2,2.244389027431426,78.17073170731707,-2.4390243902438935,78.17073170731707,47,6,0.0,1.0,82.16957605985039,-0.24937655860348684,False,SCORED_WINDOW
SPY-0029,SPY,O:SPY260204C00685000,CALL,685.0,2026-02-04,14,0.0,DISCOVERY,ENTRY_FORMING,2026-01-21T19:30:00+00:00,2026-01-21T19:15:00+00:00,19,1,147,False,True,173,WITHIN_TOLERANCE,NEAR_ATM,0.08759124087591573,-0.08759124087591573,14,D10,260,1770232500000,,False,146,8.02,8.2,2.244389027431426,78.17073170731707,-90.0,-80.1219512195122,47,142,-88.84325804243669,-1.0249609984399377,82.16957605985039,-89.77556109725685,True,SCORED_WINDOW
LULU-0030,LULU,O:LULU260206C00195000,CALL,195.0,2026-02-06,14,0.0,DISCOVERY,ENTRY_FORMING,2026-01-22T14:45:00+00:00,2026-01-22T14:30:00+00:00,17,1,137,False,True,155,WITHIN_TOLERANCE,NEAR_ATM,0.6153846153846095,-0.6153846153846095,15,H1,4,1769095800000,,False,2,5.96,5.74,-3.691275167785235,4.529616724738683,-0.8710801393728151,-0.8710801393728151,1,2,-5.166666666666664,-0.19230769230769043,0.6711409395973256,-4.53020134228187,True,SCORED_WINDOW
LULU-0030,LULU,O:LULU260206C00195000,CALL,195.0,2026-02-06,14,0.0,DISCOVERY,ENTRY_FORMING,2026-01-22T14:45:00+00:00,2026-01-22T14:30:00+00:00,17,1,137,False,True,155,WITHIN_TOLERANCE,NEAR_ATM,0.6153846153846095,-0.6153846153846095,15,D1,26,1769178600000,,False,4,5.96,5.74,-3.691275167785235,11.149825783972123,-5.052264808362372,-5.052264808362372,3,4,-14.576802507836984,-0.45312500000000033,7.0469798657718075,-8.557046979865767,True,SCORED_WINDOW
LULU-0030,LULU,O:LULU260206C00195000,CALL,195.0,2026-02-06,14,0.0,DISCOVERY,ENTRY_FORMING,2026-01-22T14:45:00+00:00,2026-01-22T14:30:00+00:00,17,1,137,False,True,155,WITHIN_TOLERANCE,NEAR_ATM,0.6153846153846095,-0.6153846153846095,15,D3,78,1769524200000,,False,25,5.96,5.74,-3.691275167785235,11.324041811846675,-57.31707317073172,-57.31707317073172,5,25,-61.658841940532085,-5.061538461538469,7.214765100671139,-58.89261744966443,True,SCORED_WINDOW
LULU-0030,LULU,O:LULU260206C00195000,CALL,195.0,2026-02-06,14,0.0,DISCOVERY,ENTRY_FORMING,2026-01-22T14:45:00+00:00,2026-01-22T14:30:00+00:00,17,1,137,False,True,155,WITHIN_TOLERANCE,NEAR_ATM,0.6153846153846095,-0.6153846153846095,15,D5,130,1769697000000,,False,62,5.96,5.74,-3.691275167785235,11.324041811846675,-93.72822299651567,-90.06968641114983,5,62,-91.07981220657277,-7.953846153846165,7.214765100671139,-93.95973154362416,True,SCORED_WINDOW
LULU-0030,LULU,O:LULU260206C00195000,CALL,195.0,2026-02-06,14,0.0,DISCOVERY,ENTRY_FORMING,2026-01-22T14:45:00+00:00,2026-01-22T14:30:00+00:00,17,1,137,False,True,155,WITHIN_TOLERANCE,NEAR_ATM,0.6153846153846095,-0.6153846153846095,15,D10,260,1770301800000,,False,124,5.96,5.74,-3.691275167785235,11.324041811846675,-98.95470383275261,-96.34146341463415,5,119,-96.71361502347418,-8.50769230769232,7.214765100671139,-98.99328859060402,True,SCORED_WINDOW
LULU-0031,LULU,O:LULU260206C00192500,CALL,192.5,2026-02-06,14,0.0,DISCOVERY,THESIS_PRESSURE,2026-01-23T17:45:00+00:00,2026-01-23T17:30:00+00:00,20,0,107,False,False,127,WITHIN_TOLERANCE,NEAR_ATM,0.2389610389610431,-0.2389610389610431,14,H1,4,1769193000000,,False,,,,,,,,,,,,,,,UNSCORED_SIGNAL_BAR_ABSENT
LULU-0031,LULU,O:LULU260206C00192500,CALL,192.5,2026-02-06,14,0.0,DISCOVERY,THESIS_PRESSURE,2026-01-23T17:45:00+00:00,2026-01-23T17:30:00+00:00,20,0,107,False,False,127,WITHIN_TOLERANCE,NEAR_ATM,0.2389610389610431,-0.2389610389610431,14,D1,26,1769448600000,,False,,,,,,,,,,,,,,,UNSCORED_SIGNAL_BAR_ABSENT
LULU-0031,LULU,O:LULU260206C00192500,CALL,192.5,2026-02-06,14,0.0,DISCOVERY,THESIS_PRESSURE,2026-01-23T17:45:00+00:00,2026-01-23T17:30:00+00:00,20,0,107,False,False,127,WITHIN_TOLERANCE,NEAR_ATM,0.2389610389610431,-0.2389610389610431,14,D3,78,1769621400000,,False,,,,,,,,,,,,,,,UNSCORED_SIGNAL_BAR_ABSENT
LULU-0031,LULU,O:LULU260206C00192500,CALL,192.5,2026-02-06,14,0.0,DISCOVERY,THESIS_PRESSURE,2026-01-23T17:45:00+00:00,2026-01-23T17:30:00+00:00,20,0,107,False,False,127,WITHIN_TOLERANCE,NEAR_ATM,0.2389610389610431,-0.2389610389610431,14,D5,130,1769794200000,,False,,,,,,,,,,,,,,,UNSCORED_SIGNAL_BAR_ABSENT
LULU-0031,LULU,O:LULU260206C00192500,CALL,192.5,2026-02-06,14,0.0,DISCOVERY,THESIS_PRESSURE,2026-01-23T17:45:00+00:00,2026-01-23T17:30:00+00:00,20,0,107,False,False,127,WITHIN_TOLERANCE,NEAR_ATM,0.2389610389610431,-0.2389610389610431,14,D10,260,1770399000000,,False,,,,,,,,,,,,,,,UNSCORED_SIGNAL_BAR_ABSENT
LULU-0032,LULU,O:LULU260206C00195000,CALL,195.0,2026-02-06,14,0.0,DISCOVERY,CONTINUATION,2026-01-26T15:15:00+00:00,2026-01-26T15:00:00+00:00,34,1,120,False,True,155,WITHIN_TOLERANCE,NEAR_ATM,0.015384615384615968,-0.015384615384615968,11,H1,4,1769443200000,,False,3,5.5,5.5,0.0,2.7272727272727337,-11.818181818181827,-11.818181818181827,2,3,-14.159292035398241,-4.333333333333327,2.7272727272727337,-11.818181818181827,True,SCORED_WINDOW
LULU-0032,LULU,O:LULU260206C00195000,CALL,195.0,2026-02-06,14,0.0,DISCOVERY,CONTINUATION,2026-01-26T15:15:00+00:00,2026-01-26T15:00:00+00:00,34,1,120,False,True,155,WITHIN_TOLERANCE,NEAR_ATM,0.015384615384615968,-0.015384615384615968,11,D1,26,1769526000000,,False,10,5.5,5.5,0.0,2.7272727272727337,-60.0,-58.18181818181818,2,9,-59.29203539823009,-21.333333333333282,2.7272727272727337,-60.0,True,SCORED_WINDOW
LULU-0032,LULU,O:LULU260206C00195000,CALL,195.0,2026-02-06,14,0.0,DISCOVERY,CONTINUATION,2026-01-26T15:15:00+00:00,2026-01-26T15:00:00+00:00,34,1,120,False,True,155,WITHIN_TOLERANCE,NEAR_ATM,0.015384615384615968,-0.015384615384615968,11,D3,78,1769698800000,,False,46,5.5,5.5,0.0,2.7272727272727337,-93.45454545454545,-90.72727272727272,2,45,-90.97345132743364,-33.26666666666659,2.7272727272727337,-93.45454545454545,True,SCORED_WINDOW
LULU-0032,LULU,O:LULU260206C00195000,CALL,195.0,2026-02-06,14,0.0,DISCOVERY,CONTINUATION,2026-01-26T15:15:00+00:00,2026-01-26T15:00:00+00:00,34,1,120,False,True,155,WITHIN_TOLERANCE,NEAR_ATM,0.015384615384615968,-0.015384615384615968,11,D5,130,1770044400000,,False,67,5.5,5.5,0.0,2.7272727272727337,-97.0909090909091,-96.36363636363636,2,61,-96.46017699115043,-35.33333333333325,2.7272727272727337,-97.0909090909091,True,SCORED_WINDOW
LULU-0032,LULU,O:LULU260206C00195000,CALL,195.0,2026-02-06,14,0.0,DISCOVERY,CONTINUATION,2026-01-26T15:15:00+00:00,2026-01-26T15:00:00+00:00,34,1,120,False,True,155,WITHIN_TOLERANCE,NEAR_ATM,0.015384615384615968,-0.015384615384615968,11,D10,260,1770649200000,CONTRACT_EXPIRY,True,120,5.5,5.5,0.0,2.7272727272727337,-99.81818181818181,-99.81818181818181,2,111,-99.82300884955752,-36.59999999999991,2.7272727272727337,-99.81818181818181,True,SCORED_RIGHT_CENSORED
PYPL-0031,PYPL,O:PYPL260206C00057000,CALL,57.0,2026-02-06,14,0.0,DISCOVERY,ENTRY_FORMING,2026-01-26T15:45:00+00:00,2026-01-26T15:30:00+00:00,77,1,199,False,True,277,WITHIN_TOLERANCE,NEAR_ATM,0.5175438596491259,-0.5175438596491259,11,H1,4,1769445000000,,False,4,2.32,2.34,0.8620689655172376,5.128205128205132,-1.7094017094017144,5.128205128205132,4,2,0.0,1.0,6.034482758620685,-0.8620689655172376,False,SCORED_WINDOW
PYPL-0031,PYPL,O:PYPL260206C00057000,CALL,57.0,2026-02-06,14,0.0,DISCOVERY,ENTRY_FORMING,2026-01-26T15:45:00+00:00,2026-01-26T15:30:00+00:00,77,1,199,False,True,277,WITHIN_TOLERANCE,NEAR_ATM,0.5175438596491259,-0.5175438596491259,11,D1,26,1769527800000,,False,20,2.32,2.34,0.8620689655172376,5.128205128205132,-26.49572649572649,-25.64102564102564,4,20,-29.268292682926834,-4.999999999999996,6.034482758620685,-25.86206896551724,True,SCORED_WINDOW
PYPL-0031,PYPL,O:PYPL260206C00057000,CALL,57.0,2026-02-06,14,0.0,DISCOVERY,ENTRY_FORMING,2026-01-26T15:45:00+00:00,2026-01-26T15:30:00+00:00,77,1,199,False,True,277,WITHIN_TOLERANCE,NEAR_ATM,0.5175438596491259,-0.5175438596491259,11,D3,78,1769700600000,,False,69,2.32,2.34,0.8620689655172376,5.128205128205132,-63.24786324786324,-59.82905982905983,4,67,-61.78861788617886,-11.666666666666657,6.034482758620685,-62.93103448275862,True,SCORED_WINDOW
PYPL-0031,PYPL,O:PYPL260206C00057000,CALL,57.0,2026-02-06,14,0.0,DISCOVERY,ENTRY_FORMING,2026-01-26T15:45:00+00:00,2026-01-26T15:30:00+00:00,77,1,199,False,True,277,WITHIN_TOLERANCE,NEAR_ATM,0.5175438596491259,-0.5175438596491259,11,D5,130,1770046200000,,False,118,2.32,2.34,0.8620689655172376,5.128205128205132,-72.64957264957265,-55.55555555555556,4,95,-57.72357723577235,-10.833333333333325,6.034482758620685,-72.41379310344827,True,SCORED_WINDOW
PYPL-0031,PYPL,O:PYPL260206C00057000,CALL,57.0,2026-02-06,14,0.0,DISCOVERY,ENTRY_FORMING,2026-01-26T15:45:00+00:00,2026-01-26T15:30:00+00:00,77,1,199,False,True,277,WITHIN_TOLERANCE,NEAR_ATM,0.5175438596491259,-0.5175438596491259,11,D10,260,1770651000000,CONTRACT_EXPIRY,True,199,2.32,2.34,0.8620689655172376,5.128205128205132,-99.57264957264957,-99.57264957264957,4,140,-99.59349593495935,-19.41666666666665,6.034482758620685,-99.56896551724138,True,SCORED_RIGHT_CENSORED
GME-0029,GME,O:GME260206C00024500,CALL,24.5,2026-02-06,14,0.0,DISCOVERY,RISK_OR_EXHAUSTION,2026-01-26T17:45:00+00:00,2026-01-26T17:30:00+00:00,57,1,244,False,True,302,WITHIN_TOLERANCE,NEAR_ATM,0.9795918367346876,0.9795918367346876,11,H1,4,1769452200000,,False,4,1.3,1.41,8.461538461538453,5.673758865248235,-29.78723404255319,-25.531914893617014,1,4,-29.53020134228188,-4.499999999999992,14.615384615384608,-23.84615384615385,True,SCORED_WINDOW
GME-0029,GME,O:GME260206C00024500,CALL,24.5,2026-02-06,14,0.0,DISCOVERY,RISK_OR_EXHAUSTION,2026-01-26T17:45:00+00:00,2026-01-26T17:30:00+00:00,57,1,244,False,True,302,WITHIN_TOLERANCE,NEAR_ATM,0.9795918367346876,0.9795918367346876,11,D1,26,1769535000000,,False,26,1.3,1.41,8.461538461538453,5.673758865248235,-59.57446808510638,-46.09929078014184,1,15,-48.993288590604024,-8.124999999999988,14.615384615384608,-56.15384615384615,True,SCORED_WINDOW
GME-0029,GME,O:GME260206C00024500,CALL,24.5,2026-02-06,14,0.0,DISCOVERY,RISK_OR_EXHAUSTION,2026-01-26T17:45:00+00:00,2026-01-26T17:30:00+00:00,57,1,244,False,True,302,WITHIN_TOLERANCE,NEAR_ATM,0.9795918367346876,0.9795918367346876,11,D3,78,1769707800000,,False,77,1.3,1.41,8.461538461538453,5.673758865248235,-82.97872340425532,-78.72340425531915,1,71,-79.86577181208054,-13.87499999999998,14.615384615384608,-81.53846153846153,True,SCORED_WINDOW
GME-0029,GME,O:GME260206C00024500,CALL,24.5,2026-02-06,14,0.0,DISCOVERY,RISK_OR_EXHAUSTION,2026-01-26T17:45:00+00:00,2026-01-26T17:30:00+00:00,57,1,244,False,True,302,WITHIN_TOLERANCE,NEAR_ATM,0.9795918367346876,0.9795918367346876,11,D5,130,1770053400000,,False,127,1.3,1.41,8.461538461538453,5.673758865248235,-85.1063829787234,-18.439716312056742,1,88,-22.818791946308725,-3.249999999999996,14.615384615384608,-83.84615384615385,True,SCORED_WINDOW
GME-0029,GME,O:GME260206C00024500,CALL,24.5,2026-02-06,14,0.0,DISCOVERY,RISK_OR_EXHAUSTION,2026-01-26T17:45:00+00:00,2026-01-26T17:30:00+00:00,57,1,244,False,True,302,WITHIN_TOLERANCE,NEAR_ATM,0.9795918367346876,0.9795918367346876,11,D10,260,1770658200000,CONTRACT_EXPIRY,True,244,1.3,1.41,8.461538461538453,17.021276595744684,-92.19858156028369,-63.829787234042556,135,235,-69.0909090909091,-3.7499999999999996,26.923076923076916,-91.53846153846153,True,SCORED_RIGHT_CENSORED
U-0031,U,O:U260206C00043500,CALL,43.5,2026-02-06,14,0.0,DISCOVERY,CONTINUATION,2026-01-26T17:45:00+00:00,2026-01-26T17:30:00+00:00,7,0,13,False,False,20,WITHIN_TOLERANCE,NEAR_ATM,0.27586206896551135,0.27586206896551135,11,H1,4,1769452200000,,False,,,,,,,,,,,,,,,UNSCORED_SIGNAL_BAR_ABSENT
U-0031,U,O:U260206C00043500,CALL,43.5,2026-02-06,14,0.0,DISCOVERY,CONTINUATION,2026-01-26T17:45:00+00:00,2026-01-26T17:30:00+00:00,7,0,13,False,False,20,WITHIN_TOLERANCE,NEAR_ATM,0.27586206896551135,0.27586206896551135,11,D1,26,1769535000000,,False,,,,,,,,,,,,,,,UNSCORED_SIGNAL_BAR_ABSENT
U-0031,U,O:U260206C00043500,CALL,43.5,2026-02-06,14,0.0,DISCOVERY,CONTINUATION,2026-01-26T17:45:00+00:00,2026-01-26T17:30:00+00:00,7,0,13,False,False,20,WITHIN_TOLERANCE,NEAR_ATM,0.27586206896551135,0.27586206896551135,11,D3,78,1769707800000,,False,,,,,,,,,,,,,,,UNSCORED_SIGNAL_BAR_ABSENT
U-0031,U,O:U260206C00043500,CALL,43.5,2026-02-06,14,0.0,DISCOVERY,CONTINUATION,2026-01-26T17:45:00+00:00,2026-01-26T17:30:00+00:00,7,0,13,False,False,20,WITHIN_TOLERANCE,NEAR_ATM,0.27586206896551135,0.27586206896551135,11,D5,130,1770053400000,,False,,,,,,,,,,,,,,,UNSCORED_SIGNAL_BAR_ABSENT
U-0031,U,O:U260206C00043500,CALL,43.5,2026-02-06,14,0.0,DISCOVERY,CONTINUATION,2026-01-26T17:45:00+00:00,2026-01-26T17:30:00+00:00,7,0,13,False,False,20,WITHIN_TOLERANCE,NEAR_ATM,0.27586206896551135,0.27586206896551135,11,D10,260,1770658200000,CONTRACT_EXPIRY,True,,,,,,,,,,,,,,,UNSCORED_SIGNAL_BAR_ABSENT
PYPL-0032,PYPL,O:PYPL260206C00057000,CALL,57.0,2026-02-06,14,0.0,DISCOVERY,THESIS_PRESSURE,2026-01-26T21:00:00+00:00,2026-01-26T20:45:00+00:00,92,1,184,False,True,277,WITHIN_TOLERANCE,NEAR_ATM,0.7017543859649098,-0.7017543859649098,11,H1,4,1769526900000,,False,4,2.19,2.08,-5.022831050228305,6.730769230769229,-13.942307692307699,-13.942307692307699,1,4,-19.369369369369373,-2.071428571428573,1.3698630136986356,-18.2648401826484,True,SCORED_WINDOW
PYPL-0032,PYPL,O:PYPL260206C00057000,CALL,57.0,2026-02-06,14,0.0,DISCOVERY,THESIS_PRESSURE,2026-01-26T21:00:00+00:00,2026-01-26T20:45:00+00:00,92,1,184,False,True,277,WITHIN_TOLERANCE,NEAR_ATM,0.7017543859649098,-0.7017543859649098,11,D1,26,1769546700000,,False,25,2.19,2.08,-5.022831050228305,6.730769230769229,-21.634615384615397,-13.942307692307699,1,19,-19.369369369369373,-2.071428571428573,1.3698630136986356,-25.570776255707763,True,SCORED_WINDOW
PYPL-0032,PYPL,O:PYPL260206C00057000,CALL,57.0,2026-02-06,14,0.0,DISCOVERY,THESIS_PRESSURE,2026-01-26T21:00:00+00:00,2026-01-26T20:45:00+00:00,92,1,184,False,True,277,WITHIN_TOLERANCE,NEAR_ATM,0.7017543859649098,-0.7017543859649098,11,D3,78,1769719500000,,False,72,2.19,2.08,-5.022831050228305,6.730769230769229,-61.53846153846154,-55.28846153846154,1,64,-58.10810810810811,-8.214285714285717,1.3698630136986356,-63.4703196347032,True,SCORED_WINDOW
PYPL-0032,PYPL,O:PYPL260206C00057000,CALL,57.0,2026-02-06,14,0.0,DISCOVERY,THESIS_PRESSURE,2026-01-26T21:00:00+00:00,2026-01-26T20:45:00+00:00,92,1,184,False,True,277,WITHIN_TOLERANCE,NEAR_ATM,0.7017543859649098,-0.7017543859649098,11,D5,130,1770065100000,,False,124,2.19,2.08,-5.022831050228305,6.730769230769229,-69.23076923076923,-58.65384615384615,1,80,-61.261261261261254,-8.714285714285717,1.3698630136986356,-70.77625570776256,True,SCORED_WINDOW
PYPL-0032,PYPL,O:PYPL260206C00057000,CALL,57.0,2026-02-06,14,0.0,DISCOVERY,THESIS_PRESSURE,2026-01-26T21:00:00+00:00,2026-01-26T20:45:00+00:00,92,1,184,False,True,277,WITHIN_TOLERANCE,NEAR_ATM,0.7017543859649098,-0.7017543859649098,11,D10,260,1770669900000,CONTRACT_EXPIRY,True,184,2.19,2.08,-5.022831050228305,6.730769230769229,-99.51923076923077,-99.51923076923077,1,125,-99.54954954954955,-14.78571428571429,1.3698630136986356,-99.54337899543378,True,SCORED_RIGHT_CENSORED
U-0032,U,O:U260213C00042000,CALL,42.0,2026-02-13,14,0.0,DISCOVERY,THESIS_PRESSURE,2026-01-27T15:00:00+00:00,2026-01-27T14:45:00+00:00,11,0,46,False,False,57,WITHIN_TOLERANCE,NEAR_ATM,0.1428571428571483,0.1428571428571483,17,H1,4,1769528700000,,False,,,,,,,,,,,,,,,UNSCORED_SIGNAL_BAR_ABSENT
U-0032,U,O:U260213C00042000,CALL,42.0,2026-02-13,14,0.0,DISCOVERY,THESIS_PRESSURE,2026-01-27T15:00:00+00:00,2026-01-27T14:45:00+00:00,11,0,46,False,False,57,WITHIN_TOLERANCE,NEAR_ATM,0.1428571428571483,0.1428571428571483,17,D1,26,1769611500000,,False,,,,,,,,,,,,,,,UNSCORED_SIGNAL_BAR_ABSENT
U-0032,U,O:U260213C00042000,CALL,42.0,2026-02-13,14,0.0,DISCOVERY,THESIS_PRESSURE,2026-01-27T15:00:00+00:00,2026-01-27T14:45:00+00:00,11,0,46,False,False,57,WITHIN_TOLERANCE,NEAR_ATM,0.1428571428571483,0.1428571428571483,17,D3,78,1769784300000,,False,,,,,,,,,,,,,,,UNSCORED_SIGNAL_BAR_ABSENT
U-0032,U,O:U260213C00042000,CALL,42.0,2026-02-13,14,0.0,DISCOVERY,THESIS_PRESSURE,2026-01-27T15:00:00+00:00,2026-01-27T14:45:00+00:00,11,0,46,False,False,57,WITHIN_TOLERANCE,NEAR_ATM,0.1428571428571483,0.1428571428571483,17,D5,130,1770129900000,,False,,,,,,,,,,,,,,,UNSCORED_SIGNAL_BAR_ABSENT
U-0032,U,O:U260213C00042000,CALL,42.0,2026-02-13,14,0.0,DISCOVERY,THESIS_PRESSURE,2026-01-27T15:00:00+00:00,2026-01-27T14:45:00+00:00,11,0,46,False,False,57,WITHIN_TOLERANCE,NEAR_ATM,0.1428571428571483,0.1428571428571483,17,D10,260,1770734700000,,False,,,,,,,,,,,,,,,UNSCORED_SIGNAL_BAR_ABSENT
GME-0030,GME,O:GME260213C00024000,CALL,24.0,2026-02-13,14,0.0,DISCOVERY,CONTINUATION,2026-01-27T16:15:00+00:00,2026-01-27T16:00:00+00:00,99,1,348,False,True,448,WITHIN_TOLERANCE,NEAR_ATM,0.10416666666666075,0.10416666666666075,17,H1,4,1769533200000,,False,4,1.32,1.27,-3.7878787878787956,3.149606299212593,-5.511811023622048,1.5748031496062964,3,1,-1.526717557251911,0.5,-0.7575757575757569,-9.090909090909093,False,SCORED_WINDOW
GME-0030,GME,O:GME260213C00024000,CALL,24.0,2026-02-13,14,0.0,DISCOVERY,CONTINUATION,2026-01-27T16:15:00+00:00,2026-01-27T16:00:00+00:00,99,1,348,False,True,448,WITHIN_TOLERANCE,NEAR_ATM,0.10416666666666075,0.10416666666666075,17,D1,26,1769616000000,,False,25,1.32,1.27,-3.7878787878787956,21.259842519685044,-27.55905511811023,-26.77165354330708,13,25,-39.6103896103896,-1.2592592592592586,16.666666666666675,-30.303030303030297,True,SCORED_WINDOW
GME-0030,GME,O:GME260213C00024000,CALL,24.0,2026-02-13,14,0.0,DISCOVERY,CONTINUATION,2026-01-27T16:15:00+00:00,2026-01-27T16:00:00+00:00,99,1,348,False,True,448,WITHIN_TOLERANCE,NEAR_ATM,0.10416666666666075,0.10416666666666075,17,D3,78,1769788800000,,False,73,1.32,1.27,-3.7878787878787956,21.259842519685044,-63.77952755905512,-37.79527559055118,13,63,-48.701298701298704,-1.7777777777777772,16.666666666666675,-65.15151515151516,True,SCORED_WINDOW
GME-0030,GME,O:GME260213C00024000,CALL,24.0,2026-02-13,14,0.0,DISCOVERY,CONTINUATION,2026-01-27T16:15:00+00:00,2026-01-27T16:00:00+00:00,99,1,348,False,True,448,WITHIN_TOLERANCE,NEAR_ATM,0.10416666666666075,0.10416666666666075,17,D5,130,1770134400000,,False,124,1.32,1.27,-3.7878787878787956,81.88976377952757,-63.77952755905512,10.236220472440927,112,63,-39.393939393939405,0.12499999999999976,75.0,-65.15151515151516,False,SCORED_WINDOW
GME-0030,GME,O:GME260213C00024000,CALL,24.0,2026-02-13,14,0.0,DISCOVERY,CONTINUATION,2026-01-27T16:15:00+00:00,2026-01-27T16:00:00+00:00,99,1,348,False,True,448,WITHIN_TOLERANCE,NEAR_ATM,0.10416666666666075,0.10416666666666075,17,D10,260,1770739200000,,False,253,1.32,1.27,-3.7878787878787956,81.88976377952757,-63.77952755905512,-13.38582677165354,112,63,-52.38095238095237,-0.1634615384615384,75.0,-65.15151515151516,False,SCORED_WINDOW
SPY-0030,SPY,O:SPY260210C00695000,CALL,695.0,2026-02-10,14,0.0,DISCOVERY,CONTINUATION,2026-01-27T20:30:00+00:00,2026-01-27T20:15:00+00:00,14,0,257,False,False,282,WITHIN_TOLERANCE,NEAR_ATM,0.14387050359712591,0.14387050359712591,14,H1,4,1769611500000,,False,,,,,,,,,,,,,,,UNSCORED_SIGNAL_BAR_ABSENT
SPY-0030,SPY,O:SPY260210C00695000,CALL,695.0,2026-02-10,14,0.0,DISCOVERY,CONTINUATION,2026-01-27T20:30:00+00:00,2026-01-27T20:15:00+00:00,14,0,257,False,False,282,WITHIN_TOLERANCE,NEAR_ATM,0.14387050359712591,0.14387050359712591,14,D1,26,1769631300000,,False,,,,,,,,,,,,,,,UNSCORED_SIGNAL_BAR_ABSENT
SPY-0030,SPY,O:SPY260210C00695000,CALL,695.0,2026-02-10,14,0.0,DISCOVERY,CONTINUATION,2026-01-27T20:30:00+00:00,2026-01-27T20:15:00+00:00,14,0,257,False,False,282,WITHIN_TOLERANCE,NEAR_ATM,0.14387050359712591,0.14387050359712591,14,D3,78,1769804100000,,False,,,,,,,,,,,,,,,UNSCORED_SIGNAL_BAR_ABSENT
SPY-0030,SPY,O:SPY260210C00695000,CALL,695.0,2026-02-10,14,0.0,DISCOVERY,CONTINUATION,2026-01-27T20:30:00+00:00,2026-01-27T20:15:00+00:00,14,0,257,False,False,282,WITHIN_TOLERANCE,NEAR_ATM,0.14387050359712591,0.14387050359712591,14,D5,130,1770149700000,,False,,,,,,,,,,,,,,,UNSCORED_SIGNAL_BAR_ABSENT
SPY-0030,SPY,O:SPY260210C00695000,CALL,695.0,2026-02-10,14,0.0,DISCOVERY,CONTINUATION,2026-01-27T20:30:00+00:00,2026-01-27T20:15:00+00:00,14,0,257,False,False,282,WITHIN_TOLERANCE,NEAR_ATM,0.14387050359712591,0.14387050359712591,14,D10,260,1770754500000,,False,,,,,,,,,,,,,,,UNSCORED_SIGNAL_BAR_ABSENT
SPY-0031,SPY,O:SPY260211C00695000,CALL,695.0,2026-02-11,14,0.0,DISCOVERY,RISK_OR_EXHAUSTION,2026-01-28T15:00:00+00:00,2026-01-28T14:45:00+00:00,1,1,260,False,True,272,WITHIN_TOLERANCE,NEAR_ATM,0.30503597122302223,0.30503597122302223,14,H1,4,1769615100000,,False,1,9.1,8.21,-9.780219780219767,0.0,0.0,0.0,1,1,0.0,,-9.780219780219767,-9.780219780219767,False,SCORED_WINDOW
SPY-0031,SPY,O:SPY260211C00695000,CALL,695.0,2026-02-11,14,0.0,DISCOVERY,RISK_OR_EXHAUSTION,2026-01-28T15:00:00+00:00,2026-01-28T14:45:00+00:00,1,1,260,False,True,272,WITHIN_TOLERANCE,NEAR_ATM,0.30503597122302223,0.30503597122302223,14,D1,26,1769697900000,,False,21,9.1,8.21,-9.780219780219767,4.141291108404377,-25.091352009744217,-25.091352009744217,20,21,-28.07017543859649,-6.058823529411777,-6.043956043956033,-32.417582417582416,True,SCORED_WINDOW
SPY-0031,SPY,O:SPY260211C00695000,CALL,695.0,2026-02-11,14,0.0,DISCOVERY,RISK_OR_EXHAUSTION,2026-01-28T15:00:00+00:00,2026-01-28T14:45:00+00:00,1,1,260,False,True,272,WITHIN_TOLERANCE,NEAR_ATM,0.30503597122302223,0.30503597122302223,14,D3,78,1770043500000,,False,67,9.1,8.21,-9.780219780219767,4.141291108404377,-53.3495736906212,-32.76492082825824,20,26,-35.43859649122808,-7.911764705882373,-6.043956043956033,-57.912087912087905,True,SCORED_WINDOW
SPY-0031,SPY,O:SPY260211C00695000,CALL,695.0,2026-02-11,14,0.0,DISCOVERY,RISK_OR_EXHAUSTION,2026-01-28T15:00:00+00:00,2026-01-28T14:45:00+00:00,1,1,260,False,True,272,WITHIN_TOLERANCE,NEAR_ATM,0.30503597122302223,0.30503597122302223,14,D5,130,1770216300000,,False,110,9.1,8.21,-9.780219780219767,4.141291108404377,-69.79293544457978,-63.337393422655296,20,101,-64.79532163742691,-15.294117647058853,-6.043956043956033,-72.74725274725274,True,SCORED_WINDOW
SPY-0031,SPY,O:SPY260211C00695000,CALL,695.0,2026-02-11,14,0.0,DISCOVERY,RISK_OR_EXHAUSTION,2026-01-28T15:00:00+00:00,2026-01-28T14:45:00+00:00,1,1,260,False,True,272,WITHIN_TOLERANCE,NEAR_ATM,0.30503597122302223,0.30503597122302223,14,D10,260,1770821100000,,False,245,9.1,8.21,-9.780219780219767,4.141291108404377,-93.05724725943972,-86.84531059683313,20,162,-87.36842105263159,-20.97058823529416,-6.043956043956033,-93.73626373626374,True,SCORED_WINDOW
TSLA-0031,TSLA,O:TSLA260211C00437500,CALL,437.5,2026-02-11,14,0.0,DISCOVERY,ENTRY_FORMING,2026-01-28T15:00:00+00:00,2026-01-28T14:45:00+00:00,1,1,225,False,True,227,WITHIN_TOLERANCE,NEAR_ATM,0.004685714285720418,-0.004685714285720418,14,H1,4,1769615100000,,False,4,18.32,17.77,-3.0021834061135455,0.0,-9.960607765897578,-9.960607765897578,1,4,-9.960607765897578,,-3.0021834061135455,-12.66375545851528,True,SCORED_WINDOW
TSLA-0031,TSLA,O:TSLA260211C00437500,CALL,437.5,2026-02-11,14,0.0,DISCOVERY,ENTRY_FORMING,2026-01-28T15:00:00+00:00,2026-01-28T14:45:00+00:00,1,1,225,False,True,227,WITHIN_TOLERANCE,NEAR_ATM,0.004685714285720418,-0.004685714285720418,14,D1,26,1769697900000,,False,12,18.32,17.77,-3.0021834061135455,0.0,-45.863815419245924,-41.361845807540796,1,11,-41.361845807540796,,-3.0021834061135455,-47.48908296943232,True,SCORED_WINDOW
TSLA-0031,TSLA,O:TSLA260211C00437500,CALL,437.5,2026-02-11,14,0.0,DISCOVERY,ENTRY_FORMING,2026-01-28T15:00:00+00:00,2026-01-28T14:45:00+00:00,1,1,225,False,True,227,WITHIN_TOLERANCE,NEAR_ATM,0.004685714285720418,-0.004685714285720418,14,D3,78,1770043500000,,False,41,18.32,17.77,-3.0021834061135455,0.0,-73.26955543050084,-70.45582442318515,1,40,-70.45582442318515,,-3.0021834061135455,-74.07205240174673,True,SCORED_WINDOW
TSLA-0031,TSLA,O:TSLA260211C00437500,CALL,437.5,2026-02-11,14,0.0,DISCOVERY,ENTRY_FORMING,2026-01-28T15:00:00+00:00,2026-01-28T14:45:00+00:00,1,1,225,False,True,227,WITHIN_TOLERANCE,NEAR_ATM,0.004685714285720418,-0.004685714285720418,14,D5,130,1770216300000,,False,77,18.32,17.77,-3.0021834061135455,0.0,-80.02250984805852,-71.86268992684299,1,70,-71.86268992684299,,-3.0021834061135455,-80.62227074235808,True,SCORED_WINDOW
TSLA-0031,TSLA,O:TSLA260211C00437500,CALL,437.5,2026-02-11,14,0.0,DISCOVERY,ENTRY_FORMING,2026-01-28T15:00:00+00:00,2026-01-28T14:45:00+00:00,1,1,225,False,True,227,WITHIN_TOLERANCE,NEAR_ATM,0.004685714285720418,-0.004685714285720418,14,D10,260,1770821100000,,False,201,18.32,17.77,-3.0021834061135455,0.0,-98.25548677546426,-95.66685424873383,1,181,-95.66685424873383,,-3.0021834061135455,-98.30786026200873,True,SCORED_WINDOW
GME-0031,GME,O:GME260213C00023500,CALL,23.5,2026-02-13,14,0.0,DISCOVERY,THESIS_PRESSURE,2026-01-28T17:45:00+00:00,2026-01-28T17:30:00+00:00,42,0,241,False,False,284,WITHIN_TOLERANCE,NEAR_ATM,0.14893617021276656,0.14893617021276656,16,H1,4,1769625000000,,False,,,,,,,,,,,,,,,UNSCORED_SIGNAL_BAR_ABSENT
GME-0031,GME,O:GME260213C00023500,CALL,23.5,2026-02-13,14,0.0,DISCOVERY,THESIS_PRESSURE,2026-01-28T17:45:00+00:00,2026-01-28T17:30:00+00:00,42,0,241,False,False,284,WITHIN_TOLERANCE,NEAR_ATM,0.14893617021276656,0.14893617021276656,16,D1,26,1769707800000,,False,,,,,,,,,,,,,,,UNSCORED_SIGNAL_BAR_ABSENT
GME-0031,GME,O:GME260213C00023500,CALL,23.5,2026-02-13,14,0.0,DISCOVERY,THESIS_PRESSURE,2026-01-28T17:45:00+00:00,2026-01-28T17:30:00+00:00,42,0,241,False,False,284,WITHIN_TOLERANCE,NEAR_ATM,0.14893617021276656,0.14893617021276656,16,D3,78,1770053400000,,False,,,,,,,,,,,,,,,UNSCORED_SIGNAL_BAR_ABSENT
GME-0031,GME,O:GME260213C00023500,CALL,23.5,2026-02-13,14,0.0,DISCOVERY,THESIS_PRESSURE,2026-01-28T17:45:00+00:00,2026-01-28T17:30:00+00:00,42,0,241,False,False,284,WITHIN_TOLERANCE,NEAR_ATM,0.14893617021276656,0.14893617021276656,16,D5,130,1770226200000,,False,,,,,,,,,,,,,,,UNSCORED_SIGNAL_BAR_ABSENT
GME-0031,GME,O:GME260213C00023500,CALL,23.5,2026-02-13,14,0.0,DISCOVERY,THESIS_PRESSURE,2026-01-28T17:45:00+00:00,2026-01-28T17:30:00+00:00,42,0,241,False,False,284,WITHIN_TOLERANCE,NEAR_ATM,0.14893617021276656,0.14893617021276656,16,D10,260,1770831000000,,False,,,,,,,,,,,,,,,UNSCORED_SIGNAL_BAR_ABSENT
SPY-0032,SPY,O:SPY260211C00695000,CALL,695.0,2026-02-11,14,0.0,DISCOVERY,THESIS_PRESSURE,2026-01-28T19:15:00+00:00,2026-01-28T19:00:00+00:00,13,1,248,False,True,272,WITHIN_TOLERANCE,NEAR_ATM,0.012230215827343363,-0.012230215827343363,14,H1,4,1769630400000,,False,4,7.49,7.67,2.4032042723631575,1.6949152542372836,-4.172099087353331,1.1734028683181297,3,2,-0.512820512820511,0.6923076923076984,4.1388518024032095,-1.8691588785046842,False,SCORED_WINDOW
SPY-0032,SPY,O:SPY260211C00695000,CALL,695.0,2026-02-11,14,0.0,DISCOVERY,THESIS_PRESSURE,2026-01-28T19:15:00+00:00,2026-01-28T19:00:00+00:00,13,1,248,False,True,272,WITHIN_TOLERANCE,NEAR_ATM,0.012230215827343363,-0.012230215827343363,14,D1,26,1769713200000,,False,23,7.49,7.67,2.4032042723631575,11.473272490221653,-50.06518904823989,-30.378096479791395,8,14,-37.543859649122815,-2.6477272727272703,14.15220293724968,-48.865153538050734,True,SCORED_WINDOW
SPY-0032,SPY,O:SPY260211C00695000,CALL,695.0,2026-02-11,14,0.0,DISCOVERY,THESIS_PRESSURE,2026-01-28T19:15:00+00:00,2026-01-28T19:00:00+00:00,13,1,248,False,True,272,WITHIN_TOLERANCE,NEAR_ATM,0.012230215827343363,-0.012230215827343363,14,D3,78,1770058800000,,False,65,7.49,7.67,2.4032042723631575,11.473272490221653,-50.06518904823989,-15.254237288135597,8,14,-23.976608187134506,-1.3295454545454537,14.15220293724968,-48.865153538050734,True,SCORED_WINDOW
SPY-0032,SPY,O:SPY260211C00695000,CALL,695.0,2026-02-11,14,0.0,DISCOVERY,THESIS_PRESSURE,2026-01-28T19:15:00+00:00,2026-01-28T19:00:00+00:00,13,1,248,False,True,272,WITHIN_TOLERANCE,NEAR_ATM,0.012230215827343363,-0.012230215827343363,14,D5,130,1770231600000,,False,115,7.49,7.67,2.4032042723631575,11.473272490221653,-74.44589308996088,-70.01303780964798,8,110,-73.09941520467838,-6.102272727272722,14.15220293724968,-73.83177570093457,True,SCORED_WINDOW
SPY-0032,SPY,O:SPY260211C00695000,CALL,695.0,2026-02-11,14,0.0,DISCOVERY,THESIS_PRESSURE,2026-01-28T19:15:00+00:00,2026-01-28T19:00:00+00:00,13,1,248,False,True,272,WITHIN_TOLERANCE,NEAR_ATM,0.012230215827343363,-0.012230215827343363,14,D10,260,1770836400000,,False,250,7.49,7.67,2.4032042723631575,11.473272490221653,-99.34810951760105,-98.4354628422425,8,250,-98.59649122807016,-8.579545454545446,14.15220293724968,-99.3324432576769,True,SCORED_WINDOW
VALE-0029,VALE,O:VALE260213C00016500,CALL,16.5,2026-02-13,14,0.0,DISCOVERY,ENTRY_FORMING,2026-01-28T19:45:00+00:00,2026-01-28T19:30:00+00:00,24,0,132,False,False,156,WITHIN_TOLERANCE,NEAR_ATM,0.7272727272727333,0.7272727272727333,16,H1,4,1769632200000,,False,,,,,,,,,,,,,,,UNSCORED_SIGNAL_BAR_ABSENT
VALE-0029,VALE,O:VALE260213C00016500,CALL,16.5,2026-02-13,14,0.0,DISCOVERY,ENTRY_FORMING,2026-01-28T19:45:00+00:00,2026-01-28T19:30:00+00:00,24,0,132,False,False,156,WITHIN_TOLERANCE,NEAR_ATM,0.7272727272727333,0.7272727272727333,16,D1,26,1769715000000,,False,,,,,,,,,,,,,,,UNSCORED_SIGNAL_BAR_ABSENT
VALE-0029,VALE,O:VALE260213C00016500,CALL,16.5,2026-02-13,14,0.0,DISCOVERY,ENTRY_FORMING,2026-01-28T19:45:00+00:00,2026-01-28T19:30:00+00:00,24,0,132,False,False,156,WITHIN_TOLERANCE,NEAR_ATM,0.7272727272727333,0.7272727272727333,16,D3,78,1770060600000,,False,,,,,,,,,,,,,,,UNSCORED_SIGNAL_BAR_ABSENT
VALE-0029,VALE,O:VALE260213C00016500,CALL,16.5,2026-02-13,14,0.0,DISCOVERY,ENTRY_FORMING,2026-01-28T19:45:00+00:00,2026-01-28T19:30:00+00:00,24,0,132,False,False,156,WITHIN_TOLERANCE,NEAR_ATM,0.7272727272727333,0.7272727272727333,16,D5,130,1770233400000,,False,,,,,,,,,,,,,,,UNSCORED_SIGNAL_BAR_ABSENT
VALE-0029,VALE,O:VALE260213C00016500,CALL,16.5,2026-02-13,14,0.0,DISCOVERY,ENTRY_FORMING,2026-01-28T19:45:00+00:00,2026-01-28T19:30:00+00:00,24,0,132,False,False,156,WITHIN_TOLERANCE,NEAR_ATM,0.7272727272727333,0.7272727272727333,16,D10,260,1770838200000,,False,,,,,,,,,,,,,,,UNSCORED_SIGNAL_BAR_ABSENT
TSLA-0032,TSLA,O:TSLA260211C00432500,CALL,432.5,2026-02-11,14,0.0,DISCOVERY,THESIS_PRESSURE,2026-01-28T21:00:00+00:00,2026-01-28T20:45:00+00:00,16,1,221,False,True,238,WITHIN_TOLERANCE,NEAR_ATM,0.24046242774566945,-0.24046242774566945,14,H1,4,1769699700000,,False,3,17.75,17.82,0.3943661971830936,0.0,-44.94949494949495,-44.94949494949495,1,3,-44.94949494949495,,0.3943661971830936,-44.732394366197184,True,SCORED_WINDOW
TSLA-0032,TSLA,O:TSLA260211C00432500,CALL,432.5,2026-02-11,14,0.0,DISCOVERY,THESIS_PRESSURE,2026-01-28T21:00:00+00:00,2026-01-28T20:45:00+00:00,16,1,221,False,True,238,WITHIN_TOLERANCE,NEAR_ATM,0.24046242774566945,-0.24046242774566945,14,D1,26,1769719500000,,False,18,17.75,17.82,0.3943661971830936,0.0,-58.75420875420876,-58.75420875420876,1,18,-58.75420875420876,,0.3943661971830936,-58.59154929577465,True,SCORED_WINDOW
TSLA-0032,TSLA,O:TSLA260211C00432500,CALL,432.5,2026-02-11,14,0.0,DISCOVERY,THESIS_PRESSURE,2026-01-28T21:00:00+00:00,2026-01-28T20:45:00+00:00,16,1,221,False,True,238,WITHIN_TOLERANCE,NEAR_ATM,0.24046242774566945,-0.24046242774566945,14,D3,78,1770065100000,,False,51,17.75,17.82,0.3943661971830936,2.076318742985417,-68.57463524130192,-61.27946127946128,23,33,-62.06706981858163,-29.513513513513413,2.4788732394366297,-68.45070422535211,True,SCORED_WINDOW
TSLA-0032,TSLA,O:TSLA260211C00432500,CALL,432.5,2026-02-11,14,0.0,DISCOVERY,THESIS_PRESSURE,2026-01-28T21:00:00+00:00,2026-01-28T20:45:00+00:00,16,1,221,False,True,238,WITHIN_TOLERANCE,NEAR_ATM,0.24046242774566945,-0.24046242774566945,14,D5,130,1770237900000,,False,96,17.75,17.82,0.3943661971830936,2.076318742985417,-89.05723905723906,-86.98092031425365,23,86,-87.24573941726223,-41.891891891891746,2.4788732394366297,-89.01408450704226,True,SCORED_WINDOW
TSLA-0032,TSLA,O:TSLA260211C00432500,CALL,432.5,2026-02-11,14,0.0,DISCOVERY,THESIS_PRESSURE,2026-01-28T21:00:00+00:00,2026-01-28T20:45:00+00:00,16,1,221,False,True,238,WITHIN_TOLERANCE,NEAR_ATM,0.24046242774566945,-0.24046242774566945,14,D10,260,1770842700000,,False,221,17.75,17.82,0.3943661971830936,2.076318742985417,-99.9438832772166,-99.9438832772166,23,218,-99.9450247388675,-48.135135135134966,2.4788732394366297,-99.94366197183099,True,SCORED_WINDOW
VALE-0030,VALE,O:VALE260213C00017000,CALL,17.0,2026-02-13,14,0.0,DISCOVERY,RISK_OR_EXHAUSTION,2026-01-28T21:00:00+00:00,2026-01-28T20:45:00+00:00,31,0,165,False,False,196,WITHIN_TOLERANCE,NEAR_ATM,1.4411764705882413,-1.4411764705882413,16,H1,4,1769699700000,,False,,,,,,,,,,,,,,,UNSCORED_SIGNAL_BAR_ABSENT
VALE-0030,VALE,O:VALE260213C00017000,CALL,17.0,2026-02-13,14,0.0,DISCOVERY,RISK_OR_EXHAUSTION,2026-01-28T21:00:00+00:00,2026-01-28T20:45:00+00:00,31,0,165,False,False,196,WITHIN_TOLERANCE,NEAR_ATM,1.4411764705882413,-1.4411764705882413,16,D1,26,1769719500000,,False,,,,,,,,,,,,,,,UNSCORED_SIGNAL_BAR_ABSENT
VALE-0030,VALE,O:VALE260213C00017000,CALL,17.0,2026-02-13,14,0.0,DISCOVERY,RISK_OR_EXHAUSTION,2026-01-28T21:00:00+00:00,2026-01-28T20:45:00+00:00,31,0,165,False,False,196,WITHIN_TOLERANCE,NEAR_ATM,1.4411764705882413,-1.4411764705882413,16,D3,78,1770065100000,,False,,,,,,,,,,,,,,,UNSCORED_SIGNAL_BAR_ABSENT
VALE-0030,VALE,O:VALE260213C00017000,CALL,17.0,2026-02-13,14,0.0,DISCOVERY,RISK_OR_EXHAUSTION,2026-01-28T21:00:00+00:00,2026-01-28T20:45:00+00:00,31,0,165,False,False,196,WITHIN_TOLERANCE,NEAR_ATM,1.4411764705882413,-1.4411764705882413,16,D5,130,1770237900000,,False,,,,,,,,,,,,,,,UNSCORED_SIGNAL_BAR_ABSENT
VALE-0030,VALE,O:VALE260213C00017000,CALL,17.0,2026-02-13,14,0.0,DISCOVERY,RISK_OR_EXHAUSTION,2026-01-28T21:00:00+00:00,2026-01-28T20:45:00+00:00,31,0,165,False,False,196,WITHIN_TOLERANCE,NEAR_ATM,1.4411764705882413,-1.4411764705882413,16,D10,260,1770842700000,,False,,,,,,,,,,,,,,,UNSCORED_SIGNAL_BAR_ABSENT
RBLX-0031,RBLX,O:RBLX260213C00075000,CALL,75.0,2026-02-13,14,0.0,DISCOVERY,ENTRY_FORMING,2026-01-29T20:45:00+00:00,2026-01-29T20:30:00+00:00,33,0,181,False,False,214,WITHIN_TOLERANCE,NEAR_ATM,0.12000000000000455,-0.12000000000000455,15,H1,4,1769785200000,,False,,,,,,,,,,,,,,,UNSCORED_SIGNAL_BAR_ABSENT
RBLX-0031,RBLX,O:RBLX260213C00075000,CALL,75.0,2026-02-13,14,0.0,DISCOVERY,ENTRY_FORMING,2026-01-29T20:45:00+00:00,2026-01-29T20:30:00+00:00,33,0,181,False,False,214,WITHIN_TOLERANCE,NEAR_ATM,0.12000000000000455,-0.12000000000000455,15,D1,26,1769805000000,,False,,,,,,,,,,,,,,,UNSCORED_SIGNAL_BAR_ABSENT
RBLX-0031,RBLX,O:RBLX260213C00075000,CALL,75.0,2026-02-13,14,0.0,DISCOVERY,ENTRY_FORMING,2026-01-29T20:45:00+00:00,2026-01-29T20:30:00+00:00,33,0,181,False,False,214,WITHIN_TOLERANCE,NEAR_ATM,0.12000000000000455,-0.12000000000000455,15,D3,78,1770150600000,,False,,,,,,,,,,,,,,,UNSCORED_SIGNAL_BAR_ABSENT
RBLX-0031,RBLX,O:RBLX260213C00075000,CALL,75.0,2026-02-13,14,0.0,DISCOVERY,ENTRY_FORMING,2026-01-29T20:45:00+00:00,2026-01-29T20:30:00+00:00,33,0,181,False,False,214,WITHIN_TOLERANCE,NEAR_ATM,0.12000000000000455,-0.12000000000000455,15,D5,130,1770323400000,,False,,,,,,,,,,,,,,,UNSCORED_SIGNAL_BAR_ABSENT
RBLX-0031,RBLX,O:RBLX260213C00075000,CALL,75.0,2026-02-13,14,0.0,DISCOVERY,ENTRY_FORMING,2026-01-29T20:45:00+00:00,2026-01-29T20:30:00+00:00,33,0,181,False,False,214,WITHIN_TOLERANCE,NEAR_ATM,0.12000000000000455,-0.12000000000000455,15,D10,260,1770928200000,,False,,,,,,,,,,,,,,,UNSCORED_SIGNAL_BAR_ABSENT
VALE-0031,VALE,O:VALE260213C00017000,CALL,17.0,2026-02-13,14,0.0,DISCOVERY,CONTINUATION,2026-01-29T21:00:00+00:00,2026-01-29T20:45:00+00:00,46,1,149,False,True,196,WITHIN_TOLERANCE,NEAR_ATM,0.2941176470588277,-0.2941176470588277,15,H1,4,1769786100000,,False,3,0.46,0.38,-17.391304347826086,10.526315789473673,-5.263157894736848,7.8947368421052655,2,1,-2.3809523809523836,0.7500000000000011,-8.695652173913048,-21.739130434782616,False,SCORED_WINDOW
VALE-0031,VALE,O:VALE260213C00017000,CALL,17.0,2026-02-13,14,0.0,DISCOVERY,CONTINUATION,2026-01-29T21:00:00+00:00,2026-01-29T20:45:00+00:00,46,1,149,False,True,196,WITHIN_TOLERANCE,NEAR_ATM,0.2941176470588277,-0.2941176470588277,15,D1,26,1769805900000,,False,13,0.46,0.38,-17.391304347826086,10.526315789473673,-55.263157894736835,-52.63157894736843,2,8,-57.14285714285714,-5.000000000000006,-8.695652173913048,-63.043478260869556,True,SCORED_WINDOW
VALE-0031,VALE,O:VALE260213C00017000,CALL,17.0,2026-02-13,14,0.0,DISCOVERY,CONTINUATION,2026-01-29T21:00:00+00:00,2026-01-29T20:45:00+00:00,46,1,149,False,True,196,WITHIN_TOLERANCE,NEAR_ATM,0.2941176470588277,-0.2941176470588277,15,D3,78,1770151500000,,False,36,0.46,0.38,-17.391304347826086,28.947368421052634,-63.1578947368421,26.315789473684205,36,19,-2.0408163265306145,0.9090909090909088,6.521739130434767,-69.56521739130434,False,SCORED_WINDOW
VALE-0031,VALE,O:VALE260213C00017000,CALL,17.0,2026-02-13,14,0.0,DISCOVERY,CONTINUATION,2026-01-29T21:00:00+00:00,2026-01-29T20:45:00+00:00,46,1,149,False,True,196,WITHIN_TOLERANCE,NEAR_ATM,0.2941176470588277,-0.2941176470588277,15,D5,130,1770324300000,,False,54,0.46,0.38,-17.391304347826086,44.736842105263165,-63.1578947368421,-44.736842105263165,37,19,-61.81818181818181,-1.0,19.565217391304344,-69.56521739130434,False,SCORED_WINDOW
VALE-0031,VALE,O:VALE260213C00017000,CALL,17.0,2026-02-13,14,0.0,DISCOVERY,CONTINUATION,2026-01-29T21:00:00+00:00,2026-01-29T20:45:00+00:00,46,1,149,False,True,196,WITHIN_TOLERANCE,NEAR_ATM,0.2941176470588277,-0.2941176470588277,15,D10,260,1770929100000,,False,141,0.46,0.38,-17.391304347826086,100.0,-65.78947368421053,-36.8421052631579,126,70,-68.42105263157895,-0.368421052631579,65.21739130434783,-71.73913043478262,False,SCORED_WINDOW
RBLX-0032,RBLX,O:RBLX260213C00067000,CALL,67.0,2026-02-13,14,0.0,DISCOVERY,THESIS_PRESSURE,2026-01-30T17:30:00+00:00,2026-01-30T17:15:00+00:00,4,1,118,False,True,123,WITHIN_TOLERANCE,NEAR_ATM,0.07462686567163755,-0.07462686567163755,14,H1,4,1769796900000,,False,0,,,,,,,,,,,,,,UNSCORED_NO_POST_SIGNAL_PRINT
RBLX-0032,RBLX,O:RBLX260213C00067000,CALL,67.0,2026-02-13,14,0.0,DISCOVERY,THESIS_PRESSURE,2026-01-30T17:30:00+00:00,2026-01-30T17:15:00+00:00,4,1,118,False,True,123,WITHIN_TOLERANCE,NEAR_ATM,0.07462686567163755,-0.07462686567163755,14,D1,26,1770052500000,,False,5,6.05,5.28,-12.72727272727272,25.946969696969703,-12.87878787878789,23.484848484848463,4,2,-1.9548872180451204,0.9051094890510939,9.917355371900838,-23.96694214876034,False,SCORED_WINDOW
RBLX-0032,RBLX,O:RBLX260213C00067000,CALL,67.0,2026-02-13,14,0.0,DISCOVERY,THESIS_PRESSURE,2026-01-30T17:30:00+00:00,2026-01-30T17:15:00+00:00,4,1,118,False,True,123,WITHIN_TOLERANCE,NEAR_ATM,0.07462686567163755,-0.07462686567163755,14,D3,78,1770225300000,,False,10,6.05,5.28,-12.72727272727272,25.946969696969703,-26.136363636363647,-23.295454545454554,4,8,-39.09774436090226,-0.8978102189781023,9.917355371900838,-35.537190082644635,True,SCORED_WINDOW
RBLX-0032,RBLX,O:RBLX260213C00067000,CALL,67.0,2026-02-13,14,0.0,DISCOVERY,THESIS_PRESSURE,2026-01-30T17:30:00+00:00,2026-01-30T17:15:00+00:00,4,1,118,False,True,123,WITHIN_TOLERANCE,NEAR_ATM,0.07462686567163755,-0.07462686567163755,14,D5,130,1770398100000,,False,42,6.05,5.28,-12.72727272727272,25.946969696969703,-83.14393939393939,-21.40151515151515,4,34,-37.59398496240601,-0.8248175182481748,9.917355371900838,-85.2892561983471,True,SCORED_WINDOW
RBLX-0032,RBLX,O:RBLX260213C00067000,CALL,67.0,2026-02-13,14,0.0,DISCOVERY,THESIS_PRESSURE,2026-01-30T17:30:00+00:00,2026-01-30T17:15:00+00:00,4,1,118,False,True,123,WITHIN_TOLERANCE,NEAR_ATM,0.07462686567163755,-0.07462686567163755,14,D10,260,1771002900000,,False,113,6.05,5.28,-12.72727272727272,61.17424242424241,-99.81060606060606,-99.81060606060606,69,111,-99.88249118683902,-1.6315789473684215,40.66115702479338,-99.83471074380165,True,SCORED_WINDOW
VALE-0032,VALE,O:VALE260213C00016500,CALL,16.5,2026-02-13,14,0.0,DISCOVERY,THESIS_PRESSURE,2026-01-30T17:45:00+00:00,2026-01-30T17:30:00+00:00,32,0,124,False,False,156,WITHIN_TOLERANCE,NEAR_ATM,1.242424242424232,-1.242424242424232,14,H1,4,1769797800000,,False,,,,,,,,,,,,,,,UNSCORED_SIGNAL_BAR_ABSENT
VALE-0032,VALE,O:VALE260213C00016500,CALL,16.5,2026-02-13,14,0.0,DISCOVERY,THESIS_PRESSURE,2026-01-30T17:45:00+00:00,2026-01-30T17:30:00+00:00,32,0,124,False,False,156,WITHIN_TOLERANCE,NEAR_ATM,1.242424242424232,-1.242424242424232,14,D1,26,1770053400000,,False,,,,,,,,,,,,,,,UNSCORED_SIGNAL_BAR_ABSENT
VALE-0032,VALE,O:VALE260213C00016500,CALL,16.5,2026-02-13,14,0.0,DISCOVERY,THESIS_PRESSURE,2026-01-30T17:45:00+00:00,2026-01-30T17:30:00+00:00,32,0,124,False,False,156,WITHIN_TOLERANCE,NEAR_ATM,1.242424242424232,-1.242424242424232,14,D3,78,1770226200000,,False,,,,,,,,,,,,,,,UNSCORED_SIGNAL_BAR_ABSENT
VALE-0032,VALE,O:VALE260213C00016500,CALL,16.5,2026-02-13,14,0.0,DISCOVERY,THESIS_PRESSURE,2026-01-30T17:45:00+00:00,2026-01-30T17:30:00+00:00,32,0,124,False,False,156,WITHIN_TOLERANCE,NEAR_ATM,1.242424242424232,-1.242424242424232,14,D5,130,1770399000000,,False,,,,,,,,,,,,,,,UNSCORED_SIGNAL_BAR_ABSENT
VALE-0032,VALE,O:VALE260213C00016500,CALL,16.5,2026-02-13,14,0.0,DISCOVERY,THESIS_PRESSURE,2026-01-30T17:45:00+00:00,2026-01-30T17:30:00+00:00,32,0,124,False,False,156,WITHIN_TOLERANCE,NEAR_ATM,1.242424242424232,-1.242424242424232,14,D10,260,1771003800000,,False,,,,,,,,,,,,,,,UNSCORED_SIGNAL_BAR_ABSENT
GME-0032,GME,O:GME260213C00024000,CALL,24.0,2026-02-13,14,0.0,DISCOVERY,ENTRY_FORMING,2026-01-30T19:45:00+00:00,2026-01-30T19:30:00+00:00,186,1,261,False,True,448,WITHIN_TOLERANCE,NEAR_ATM,0.8750000000000036,-0.8750000000000036,14,H1,4,1769805000000,,False,4,0.84,0.87,3.571428571428581,1.1494252873563315,-11.494252873563216,1.1494252873563315,1,2,0.0,1.0,4.761904761904767,-8.333333333333325,True,SCORED_WINDOW
GME-0032,GME,O:GME260213C00024000,CALL,24.0,2026-02-13,14,0.0,DISCOVERY,ENTRY_FORMING,2026-01-30T19:45:00+00:00,2026-01-30T19:30:00+00:00,186,1,261,False,True,448,WITHIN_TOLERANCE,NEAR_ATM,0.8750000000000036,-0.8750000000000036,14,D1,26,1770060600000,,False,25,0.84,0.87,3.571428571428581,165.51724137931038,-27.586206896551722,165.51724137931038,25,5,0.0,1.0,175.0,-25.0,False,SCORED_WINDOW
GME-0032,GME,O:GME260213C00024000,CALL,24.0,2026-02-13,14,0.0,DISCOVERY,ENTRY_FORMING,2026-01-30T19:45:00+00:00,2026-01-30T19:30:00+00:00,186,1,261,False,True,448,WITHIN_TOLERANCE,NEAR_ATM,0.8750000000000036,-0.8750000000000036,14,D3,78,1770233400000,,False,76,0.84,0.87,3.571428571428581,165.51724137931038,-27.586206896551722,72.41379310344828,25,5,-35.064935064935064,0.43749999999999994,175.0,-25.0,False,SCORED_WINDOW
GME-0032,GME,O:GME260213C00024000,CALL,24.0,2026-02-13,14,0.0,DISCOVERY,ENTRY_FORMING,2026-01-30T19:45:00+00:00,2026-01-30T19:30:00+00:00,186,1,261,False,True,448,WITHIN_TOLERANCE,NEAR_ATM,0.8750000000000036,-0.8750000000000036,14,D5,130,1770406200000,,False,128,0.84,0.87,3.571428571428581,165.51724137931038,-27.586206896551722,39.08045977011494,25,5,-47.61904761904761,0.23611111111111105,175.0,-25.0,False,SCORED_WINDOW
GME-0032,GME,O:GME260213C00024000,CALL,24.0,2026-02-13,14,0.0,DISCOVERY,ENTRY_FORMING,2026-01-30T19:45:00+00:00,2026-01-30T19:30:00+00:00,186,1,261,False,True,448,WITHIN_TOLERANCE,NEAR_ATM,0.8750000000000036,-0.8750000000000036,14,D10,260,1771011000000,,False,256,0.84,0.87,3.571428571428581,165.51724137931038,-98.85057471264368,-98.85057471264368,25,254,-99.56709956709958,-0.5972222222222221,175.0,-98.80952380952381,True,SCORED_WINDOW
RBLX-0033,RBLX,O:RBLX260213C00069000,CALL,69.0,2026-02-13,14,0.0,HOLDOUT,CONTINUATION,2026-02-02T14:45:00+00:00,2026-02-02T14:30:00+00:00,10,1,114,False,True,125,WITHIN_TOLERANCE,NEAR_ATM,0.16666666666665927,0.16666666666665927,11,H1,4,1770046200000,,False,4,5.7,5.7,0.0,0.0,-8.771929824561408,-0.877192982456132,1,1,-0.877192982456132,,0.0,-8.771929824561408,False,SCORED_WINDOW
RBLX-0033,RBLX,O:RBLX260213C00069000,CALL,69.0,2026-02-13,14,0.0,HOLDOUT,CONTINUATION,2026-02-02T14:45:00+00:00,2026-02-02T14:30:00+00:00,10,1,114,False,True,125,WITHIN_TOLERANCE,NEAR_ATM,0.16666666666665927,0.16666666666665927,11,D1,26,1770129000000,,False,10,5.7,5.7,0.0,0.0,-12.28070175438597,-12.28070175438597,1,10,-12.28070175438597,,0.0,-12.28070175438597,True,SCORED_WINDOW
RBLX-0033,RBLX,O:RBLX260213C00069000,CALL,69.0,2026-02-13,14,0.0,HOLDOUT,CONTINUATION,2026-02-02T14:45:00+00:00,2026-02-02T14:30:00+00:00,10,1,114,False,True,125,WITHIN_TOLERANCE,NEAR_ATM,0.16666666666665927,0.16666666666665927,11,D3,78,1770301800000,,False,19,5.7,5.7,0.0,0.0,-48.77192982456141,-35.08771929824561,1,15,-35.08771929824561,,0.0,-48.77192982456141,True,SCORED_WINDOW
RBLX-0033,RBLX,O:RBLX260213C00069000,CALL,69.0,2026-02-13,14,0.0,HOLDOUT,CONTINUATION,2026-02-02T14:45:00+00:00,2026-02-02T14:30:00+00:00,10,1,114,False,True,125,WITHIN_TOLERANCE,NEAR_ATM,0.16666666666665927,0.16666666666665927,11,D5,130,1770647400000,,False,59,5.7,5.7,0.0,0.0,-87.71929824561404,-17.543859649122805,1,37,-17.543859649122805,,0.0,-87.71929824561404,True,SCORED_WINDOW
RBLX-0033,RBLX,O:RBLX260213C00069000,CALL,69.0,2026-02-13,14,0.0,HOLDOUT,CONTINUATION,2026-02-02T14:45:00+00:00,2026-02-02T14:30:00+00:00,10,1,114,False,True,125,WITHIN_TOLERANCE,NEAR_ATM,0.16666666666665927,0.16666666666665927,11,D10,260,1771338600000,CONTRACT_EXPIRY,True,114,5.7,5.7,0.0,24.385964912280688,-99.82456140350877,-99.82456140350877,77,114,-99.8589562764457,-4.093525179856117,24.385964912280688,-99.82456140350877,True,SCORED_RIGHT_CENSORED
SPY-0033,SPY,O:SPY260213C00693000,CALL,693.0,2026-02-13,14,0.0,HOLDOUT,ENTRY_FORMING,2026-02-02T14:45:00+00:00,2026-02-02T14:30:00+00:00,99,1,253,False,True,366,WITHIN_TOLERANCE,NEAR_ATM,0.05916305916305457,-0.05916305916305457,11,H1,4,1770046200000,,False,4,7.16,7.39,3.21229050279328,18.267929634641412,-1.6238159675236785,15.967523680649531,4,1,-1.94508009153318,0.8740740740740741,22.06703910614525,1.5363128491620026,False,SCORED_WINDOW
SPY-0033,SPY,O:SPY260213C00693000,CALL,693.0,2026-02-13,14,0.0,HOLDOUT,ENTRY_FORMING,2026-02-02T14:45:00+00:00,2026-02-02T14:30:00+00:00,99,1,253,False,True,366,WITHIN_TOLERANCE,NEAR_ATM,0.05916305916305457,-0.05916305916305457,11,D1,26,1770129000000,,False,21,7.16,7.39,3.21229050279328,24.763193504736147,-1.6238159675236785,15.967523680649531,11,1,-7.04989154013016,0.6448087431693986,28.7709497206704,1.5363128491620026,False,SCORED_WINDOW
SPY-0033,SPY,O:SPY260213C00693000,CALL,693.0,2026-02-13,14,0.0,HOLDOUT,ENTRY_FORMING,2026-02-02T14:45:00+00:00,2026-02-02T14:30:00+00:00,99,1,253,False,True,366,WITHIN_TOLERANCE,NEAR_ATM,0.05916305916305457,-0.05916305916305457,11,D3,78,1770301800000,,False,75,7.16,7.39,3.21229050279328,24.763193504736147,-64.81732070365358,-51.285520974289575,11,75,-60.95444685466378,-2.0710382513661187,28.7709497206704,-63.687150837988824,True,SCORED_WINDOW
SPY-0033,SPY,O:SPY260213C00693000,CALL,693.0,2026-02-13,14,0.0,HOLDOUT,ENTRY_FORMING,2026-02-02T14:45:00+00:00,2026-02-02T14:30:00+00:00,99,1,253,False,True,366,WITHIN_TOLERANCE,NEAR_ATM,0.05916305916305457,-0.05916305916305457,11,D5,130,1770647400000,,False,128,7.16,7.39,3.21229050279328,24.763193504736147,-75.91339648173206,-43.166441136671175,11,99,-54.4468546637744,-1.7431693989071024,28.7709497206704,-75.13966480446928,True,SCORED_WINDOW
SPY-0033,SPY,O:SPY260213C00693000,CALL,693.0,2026-02-13,14,0.0,HOLDOUT,ENTRY_FORMING,2026-02-02T14:45:00+00:00,2026-02-02T14:30:00+00:00,99,1,253,False,True,366,WITHIN_TOLERANCE,NEAR_ATM,0.05916305916305457,-0.05916305916305457,11,D10,260,1771338600000,CONTRACT_EXPIRY,True,263,7.16,7.39,3.21229050279328,24.763193504736147,-99.86468200270636,-99.86468200270636,11,250,-99.89154013015184,-4.032786885245899,28.7709497206704,-99.86033519553072,True,SCORED_RIGHT_CENSORED
GME-0033,GME,O:GME260213C00025000,CALL,25.0,2026-02-13,14,0.0,HOLDOUT,RISK_OR_EXHAUSTION,2026-02-02T15:15:00+00:00,2026-02-02T15:00:00+00:00,129,1,257,False,True,387,WITHIN_TOLERANCE,NEAR_ATM,0.9599999999999936,0.9599999999999936,11,H1,4,1770048000000,,False,4,1.24,1.25,0.8064516129032251,20.799999999999997,-13.59999999999999,8.800000000000008,3,1,-9.93377483443708,0.4230769230769235,21.7741935483871,-12.903225806451601,False,SCORED_WINDOW
GME-0033,GME,O:GME260213C00025000,CALL,25.0,2026-02-13,14,0.0,HOLDOUT,RISK_OR_EXHAUSTION,2026-02-02T15:15:00+00:00,2026-02-02T15:00:00+00:00,129,1,257,False,True,387,WITHIN_TOLERANCE,NEAR_ATM,0.9599999999999936,0.9599999999999936,11,D1,26,1770130800000,,False,26,1.24,1.25,0.8064516129032251,33.59999999999999,-40.800000000000004,-39.2,18,26,-54.49101796407185,-1.1666666666666672,34.677419354838705,-40.32258064516129,True,SCORED_WINDOW
GME-0033,GME,O:GME260213C00025000,CALL,25.0,2026-02-13,14,0.0,HOLDOUT,RISK_OR_EXHAUSTION,2026-02-02T15:15:00+00:00,2026-02-02T15:00:00+00:00,129,1,257,False,True,387,WITHIN_TOLERANCE,NEAR_ATM,0.9599999999999936,0.9599999999999936,11,D3,78,1770303600000,,False,78,1.24,1.25,0.8064516129032251,33.59999999999999,-52.0,-18.399999999999995,18,40,-38.92215568862275,-0.5476190476190477,34.677419354838705,-51.61290322580645,True,SCORED_WINDOW
GME-0033,GME,O:GME260213C00025000,CALL,25.0,2026-02-13,14,0.0,HOLDOUT,RISK_OR_EXHAUSTION,2026-02-02T15:15:00+00:00,2026-02-02T15:00:00+00:00,129,1,257,False,True,387,WITHIN_TOLERANCE,NEAR_ATM,0.9599999999999936,0.9599999999999936,11,D5,130,1770649200000,,False,130,1.24,1.25,0.8064516129032251,33.59999999999999,-73.6,-68.0,18,129,-76.04790419161677,-2.0238095238095246,34.677419354838705,-73.38709677419355,True,SCORED_WINDOW
GME-0033,GME,O:GME260213C00025000,CALL,25.0,2026-02-13,14,0.0,HOLDOUT,RISK_OR_EXHAUSTION,2026-02-02T15:15:00+00:00,2026-02-02T15:00:00+00:00,129,1,257,False,True,387,WITHIN_TOLERANCE,NEAR_ATM,0.9599999999999936,0.9599999999999936,11,D10,260,1771340400000,CONTRACT_EXPIRY,True,257,1.24,1.25,0.8064516129032251,33.59999999999999,-99.2,-99.2,18,234,-99.40119760479041,-2.9523809523809534,34.677419354838705,-99.19354838709677,True,SCORED_RIGHT_CENSORED
RBLX-0034,RBLX,O:RBLX260213C00068000,CALL,68.0,2026-02-13,14,0.0,HOLDOUT,THESIS_PRESSURE,2026-02-02T17:00:00+00:00,2026-02-02T16:45:00+00:00,11,0,114,False,False,125,WITHIN_TOLERANCE,NEAR_ATM,0.1617647058823521,0.1617647058823521,11,H1,4,1770054300000,,False,,,,,,,,,,,,,,,UNSCORED_SIGNAL_BAR_ABSENT
RBLX-0034,RBLX,O:RBLX260213C00068000,CALL,68.0,2026-02-13,14,0.0,HOLDOUT,THESIS_PRESSURE,2026-02-02T17:00:00+00:00,2026-02-02T16:45:00+00:00,11,0,114,False,False,125,WITHIN_TOLERANCE,NEAR_ATM,0.1617647058823521,0.1617647058823521,11,D1,26,1770137100000,,False,,,,,,,,,,,,,,,UNSCORED_SIGNAL_BAR_ABSENT
RBLX-0034,RBLX,O:RBLX260213C00068000,CALL,68.0,2026-02-13,14,0.0,HOLDOUT,THESIS_PRESSURE,2026-02-02T17:00:00+00:00,2026-02-02T16:45:00+00:00,11,0,114,False,False,125,WITHIN_TOLERANCE,NEAR_ATM,0.1617647058823521,0.1617647058823521,11,D3,78,1770309900000,,False,,,,,,,,,,,,,,,UNSCORED_SIGNAL_BAR_ABSENT
RBLX-0034,RBLX,O:RBLX260213C00068000,CALL,68.0,2026-02-13,14,0.0,HOLDOUT,THESIS_PRESSURE,2026-02-02T17:00:00+00:00,2026-02-02T16:45:00+00:00,11,0,114,False,False,125,WITHIN_TOLERANCE,NEAR_ATM,0.1617647058823521,0.1617647058823521,11,D5,130,1770655500000,,False,,,,,,,,,,,,,,,UNSCORED_SIGNAL_BAR_ABSENT
RBLX-0034,RBLX,O:RBLX260213C00068000,CALL,68.0,2026-02-13,14,0.0,HOLDOUT,THESIS_PRESSURE,2026-02-02T17:00:00+00:00,2026-02-02T16:45:00+00:00,11,0,114,False,False,125,WITHIN_TOLERANCE,NEAR_ATM,0.1617647058823521,0.1617647058823521,11,D10,260,1771346700000,CONTRACT_EXPIRY,True,,,,,,,,,,,,,,,UNSCORED_SIGNAL_BAR_ABSENT
GME-0034,GME,O:GME260213C00025500,CALL,25.5,2026-02-13,14,0.0,HOLDOUT,CONTINUATION,2026-02-02T20:00:00+00:00,2026-02-02T19:45:00+00:00,75,1,231,False,True,307,WITHIN_TOLERANCE,NEAR_ATM,0.3627450980392201,0.3627450980392201,11,H1,4,1770065100000,,False,4,1.22,1.19,-2.4590163934426257,13.445378151260524,-5.88235294117646,11.764705882352944,4,1,-1.4814814814814836,0.8749999999999989,10.655737704918034,-8.196721311475397,False,SCORED_WINDOW
GME-0034,GME,O:GME260213C00025500,CALL,25.5,2026-02-13,14,0.0,HOLDOUT,CONTINUATION,2026-02-02T20:00:00+00:00,2026-02-02T19:45:00+00:00,75,1,231,False,True,307,WITHIN_TOLERANCE,NEAR_ATM,0.3627450980392201,0.3627450980392201,11,D1,26,1770147900000,,False,26,1.22,1.19,-2.4590163934426257,13.445378151260524,-56.30252100840336,-45.3781512605042,4,20,-51.85185185185186,-3.3749999999999947,10.655737704918034,-57.377049180327866,True,SCORED_WINDOW
GME-0034,GME,O:GME260213C00025500,CALL,25.5,2026-02-13,14,0.0,HOLDOUT,CONTINUATION,2026-02-02T20:00:00+00:00,2026-02-02T19:45:00+00:00,75,1,231,False,True,307,WITHIN_TOLERANCE,NEAR_ATM,0.3627450980392201,0.3627450980392201,11,D3,78,1770320700000,,False,75,1.22,1.19,-2.4590163934426257,13.445378151260524,-56.30252100840336,-47.05882352941176,4,20,-53.33333333333334,-3.4999999999999947,10.655737704918034,-57.377049180327866,True,SCORED_WINDOW
GME-0034,GME,O:GME260213C00025500,CALL,25.5,2026-02-13,14,0.0,HOLDOUT,CONTINUATION,2026-02-02T20:00:00+00:00,2026-02-02T19:45:00+00:00,75,1,231,False,True,307,WITHIN_TOLERANCE,NEAR_ATM,0.3627450980392201,0.3627450980392201,11,D5,130,1770666300000,,False,127,1.22,1.19,-2.4590163934426257,13.445378151260524,-81.5126050420168,-75.63025210084034,4,117,-78.51851851851852,-5.624999999999992,10.655737704918034,-81.9672131147541,True,SCORED_WINDOW
GME-0034,GME,O:GME260213C00025500,CALL,25.5,2026-02-13,14,0.0,HOLDOUT,CONTINUATION,2026-02-02T20:00:00+00:00,2026-02-02T19:45:00+00:00,75,1,231,False,True,307,WITHIN_TOLERANCE,NEAR_ATM,0.3627450980392201,0.3627450980392201,11,D10,260,1771357500000,CONTRACT_EXPIRY,True,231,1.22,1.19,-2.4590163934426257,13.445378151260524,-99.15966386554622,-99.15966386554622,4,210,-99.25925925925925,-7.374999999999989,10.655737704918034,-99.18032786885246,True,SCORED_RIGHT_CENSORED
LULU-0033,LULU,O:LULU260213C00177500,CALL,177.5,2026-02-13,14,0.0,HOLDOUT,ENTRY_FORMING,2026-02-02T20:15:00+00:00,2026-02-02T20:00:00+00:00,18,0,120,False,False,138,WITHIN_TOLERANCE,NEAR_ATM,0.23661971830985212,0.23661971830985212,11,H1,4,1770129000000,,False,,,,,,,,,,,,,,,UNSCORED_SIGNAL_BAR_ABSENT
LULU-0033,LULU,O:LULU260213C00177500,CALL,177.5,2026-02-13,14,0.0,HOLDOUT,ENTRY_FORMING,2026-02-02T20:15:00+00:00,2026-02-02T20:00:00+00:00,18,0,120,False,False,138,WITHIN_TOLERANCE,NEAR_ATM,0.23661971830985212,0.23661971830985212,11,D1,26,1770148800000,,False,,,,,,,,,,,,,,,UNSCORED_SIGNAL_BAR_ABSENT
LULU-0033,LULU,O:LULU260213C00177500,CALL,177.5,2026-02-13,14,0.0,HOLDOUT,ENTRY_FORMING,2026-02-02T20:15:00+00:00,2026-02-02T20:00:00+00:00,18,0,120,False,False,138,WITHIN_TOLERANCE,NEAR_ATM,0.23661971830985212,0.23661971830985212,11,D3,78,1770321600000,,False,,,,,,,,,,,,,,,UNSCORED_SIGNAL_BAR_ABSENT
LULU-0033,LULU,O:LULU260213C00177500,CALL,177.5,2026-02-13,14,0.0,HOLDOUT,ENTRY_FORMING,2026-02-02T20:15:00+00:00,2026-02-02T20:00:00+00:00,18,0,120,False,False,138,WITHIN_TOLERANCE,NEAR_ATM,0.23661971830985212,0.23661971830985212,11,D5,130,1770667200000,,False,,,,,,,,,,,,,,,UNSCORED_SIGNAL_BAR_ABSENT
LULU-0033,LULU,O:LULU260213C00177500,CALL,177.5,2026-02-13,14,0.0,HOLDOUT,ENTRY_FORMING,2026-02-02T20:15:00+00:00,2026-02-02T20:00:00+00:00,18,0,120,False,False,138,WITHIN_TOLERANCE,NEAR_ATM,0.23661971830985212,0.23661971830985212,11,D10,260,1771358400000,CONTRACT_EXPIRY,True,,,,,,,,,,,,,,,UNSCORED_SIGNAL_BAR_ABSENT
VALE-0033,VALE,O:VALE260220C00017000,CALL,17.0,2026-02-20,14,0.0,HOLDOUT,RISK_OR_EXHAUSTION,2026-02-03T15:00:00+00:00,2026-02-03T14:45:00+00:00,90,1,212,False,True,303,WITHIN_TOLERANCE,NEAR_ATM,1.2647058823529405,-1.2647058823529405,17,H1,4,1770133500000,,False,4,0.46,0.48,4.347826086956519,14.583333333333348,0.0,6.25,4,1,-7.272727272727275,0.42857142857142816,19.565217391304344,4.347826086956519,False,SCORED_WINDOW
VALE-0033,VALE,O:VALE260220C00017000,CALL,17.0,2026-02-20,14,0.0,HOLDOUT,RISK_OR_EXHAUSTION,2026-02-03T15:00:00+00:00,2026-02-03T14:45:00+00:00,90,1,212,False,True,303,WITHIN_TOLERANCE,NEAR_ATM,1.2647058823529405,-1.2647058823529405,17,D1,26,1770216300000,,False,18,0.46,0.48,4.347826086956519,25.0,-12.5,10.416666666666675,17,14,-11.666666666666659,0.416666666666667,30.43478260869563,-8.695652173913048,False,SCORED_WINDOW
VALE-0033,VALE,O:VALE260220C00017000,CALL,17.0,2026-02-20,14,0.0,HOLDOUT,RISK_OR_EXHAUSTION,2026-02-03T15:00:00+00:00,2026-02-03T14:45:00+00:00,90,1,212,False,True,303,WITHIN_TOLERANCE,NEAR_ATM,1.2647058823529405,-1.2647058823529405,17,D3,78,1770389100000,,False,55,0.46,0.48,4.347826086956519,25.0,-45.83333333333333,-37.5,17,53,-50.0,-1.5,30.43478260869563,-43.47826086956522,True,SCORED_WINDOW
VALE-0033,VALE,O:VALE260220C00017000,CALL,17.0,2026-02-20,14,0.0,HOLDOUT,RISK_OR_EXHAUSTION,2026-02-03T15:00:00+00:00,2026-02-03T14:45:00+00:00,90,1,212,False,True,303,WITHIN_TOLERANCE,NEAR_ATM,1.2647058823529405,-1.2647058823529405,17,D5,130,1770734700000,,False,84,0.46,0.48,4.347826086956519,25.0,-56.25,-45.83333333333333,17,67,-56.666666666666664,-1.833333333333333,30.43478260869563,-54.347826086956516,True,SCORED_WINDOW
VALE-0033,VALE,O:VALE260220C00017000,CALL,17.0,2026-02-20,14,0.0,HOLDOUT,RISK_OR_EXHAUSTION,2026-02-03T15:00:00+00:00,2026-02-03T14:45:00+00:00,90,1,212,False,True,303,WITHIN_TOLERANCE,NEAR_ATM,1.2647058823529405,-1.2647058823529405,17,D10,260,1771425900000,,False,182,0.46,0.48,4.347826086956519,85.41666666666667,-95.83333333333334,-91.66666666666666,119,164,-95.50561797752809,-1.073170731707317,93.4782608695652,-95.65217391304348,True,SCORED_WINDOW
GME-0035,GME,O:GME260220C00024500,CALL,24.5,2026-02-20,14,0.0,HOLDOUT,THESIS_PRESSURE,2026-02-03T15:45:00+00:00,2026-02-03T15:30:00+00:00,101,1,302,False,True,404,WITHIN_TOLERANCE,NEAR_ATM,0.8979591836734647,0.8979591836734647,17,H1,4,1770136200000,,False,4,1.41,1.45,2.8368794326241176,0.0,-20.6896551724138,-18.620689655172416,1,4,-18.620689655172416,,2.8368794326241176,-18.439716312056742,True,SCORED_WINDOW
GME-0035,GME,O:GME260220C00024500,CALL,24.5,2026-02-20,14,0.0,HOLDOUT,THESIS_PRESSURE,2026-02-03T15:45:00+00:00,2026-02-03T15:30:00+00:00,101,1,302,False,True,404,WITHIN_TOLERANCE,NEAR_ATM,0.8979591836734647,0.8979591836734647,17,D1,26,1770219000000,,False,24,1.41,1.45,2.8368794326241176,10.344827586206895,-31.72413793103448,-0.6896551724137945,23,11,-10.000000000000009,-0.0666666666666668,13.475177304964546,-29.78723404255319,False,SCORED_WINDOW
GME-0035,GME,O:GME260220C00024500,CALL,24.5,2026-02-20,14,0.0,HOLDOUT,THESIS_PRESSURE,2026-02-03T15:45:00+00:00,2026-02-03T15:30:00+00:00,101,1,302,False,True,404,WITHIN_TOLERANCE,NEAR_ATM,0.8979591836734647,0.8979591836734647,17,D3,78,1770391800000,,False,63,1.41,1.45,2.8368794326241176,19.999999999999996,-31.72413793103448,-10.344827586206895,42,11,-25.287356321839084,-0.5172413793103449,23.404255319148938,-29.78723404255319,False,SCORED_WINDOW
GME-0035,GME,O:GME260220C00024500,CALL,24.5,2026-02-20,14,0.0,HOLDOUT,THESIS_PRESSURE,2026-02-03T15:45:00+00:00,2026-02-03T15:30:00+00:00,101,1,302,False,True,404,WITHIN_TOLERANCE,NEAR_ATM,0.8979591836734647,0.8979591836734647,17,D5,130,1770737400000,,False,110,1.41,1.45,2.8368794326241176,19.999999999999996,-55.172413793103445,-21.379310344827594,42,106,-34.48275862068966,-1.06896551724138,23.404255319148938,-53.90070921985814,True,SCORED_WINDOW
GME-0035,GME,O:GME260220C00024500,CALL,24.5,2026-02-20,14,0.0,HOLDOUT,THESIS_PRESSURE,2026-02-03T15:45:00+00:00,2026-02-03T15:30:00+00:00,101,1,302,False,True,404,WITHIN_TOLERANCE,NEAR_ATM,0.8979591836734647,0.8979591836734647,17,D10,260,1771428600000,,False,232,1.41,1.45,2.8368794326241176,19.999999999999996,-96.55172413793103,-94.48275862068965,42,228,-95.40229885057472,-4.724137931034483,23.404255319148938,-96.45390070921985,True,SCORED_WINDOW
SPY-0034,SPY,O:SPY260217C00690000,CALL,690.0,2026-02-17,14,0.0,HOLDOUT,THESIS_PRESSURE,2026-02-03T15:45:00+00:00,2026-02-03T15:30:00+00:00,2,1,250,False,True,263,WITHIN_TOLERANCE,NEAR_ATM,0.1956521739130468,0.1956521739130468,14,H1,4,1770136200000,,False,4,8.62,8.57,-0.5800464037122866,12.48541423570595,-3.1505250875145774,-1.2835472578763052,1,4,-12.240663900414939,-0.10280373831775642,11.832946635730867,-3.7122969837586783,True,SCORED_WINDOW
SPY-0034,SPY,O:SPY260217C00690000,CALL,690.0,2026-02-17,14,0.0,HOLDOUT,THESIS_PRESSURE,2026-02-03T15:45:00+00:00,2026-02-03T15:30:00+00:00,2,1,250,False,True,263,WITHIN_TOLERANCE,NEAR_ATM,0.1956521739130468,0.1956521739130468,14,D1,26,1770219000000,,False,27,8.62,8.57,-0.5800464037122866,12.48541423570595,-29.404900816802805,-11.318553092182038,1,14,-21.161825726141092,-0.906542056074767,11.832946635730867,-29.81438515081206,True,SCORED_WINDOW
SPY-0034,SPY,O:SPY260217C00690000,CALL,690.0,2026-02-17,14,0.0,HOLDOUT,THESIS_PRESSURE,2026-02-03T15:45:00+00:00,2026-02-03T15:30:00+00:00,2,1,250,False,True,263,WITHIN_TOLERANCE,NEAR_ATM,0.1956521739130468,0.1956521739130468,14,D3,78,1770391800000,,False,81,8.62,8.57,-0.5800464037122866,12.48541423570595,-64.64410735122522,-38.739789964994166,1,76,-45.539419087136935,-3.1028037383177574,11.832946635730867,-64.8491879350348,True,SCORED_WINDOW
SPY-0034,SPY,O:SPY260217C00690000,CALL,690.0,2026-02-17,14,0.0,HOLDOUT,THESIS_PRESSURE,2026-02-03T15:45:00+00:00,2026-02-03T15:30:00+00:00,2,1,250,False,True,263,WITHIN_TOLERANCE,NEAR_ATM,0.1956521739130468,0.1956521739130468,14,D5,130,1770737400000,,False,134,8.62,8.57,-0.5800464037122866,12.48541423570595,-64.64410735122522,6.1843640606767725,1,76,-5.601659751037358,0.4953271028037378,11.832946635730867,-64.8491879350348,True,SCORED_WINDOW
SPY-0034,SPY,O:SPY260217C00690000,CALL,690.0,2026-02-17,14,0.0,HOLDOUT,THESIS_PRESSURE,2026-02-03T15:45:00+00:00,2026-02-03T15:30:00+00:00,2,1,250,False,True,263,WITHIN_TOLERANCE,NEAR_ATM,0.1956521739130468,0.1956521739130468,14,D10,260,1771428600000,CONTRACT_EXPIRY,True,260,8.62,8.57,-0.5800464037122866,12.48541423570595,-99.88331388564761,-99.88331388564761,1,237,-99.89626556016597,-8.000000000000002,11.832946635730867,-99.88399071925754,True,SCORED_RIGHT_CENSORED
LULU-0034,LULU,O:LULU260220C00175000,CALL,175.0,2026-02-20,14,0.0,HOLDOUT,THESIS_PRESSURE,2026-02-03T16:45:00+00:00,2026-02-03T16:30:00+00:00,44,1,161,False,True,206,WITHIN_TOLERANCE,NEAR_ATM,0.34571428571427987,0.34571428571427987,17,H1,4,1770139800000,,False,0,,,,,,,,,,,,,,UNSCORED_NO_POST_SIGNAL_PRINT
LULU-0034,LULU,O:LULU260220C00175000,CALL,175.0,2026-02-20,14,0.0,HOLDOUT,THESIS_PRESSURE,2026-02-03T16:45:00+00:00,2026-02-03T16:30:00+00:00,44,1,161,False,True,206,WITHIN_TOLERANCE,NEAR_ATM,0.34571428571427987,0.34571428571427987,17,D1,26,1770222600000,,False,15,7.6,6.55,-13.815789473684204,16.335877862595428,-23.664122137404576,16.335877862595428,15,8,0.0,1.0,0.263157894736854,-34.210526315789465,False,SCORED_WINDOW
LULU-0034,LULU,O:LULU260220C00175000,CALL,175.0,2026-02-20,14,0.0,HOLDOUT,THESIS_PRESSURE,2026-02-03T16:45:00+00:00,2026-02-03T16:30:00+00:00,44,1,161,False,True,206,WITHIN_TOLERANCE,NEAR_ATM,0.34571428571427987,0.34571428571427987,17,D3,78,1770395400000,,False,43,7.6,6.55,-13.815789473684204,22.137404580152676,-41.98473282442748,-16.793893129770986,22,39,-31.874999999999996,-0.7586206896551719,5.263157894736836,-50.0,True,SCORED_WINDOW
LULU-0034,LULU,O:LULU260220C00175000,CALL,175.0,2026-02-20,14,0.0,HOLDOUT,THESIS_PRESSURE,2026-02-03T16:45:00+00:00,2026-02-03T16:30:00+00:00,44,1,161,False,True,206,WITHIN_TOLERANCE,NEAR_ATM,0.34571428571427987,0.34571428571427987,17,D5,130,1770741000000,,False,66,7.6,6.55,-13.815789473684204,67.93893129770994,-42.74809160305343,67.93893129770994,66,53,0.0,1.0,44.736842105263165,-50.6578947368421,False,SCORED_WINDOW
LULU-0034,LULU,O:LULU260220C00175000,CALL,175.0,2026-02-20,14,0.0,HOLDOUT,THESIS_PRESSURE,2026-02-03T16:45:00+00:00,2026-02-03T16:30:00+00:00,44,1,161,False,True,206,WITHIN_TOLERANCE,NEAR_ATM,0.34571428571427987,0.34571428571427987,17,D10,260,1771432200000,,False,138,7.6,6.55,-13.815789473684204,69.00763358778627,-61.52671755725191,1.526717557251911,67,88,-39.92773261065944,0.022123893805309765,45.65789473684212,-66.84210526315789,True,SCORED_WINDOW
VALE-0034,VALE,O:VALE260220C00017000,CALL,17.0,2026-02-20,14,0.0,HOLDOUT,ENTRY_FORMING,2026-02-03T19:30:00+00:00,2026-02-03T19:15:00+00:00,105,0,198,False,False,303,WITHIN_TOLERANCE,NEAR_ATM,1.2352941176470638,-1.2352941176470638,17,H1,4,1770149700000,,False,,,,,,,,,,,,,,,UNSCORED_SIGNAL_BAR_ABSENT
VALE-0034,VALE,O:VALE260220C00017000,CALL,17.0,2026-02-20,14,0.0,HOLDOUT,ENTRY_FORMING,2026-02-03T19:30:00+00:00,2026-02-03T19:15:00+00:00,105,0,198,False,False,303,WITHIN_TOLERANCE,NEAR_ATM,1.2352941176470638,-1.2352941176470638,17,D1,26,1770232500000,,False,,,,,,,,,,,,,,,UNSCORED_SIGNAL_BAR_ABSENT
VALE-0034,VALE,O:VALE260220C00017000,CALL,17.0,2026-02-20,14,0.0,HOLDOUT,ENTRY_FORMING,2026-02-03T19:30:00+00:00,2026-02-03T19:15:00+00:00,105,0,198,False,False,303,WITHIN_TOLERANCE,NEAR_ATM,1.2352941176470638,-1.2352941176470638,17,D3,78,1770405300000,,False,,,,,,,,,,,,,,,UNSCORED_SIGNAL_BAR_ABSENT
VALE-0034,VALE,O:VALE260220C00017000,CALL,17.0,2026-02-20,14,0.0,HOLDOUT,ENTRY_FORMING,2026-02-03T19:30:00+00:00,2026-02-03T19:15:00+00:00,105,0,198,False,False,303,WITHIN_TOLERANCE,NEAR_ATM,1.2352941176470638,-1.2352941176470638,17,D5,130,1770750900000,,False,,,,,,,,,,,,,,,UNSCORED_SIGNAL_BAR_ABSENT
VALE-0034,VALE,O:VALE260220C00017000,CALL,17.0,2026-02-20,14,0.0,HOLDOUT,ENTRY_FORMING,2026-02-03T19:30:00+00:00,2026-02-03T19:15:00+00:00,105,0,198,False,False,303,WITHIN_TOLERANCE,NEAR_ATM,1.2352941176470638,-1.2352941176470638,17,D10,260,1771442100000,,False,,,,,,,,,,,,,,,UNSCORED_SIGNAL_BAR_ABSENT
TSLA-0033,TSLA,O:TSLA260218C00425000,CALL,425.0,2026-02-18,14,0.0,HOLDOUT,ENTRY_FORMING,2026-02-04T14:45:00+00:00,2026-02-04T14:30:00+00:00,24,1,252,False,True,277,WITHIN_TOLERANCE,NEAR_ATM,0.5905882352941155,-0.5905882352941155,14,H1,4,1770219000000,,False,4,13.05,12.49,-4.291187739463609,9.527622097678146,-28.74299439551641,-21.617293835068065,1,4,-28.435672514619892,-2.2689075630252105,4.827586206896539,-31.800766283524908,True,SCORED_WINDOW
TSLA-0033,TSLA,O:TSLA260218C00425000,CALL,425.0,2026-02-18,14,0.0,HOLDOUT,ENTRY_FORMING,2026-02-04T14:45:00+00:00,2026-02-04T14:30:00+00:00,24,1,252,False,True,277,WITHIN_TOLERANCE,NEAR_ATM,0.5905882352941155,-0.5905882352941155,14,D1,26,1770301800000,,False,25,13.05,12.49,-4.291187739463609,9.527622097678146,-67.97437950360288,-61.969575660528434,1,25,-65.27777777777779,-6.504201680672268,4.827586206896539,-69.34865900383143,True,SCORED_WINDOW
TSLA-0033,TSLA,O:TSLA260218C00425000,CALL,425.0,2026-02-18,14,0.0,HOLDOUT,ENTRY_FORMING,2026-02-04T14:45:00+00:00,2026-02-04T14:30:00+00:00,24,1,252,False,True,277,WITHIN_TOLERANCE,NEAR_ATM,0.5905882352941155,-0.5905882352941155,14,D3,78,1770647400000,,False,71,13.05,12.49,-4.291187739463609,9.527622097678146,-75.98078462770216,-59.96797437950361,1,29,-63.450292397660824,-6.2941176470588225,4.827586206896539,-77.01149425287358,True,SCORED_WINDOW
TSLA-0033,TSLA,O:TSLA260218C00425000,CALL,425.0,2026-02-18,14,0.0,HOLDOUT,ENTRY_FORMING,2026-02-04T14:45:00+00:00,2026-02-04T14:30:00+00:00,24,1,252,False,True,277,WITHIN_TOLERANCE,NEAR_ATM,0.5905882352941155,-0.5905882352941155,14,D5,130,1770820200000,,False,123,13.05,12.49,-4.291187739463609,24.899919935948756,-75.98078462770216,20.17614091273019,123,29,-3.7820512820512797,0.8102893890675245,19.540229885057457,-77.01149425287358,False,SCORED_WINDOW
TSLA-0033,TSLA,O:TSLA260218C00425000,CALL,425.0,2026-02-18,14,0.0,HOLDOUT,ENTRY_FORMING,2026-02-04T14:45:00+00:00,2026-02-04T14:30:00+00:00,24,1,252,False,True,277,WITHIN_TOLERANCE,NEAR_ATM,0.5905882352941155,-0.5905882352941155,14,D10,260,1771511400000,CONTRACT_EXPIRY,True,252,13.05,12.49,-4.291187739463609,24.899919935948756,-99.919935948759,-99.919935948759,123,243,-99.93589743589743,-4.012861736334406,19.540229885057457,-99.92337164750957,True,SCORED_RIGHT_CENSORED
GME-0036,GME,O:GME260220C00024500,CALL,24.5,2026-02-20,14,0.0,HOLDOUT,ENTRY_FORMING,2026-02-04T15:00:00+00:00,2026-02-04T14:45:00+00:00,122,1,281,False,True,404,WITHIN_TOLERANCE,NEAR_ATM,0.10204081632652481,0.10204081632652481,16,H1,4,1770219900000,,False,4,1.26,1.16,-7.936507936507942,37.93103448275863,0.0,25.0,2,1,-9.37500000000001,0.6590909090909088,26.984126984127,-7.936507936507942,False,SCORED_WINDOW
GME-0036,GME,O:GME260220C00024500,CALL,24.5,2026-02-20,14,0.0,HOLDOUT,ENTRY_FORMING,2026-02-04T15:00:00+00:00,2026-02-04T14:45:00+00:00,122,1,281,False,True,404,WITHIN_TOLERANCE,NEAR_ATM,0.10204081632652481,0.10204081632652481,16,D1,26,1770302700000,,False,20,1.26,1.16,-7.936507936507942,37.93103448275863,-6.034482758620674,37.93103448275863,2,13,0.0,1.0,26.984126984127,-13.492063492063489,True,SCORED_WINDOW
GME-0036,GME,O:GME260220C00024500,CALL,24.5,2026-02-20,14,0.0,HOLDOUT,ENTRY_FORMING,2026-02-04T15:00:00+00:00,2026-02-04T14:45:00+00:00,122,1,281,False,True,404,WITHIN_TOLERANCE,NEAR_ATM,0.10204081632652481,0.10204081632652481,16,D3,78,1770648300000,,False,60,1.26,1.16,-7.936507936507942,50.0,-31.034482758620683,-24.13793103448275,21,60,-49.42528735632183,-0.482758620689655,38.095238095238095,-36.5079365079365,True,SCORED_WINDOW
GME-0036,GME,O:GME260220C00024500,CALL,24.5,2026-02-20,14,0.0,HOLDOUT,ENTRY_FORMING,2026-02-04T15:00:00+00:00,2026-02-04T14:45:00+00:00,122,1,281,False,True,404,WITHIN_TOLERANCE,NEAR_ATM,0.10204081632652481,0.10204081632652481,16,D5,130,1770821100000,,False,108,1.26,1.16,-7.936507936507942,50.0,-43.9655172413793,-30.172413793103438,21,85,-53.44827586206896,-0.6034482758620687,38.095238095238095,-48.412698412698404,True,SCORED_WINDOW
GME-0036,GME,O:GME260220C00024500,CALL,24.5,2026-02-20,14,0.0,HOLDOUT,ENTRY_FORMING,2026-02-04T15:00:00+00:00,2026-02-04T14:45:00+00:00,122,1,281,False,True,404,WITHIN_TOLERANCE,NEAR_ATM,0.10204081632652481,0.10204081632652481,16,D10,260,1771512300000,,False,234,1.26,1.16,-7.936507936507942,50.0,-95.6896551724138,-89.65517241379311,21,207,-93.10344827586206,-1.793103448275862,38.095238095238095,-96.03174603174604,True,SCORED_WINDOW
LULU-0035,LULU,O:LULU260220C00175000,CALL,175.0,2026-02-20,14,0.0,HOLDOUT,CONTINUATION,2026-02-04T15:15:00+00:00,2026-02-04T15:00:00+00:00,54,0,152,False,False,206,WITHIN_TOLERANCE,NEAR_ATM,0.4571428571428637,0.4571428571428637,16,H1,4,1770220800000,,False,,,,,,,,,,,,,,,UNSCORED_SIGNAL_BAR_ABSENT
LULU-0035,LULU,O:LULU260220C00175000,CALL,175.0,2026-02-20,14,0.0,HOLDOUT,CONTINUATION,2026-02-04T15:15:00+00:00,2026-02-04T15:00:00+00:00,54,0,152,False,False,206,WITHIN_TOLERANCE,NEAR_ATM,0.4571428571428637,0.4571428571428637,16,D1,26,1770303600000,,False,,,,,,,,,,,,,,,UNSCORED_SIGNAL_BAR_ABSENT
LULU-0035,LULU,O:LULU260220C00175000,CALL,175.0,2026-02-20,14,0.0,HOLDOUT,CONTINUATION,2026-02-04T15:15:00+00:00,2026-02-04T15:00:00+00:00,54,0,152,False,False,206,WITHIN_TOLERANCE,NEAR_ATM,0.4571428571428637,0.4571428571428637,16,D3,78,1770649200000,,False,,,,,,,,,,,,,,,UNSCORED_SIGNAL_BAR_ABSENT
LULU-0035,LULU,O:LULU260220C00175000,CALL,175.0,2026-02-20,14,0.0,HOLDOUT,CONTINUATION,2026-02-04T15:15:00+00:00,2026-02-04T15:00:00+00:00,54,0,152,False,False,206,WITHIN_TOLERANCE,NEAR_ATM,0.4571428571428637,0.4571428571428637,16,D5,130,1770822000000,,False,,,,,,,,,,,,,,,UNSCORED_SIGNAL_BAR_ABSENT
LULU-0035,LULU,O:LULU260220C00175000,CALL,175.0,2026-02-20,14,0.0,HOLDOUT,CONTINUATION,2026-02-04T15:15:00+00:00,2026-02-04T15:00:00+00:00,54,0,152,False,False,206,WITHIN_TOLERANCE,NEAR_ATM,0.4571428571428637,0.4571428571428637,16,D10,260,1771513200000,,False,,,,,,,,,,,,,,,UNSCORED_SIGNAL_BAR_ABSENT
VALE-0035,VALE,O:VALE260220C00017000,CALL,17.0,2026-02-20,14,0.0,HOLDOUT,CONTINUATION,2026-02-04T15:15:00+00:00,2026-02-04T15:00:00+00:00,109,1,193,False,True,303,WITHIN_TOLERANCE,NEAR_ATM,0.5294117647058816,-0.5294117647058816,16,H1,4,1770220800000,,False,3,0.51,0.51,0.0,5.882352941176472,-15.686274509803921,-9.80392156862745,1,3,-14.814814814814813,-1.666666666666666,5.882352941176472,-15.686274509803921,True,SCORED_WINDOW
VALE-0035,VALE,O:VALE260220C00017000,CALL,17.0,2026-02-20,14,0.0,HOLDOUT,CONTINUATION,2026-02-04T15:15:00+00:00,2026-02-04T15:00:00+00:00,109,1,193,False,True,303,WITHIN_TOLERANCE,NEAR_ATM,0.5294117647058816,-0.5294117647058816,16,D1,26,1770303600000,,False,19,0.51,0.51,0.0,17.647058823529417,-29.41176470588236,-17.647058823529417,16,17,-30.000000000000004,-1.0,17.647058823529417,-29.41176470588236,True,SCORED_WINDOW
VALE-0035,VALE,O:VALE260220C00017000,CALL,17.0,2026-02-20,14,0.0,HOLDOUT,CONTINUATION,2026-02-04T15:15:00+00:00,2026-02-04T15:00:00+00:00,109,1,193,False,True,303,WITHIN_TOLERANCE,NEAR_ATM,0.5294117647058816,-0.5294117647058816,16,D3,78,1770649200000,,False,48,0.51,0.51,0.0,17.647058823529417,-58.82352941176471,-58.82352941176471,16,48,-65.0,-3.3333333333333326,17.647058823529417,-58.82352941176471,True,SCORED_WINDOW
VALE-0035,VALE,O:VALE260220C00017000,CALL,17.0,2026-02-20,14,0.0,HOLDOUT,CONTINUATION,2026-02-04T15:15:00+00:00,2026-02-04T15:00:00+00:00,109,1,193,False,True,303,WITHIN_TOLERANCE,NEAR_ATM,0.5294117647058816,-0.5294117647058816,16,D5,130,1770822000000,,False,81,0.51,0.51,0.0,17.647058823529417,-58.82352941176471,-7.843137254901967,16,48,-21.666666666666668,-0.44444444444444464,17.647058823529417,-58.82352941176471,True,SCORED_WINDOW
VALE-0035,VALE,O:VALE260220C00017000,CALL,17.0,2026-02-20,14,0.0,HOLDOUT,CONTINUATION,2026-02-04T15:15:00+00:00,2026-02-04T15:00:00+00:00,109,1,193,False,True,303,WITHIN_TOLERANCE,NEAR_ATM,0.5294117647058816,-0.5294117647058816,16,D10,260,1771513200000,,False,176,0.51,0.51,0.0,74.50980392156863,-98.0392156862745,-98.0392156862745,100,176,-98.87640449438202,-1.3157894736842104,74.50980392156863,-98.0392156862745,True,SCORED_WINDOW
TSLA-0034,TSLA,O:TSLA260218C00405000,CALL,405.0,2026-02-18,14,0.0,HOLDOUT,THESIS_PRESSURE,2026-02-04T17:00:00+00:00,2026-02-04T16:45:00+00:00,7,1,196,False,True,204,WITHIN_TOLERANCE,NEAR_ATM,0.3283950617283911,0.3283950617283911,14,H1,4,1770227100000,,False,4,15.2,15.05,-0.9868421052631526,4.983388704318936,-13.621262458471762,-8.704318936877076,1,4,-13.037974683544306,-1.7466666666666668,3.9473684210526327,-14.473684210526317,True,SCORED_WINDOW
TSLA-0034,TSLA,O:TSLA260218C00405000,CALL,405.0,2026-02-18,14,0.0,HOLDOUT,THESIS_PRESSURE,2026-02-04T17:00:00+00:00,2026-02-04T16:45:00+00:00,7,1,196,False,True,204,WITHIN_TOLERANCE,NEAR_ATM,0.3283950617283911,0.3283950617283911,14,D1,26,1770309900000,,False,22,15.2,15.05,-0.9868421052631526,10.299003322259148,-46.51162790697674,-27.57475083056479,10,18,-34.337349397590366,-2.677419354838707,9.21052631578949,-47.03947368421052,True,SCORED_WINDOW
TSLA-0034,TSLA,O:TSLA260218C00405000,CALL,405.0,2026-02-18,14,0.0,HOLDOUT,THESIS_PRESSURE,2026-02-04T17:00:00+00:00,2026-02-04T16:45:00+00:00,7,1,196,False,True,204,WITHIN_TOLERANCE,NEAR_ATM,0.3283950617283911,0.3283950617283911,14,D3,78,1770655500000,,False,63,15.2,15.05,-0.9868421052631526,34.883720930232556,-46.51162790697674,31.229235880398676,63,18,-2.7093596059113323,0.8952380952380954,33.55263157894739,-47.03947368421052,False,SCORED_WINDOW
TSLA-0034,TSLA,O:TSLA260218C00405000,CALL,405.0,2026-02-18,14,0.0,HOLDOUT,THESIS_PRESSURE,2026-02-04T17:00:00+00:00,2026-02-04T16:45:00+00:00,7,1,196,False,True,204,WITHIN_TOLERANCE,NEAR_ATM,0.3283950617283911,0.3283950617283911,14,D5,130,1770828300000,,False,96,15.2,15.05,-0.9868421052631526,95.48172757475083,-46.51162790697674,46.31229235880399,89,18,-25.15295717199185,0.48503827418232426,93.5526315789474,-47.03947368421052,False,SCORED_WINDOW
TSLA-0034,TSLA,O:TSLA260218C00405000,CALL,405.0,2026-02-18,14,0.0,HOLDOUT,THESIS_PRESSURE,2026-02-04T17:00:00+00:00,2026-02-04T16:45:00+00:00,7,1,196,False,True,204,WITHIN_TOLERANCE,NEAR_ATM,0.3283950617283911,0.3283950617283911,14,D10,260,1771519500000,CONTRACT_EXPIRY,True,196,15.2,15.05,-0.9868421052631526,95.48172757475083,-75.74750830564784,-58.006644518272424,89,149,-78.51801495581238,-0.6075156576200417,93.5526315789474,-75.98684210526316,True,SCORED_RIGHT_CENSORED
TSLA-0035,TSLA,O:TSLA260218C00410000,CALL,410.0,2026-02-18,14,0.0,HOLDOUT,CONTINUATION,2026-02-04T20:00:00+00:00,2026-02-04T19:45:00+00:00,28,1,216,False,True,245,WITHIN_TOLERANCE,NEAR_ATM,0.2353658536585305,-0.2353658536585305,14,H1,4,1770237900000,,False,4,13.9,13.83,-0.5035971223021574,1.2292118582791112,-8.893709327548816,-8.893709327548816,3,4,-9.999999999999998,-7.235294117647021,0.7194244604316502,-9.35251798561152,True,SCORED_WINDOW
TSLA-0035,TSLA,O:TSLA260218C00410000,CALL,410.0,2026-02-18,14,0.0,HOLDOUT,CONTINUATION,2026-02-04T20:00:00+00:00,2026-02-04T19:45:00+00:00,28,1,216,False,True,245,WITHIN_TOLERANCE,NEAR_ATM,0.2353658536585305,-0.2353658536585305,14,D1,26,1770320700000,,False,25,13.9,13.83,-0.5035971223021574,1.2292118582791112,-56.61605206073752,-43.962400578452645,3,8,-44.64285714285714,-35.76470588235272,0.7194244604316502,-56.83453237410072,True,SCORED_WINDOW
TSLA-0035,TSLA,O:TSLA260218C00410000,CALL,410.0,2026-02-18,14,0.0,HOLDOUT,CONTINUATION,2026-02-04T20:00:00+00:00,2026-02-04T19:45:00+00:00,28,1,216,False,True,245,WITHIN_TOLERANCE,NEAR_ATM,0.2353658536585305,-0.2353658536585305,14,D3,78,1770666300000,,False,72,13.9,13.83,-0.5035971223021574,23.138105567606672,-56.61605206073752,11.641359363702097,67,8,-9.336465061655908,0.5031249999999996,22.517985611510795,-56.83453237410072,False,SCORED_WINDOW
TSLA-0035,TSLA,O:TSLA260218C00410000,CALL,410.0,2026-02-18,14,0.0,HOLDOUT,CONTINUATION,2026-02-04T20:00:00+00:00,2026-02-04T19:45:00+00:00,28,1,216,False,True,245,WITHIN_TOLERANCE,NEAR_ATM,0.2353658536585305,-0.2353658536585305,14,D5,130,1770839100000,,False,109,13.9,13.83,-0.5035971223021574,102.45842371655823,-56.61605206073752,45.3362255965293,95,8,-28.214285714285715,0.44248412138320403,101.43884892086331,-56.83453237410072,False,SCORED_WINDOW
TSLA-0035,TSLA,O:TSLA260218C00410000,CALL,410.0,2026-02-18,14,0.0,HOLDOUT,CONTINUATION,2026-02-04T20:00:00+00:00,2026-02-04T19:45:00+00:00,28,1,216,False,True,245,WITHIN_TOLERANCE,NEAR_ATM,0.2353658536585305,-0.2353658536585305,14,D10,260,1771530300000,CONTRACT_EXPIRY,True,216,13.9,13.83,-0.5035971223021574,102.45842371655823,-94.43239334779466,-91.25090383224872,95,214,-95.67857142857143,-0.8906139731827802,101.43884892086331,-94.46043165467626,True,SCORED_RIGHT_CENSORED
RBLX-0035,RBLX,O:RBLX260220C00065000,CALL,65.0,2026-02-20,14,0.0,HOLDOUT,ENTRY_FORMING,2026-02-04T20:15:00+00:00,2026-02-04T20:00:00+00:00,63,0,213,False,False,276,WITHIN_TOLERANCE,NEAR_ATM,0.16923076923076835,-0.16923076923076835,16,H1,4,1770301800000,,False,,,,,,,,,,,,,,,UNSCORED_SIGNAL_BAR_ABSENT
RBLX-0035,RBLX,O:RBLX260220C00065000,CALL,65.0,2026-02-20,14,0.0,HOLDOUT,ENTRY_FORMING,2026-02-04T20:15:00+00:00,2026-02-04T20:00:00+00:00,63,0,213,False,False,276,WITHIN_TOLERANCE,NEAR_ATM,0.16923076923076835,-0.16923076923076835,16,D1,26,1770321600000,,False,,,,,,,,,,,,,,,UNSCORED_SIGNAL_BAR_ABSENT
RBLX-0035,RBLX,O:RBLX260220C00065000,CALL,65.0,2026-02-20,14,0.0,HOLDOUT,ENTRY_FORMING,2026-02-04T20:15:00+00:00,2026-02-04T20:00:00+00:00,63,0,213,False,False,276,WITHIN_TOLERANCE,NEAR_ATM,0.16923076923076835,-0.16923076923076835,16,D3,78,1770667200000,,False,,,,,,,,,,,,,,,UNSCORED_SIGNAL_BAR_ABSENT
RBLX-0035,RBLX,O:RBLX260220C00065000,CALL,65.0,2026-02-20,14,0.0,HOLDOUT,ENTRY_FORMING,2026-02-04T20:15:00+00:00,2026-02-04T20:00:00+00:00,63,0,213,False,False,276,WITHIN_TOLERANCE,NEAR_ATM,0.16923076923076835,-0.16923076923076835,16,D5,130,1770840000000,,False,,,,,,,,,,,,,,,UNSCORED_SIGNAL_BAR_ABSENT
RBLX-0035,RBLX,O:RBLX260220C00065000,CALL,65.0,2026-02-20,14,0.0,HOLDOUT,ENTRY_FORMING,2026-02-04T20:15:00+00:00,2026-02-04T20:00:00+00:00,63,0,213,False,False,276,WITHIN_TOLERANCE,NEAR_ATM,0.16923076923076835,-0.16923076923076835,16,D10,260,1771531200000,,False,,,,,,,,,,,,,,,UNSCORED_SIGNAL_BAR_ABSENT
VALE-0036,VALE,O:VALE260220C00016500,CALL,16.5,2026-02-20,14,0.0,HOLDOUT,THESIS_PRESSURE,2026-02-05T15:45:00+00:00,2026-02-05T15:30:00+00:00,74,1,162,False,True,237,WITHIN_TOLERANCE,NEAR_ATM,0.3939393939394017,0.3939393939394017,15,H1,4,1770309000000,,False,2,0.59,0.6,1.6949152542372836,8.333333333333348,-3.3333333333333326,8.333333333333348,2,1,0.0,1.0,10.169491525423746,-1.6949152542372947,False,SCORED_WINDOW
VALE-0036,VALE,O:VALE260220C00016500,CALL,16.5,2026-02-20,14,0.0,HOLDOUT,THESIS_PRESSURE,2026-02-05T15:45:00+00:00,2026-02-05T15:30:00+00:00,74,1,162,False,True,237,WITHIN_TOLERANCE,NEAR_ATM,0.3939393939394017,0.3939393939394017,15,D1,26,1770391800000,,False,13,0.59,0.6,1.6949152542372836,25.0,-23.33333333333333,-23.33333333333333,4,13,-38.66666666666666,-0.9333333333333331,27.118644067796627,-22.033898305084744,True,SCORED_WINDOW
VALE-0036,VALE,O:VALE260220C00016500,CALL,16.5,2026-02-20,14,0.0,HOLDOUT,THESIS_PRESSURE,2026-02-05T15:45:00+00:00,2026-02-05T15:30:00+00:00,74,1,162,False,True,237,WITHIN_TOLERANCE,NEAR_ATM,0.3939393939394017,0.3939393939394017,15,D3,78,1770737400000,,False,40,0.59,0.6,1.6949152542372836,25.0,-35.0,-5.000000000000004,4,27,-24.00000000000001,-0.20000000000000018,27.118644067796627,-33.89830508474576,True,SCORED_WINDOW
VALE-0036,VALE,O:VALE260220C00016500,CALL,16.5,2026-02-20,14,0.0,HOLDOUT,THESIS_PRESSURE,2026-02-05T15:45:00+00:00,2026-02-05T15:30:00+00:00,74,1,162,False,True,237,WITHIN_TOLERANCE,NEAR_ATM,0.3939393939394017,0.3939393939394017,15,D5,130,1770910200000,,False,76,0.59,0.6,1.6949152542372836,111.66666666666667,-35.0,111.66666666666667,74,27,0.0,1.0,115.2542372881356,-33.89830508474576,False,SCORED_WINDOW
VALE-0036,VALE,O:VALE260220C00016500,CALL,16.5,2026-02-20,14,0.0,HOLDOUT,THESIS_PRESSURE,2026-02-05T15:45:00+00:00,2026-02-05T15:30:00+00:00,74,1,162,False,True,237,WITHIN_TOLERANCE,NEAR_ATM,0.3939393939394017,0.3939393939394017,15,D10,260,1771601400000,,False,146,0.59,0.6,1.6949152542372836,301.66666666666674,-98.33333333333333,-93.33333333333333,143,143,-98.3402489626556,-0.3093922651933701,308.4745762711865,-98.30508474576271,False,SCORED_WINDOW
PYPL-0033,PYPL,O:PYPL260220C00040500,CALL,40.5,2026-02-20,14,0.0,HOLDOUT,ENTRY_FORMING,2026-02-06T21:00:00+00:00,2026-02-06T20:45:00+00:00,45,1,177,False,True,223,WITHIN_TOLERANCE,NEAR_ATM,0.22222222222223065,-0.22222222222223065,14,H1,4,1770650100000,,False,4,1.05,0.97,-7.619047619047626,49.48453608247423,0.0,40.20618556701032,3,1,-6.206896551724128,0.8125000000000002,38.095238095238095,-7.619047619047626,False,SCORED_WINDOW
PYPL-0033,PYPL,O:PYPL260220C00040500,CALL,40.5,2026-02-20,14,0.0,HOLDOUT,ENTRY_FORMING,2026-02-06T21:00:00+00:00,2026-02-06T20:45:00+00:00,45,1,177,False,True,223,WITHIN_TOLERANCE,NEAR_ATM,0.22222222222223065,-0.22222222222223065,14,D1,26,1770669900000,,False,17,1.05,0.97,-7.619047619047626,53.60824742268042,0.0,48.453608247422686,5,1,-3.3557046979865834,0.9038461538461539,41.90476190476189,-7.619047619047626,False,SCORED_WINDOW
PYPL-0033,PYPL,O:PYPL260220C00040500,CALL,40.5,2026-02-20,14,0.0,HOLDOUT,ENTRY_FORMING,2026-02-06T21:00:00+00:00,2026-02-06T20:45:00+00:00,45,1,177,False,True,223,WITHIN_TOLERANCE,NEAR_ATM,0.22222222222223065,-0.22222222222223065,14,D3,78,1770842700000,,False,46,1.05,0.97,-7.619047619047626,118.55670103092785,-23.71134020618556,-1.0309278350515427,21,44,-54.71698113207548,-0.00869565217391301,101.9047619047619,-29.52380952380953,True,SCORED_WINDOW
PYPL-0033,PYPL,O:PYPL260220C00040500,CALL,40.5,2026-02-20,14,0.0,HOLDOUT,ENTRY_FORMING,2026-02-06T21:00:00+00:00,2026-02-06T20:45:00+00:00,45,1,177,False,True,223,WITHIN_TOLERANCE,NEAR_ATM,0.22222222222223065,-0.22222222222223065,14,D5,130,1771015500000,,False,97,1.05,0.97,-7.619047619047626,118.55670103092785,-71.13402061855669,-26.80412371134021,21,57,-66.50943396226415,-0.22608695652173913,101.9047619047619,-73.33333333333334,True,SCORED_WINDOW
PYPL-0033,PYPL,O:PYPL260220C00040500,CALL,40.5,2026-02-20,14,0.0,HOLDOUT,ENTRY_FORMING,2026-02-06T21:00:00+00:00,2026-02-06T20:45:00+00:00,45,1,177,False,True,223,WITHIN_TOLERANCE,NEAR_ATM,0.22222222222223065,-0.22222222222223065,14,D10,260,1771879500000,CONTRACT_EXPIRY,True,177,1.05,0.97,-7.619047619047626,118.55670103092785,-71.13402061855669,17.52577319587627,21,57,-46.226415094339636,0.14782608695652155,101.9047619047619,-73.33333333333334,True,SCORED_RIGHT_CENSORED
U-0033,U,O:U260220C00025000,CALL,25.0,2026-02-20,14,0.0,HOLDOUT,ENTRY_FORMING,2026-02-06T21:00:00+00:00,2026-02-06T20:45:00+00:00,70,1,90,False,True,161,WITHIN_TOLERANCE,NEAR_ATM,0.35999999999999943,0.35999999999999943,14,H1,4,1770650100000,,False,4,2.14,2.6,21.495327102803728,59.61538461538463,0.0,34.23076923076924,4,1,-15.903614457831328,0.5741935483870968,93.92523364485983,21.495327102803728,False,SCORED_WINDOW
U-0033,U,O:U260220C00025000,CALL,25.0,2026-02-20,14,0.0,HOLDOUT,ENTRY_FORMING,2026-02-06T21:00:00+00:00,2026-02-06T20:45:00+00:00,70,1,90,False,True,161,WITHIN_TOLERANCE,NEAR_ATM,0.35999999999999943,0.35999999999999943,14,D1,26,1770669900000,,False,12,2.14,2.6,21.495327102803728,67.30769230769229,0.0,56.15384615384613,9,1,-6.666666666666665,0.8342857142857142,103.27102803738315,21.495327102803728,False,SCORED_WINDOW
U-0033,U,O:U260220C00025000,CALL,25.0,2026-02-20,14,0.0,HOLDOUT,ENTRY_FORMING,2026-02-06T21:00:00+00:00,2026-02-06T20:45:00+00:00,70,1,90,False,True,161,WITHIN_TOLERANCE,NEAR_ATM,0.35999999999999943,0.35999999999999943,14,D3,78,1770842700000,,False,50,2.14,2.6,21.495327102803728,95.38461538461537,-96.53846153846153,-90.38461538461539,24,29,-95.07874015748031,-0.9475806451612905,137.38317757009347,-95.7943925233645,True,SCORED_WINDOW
U-0033,U,O:U260220C00025000,CALL,25.0,2026-02-20,14,0.0,HOLDOUT,ENTRY_FORMING,2026-02-06T21:00:00+00:00,2026-02-06T20:45:00+00:00,70,1,90,False,True,161,WITHIN_TOLERANCE,NEAR_ATM,0.35999999999999943,0.35999999999999943,14,D5,130,1771015500000,,False,76,2.14,2.6,21.495327102803728,95.38461538461537,-98.84615384615385,-98.84615384615385,24,76,-99.40944881889764,-1.0362903225806455,137.38317757009347,-98.5981308411215,True,SCORED_WINDOW
U-0033,U,O:U260220C00025000,CALL,25.0,2026-02-20,14,0.0,HOLDOUT,ENTRY_FORMING,2026-02-06T21:00:00+00:00,2026-02-06T20:45:00+00:00,70,1,90,False,True,161,WITHIN_TOLERANCE,NEAR_ATM,0.35999999999999943,0.35999999999999943,14,D10,260,1771879500000,CONTRACT_EXPIRY,True,90,2.14,2.6,21.495327102803728,95.38461538461537,-99.61538461538461,-99.61538461538461,24,82,-99.80314960629921,-1.0443548387096775,137.38317757009347,-99.53271028037383,True,SCORED_RIGHT_CENSORED
RBLX-0036,RBLX,O:RBLX260220C00072000,CALL,72.0,2026-02-20,14,0.0,HOLDOUT,RISK_OR_EXHAUSTION,2026-02-09T15:00:00+00:00,2026-02-09T14:45:00+00:00,1,1,74,False,True,76,WITHIN_TOLERANCE,NEAR_ATM,0.5208333333333333,0.5208333333333333,11,H1,4,1770651900000,,False,3,4.3,4.0,-6.976744186046513,12.5,-17.500000000000004,7.499999999999996,3,1,-4.444444444444451,0.5999999999999996,4.651162790697683,-23.25581395348837,False,SCORED_WINDOW
RBLX-0036,RBLX,O:RBLX260220C00072000,CALL,72.0,2026-02-20,14,0.0,HOLDOUT,RISK_OR_EXHAUSTION,2026-02-09T15:00:00+00:00,2026-02-09T14:45:00+00:00,1,1,74,False,True,76,WITHIN_TOLERANCE,NEAR_ATM,0.5208333333333333,0.5208333333333333,11,D1,26,1770734700000,,False,7,4.3,4.0,-6.976744186046513,14.749999999999996,-17.500000000000004,13.749999999999996,5,1,-0.8714596949891074,0.9322033898305084,6.7441860465116354,-23.25581395348837,False,SCORED_WINDOW
RBLX-0036,RBLX,O:RBLX260220C00072000,CALL,72.0,2026-02-20,14,0.0,HOLDOUT,RISK_OR_EXHAUSTION,2026-02-09T15:00:00+00:00,2026-02-09T14:45:00+00:00,1,1,74,False,True,76,WITHIN_TOLERANCE,NEAR_ATM,0.5208333333333333,0.5208333333333333,11,D3,78,1770907500000,,False,30,4.3,4.0,-6.976744186046513,14.999999999999991,-76.25,-76.25,8,30,-79.34782608695652,-5.083333333333337,6.976744186046502,-77.90697674418605,True,SCORED_WINDOW
RBLX-0036,RBLX,O:RBLX260220C00072000,CALL,72.0,2026-02-20,14,0.0,HOLDOUT,RISK_OR_EXHAUSTION,2026-02-09T15:00:00+00:00,2026-02-09T14:45:00+00:00,1,1,74,False,True,76,WITHIN_TOLERANCE,NEAR_ATM,0.5208333333333333,0.5208333333333333,11,D5,130,1771339500000,,False,45,4.3,4.0,-6.976744186046513,14.999999999999991,-96.75,-95.5,8,44,-96.08695652173913,-6.366666666666671,6.976744186046502,-96.97674418604652,True,SCORED_WINDOW
RBLX-0036,RBLX,O:RBLX260220C00072000,CALL,72.0,2026-02-20,14,0.0,HOLDOUT,RISK_OR_EXHAUSTION,2026-02-09T15:00:00+00:00,2026-02-09T14:45:00+00:00,1,1,74,False,True,76,WITHIN_TOLERANCE,NEAR_ATM,0.5208333333333333,0.5208333333333333,11,D10,260,1771944300000,CONTRACT_EXPIRY,True,74,4.3,4.0,-6.976744186046513,14.999999999999991,-99.75,-99.5,8,71,-99.56521739130434,-6.633333333333337,6.976744186046502,-99.76744186046511,True,SCORED_RIGHT_CENSORED
LULU-0036,LULU,O:LULU260227C00185000,CALL,185.0,2026-02-27,14,0.0,HOLDOUT,RISK_OR_EXHAUSTION,2026-02-10T16:45:00+00:00,2026-02-10T16:30:00+00:00,35,0,220,False,False,256,WITHIN_TOLERANCE,NEAR_ATM,0.4378378378378391,-0.4378378378378391,17,H1,4,1770744600000,,False,,,,,,,,,,,,,,,UNSCORED_SIGNAL_BAR_ABSENT
LULU-0036,LULU,O:LULU260227C00185000,CALL,185.0,2026-02-27,14,0.0,HOLDOUT,RISK_OR_EXHAUSTION,2026-02-10T16:45:00+00:00,2026-02-10T16:30:00+00:00,35,0,220,False,False,256,WITHIN_TOLERANCE,NEAR_ATM,0.4378378378378391,-0.4378378378378391,17,D1,26,1770827400000,,False,,,,,,,,,,,,,,,UNSCORED_SIGNAL_BAR_ABSENT
LULU-0036,LULU,O:LULU260227C00185000,CALL,185.0,2026-02-27,14,0.0,HOLDOUT,RISK_OR_EXHAUSTION,2026-02-10T16:45:00+00:00,2026-02-10T16:30:00+00:00,35,0,220,False,False,256,WITHIN_TOLERANCE,NEAR_ATM,0.4378378378378391,-0.4378378378378391,17,D3,78,1771000200000,,False,,,,,,,,,,,,,,,UNSCORED_SIGNAL_BAR_ABSENT
LULU-0036,LULU,O:LULU260227C00185000,CALL,185.0,2026-02-27,14,0.0,HOLDOUT,RISK_OR_EXHAUSTION,2026-02-10T16:45:00+00:00,2026-02-10T16:30:00+00:00,35,0,220,False,False,256,WITHIN_TOLERANCE,NEAR_ATM,0.4378378378378391,-0.4378378378378391,17,D5,130,1771432200000,,False,,,,,,,,,,,,,,,UNSCORED_SIGNAL_BAR_ABSENT
LULU-0036,LULU,O:LULU260227C00185000,CALL,185.0,2026-02-27,14,0.0,HOLDOUT,RISK_OR_EXHAUSTION,2026-02-10T16:45:00+00:00,2026-02-10T16:30:00+00:00,35,0,220,False,False,256,WITHIN_TOLERANCE,NEAR_ATM,0.4378378378378391,-0.4378378378378391,17,D10,260,1772037000000,,False,,,,,,,,,,,,,,,UNSCORED_SIGNAL_BAR_ABSENT
U-0034,U,O:U260227C00028500,CALL,28.5,2026-02-27,14,0.0,HOLDOUT,CONTINUATION,2026-02-10T20:15:00+00:00,2026-02-10T20:00:00+00:00,4,0,13,False,False,17,WITHIN_TOLERANCE,NEAR_ATM,0.6666666666666712,0.6666666666666712,17,H1,4,1770820200000,,False,,,,,,,,,,,,,,,UNSCORED_SIGNAL_BAR_ABSENT
U-0034,U,O:U260227C00028500,CALL,28.5,2026-02-27,14,0.0,HOLDOUT,CONTINUATION,2026-02-10T20:15:00+00:00,2026-02-10T20:00:00+00:00,4,0,13,False,False,17,WITHIN_TOLERANCE,NEAR_ATM,0.6666666666666712,0.6666666666666712,17,D1,26,1770840000000,,False,,,,,,,,,,,,,,,UNSCORED_SIGNAL_BAR_ABSENT
U-0034,U,O:U260227C00028500,CALL,28.5,2026-02-27,14,0.0,HOLDOUT,CONTINUATION,2026-02-10T20:15:00+00:00,2026-02-10T20:00:00+00:00,4,0,13,False,False,17,WITHIN_TOLERANCE,NEAR_ATM,0.6666666666666712,0.6666666666666712,17,D3,78,1771012800000,,False,,,,,,,,,,,,,,,UNSCORED_SIGNAL_BAR_ABSENT
U-0034,U,O:U260227C00028500,CALL,28.5,2026-02-27,14,0.0,HOLDOUT,CONTINUATION,2026-02-10T20:15:00+00:00,2026-02-10T20:00:00+00:00,4,0,13,False,False,17,WITHIN_TOLERANCE,NEAR_ATM,0.6666666666666712,0.6666666666666712,17,D5,130,1771444800000,,False,,,,,,,,,,,,,,,UNSCORED_SIGNAL_BAR_ABSENT
U-0034,U,O:U260227C00028500,CALL,28.5,2026-02-27,14,0.0,HOLDOUT,CONTINUATION,2026-02-10T20:15:00+00:00,2026-02-10T20:00:00+00:00,4,0,13,False,False,17,WITHIN_TOLERANCE,NEAR_ATM,0.6666666666666712,0.6666666666666712,17,D10,260,1772049600000,,False,,,,,,,,,,,,,,,UNSCORED_SIGNAL_BAR_ABSENT
PYPL-0034,PYPL,O:PYPL260227C00041000,CALL,41.0,2026-02-27,14,0.0,HOLDOUT,THESIS_PRESSURE,2026-02-11T14:45:00+00:00,2026-02-11T14:30:00+00:00,54,1,212,False,True,267,WITHIN_TOLERANCE,NEAR_ATM,0.4024390243902418,-0.4024390243902418,16,H1,4,1770823800000,,False,2,1.22,1.22,0.0,0.0,-5.737704918032794,-2.4590163934426257,1,1,-2.4590163934426257,,0.0,-5.737704918032794,False,SCORED_WINDOW
PYPL-0034,PYPL,O:PYPL260227C00041000,CALL,41.0,2026-02-27,14,0.0,HOLDOUT,THESIS_PRESSURE,2026-02-11T14:45:00+00:00,2026-02-11T14:30:00+00:00,54,1,212,False,True,267,WITHIN_TOLERANCE,NEAR_ATM,0.4024390243902418,-0.4024390243902418,16,D1,26,1770906600000,,False,9,1.22,1.22,0.0,0.0,-37.704918032786885,-37.704918032786885,1,9,-37.704918032786885,,0.0,-37.704918032786885,True,SCORED_WINDOW
PYPL-0034,PYPL,O:PYPL260227C00041000,CALL,41.0,2026-02-27,14,0.0,HOLDOUT,THESIS_PRESSURE,2026-02-11T14:45:00+00:00,2026-02-11T14:30:00+00:00,54,1,212,False,True,267,WITHIN_TOLERANCE,NEAR_ATM,0.4024390243902418,-0.4024390243902418,16,D3,78,1771338600000,,False,37,1.22,1.22,0.0,8.196721311475418,-64.75409836065573,-9.83606557377048,37,15,-16.666666666666664,-1.1999999999999973,8.196721311475418,-64.75409836065573,False,SCORED_WINDOW
PYPL-0034,PYPL,O:PYPL260227C00041000,CALL,41.0,2026-02-27,14,0.0,HOLDOUT,THESIS_PRESSURE,2026-02-11T14:45:00+00:00,2026-02-11T14:30:00+00:00,54,1,212,False,True,267,WITHIN_TOLERANCE,NEAR_ATM,0.4024390243902418,-0.4024390243902418,16,D5,130,1771511400000,,False,80,1.22,1.22,0.0,23.77049180327868,-64.75409836065573,-9.016393442622938,45,15,-26.490066225165553,-0.3793103448275858,23.77049180327868,-64.75409836065573,False,SCORED_WINDOW
PYPL-0034,PYPL,O:PYPL260227C00041000,CALL,41.0,2026-02-27,14,0.0,HOLDOUT,THESIS_PRESSURE,2026-02-11T14:45:00+00:00,2026-02-11T14:30:00+00:00,54,1,212,False,True,267,WITHIN_TOLERANCE,NEAR_ATM,0.4024390243902418,-0.4024390243902418,16,D10,260,1772116200000,,False,175,1.22,1.22,0.0,494.2622950819672,-64.75409836065573,395.90163934426226,157,15,-16.551724137931036,0.8009950248756219,494.2622950819672,-64.75409836065573,False,SCORED_WINDOW
U-0035,U,O:U260227C00021000,CALL,21.0,2026-02-27,14,0.0,HOLDOUT,THESIS_PRESSURE,2026-02-11T16:15:00+00:00,2026-02-11T16:00:00+00:00,8,1,226,False,True,235,WITHIN_TOLERANCE,NEAR_ATM,0.9338095238095299,-0.9338095238095299,16,H1,4,1770829200000,,False,4,1.3,1.35,3.8461538461538547,5.185185185185182,-14.814814814814826,-7.407407407407418,2,1,-11.971830985915489,-1.4285714285714317,9.23076923076922,-11.538461538461553,False,SCORED_WINDOW
U-0035,U,O:U260227C00021000,CALL,21.0,2026-02-27,14,0.0,HOLDOUT,THESIS_PRESSURE,2026-02-11T16:15:00+00:00,2026-02-11T16:00:00+00:00,8,1,226,False,True,235,WITHIN_TOLERANCE,NEAR_ATM,0.9338095238095299,-0.9338095238095299,16,D1,26,1770912000000,,False,25,1.3,1.35,3.8461538461538547,56.29629629629627,-41.48148148148149,-39.259259259259274,11,19,-61.137440758293835,-0.6973684210526322,62.307692307692285,-39.230769230769226,True,SCORED_WINDOW
U-0035,U,O:U260227C00021000,CALL,21.0,2026-02-27,14,0.0,HOLDOUT,THESIS_PRESSURE,2026-02-11T16:15:00+00:00,2026-02-11T16:00:00+00:00,8,1,226,False,True,235,WITHIN_TOLERANCE,NEAR_ATM,0.9338095238095299,-0.9338095238095299,16,D3,78,1771344000000,,False,71,1.3,1.35,3.8461538461538547,56.29629629629627,-76.29629629629629,-74.07407407407408,11,70,-83.41232227488152,-1.3157894736842113,62.307692307692285,-75.38461538461539,True,SCORED_WINDOW
U-0035,U,O:U260227C00021000,CALL,21.0,2026-02-27,14,0.0,HOLDOUT,THESIS_PRESSURE,2026-02-11T16:15:00+00:00,2026-02-11T16:00:00+00:00,8,1,226,False,True,235,WITHIN_TOLERANCE,NEAR_ATM,0.9338095238095299,-0.9338095238095299,16,D5,130,1771516800000,,False,113,1.3,1.35,3.8461538461538547,56.29629629629627,-92.5925925925926,-82.96296296296296,11,107,-89.0995260663507,-1.4736842105263164,62.307692307692285,-92.3076923076923,True,SCORED_WINDOW
U-0035,U,O:U260227C00021000,CALL,21.0,2026-02-27,14,0.0,HOLDOUT,THESIS_PRESSURE,2026-02-11T16:15:00+00:00,2026-02-11T16:00:00+00:00,8,1,226,False,True,235,WITHIN_TOLERANCE,NEAR_ATM,0.9338095238095299,-0.9338095238095299,16,D10,260,1772121600000,,False,205,1.3,1.35,3.8461538461538547,56.29629629629627,-99.25925925925925,-95.55555555555556,11,167,-97.1563981042654,-1.6973684210526325,62.307692307692285,-99.23076923076923,True,SCORED_WINDOW
PYPL-0035,PYPL,O:PYPL260306C00042000,CALL,42.0,2026-03-06,14,0.0,HOLDOUT,CONTINUATION,2026-02-20T18:45:00+00:00,2026-02-20T18:30:00+00:00,85,0,137,False,False,222,WITHIN_TOLERANCE,NEAR_ATM,0.023809523809519072,0.023809523809519072,14,H1,4,1771615800000,,False,,,,,,,,,,,,,,,UNSCORED_SIGNAL_BAR_ABSENT
PYPL-0035,PYPL,O:PYPL260306C00042000,CALL,42.0,2026-03-06,14,0.0,HOLDOUT,CONTINUATION,2026-02-20T18:45:00+00:00,2026-02-20T18:30:00+00:00,85,0,137,False,False,222,WITHIN_TOLERANCE,NEAR_ATM,0.023809523809519072,0.023809523809519072,14,D1,26,1771871400000,,False,,,,,,,,,,,,,,,UNSCORED_SIGNAL_BAR_ABSENT
PYPL-0035,PYPL,O:PYPL260306C00042000,CALL,42.0,2026-03-06,14,0.0,HOLDOUT,CONTINUATION,2026-02-20T18:45:00+00:00,2026-02-20T18:30:00+00:00,85,0,137,False,False,222,WITHIN_TOLERANCE,NEAR_ATM,0.023809523809519072,0.023809523809519072,14,D3,78,1772044200000,,False,,,,,,,,,,,,,,,UNSCORED_SIGNAL_BAR_ABSENT
PYPL-0035,PYPL,O:PYPL260306C00042000,CALL,42.0,2026-03-06,14,0.0,HOLDOUT,CONTINUATION,2026-02-20T18:45:00+00:00,2026-02-20T18:30:00+00:00,85,0,137,False,False,222,WITHIN_TOLERANCE,NEAR_ATM,0.023809523809519072,0.023809523809519072,14,D5,130,1772217000000,,False,,,,,,,,,,,,,,,UNSCORED_SIGNAL_BAR_ABSENT
PYPL-0035,PYPL,O:PYPL260306C00042000,CALL,42.0,2026-03-06,14,0.0,HOLDOUT,CONTINUATION,2026-02-20T18:45:00+00:00,2026-02-20T18:30:00+00:00,85,0,137,False,False,222,WITHIN_TOLERANCE,NEAR_ATM,0.023809523809519072,0.023809523809519072,14,D10,260,1772821800000,,False,,,,,,,,,,,,,,,UNSCORED_SIGNAL_BAR_ABSENT
SPY-0035,SPY,O:SPY260306C00689000,CALL,689.0,2026-03-06,14,0.0,HOLDOUT,CONTINUATION,2026-02-20T18:45:00+00:00,2026-02-20T18:30:00+00:00,96,1,267,False,True,376,WITHIN_TOLERANCE,NEAR_ATM,0.04354136429607468,-0.04354136429607468,14,H1,4,1771615800000,,False,4,8.72,9.0,3.2110091743119185,4.555555555555557,-5.2222222222222285,-3.6666666666666625,1,3,-7.863974495217851,-0.8048780487804866,7.912844036697231,-2.1788990825688193,True,SCORED_WINDOW
SPY-0035,SPY,O:SPY260306C00689000,CALL,689.0,2026-03-06,14,0.0,HOLDOUT,CONTINUATION,2026-02-20T18:45:00+00:00,2026-02-20T18:30:00+00:00,96,1,267,False,True,376,WITHIN_TOLERANCE,NEAR_ATM,0.04354136429607468,-0.04354136429607468,14,D1,26,1771871400000,,False,27,8.72,9.0,3.2110091743119185,4.555555555555557,-40.33333333333333,-31.777777777777782,1,23,-34.75026567481403,-6.975609756097559,7.912844036697231,-38.41743119266056,True,SCORED_WINDOW
SPY-0035,SPY,O:SPY260306C00689000,CALL,689.0,2026-03-06,14,0.0,HOLDOUT,CONTINUATION,2026-02-20T18:45:00+00:00,2026-02-20T18:30:00+00:00,96,1,267,False,True,376,WITHIN_TOLERANCE,NEAR_ATM,0.04354136429607468,-0.04354136429607468,14,D3,78,1772044200000,,False,80,8.72,9.0,3.2110091743119185,4.666666666666663,-45.1111111111111,2.444444444444449,78,38,-2.123142250530774,0.5238095238095252,8.027522935779817,-43.34862385321101,False,SCORED_WINDOW
SPY-0035,SPY,O:SPY260306C00689000,CALL,689.0,2026-03-06,14,0.0,HOLDOUT,CONTINUATION,2026-02-20T18:45:00+00:00,2026-02-20T18:30:00+00:00,96,1,267,False,True,376,WITHIN_TOLERANCE,NEAR_ATM,0.04354136429607468,-0.04354136429607468,14,D5,130,1772217000000,,False,133,8.72,9.0,3.2110091743119185,7.777777777777772,-57.44444444444444,-53.333333333333336,89,117,-56.70103092783505,-6.857142857142862,11.238532110091736,-56.07798165137614,True,SCORED_WINDOW
SPY-0035,SPY,O:SPY260306C00689000,CALL,689.0,2026-03-06,14,0.0,HOLDOUT,CONTINUATION,2026-02-20T18:45:00+00:00,2026-02-20T18:30:00+00:00,96,1,267,False,True,376,WITHIN_TOLERANCE,NEAR_ATM,0.04354136429607468,-0.04354136429607468,14,D10,260,1772821800000,,False,268,8.72,9.0,3.2110091743119185,7.777777777777772,-99.8888888888889,-99.8888888888889,89,253,-99.89690721649484,-12.842857142857154,11.238532110091736,-99.88532110091744,True,SCORED_WINDOW
PYPL-0036,PYPL,O:PYPL260313C00047000,CALL,47.0,2026-03-13,14,0.0,HOLDOUT,RISK_OR_EXHAUSTION,2026-02-24T21:00:00+00:00,2026-02-24T20:45:00+00:00,54,1,278,False,True,334,WITHIN_TOLERANCE,NEAR_ATM,0.021276595744676618,0.021276595744676618,17,H1,4,1772032500000,,False,5,2.35,2.42,2.9787234042553123,19.00826446280992,-2.8925619834710647,-2.4793388429752095,3,2,-18.055555555555557,-0.1304347826086958,22.5531914893617,0.0,False,SCORED_WINDOW
PYPL-0036,PYPL,O:PYPL260313C00047000,CALL,47.0,2026-03-13,14,0.0,HOLDOUT,RISK_OR_EXHAUSTION,2026-02-24T21:00:00+00:00,2026-02-24T20:45:00+00:00,54,1,278,False,True,334,WITHIN_TOLERANCE,NEAR_ATM,0.021276595744676618,0.021276595744676618,17,D1,26,1772052300000,,False,19,2.35,2.42,2.9787234042553123,19.00826446280992,-27.685950413223136,-9.090909090909083,3,11,-23.611111111111104,-0.4782608695652169,22.5531914893617,-25.531914893617024,True,SCORED_WINDOW
PYPL-0036,PYPL,O:PYPL260313C00047000,CALL,47.0,2026-03-13,14,0.0,HOLDOUT,RISK_OR_EXHAUSTION,2026-02-24T21:00:00+00:00,2026-02-24T20:45:00+00:00,54,1,278,False,True,334,WITHIN_TOLERANCE,NEAR_ATM,0.021276595744676618,0.021276595744676618,17,D3,78,1772225100000,,False,52,2.35,2.42,2.9787234042553123,19.00826446280992,-69.00826446280992,-48.7603305785124,3,33,-56.94444444444444,-2.565217391304348,22.5531914893617,-68.08510638297874,True,SCORED_WINDOW
PYPL-0036,PYPL,O:PYPL260313C00047000,CALL,47.0,2026-03-13,14,0.0,HOLDOUT,RISK_OR_EXHAUSTION,2026-02-24T21:00:00+00:00,2026-02-24T20:45:00+00:00,54,1,278,False,True,334,WITHIN_TOLERANCE,NEAR_ATM,0.021276595744676618,0.021276595744676618,17,D5,130,1772570700000,,False,96,2.35,2.42,2.9787234042553123,19.00826446280992,-71.07438016528927,-50.82644628099173,3,54,-58.68055555555556,-2.6739130434782603,22.5531914893617,-70.2127659574468,True,SCORED_WINDOW
PYPL-0036,PYPL,O:PYPL260313C00047000,CALL,47.0,2026-03-13,14,0.0,HOLDOUT,RISK_OR_EXHAUSTION,2026-02-24T21:00:00+00:00,2026-02-24T20:45:00+00:00,54,1,278,False,True,334,WITHIN_TOLERANCE,NEAR_ATM,0.021276595744676618,0.021276595744676618,17,D10,260,1773171900000,,False,212,2.35,2.42,2.9787234042553123,19.00826446280992,-90.08264462809917,-90.08264462809917,3,212,-91.66666666666666,-4.739130434782608,22.5531914893617,-89.7872340425532,True,SCORED_WINDOW
SPY-0036,SPY,O:SPY260311C00690000,CALL,690.0,2026-03-11,14,0.0,HOLDOUT,RISK_OR_EXHAUSTION,2026-02-25T15:00:00+00:00,2026-02-25T14:45:00+00:00,1,1,258,False,True,269,WITHIN_TOLERANCE,NEAR_ATM,0.1913043478260942,0.1913043478260942,14,H1,4,1772034300000,,False,4,9.47,9.6,1.372756071805692,0.0,-7.604166666666668,-6.666666666666654,1,4,-6.666666666666654,,1.372756071805692,-6.335797254487874,True,SCORED_WINDOW
SPY-0036,SPY,O:SPY260311C00690000,CALL,690.0,2026-03-11,14,0.0,HOLDOUT,RISK_OR_EXHAUSTION,2026-02-25T15:00:00+00:00,2026-02-25T14:45:00+00:00,1,1,258,False,True,269,WITHIN_TOLERANCE,NEAR_ATM,0.1913043478260942,0.1913043478260942,14,D1,26,1772117100000,,False,13,9.47,9.6,1.372756071805692,10.10416666666667,-11.458333333333325,-11.458333333333325,11,13,-19.583727530747396,-1.1340206185566999,11.615628299894398,-10.242872228088707,True,SCORED_WINDOW
SPY-0036,SPY,O:SPY260311C00690000,CALL,690.0,2026-03-11,14,0.0,HOLDOUT,RISK_OR_EXHAUSTION,2026-02-25T15:00:00+00:00,2026-02-25T14:45:00+00:00,1,1,258,False,True,269,WITHIN_TOLERANCE,NEAR_ATM,0.1913043478260942,0.1913043478260942,14,D3,78,1772462700000,,False,57,9.47,9.6,1.372756071805692,10.10416666666667,-63.33333333333333,-52.81249999999999,11,56,-57.14285714285714,-5.226804123711338,11.615628299894398,-62.82998944033791,True,SCORED_WINDOW
SPY-0036,SPY,O:SPY260311C00690000,CALL,690.0,2026-03-11,14,0.0,HOLDOUT,RISK_OR_EXHAUSTION,2026-02-25T15:00:00+00:00,2026-02-25T14:45:00+00:00,1,1,258,False,True,269,WITHIN_TOLERANCE,NEAR_ATM,0.1913043478260942,0.1913043478260942,14,D5,130,1772635500000,,False,109,9.47,9.6,1.372756071805692,10.10416666666667,-81.97916666666667,-68.64583333333334,11,84,-71.52317880794703,-6.79381443298969,11.615628299894398,-81.73178458289335,True,SCORED_WINDOW
SPY-0036,SPY,O:SPY260311C00690000,CALL,690.0,2026-03-11,14,0.0,HOLDOUT,RISK_OR_EXHAUSTION,2026-02-25T15:00:00+00:00,2026-02-25T14:45:00+00:00,1,1,258,False,True,269,WITHIN_TOLERANCE,NEAR_ATM,0.1913043478260942,0.1913043478260942,14,D10,260,1773236700000,,False,244,9.47,9.6,1.372756071805692,10.10416666666667,-99.89583333333333,-99.6875,11,243,-99.71617786187322,-9.865979381443296,11.615628299894398,-99.89440337909187,True,SCORED_WINDOW
TSLA-0036,TSLA,O:TSLA260311C00415000,CALL,415.0,2026-03-11,14,0.0,HOLDOUT,RISK_OR_EXHAUSTION,2026-02-25T15:00:00+00:00,2026-02-25T14:45:00+00:00,16,1,258,False,True,275,WITHIN_TOLERANCE,NEAR_ATM,0.18915662650603013,0.18915662650603013,14,H1,4,1772034300000,,False,3,13.54,12.75,-5.834564254062036,2.039215686274498,-0.39215686274510775,2.039215686274498,3,2,0.0,1.0,-3.9143279172821233,-6.20384047267356,False,SCORED_WINDOW
TSLA-0036,TSLA,O:TSLA260311C00415000,CALL,415.0,2026-03-11,14,0.0,HOLDOUT,RISK_OR_EXHAUSTION,2026-02-25T15:00:00+00:00,2026-02-25T14:45:00+00:00,16,1,258,False,True,275,WITHIN_TOLERANCE,NEAR_ATM,0.18915662650603013,0.18915662650603013,14,D1,26,1772117100000,,False,19,13.54,12.75,-5.834564254062036,11.372549019607847,-21.568627450980394,-11.686274509803917,7,18,-20.704225352112672,-1.027586206896551,4.874446085672091,-26.144756277695713,True,SCORED_WINDOW
TSLA-0036,TSLA,O:TSLA260311C00415000,CALL,415.0,2026-03-11,14,0.0,HOLDOUT,RISK_OR_EXHAUSTION,2026-02-25T15:00:00+00:00,2026-02-25T14:45:00+00:00,16,1,258,False,True,275,WITHIN_TOLERANCE,NEAR_ATM,0.18915662650603013,0.18915662650603013,14,D3,78,1772462700000,,False,59,13.54,12.75,-5.834564254062036,11.372549019607847,-78.43137254901961,-70.03921568627452,7,58,-73.09859154929578,-6.158620689655171,4.874446085672091,-79.68980797636632,True,SCORED_WINDOW
TSLA-0036,TSLA,O:TSLA260311C00415000,CALL,415.0,2026-03-11,14,0.0,HOLDOUT,RISK_OR_EXHAUSTION,2026-02-25T15:00:00+00:00,2026-02-25T14:45:00+00:00,16,1,258,False,True,275,WITHIN_TOLERANCE,NEAR_ATM,0.18915662650603013,0.18915662650603013,14,D5,130,1772635500000,,False,105,13.54,12.75,-5.834564254062036,11.372549019607847,-84.0,-77.41176470588236,7,86,-79.71830985915493,-6.806896551724137,4.874446085672091,-84.93353028064993,True,SCORED_WINDOW
TSLA-0036,TSLA,O:TSLA260311C00415000,CALL,415.0,2026-03-11,14,0.0,HOLDOUT,RISK_OR_EXHAUSTION,2026-02-25T15:00:00+00:00,2026-02-25T14:45:00+00:00,16,1,258,False,True,275,WITHIN_TOLERANCE,NEAR_ATM,0.18915662650603013,0.18915662650603013,14,D10,260,1773236700000,,False,234,13.54,12.75,-5.834564254062036,11.372549019607847,-98.82352941176471,-87.2156862745098,7,233,-88.52112676056339,-7.668965517241377,4.874446085672091,-98.89217134416543,True,SCORED_WINDOW
U-0036,U,O:U260313C00019500,CALL,19.5,2026-03-13,14,0.0,HOLDOUT,RISK_OR_EXHAUSTION,2026-02-26T15:15:00+00:00,2026-02-26T15:00:00+00:00,5,0,91,False,False,96,WITHIN_TOLERANCE,NEAR_ATM,0.9794871794871741,-0.9794871794871741,15,H1,4,1772121600000,,False,,,,,,,,,,,,,,,UNSCORED_SIGNAL_BAR_ABSENT
U-0036,U,O:U260313C00019500,CALL,19.5,2026-03-13,14,0.0,HOLDOUT,RISK_OR_EXHAUSTION,2026-02-26T15:15:00+00:00,2026-02-26T15:00:00+00:00,5,0,91,False,False,96,WITHIN_TOLERANCE,NEAR_ATM,0.9794871794871741,-0.9794871794871741,15,D1,26,1772204400000,,False,,,,,,,,,,,,,,,UNSCORED_SIGNAL_BAR_ABSENT
U-0036,U,O:U260313C00019500,CALL,19.5,2026-03-13,14,0.0,HOLDOUT,RISK_OR_EXHAUSTION,2026-02-26T15:15:00+00:00,2026-02-26T15:00:00+00:00,5,0,91,False,False,96,WITHIN_TOLERANCE,NEAR_ATM,0.9794871794871741,-0.9794871794871741,15,D3,78,1772550000000,,False,,,,,,,,,,,,,,,UNSCORED_SIGNAL_BAR_ABSENT
U-0036,U,O:U260313C00019500,CALL,19.5,2026-03-13,14,0.0,HOLDOUT,RISK_OR_EXHAUSTION,2026-02-26T15:15:00+00:00,2026-02-26T15:00:00+00:00,5,0,91,False,False,96,WITHIN_TOLERANCE,NEAR_ATM,0.9794871794871741,-0.9794871794871741,15,D5,130,1772722800000,,False,,,,,,,,,,,,,,,UNSCORED_SIGNAL_BAR_ABSENT
U-0036,U,O:U260313C00019500,CALL,19.5,2026-03-13,14,0.0,HOLDOUT,RISK_OR_EXHAUSTION,2026-02-26T15:15:00+00:00,2026-02-26T15:00:00+00:00,5,0,91,False,False,96,WITHIN_TOLERANCE,NEAR_ATM,0.9794871794871741,-0.9794871794871741,15,D10,260,1773324000000,,False,,,,,,,,,,,,,,,UNSCORED_SIGNAL_BAR_ABSENT
TSLA-0037,TSLA,O:TSLA260325C00400000,CALL,400.0,2026-03-25,14,0.0,HOLDOUT,THESIS_PRESSURE,2026-03-12T17:00:00+00:00,2026-03-12T16:45:00+00:00,47,1,240,False,True,288,WITHIN_TOLERANCE,NEAR_ATM,0.04000000000000625,-0.04000000000000625,13,H1,4,1773337500000,,False,2,12.95,12.93,-0.1544401544401497,0.0,-10.2861562258314,-8.739365815931933,1,2,-8.739365815931933,,-0.1544401544401497,-10.424710424710426,True,SCORED_WINDOW
TSLA-0037,TSLA,O:TSLA260325C00400000,CALL,400.0,2026-03-25,14,0.0,HOLDOUT,THESIS_PRESSURE,2026-03-12T17:00:00+00:00,2026-03-12T16:45:00+00:00,47,1,240,False,True,288,WITHIN_TOLERANCE,NEAR_ATM,0.04000000000000625,-0.04000000000000625,13,D1,26,1773420300000,,False,23,12.95,12.93,-0.1544401544401497,0.0,-30.39443155452436,-22.119102861562258,1,15,-22.119102861562258,,-0.1544401544401497,-30.501930501930495,True,SCORED_WINDOW
TSLA-0037,TSLA,O:TSLA260325C00400000,CALL,400.0,2026-03-25,14,0.0,HOLDOUT,THESIS_PRESSURE,2026-03-12T17:00:00+00:00,2026-03-12T16:45:00+00:00,47,1,240,False,True,288,WITHIN_TOLERANCE,NEAR_ATM,0.04000000000000625,-0.04000000000000625,13,D3,78,1773765900000,,False,73,12.95,12.93,-0.1544401544401497,0.0,-47.25444702242846,-41.1446249033256,1,60,-41.1446249033256,,-0.1544401544401497,-47.335907335907336,True,SCORED_WINDOW
TSLA-0037,TSLA,O:TSLA260325C00400000,CALL,400.0,2026-03-25,14,0.0,HOLDOUT,THESIS_PRESSURE,2026-03-12T17:00:00+00:00,2026-03-12T16:45:00+00:00,47,1,240,False,True,288,WITHIN_TOLERANCE,NEAR_ATM,0.04000000000000625,-0.04000000000000625,13,D5,130,1773938700000,,False,124,12.95,12.93,-0.1544401544401497,0.0,-89.01778808971385,-87.93503480278422,1,124,-87.93503480278422,,-0.1544401544401497,-89.03474903474904,True,SCORED_WINDOW
TSLA-0037,TSLA,O:TSLA260325C00400000,CALL,400.0,2026-03-25,14,0.0,HOLDOUT,THESIS_PRESSURE,2026-03-12T17:00:00+00:00,2026-03-12T16:45:00+00:00,47,1,240,False,True,288,WITHIN_TOLERANCE,NEAR_ATM,0.04000000000000625,-0.04000000000000625,13,D10,260,1774543500000,CONTRACT_EXPIRY,True,240,12.95,12.93,-0.1544401544401497,0.0,-99.92266047950503,-99.92266047950503,1,232,-99.92266047950503,,-0.1544401544401497,-99.92277992277992,True,SCORED_RIGHT_CENSORED
LULU-0037,LULU,O:LULU260402C00162500,CALL,162.5,2026-04-02,14,0.0,HOLDOUT,THESIS_PRESSURE,2026-03-20T18:45:00+00:00,2026-03-20T18:30:00+00:00,21,0,119,False,False,140,WITHIN_TOLERANCE,NEAR_ATM,0.043076923076918884,0.043076923076918884,13,H1,4,1774035000000,,False,,,,,,,,,,,,,,,UNSCORED_SIGNAL_BAR_ABSENT
LULU-0037,LULU,O:LULU260402C00162500,CALL,162.5,2026-04-02,14,0.0,HOLDOUT,THESIS_PRESSURE,2026-03-20T18:45:00+00:00,2026-03-20T18:30:00+00:00,21,0,119,False,False,140,WITHIN_TOLERANCE,NEAR_ATM,0.043076923076918884,0.043076923076918884,13,D1,26,1774290600000,,False,,,,,,,,,,,,,,,UNSCORED_SIGNAL_BAR_ABSENT
LULU-0037,LULU,O:LULU260402C00162500,CALL,162.5,2026-04-02,14,0.0,HOLDOUT,THESIS_PRESSURE,2026-03-20T18:45:00+00:00,2026-03-20T18:30:00+00:00,21,0,119,False,False,140,WITHIN_TOLERANCE,NEAR_ATM,0.043076923076918884,0.043076923076918884,13,D3,78,1774463400000,,False,,,,,,,,,,,,,,,UNSCORED_SIGNAL_BAR_ABSENT
LULU-0037,LULU,O:LULU260402C00162500,CALL,162.5,2026-04-02,14,0.0,HOLDOUT,THESIS_PRESSURE,2026-03-20T18:45:00+00:00,2026-03-20T18:30:00+00:00,21,0,119,False,False,140,WITHIN_TOLERANCE,NEAR_ATM,0.043076923076918884,0.043076923076918884,13,D5,130,1774636200000,,False,,,,,,,,,,,,,,,UNSCORED_SIGNAL_BAR_ABSENT
LULU-0037,LULU,O:LULU260402C00162500,CALL,162.5,2026-04-02,14,0.0,HOLDOUT,THESIS_PRESSURE,2026-03-20T18:45:00+00:00,2026-03-20T18:30:00+00:00,21,0,119,False,False,140,WITHIN_TOLERANCE,NEAR_ATM,0.043076923076918884,0.043076923076918884,13,D10,260,1775500200000,CONTRACT_EXPIRY,True,,,,,,,,,,,,,,,UNSCORED_SIGNAL_BAR_ABSENT
TSLA-0038,TSLA,O:TSLA260406C00380000,CALL,380.0,2026-04-06,14,0.0,HOLDOUT,ENTRY_FORMING,2026-03-23T20:00:00+00:00,2026-03-23T19:45:00+00:00,21,1,209,False,True,231,WITHIN_TOLERANCE,NEAR_ATM,0.22368421052632176,0.22368421052632176,14,H1,4,1774361700000,,False,3,12.83,12.2,-4.910366328916604,31.147540983606568,0.0,27.45901639344264,2,1,-2.8124999999999956,0.8815789473684212,24.707716289945438,-4.910366328916604,False,SCORED_WINDOW
TSLA-0038,TSLA,O:TSLA260406C00380000,CALL,380.0,2026-04-06,14,0.0,HOLDOUT,ENTRY_FORMING,2026-03-23T20:00:00+00:00,2026-03-23T19:45:00+00:00,21,1,209,False,True,231,WITHIN_TOLERANCE,NEAR_ATM,0.22368421052632176,0.22368421052632176,14,D1,26,1774381500000,,False,19,12.83,12.2,-4.910366328916604,31.147540983606568,-2.786885245901638,9.26229508196721,2,13,-16.6875,0.2973684210526314,24.707716289945438,-7.560405300077944,True,SCORED_WINDOW
TSLA-0038,TSLA,O:TSLA260406C00380000,CALL,380.0,2026-04-06,14,0.0,HOLDOUT,ENTRY_FORMING,2026-03-23T20:00:00+00:00,2026-03-23T19:45:00+00:00,21,1,209,False,True,231,WITHIN_TOLERANCE,NEAR_ATM,0.22368421052632176,0.22368421052632176,14,D3,78,1774554300000,,False,54,12.83,12.2,-4.910366328916604,75.81967213114756,-41.80327868852459,-41.475409836065566,20,54,-66.7132867132867,-0.5470270270270268,67.1862821512081,-44.660950896336715,True,SCORED_WINDOW
TSLA-0038,TSLA,O:TSLA260406C00380000,CALL,380.0,2026-04-06,14,0.0,HOLDOUT,ENTRY_FORMING,2026-03-23T20:00:00+00:00,2026-03-23T19:45:00+00:00,21,1,209,False,True,231,WITHIN_TOLERANCE,NEAR_ATM,0.22368421052632176,0.22368421052632176,14,D5,130,1774899900000,,False,105,12.83,12.2,-4.910366328916604,75.81967213114756,-92.21311475409836,-90.1639344262295,20,104,-94.4055944055944,-1.1891891891891888,67.1862821512081,-92.59547934528449,True,SCORED_WINDOW
TSLA-0038,TSLA,O:TSLA260406C00380000,CALL,380.0,2026-04-06,14,0.0,HOLDOUT,ENTRY_FORMING,2026-03-23T20:00:00+00:00,2026-03-23T19:45:00+00:00,21,1,209,False,True,231,WITHIN_TOLERANCE,NEAR_ATM,0.22368421052632176,0.22368421052632176,14,D10,260,1775591100000,CONTRACT_EXPIRY,True,209,12.83,12.2,-4.910366328916604,75.81967213114756,-99.91803278688525,-99.91803278688525,20,190,-99.95337995337995,-1.3178378378378377,67.1862821512081,-99.92205767731879,True,SCORED_RIGHT_CENSORED
TSLA-0039,TSLA,O:TSLA260406C00385000,CALL,385.0,2026-04-06,14,0.0,HOLDOUT,CONTINUATION,2026-03-24T18:45:00+00:00,2026-03-24T18:30:00+00:00,44,1,202,False,True,247,WITHIN_TOLERANCE,NEAR_ATM,0.002571428571432729,-0.002571428571432729,13,H1,4,1774380600000,,False,4,12.2,11.7,-4.098360655737709,1.8803418803418959,-5.5555555555555465,-2.991452991452992,3,4,-4.7818791946308785,-1.590909090909078,-2.2950819672131084,-9.426229508196716,True,SCORED_WINDOW
TSLA-0039,TSLA,O:TSLA260406C00385000,CALL,385.0,2026-04-06,14,0.0,HOLDOUT,CONTINUATION,2026-03-24T18:45:00+00:00,2026-03-24T18:30:00+00:00,44,1,202,False,True,247,WITHIN_TOLERANCE,NEAR_ATM,0.002571428571432729,-0.002571428571432729,13,D1,26,1774463400000,,False,20,12.2,11.7,-4.098360655737709,55.042735042735046,-9.829059829059815,6.068376068376069,6,5,-31.587651598676956,0.11024844720496894,48.68852459016395,-13.524590163934413,False,SCORED_WINDOW
TSLA-0039,TSLA,O:TSLA260406C00385000,CALL,385.0,2026-04-06,14,0.0,HOLDOUT,CONTINUATION,2026-03-24T18:45:00+00:00,2026-03-24T18:30:00+00:00,44,1,202,False,True,247,WITHIN_TOLERANCE,NEAR_ATM,0.002571428571432729,-0.002571428571432729,13,D3,78,1774636200000,,False,71,12.2,11.7,-4.098360655737709,55.042735042735046,-82.9059829059829,-80.85470085470085,6,68,-87.651598676957,-1.4689440993788818,48.68852459016395,-83.60655737704919,True,SCORED_WINDOW
TSLA-0039,TSLA,O:TSLA260406C00385000,CALL,385.0,2026-04-06,14,0.0,HOLDOUT,CONTINUATION,2026-03-24T18:45:00+00:00,2026-03-24T18:30:00+00:00,44,1,202,False,True,247,WITHIN_TOLERANCE,NEAR_ATM,0.002571428571432729,-0.002571428571432729,13,D5,130,1774981800000,,False,123,12.2,11.7,-4.098360655737709,55.042735042735046,-94.78632478632478,-77.26495726495726,6,101,-85.33627342888643,-1.403726708074534,48.68852459016395,-95.0,True,SCORED_WINDOW
TSLA-0039,TSLA,O:TSLA260406C00385000,CALL,385.0,2026-04-06,14,0.0,HOLDOUT,CONTINUATION,2026-03-24T18:45:00+00:00,2026-03-24T18:30:00+00:00,44,1,202,False,True,247,WITHIN_TOLERANCE,NEAR_ATM,0.002571428571432729,-0.002571428571432729,13,D10,260,1775673000000,CONTRACT_EXPIRY,True,202,12.2,11.7,-4.098360655737709,55.042735042735046,-99.91452991452991,-99.91452991452991,6,182,-99.94487320837926,-1.8152173913043477,48.68852459016395,-99.91803278688525,True,SCORED_RIGHT_CENSORED
GME-0037,GME,O:GME260410C00023000,CALL,23.0,2026-04-10,14,0.0,HOLDOUT,ENTRY_FORMING,2026-03-25T13:45:00+00:00,2026-03-25T13:30:00+00:00,54,1,287,False,True,342,WITHIN_TOLERANCE,NEAR_ATM,0.34782608695651435,-0.34782608695651435,16,H1,4,1774449000000,,False,3,0.8,0.75,-6.25,18.666666666666675,0.0,4.0000000000000036,2,1,-12.35955056179775,0.21428571428571438,11.250000000000004,-6.25,False,SCORED_WINDOW
GME-0037,GME,O:GME260410C00023000,CALL,23.0,2026-04-10,14,0.0,HOLDOUT,ENTRY_FORMING,2026-03-25T13:45:00+00:00,2026-03-25T13:30:00+00:00,54,1,287,False,True,342,WITHIN_TOLERANCE,NEAR_ATM,0.34782608695651435,-0.34782608695651435,16,D1,26,1774531800000,,False,13,0.8,0.75,-6.25,40.000000000000014,-14.66666666666666,2.6666666666666616,10,5,-26.66666666666667,0.06666666666666651,31.25,-20.000000000000007,False,SCORED_WINDOW
GME-0037,GME,O:GME260410C00023000,CALL,23.0,2026-04-10,14,0.0,HOLDOUT,ENTRY_FORMING,2026-03-25T13:45:00+00:00,2026-03-25T13:30:00+00:00,54,1,287,False,True,342,WITHIN_TOLERANCE,NEAR_ATM,0.34782608695651435,-0.34782608695651435,16,D3,78,1774877400000,,False,56,0.8,0.75,-6.25,40.000000000000014,-53.33333333333334,-45.333333333333336,10,52,-60.952380952380956,-1.133333333333333,31.25,-56.25,True,SCORED_WINDOW
GME-0037,GME,O:GME260410C00023000,CALL,23.0,2026-04-10,14,0.0,HOLDOUT,ENTRY_FORMING,2026-03-25T13:45:00+00:00,2026-03-25T13:30:00+00:00,54,1,287,False,True,342,WITHIN_TOLERANCE,NEAR_ATM,0.34782608695651435,-0.34782608695651435,16,D5,130,1775050200000,,False,106,0.8,0.75,-6.25,40.000000000000014,-61.33333333333333,-21.333333333333336,10,61,-43.80952380952381,-0.5333333333333332,31.25,-63.75000000000001,True,SCORED_WINDOW
GME-0037,GME,O:GME260410C00023000,CALL,23.0,2026-04-10,14,0.0,HOLDOUT,ENTRY_FORMING,2026-03-25T13:45:00+00:00,2026-03-25T13:30:00+00:00,54,1,287,False,True,342,WITHIN_TOLERANCE,NEAR_ATM,0.34782608695651435,-0.34782608695651435,16,D10,260,1775741400000,,False,236,0.8,0.75,-6.25,40.000000000000014,-76.0,-63.99999999999999,10,236,-74.28571428571429,-1.5999999999999992,31.25,-77.5,True,SCORED_WINDOW
U-0037,U,O:U260410C00017500,CALL,17.5,2026-04-10,14,0.0,HOLDOUT,THESIS_PRESSURE,2026-03-25T19:15:00+00:00,2026-03-25T19:00:00+00:00,0,0,19,True,False,19,WITHIN_TOLERANCE,NEAR_ATM,1.2571428571428507,1.2571428571428507,16,H1,4,1774531800000,,False,,,,,,,,,,,,,,,UNSCORED_SIGNAL_BAR_ABSENT
U-0037,U,O:U260410C00017500,CALL,17.5,2026-04-10,14,0.0,HOLDOUT,THESIS_PRESSURE,2026-03-25T19:15:00+00:00,2026-03-25T19:00:00+00:00,0,0,19,True,False,19,WITHIN_TOLERANCE,NEAR_ATM,1.2571428571428507,1.2571428571428507,16,D1,26,1774551600000,,False,,,,,,,,,,,,,,,UNSCORED_SIGNAL_BAR_ABSENT
U-0037,U,O:U260410C00017500,CALL,17.5,2026-04-10,14,0.0,HOLDOUT,THESIS_PRESSURE,2026-03-25T19:15:00+00:00,2026-03-25T19:00:00+00:00,0,0,19,True,False,19,WITHIN_TOLERANCE,NEAR_ATM,1.2571428571428507,1.2571428571428507,16,D3,78,1774897200000,,False,,,,,,,,,,,,,,,UNSCORED_SIGNAL_BAR_ABSENT
U-0037,U,O:U260410C00017500,CALL,17.5,2026-04-10,14,0.0,HOLDOUT,THESIS_PRESSURE,2026-03-25T19:15:00+00:00,2026-03-25T19:00:00+00:00,0,0,19,True,False,19,WITHIN_TOLERANCE,NEAR_ATM,1.2571428571428507,1.2571428571428507,16,D5,130,1775070000000,,False,,,,,,,,,,,,,,,UNSCORED_SIGNAL_BAR_ABSENT
U-0037,U,O:U260410C00017500,CALL,17.5,2026-04-10,14,0.0,HOLDOUT,THESIS_PRESSURE,2026-03-25T19:15:00+00:00,2026-03-25T19:00:00+00:00,0,0,19,True,False,19,WITHIN_TOLERANCE,NEAR_ATM,1.2571428571428507,1.2571428571428507,16,D10,260,1775761200000,,False,,,,,,,,,,,,,,,UNSCORED_SIGNAL_BAR_ABSENT
RBLX-0037,RBLX,O:RBLX260410C00057000,CALL,57.0,2026-04-10,14,0.0,HOLDOUT,ENTRY_FORMING,2026-03-25T20:00:00+00:00,2026-03-25T19:45:00+00:00,12,0,128,False,False,140,WITHIN_TOLERANCE,NEAR_ATM,0.6140350877193007,-0.6140350877193007,16,H1,4,1774534500000,,False,,,,,,,,,,,,,,,UNSCORED_SIGNAL_BAR_ABSENT
RBLX-0037,RBLX,O:RBLX260410C00057000,CALL,57.0,2026-04-10,14,0.0,HOLDOUT,ENTRY_FORMING,2026-03-25T20:00:00+00:00,2026-03-25T19:45:00+00:00,12,0,128,False,False,140,WITHIN_TOLERANCE,NEAR_ATM,0.6140350877193007,-0.6140350877193007,16,D1,26,1774554300000,,False,,,,,,,,,,,,,,,UNSCORED_SIGNAL_BAR_ABSENT
RBLX-0037,RBLX,O:RBLX260410C00057000,CALL,57.0,2026-04-10,14,0.0,HOLDOUT,ENTRY_FORMING,2026-03-25T20:00:00+00:00,2026-03-25T19:45:00+00:00,12,0,128,False,False,140,WITHIN_TOLERANCE,NEAR_ATM,0.6140350877193007,-0.6140350877193007,16,D3,78,1774899900000,,False,,,,,,,,,,,,,,,UNSCORED_SIGNAL_BAR_ABSENT
RBLX-0037,RBLX,O:RBLX260410C00057000,CALL,57.0,2026-04-10,14,0.0,HOLDOUT,ENTRY_FORMING,2026-03-25T20:00:00+00:00,2026-03-25T19:45:00+00:00,12,0,128,False,False,140,WITHIN_TOLERANCE,NEAR_ATM,0.6140350877193007,-0.6140350877193007,16,D5,130,1775072700000,,False,,,,,,,,,,,,,,,UNSCORED_SIGNAL_BAR_ABSENT
RBLX-0037,RBLX,O:RBLX260410C00057000,CALL,57.0,2026-04-10,14,0.0,HOLDOUT,ENTRY_FORMING,2026-03-25T20:00:00+00:00,2026-03-25T19:45:00+00:00,12,0,128,False,False,140,WITHIN_TOLERANCE,NEAR_ATM,0.6140350877193007,-0.6140350877193007,16,D10,260,1775763900000,,False,,,,,,,,,,,,,,,UNSCORED_SIGNAL_BAR_ABSENT
RBLX-0038,RBLX,O:RBLX260410C00055000,CALL,55.0,2026-04-10,14,0.0,HOLDOUT,THESIS_PRESSURE,2026-03-26T16:15:00+00:00,2026-03-26T16:00:00+00:00,11,0,105,False,False,116,WITHIN_TOLERANCE,NEAR_ATM,0.43636363636364,-0.43636363636364,15,H1,4,1774544400000,,False,,,,,,,,,,,,,,,UNSCORED_SIGNAL_BAR_ABSENT
RBLX-0038,RBLX,O:RBLX260410C00055000,CALL,55.0,2026-04-10,14,0.0,HOLDOUT,THESIS_PRESSURE,2026-03-26T16:15:00+00:00,2026-03-26T16:00:00+00:00,11,0,105,False,False,116,WITHIN_TOLERANCE,NEAR_ATM,0.43636363636364,-0.43636363636364,15,D1,26,1774627200000,,False,,,,,,,,,,,,,,,UNSCORED_SIGNAL_BAR_ABSENT
RBLX-0038,RBLX,O:RBLX260410C00055000,CALL,55.0,2026-04-10,14,0.0,HOLDOUT,THESIS_PRESSURE,2026-03-26T16:15:00+00:00,2026-03-26T16:00:00+00:00,11,0,105,False,False,116,WITHIN_TOLERANCE,NEAR_ATM,0.43636363636364,-0.43636363636364,15,D3,78,1774972800000,,False,,,,,,,,,,,,,,,UNSCORED_SIGNAL_BAR_ABSENT
RBLX-0038,RBLX,O:RBLX260410C00055000,CALL,55.0,2026-04-10,14,0.0,HOLDOUT,THESIS_PRESSURE,2026-03-26T16:15:00+00:00,2026-03-26T16:00:00+00:00,11,0,105,False,False,116,WITHIN_TOLERANCE,NEAR_ATM,0.43636363636364,-0.43636363636364,15,D5,130,1775145600000,,False,,,,,,,,,,,,,,,UNSCORED_SIGNAL_BAR_ABSENT
RBLX-0038,RBLX,O:RBLX260410C00055000,CALL,55.0,2026-04-10,14,0.0,HOLDOUT,THESIS_PRESSURE,2026-03-26T16:15:00+00:00,2026-03-26T16:00:00+00:00,11,0,105,False,False,116,WITHIN_TOLERANCE,NEAR_ATM,0.43636363636364,-0.43636363636364,15,D10,260,1775836800000,,False,,,,,,,,,,,,,,,UNSCORED_SIGNAL_BAR_ABSENT
PYPL-0037,PYPL,O:PYPL260410C00045000,CALL,45.0,2026-04-10,14,0.0,HOLDOUT,THESIS_PRESSURE,2026-03-26T18:15:00+00:00,2026-03-26T18:00:00+00:00,40,0,200,False,False,240,WITHIN_TOLERANCE,NEAR_ATM,0.0222222222222178,-0.0222222222222178,15,H1,4,1774551600000,,False,,,,,,,,,,,,,,,UNSCORED_SIGNAL_BAR_ABSENT
PYPL-0037,PYPL,O:PYPL260410C00045000,CALL,45.0,2026-04-10,14,0.0,HOLDOUT,THESIS_PRESSURE,2026-03-26T18:15:00+00:00,2026-03-26T18:00:00+00:00,40,0,200,False,False,240,WITHIN_TOLERANCE,NEAR_ATM,0.0222222222222178,-0.0222222222222178,15,D1,26,1774634400000,,False,,,,,,,,,,,,,,,UNSCORED_SIGNAL_BAR_ABSENT
PYPL-0037,PYPL,O:PYPL260410C00045000,CALL,45.0,2026-04-10,14,0.0,HOLDOUT,THESIS_PRESSURE,2026-03-26T18:15:00+00:00,2026-03-26T18:00:00+00:00,40,0,200,False,False,240,WITHIN_TOLERANCE,NEAR_ATM,0.0222222222222178,-0.0222222222222178,15,D3,78,1774980000000,,False,,,,,,,,,,,,,,,UNSCORED_SIGNAL_BAR_ABSENT
PYPL-0037,PYPL,O:PYPL260410C00045000,CALL,45.0,2026-04-10,14,0.0,HOLDOUT,THESIS_PRESSURE,2026-03-26T18:15:00+00:00,2026-03-26T18:00:00+00:00,40,0,200,False,False,240,WITHIN_TOLERANCE,NEAR_ATM,0.0222222222222178,-0.0222222222222178,15,D5,130,1775152800000,,False,,,,,,,,,,,,,,,UNSCORED_SIGNAL_BAR_ABSENT
PYPL-0037,PYPL,O:PYPL260410C00045000,CALL,45.0,2026-04-10,14,0.0,HOLDOUT,THESIS_PRESSURE,2026-03-26T18:15:00+00:00,2026-03-26T18:00:00+00:00,40,0,200,False,False,240,WITHIN_TOLERANCE,NEAR_ATM,0.0222222222222178,-0.0222222222222178,15,D10,260,1775844000000,,False,,,,,,,,,,,,,,,UNSCORED_SIGNAL_BAR_ABSENT
GME-0038,GME,O:GME260410C00022500,CALL,22.5,2026-04-10,14,0.0,HOLDOUT,THESIS_PRESSURE,2026-03-30T18:30:00+00:00,2026-03-30T18:15:00+00:00,73,1,177,False,True,251,WITHIN_TOLERANCE,NEAR_ATM,1.0888888888888932,-1.0888888888888932,11,H1,4,1774898100000,,False,3,0.54,0.54,0.0,0.0,-12.962962962962976,-12.962962962962976,1,3,-12.962962962962976,,0.0,-12.962962962962976,True,SCORED_WINDOW
GME-0038,GME,O:GME260410C00022500,CALL,22.5,2026-04-10,14,0.0,HOLDOUT,THESIS_PRESSURE,2026-03-30T18:30:00+00:00,2026-03-30T18:15:00+00:00,73,1,177,False,True,251,WITHIN_TOLERANCE,NEAR_ATM,1.0888888888888932,-1.0888888888888932,11,D1,26,1774980900000,,False,23,0.54,0.54,0.0,51.85185185185184,-12.962962962962976,38.888888888888886,17,3,-8.536585365853655,0.7500000000000001,51.85185185185184,-12.962962962962976,False,SCORED_WINDOW
GME-0038,GME,O:GME260410C00022500,CALL,22.5,2026-04-10,14,0.0,HOLDOUT,THESIS_PRESSURE,2026-03-30T18:30:00+00:00,2026-03-30T18:15:00+00:00,73,1,177,False,True,251,WITHIN_TOLERANCE,NEAR_ATM,1.0888888888888932,-1.0888888888888932,11,D3,78,1775153700000,,False,59,0.54,0.54,0.0,88.88888888888889,-12.962962962962976,50.0,29,3,-20.58823529411764,0.5625,88.88888888888889,-12.962962962962976,False,SCORED_WINDOW
GME-0038,GME,O:GME260410C00022500,CALL,22.5,2026-04-10,14,0.0,HOLDOUT,THESIS_PRESSURE,2026-03-30T18:30:00+00:00,2026-03-30T18:15:00+00:00,73,1,177,False,True,251,WITHIN_TOLERANCE,NEAR_ATM,1.0888888888888932,-1.0888888888888932,11,D5,130,1775585700000,,False,101,0.54,0.54,0.0,120.37037037037032,-18.518518518518523,96.2962962962963,66,89,-10.924369747899155,0.8000000000000004,120.37037037037032,-18.518518518518523,True,SCORED_WINDOW
GME-0038,GME,O:GME260410C00022500,CALL,22.5,2026-04-10,14,0.0,HOLDOUT,THESIS_PRESSURE,2026-03-30T18:30:00+00:00,2026-03-30T18:15:00+00:00,73,1,177,False,True,251,WITHIN_TOLERANCE,NEAR_ATM,1.0888888888888932,-1.0888888888888932,11,D10,260,1776190500000,CONTRACT_EXPIRY,True,177,0.54,0.54,0.0,120.37037037037032,-79.62962962962963,33.33333333333333,66,161,-39.49579831932773,0.276923076923077,120.37037037037032,-79.62962962962963,True,SCORED_RIGHT_CENSORED
RBLX-0039,RBLX,O:RBLX260417C00057000,CALL,57.0,2026-04-17,14,0.0,HOLDOUT,RISK_OR_EXHAUSTION,2026-03-31T19:00:00+00:00,2026-03-31T18:45:00+00:00,28,0,147,False,False,175,WITHIN_TOLERANCE,NEAR_ATM,0.12280701754386016,0.12280701754386016,17,H1,4,1774986300000,,False,,,,,,,,,,,,,,,UNSCORED_SIGNAL_BAR_ABSENT
RBLX-0039,RBLX,O:RBLX260417C00057000,CALL,57.0,2026-04-17,14,0.0,HOLDOUT,RISK_OR_EXHAUSTION,2026-03-31T19:00:00+00:00,2026-03-31T18:45:00+00:00,28,0,147,False,False,175,WITHIN_TOLERANCE,NEAR_ATM,0.12280701754386016,0.12280701754386016,17,D1,26,1775069100000,,False,,,,,,,,,,,,,,,UNSCORED_SIGNAL_BAR_ABSENT
RBLX-0039,RBLX,O:RBLX260417C00057000,CALL,57.0,2026-04-17,14,0.0,HOLDOUT,RISK_OR_EXHAUSTION,2026-03-31T19:00:00+00:00,2026-03-31T18:45:00+00:00,28,0,147,False,False,175,WITHIN_TOLERANCE,NEAR_ATM,0.12280701754386016,0.12280701754386016,17,D3,78,1775501100000,,False,,,,,,,,,,,,,,,UNSCORED_SIGNAL_BAR_ABSENT
RBLX-0039,RBLX,O:RBLX260417C00057000,CALL,57.0,2026-04-17,14,0.0,HOLDOUT,RISK_OR_EXHAUSTION,2026-03-31T19:00:00+00:00,2026-03-31T18:45:00+00:00,28,0,147,False,False,175,WITHIN_TOLERANCE,NEAR_ATM,0.12280701754386016,0.12280701754386016,17,D5,130,1775673900000,,False,,,,,,,,,,,,,,,UNSCORED_SIGNAL_BAR_ABSENT
RBLX-0039,RBLX,O:RBLX260417C00057000,CALL,57.0,2026-04-17,14,0.0,HOLDOUT,RISK_OR_EXHAUSTION,2026-03-31T19:00:00+00:00,2026-03-31T18:45:00+00:00,28,0,147,False,False,175,WITHIN_TOLERANCE,NEAR_ATM,0.12280701754386016,0.12280701754386016,17,D10,260,1776278700000,,False,,,,,,,,,,,,,,,UNSCORED_SIGNAL_BAR_ABSENT
GME-0039,GME,O:GME260417C00023000,CALL,23.0,2026-04-17,14,0.0,HOLDOUT,CONTINUATION,2026-03-31T19:45:00+00:00,2026-03-31T19:30:00+00:00,144,1,308,False,True,453,WITHIN_TOLERANCE,NEAR_ATM,0.0652173913043503,0.0652173913043503,17,H1,4,1775052000000,,False,4,0.73,0.74,1.3698630136986356,20.270270270270263,-2.7027027027027084,9.459459459459474,2,3,-8.98876404494382,0.46666666666666756,21.91780821917808,-1.3698630136986356,True,SCORED_WINDOW
GME-0039,GME,O:GME260417C00023000,CALL,23.0,2026-04-17,14,0.0,HOLDOUT,CONTINUATION,2026-03-31T19:45:00+00:00,2026-03-31T19:30:00+00:00,144,1,308,False,True,453,WITHIN_TOLERANCE,NEAR_ATM,0.0652173913043503,0.0652173913043503,17,D1,26,1775071800000,,False,24,0.73,0.74,1.3698630136986356,20.270270270270263,-25.67567567567567,-17.567567567567565,2,21,-31.46067415730337,-0.8666666666666668,21.91780821917808,-24.65753424657533,True,SCORED_WINDOW
GME-0039,GME,O:GME260417C00023000,CALL,23.0,2026-04-17,14,0.0,HOLDOUT,CONTINUATION,2026-03-31T19:45:00+00:00,2026-03-31T19:30:00+00:00,144,1,308,False,True,453,WITHIN_TOLERANCE,NEAR_ATM,0.0652173913043503,0.0652173913043503,17,D3,78,1775503800000,,False,74,0.73,0.74,1.3698630136986356,24.32432432432432,-36.48648648648649,-12.16216216216216,52,26,-29.34782608695652,-0.5,26.027397260273986,-35.61643835616438,False,SCORED_WINDOW
GME-0039,GME,O:GME260417C00023000,CALL,23.0,2026-04-17,14,0.0,HOLDOUT,CONTINUATION,2026-03-31T19:45:00+00:00,2026-03-31T19:30:00+00:00,144,1,308,False,True,453,WITHIN_TOLERANCE,NEAR_ATM,0.0652173913043503,0.0652173913043503,17,D5,130,1775676600000,,False,126,0.73,0.74,1.3698630136986356,54.054054054054035,-43.24324324324324,-33.78378378378378,102,81,-57.01754385964912,-0.6250000000000002,56.16438356164382,-42.465753424657535,False,SCORED_WINDOW
GME-0039,GME,O:GME260417C00023000,CALL,23.0,2026-04-17,14,0.0,HOLDOUT,CONTINUATION,2026-03-31T19:45:00+00:00,2026-03-31T19:30:00+00:00,144,1,308,False,True,453,WITHIN_TOLERANCE,NEAR_ATM,0.0652173913043503,0.0652173913043503,17,D10,260,1776281400000,,False,255,0.73,0.74,1.3698630136986356,151.35135135135135,-74.32432432432432,137.83783783783784,240,163,-5.376344086021511,0.9107142857142857,154.79452054794524,-73.97260273972603,False,SCORED_WINDOW
PYPL-0038,PYPL,O:PYPL260417C00045500,CALL,45.5,2026-04-17,14,0.0,HOLDOUT,ENTRY_FORMING,2026-04-02T20:00:00+00:00,2026-04-02T19:45:00+00:00,23,1,149,False,True,173,WITHIN_TOLERANCE,NEAR_ATM,0.32967032967032656,-0.32967032967032656,15,H1,4,1775484900000,,False,4,1.4,1.6,14.285714285714302,14.375000000000004,0.0,10.624999999999996,4,1,-3.2786885245901676,0.7391304347826083,30.714285714285737,14.285714285714302,False,SCORED_WINDOW
PYPL-0038,PYPL,O:PYPL260417C00045500,CALL,45.5,2026-04-17,14,0.0,HOLDOUT,ENTRY_FORMING,2026-04-02T20:00:00+00:00,2026-04-02T19:45:00+00:00,23,1,149,False,True,173,WITHIN_TOLERANCE,NEAR_ATM,0.32967032967032656,-0.32967032967032656,15,D1,26,1775504700000,,False,16,1.4,1.6,14.285714285714302,14.375000000000004,-16.874999999999996,-16.874999999999996,4,16,-27.322404371584696,-1.1739130434782603,30.714285714285737,-4.999999999999993,True,SCORED_WINDOW
PYPL-0038,PYPL,O:PYPL260417C00045500,CALL,45.5,2026-04-17,14,0.0,HOLDOUT,ENTRY_FORMING,2026-04-02T20:00:00+00:00,2026-04-02T19:45:00+00:00,23,1,149,False,True,173,WITHIN_TOLERANCE,NEAR_ATM,0.32967032967032656,-0.32967032967032656,15,D3,78,1775677500000,,False,39,1.4,1.6,14.285714285714302,14.375000000000004,-46.25,-2.500000000000002,4,17,-14.754098360655743,-0.17391304347826098,30.714285714285737,-38.57142857142857,True,SCORED_WINDOW
PYPL-0038,PYPL,O:PYPL260417C00045500,CALL,45.5,2026-04-17,14,0.0,HOLDOUT,ENTRY_FORMING,2026-04-02T20:00:00+00:00,2026-04-02T19:45:00+00:00,23,1,149,False,True,173,WITHIN_TOLERANCE,NEAR_ATM,0.32967032967032656,-0.32967032967032656,15,D5,130,1775850300000,,False,80,1.4,1.6,14.285714285714302,14.375000000000004,-56.87500000000001,-50.625,4,73,-56.830601092896174,-3.521739130434782,30.714285714285737,-50.71428571428571,True,SCORED_WINDOW
PYPL-0038,PYPL,O:PYPL260417C00045500,CALL,45.5,2026-04-17,14,0.0,HOLDOUT,ENTRY_FORMING,2026-04-02T20:00:00+00:00,2026-04-02T19:45:00+00:00,23,1,149,False,True,173,WITHIN_TOLERANCE,NEAR_ATM,0.32967032967032656,-0.32967032967032656,15,D10,260,1776455100000,,False,149,1.4,1.6,14.285714285714302,259.99999999999994,-61.875,221.24999999999994,147,81,-10.763888888888895,0.8509615384615384,311.4285714285715,-56.42857142857143,False,SCORED_WINDOW
RBLX-0040,RBLX,O:RBLX260417C00060000,CALL,60.0,2026-04-17,14,0.0,HOLDOUT,CONTINUATION,2026-04-02T20:00:00+00:00,2026-04-02T19:45:00+00:00,106,1,222,False,True,329,WITHIN_TOLERANCE,NEAR_ATM,0.16666666666666904,0.16666666666666904,15,H1,4,1775484900000,,False,4,2.89,3.2,10.726643598615926,2.8124999999999956,-38.12500000000001,-38.12500000000001,1,4,-39.817629179331306,-13.55555555555558,13.84083044982698,-31.487889273356405,True,SCORED_WINDOW
RBLX-0040,RBLX,O:RBLX260417C00060000,CALL,60.0,2026-04-17,14,0.0,HOLDOUT,CONTINUATION,2026-04-02T20:00:00+00:00,2026-04-02T19:45:00+00:00,106,1,222,False,True,329,WITHIN_TOLERANCE,NEAR_ATM,0.16666666666666904,0.16666666666666904,15,D1,26,1775504700000,,False,19,2.89,3.2,10.726643598615926,2.8124999999999956,-53.75000000000001,-50.0,1,14,-51.367781155015194,-17.777777777777807,13.84083044982698,-48.78892733564014,True,SCORED_WINDOW
RBLX-0040,RBLX,O:RBLX260417C00060000,CALL,60.0,2026-04-17,14,0.0,HOLDOUT,CONTINUATION,2026-04-02T20:00:00+00:00,2026-04-02T19:45:00+00:00,106,1,222,False,True,329,WITHIN_TOLERANCE,NEAR_ATM,0.16666666666666904,0.16666666666666904,15,D3,78,1775677500000,,False,58,2.89,3.2,10.726643598615926,2.8124999999999956,-76.875,-75.625,1,58,-76.29179331306992,-26.888888888888932,13.84083044982698,-74.39446366782008,True,SCORED_WINDOW
RBLX-0040,RBLX,O:RBLX260417C00060000,CALL,60.0,2026-04-17,14,0.0,HOLDOUT,CONTINUATION,2026-04-02T20:00:00+00:00,2026-04-02T19:45:00+00:00,106,1,222,False,True,329,WITHIN_TOLERANCE,NEAR_ATM,0.16666666666666904,0.16666666666666904,15,D5,130,1775850300000,,False,105,2.89,3.2,10.726643598615926,2.8124999999999956,-93.125,-83.75,1,84,-84.19452887537993,-29.777777777777825,13.84083044982698,-92.38754325259515,True,SCORED_WINDOW
RBLX-0040,RBLX,O:RBLX260417C00060000,CALL,60.0,2026-04-17,14,0.0,HOLDOUT,CONTINUATION,2026-04-02T20:00:00+00:00,2026-04-02T19:45:00+00:00,106,1,222,False,True,329,WITHIN_TOLERANCE,NEAR_ATM,0.16666666666666904,0.16666666666666904,15,D10,260,1776455100000,,False,222,2.89,3.2,10.726643598615926,2.8124999999999956,-93.125,-81.25,1,84,-81.7629179331307,-28.888888888888935,13.84083044982698,-92.38754325259515,True,SCORED_WINDOW
LULU-0039,LULU,O:LULU260417C00155000,CALL,155.0,2026-04-17,14,0.0,HOLDOUT,ENTRY_FORMING,2026-04-06T20:00:00+00:00,2026-04-06T19:45:00+00:00,43,0,68,False,False,111,WITHIN_TOLERANCE,NEAR_ATM,0.7677419354838695,0.7677419354838695,11,H1,4,1775571300000,,False,,,,,,,,,,,,,,,UNSCORED_SIGNAL_BAR_ABSENT
LULU-0039,LULU,O:LULU260417C00155000,CALL,155.0,2026-04-17,14,0.0,HOLDOUT,ENTRY_FORMING,2026-04-06T20:00:00+00:00,2026-04-06T19:45:00+00:00,43,0,68,False,False,111,WITHIN_TOLERANCE,NEAR_ATM,0.7677419354838695,0.7677419354838695,11,D1,26,1775591100000,,False,,,,,,,,,,,,,,,UNSCORED_SIGNAL_BAR_ABSENT
LULU-0039,LULU,O:LULU260417C00155000,CALL,155.0,2026-04-17,14,0.0,HOLDOUT,ENTRY_FORMING,2026-04-06T20:00:00+00:00,2026-04-06T19:45:00+00:00,43,0,68,False,False,111,WITHIN_TOLERANCE,NEAR_ATM,0.7677419354838695,0.7677419354838695,11,D3,78,1775763900000,,False,,,,,,,,,,,,,,,UNSCORED_SIGNAL_BAR_ABSENT
LULU-0039,LULU,O:LULU260417C00155000,CALL,155.0,2026-04-17,14,0.0,HOLDOUT,ENTRY_FORMING,2026-04-06T20:00:00+00:00,2026-04-06T19:45:00+00:00,43,0,68,False,False,111,WITHIN_TOLERANCE,NEAR_ATM,0.7677419354838695,0.7677419354838695,11,D5,130,1776109500000,,False,,,,,,,,,,,,,,,UNSCORED_SIGNAL_BAR_ABSENT
LULU-0039,LULU,O:LULU260417C00155000,CALL,155.0,2026-04-17,14,0.0,HOLDOUT,ENTRY_FORMING,2026-04-06T20:00:00+00:00,2026-04-06T19:45:00+00:00,43,0,68,False,False,111,WITHIN_TOLERANCE,NEAR_ATM,0.7677419354838695,0.7677419354838695,11,D10,260,1776714300000,CONTRACT_EXPIRY,True,,,,,,,,,,,,,,,UNSCORED_SIGNAL_BAR_ABSENT
VALE-0037,VALE,O:VALE260417C00016000,CALL,16.0,2026-04-17,14,0.0,HOLDOUT,ENTRY_FORMING,2026-04-06T20:00:00+00:00,2026-04-06T19:45:00+00:00,92,1,120,False,True,213,WITHIN_TOLERANCE,NEAR_ATM,0.9062499999999973,0.9062499999999973,11,H1,4,1775571300000,,False,4,0.55,0.54,-1.8181818181818188,1.85185185185186,-16.666666666666675,-1.851851851851849,1,3,-3.6363636363636376,-0.999999999999994,0.0,-18.181818181818187,True,SCORED_WINDOW
VALE-0037,VALE,O:VALE260417C00016000,CALL,16.0,2026-04-17,14,0.0,HOLDOUT,ENTRY_FORMING,2026-04-06T20:00:00+00:00,2026-04-06T19:45:00+00:00,92,1,120,False,True,213,WITHIN_TOLERANCE,NEAR_ATM,0.9062499999999973,0.9062499999999973,11,D1,26,1775591100000,,False,13,0.55,0.54,-1.8181818181818188,1.85185185185186,-16.666666666666675,-1.851851851851849,1,3,-3.6363636363636376,-0.999999999999994,0.0,-18.181818181818187,True,SCORED_WINDOW
VALE-0037,VALE,O:VALE260417C00016000,CALL,16.0,2026-04-17,14,0.0,HOLDOUT,ENTRY_FORMING,2026-04-06T20:00:00+00:00,2026-04-06T19:45:00+00:00,92,1,120,False,True,213,WITHIN_TOLERANCE,NEAR_ATM,0.9062499999999973,0.9062499999999973,11,D3,78,1775763900000,,False,39,0.55,0.54,-1.8181818181818188,112.96296296296293,-16.666666666666675,53.703703703703674,14,3,-27.826086956521735,0.47540983606557363,109.09090909090904,-18.181818181818187,False,SCORED_WINDOW
VALE-0037,VALE,O:VALE260417C00016000,CALL,16.0,2026-04-17,14,0.0,HOLDOUT,ENTRY_FORMING,2026-04-06T20:00:00+00:00,2026-04-06T19:45:00+00:00,92,1,120,False,True,213,WITHIN_TOLERANCE,NEAR_ATM,0.9062499999999973,0.9062499999999973,11,D5,130,1776109500000,,False,72,0.55,0.54,-1.8181818181818188,168.5185185185185,-16.666666666666675,166.66666666666666,67,3,-0.6896551724137945,0.989010989010989,163.63636363636363,-18.181818181818187,False,SCORED_WINDOW
VALE-0037,VALE,O:VALE260417C00016000,CALL,16.0,2026-04-17,14,0.0,HOLDOUT,ENTRY_FORMING,2026-04-06T20:00:00+00:00,2026-04-06T19:45:00+00:00,92,1,120,False,True,213,WITHIN_TOLERANCE,NEAR_ATM,0.9062499999999973,0.9062499999999973,11,D10,260,1776714300000,CONTRACT_EXPIRY,True,120,0.55,0.54,-1.8181818181818188,246.29629629629628,-16.666666666666675,233.33333333333331,113,3,-3.7433155080213942,0.9473684210526315,240.0,-18.181818181818187,False,SCORED_RIGHT_CENSORED
VALE-0038,VALE,O:VALE260424C00016000,CALL,16.0,2026-04-24,14,0.0,HOLDOUT,THESIS_PRESSURE,2026-04-07T15:45:00+00:00,2026-04-07T15:30:00+00:00,24,0,55,False,False,79,WITHIN_TOLERANCE,NEAR_ATM,0.2187500000000009,0.2187500000000009,17,H1,4,1775579400000,,False,,,,,,,,,,,,,,,UNSCORED_SIGNAL_BAR_ABSENT
VALE-0038,VALE,O:VALE260424C00016000,CALL,16.0,2026-04-24,14,0.0,HOLDOUT,THESIS_PRESSURE,2026-04-07T15:45:00+00:00,2026-04-07T15:30:00+00:00,24,0,55,False,False,79,WITHIN_TOLERANCE,NEAR_ATM,0.2187500000000009,0.2187500000000009,17,D1,26,1775662200000,,False,,,,,,,,,,,,,,,UNSCORED_SIGNAL_BAR_ABSENT
VALE-0038,VALE,O:VALE260424C00016000,CALL,16.0,2026-04-24,14,0.0,HOLDOUT,THESIS_PRESSURE,2026-04-07T15:45:00+00:00,2026-04-07T15:30:00+00:00,24,0,55,False,False,79,WITHIN_TOLERANCE,NEAR_ATM,0.2187500000000009,0.2187500000000009,17,D3,78,1775835000000,,False,,,,,,,,,,,,,,,UNSCORED_SIGNAL_BAR_ABSENT
VALE-0038,VALE,O:VALE260424C00016000,CALL,16.0,2026-04-24,14,0.0,HOLDOUT,THESIS_PRESSURE,2026-04-07T15:45:00+00:00,2026-04-07T15:30:00+00:00,24,0,55,False,False,79,WITHIN_TOLERANCE,NEAR_ATM,0.2187500000000009,0.2187500000000009,17,D5,130,1776180600000,,False,,,,,,,,,,,,,,,UNSCORED_SIGNAL_BAR_ABSENT
VALE-0038,VALE,O:VALE260424C00016000,CALL,16.0,2026-04-24,14,0.0,HOLDOUT,THESIS_PRESSURE,2026-04-07T15:45:00+00:00,2026-04-07T15:30:00+00:00,24,0,55,False,False,79,WITHIN_TOLERANCE,NEAR_ATM,0.2187500000000009,0.2187500000000009,17,D10,260,1776785400000,,False,,,,,,,,,,,,,,,UNSCORED_SIGNAL_BAR_ABSENT
VALE-0039,VALE,O:VALE260424C00016500,CALL,16.5,2026-04-24,14,0.0,HOLDOUT,CONTINUATION,2026-04-08T13:45:00+00:00,2026-04-08T13:30:00+00:00,14,1,70,False,True,85,WITHIN_TOLERANCE,NEAR_ATM,1.2121212121212077,1.2121212121212077,16,H1,4,1775658600000,,False,1,0.75,0.61,-18.666666666666664,0.0,0.0,0.0,1,1,0.0,,-18.666666666666664,-18.666666666666664,False,SCORED_WINDOW
VALE-0039,VALE,O:VALE260424C00016500,CALL,16.5,2026-04-24,14,0.0,HOLDOUT,CONTINUATION,2026-04-08T13:45:00+00:00,2026-04-08T13:30:00+00:00,14,1,70,False,True,85,WITHIN_TOLERANCE,NEAR_ATM,1.2121212121212077,1.2121212121212077,16,D1,26,1775741400000,,False,7,0.75,0.61,-18.666666666666664,14.754098360655732,-3.2786885245901676,9.836065573770503,7,2,-4.2857142857142705,0.6666666666666676,-6.666666666666677,-21.333333333333336,False,SCORED_WINDOW
VALE-0039,VALE,O:VALE260424C00016500,CALL,16.5,2026-04-24,14,0.0,HOLDOUT,CONTINUATION,2026-04-08T13:45:00+00:00,2026-04-08T13:30:00+00:00,14,1,70,False,True,85,WITHIN_TOLERANCE,NEAR_ATM,1.2121212121212077,1.2121212121212077,16,D3,78,1776087000000,,False,16,0.75,0.61,-18.666666666666664,63.934426229508205,-9.83606557377048,34.42622950819671,15,9,-18.000000000000004,0.5384615384615382,33.33333333333333,-26.66666666666666,False,SCORED_WINDOW
VALE-0039,VALE,O:VALE260424C00016500,CALL,16.5,2026-04-24,14,0.0,HOLDOUT,CONTINUATION,2026-04-08T13:45:00+00:00,2026-04-08T13:30:00+00:00,14,1,70,False,True,85,WITHIN_TOLERANCE,NEAR_ATM,1.2121212121212077,1.2121212121212077,16,D5,130,1776259800000,,False,21,0.75,0.61,-18.666666666666664,129.50819672131146,-9.83606557377048,108.1967213114754,19,9,-9.285714285714274,0.8354430379746836,86.66666666666664,-26.66666666666666,False,SCORED_WINDOW
VALE-0039,VALE,O:VALE260424C00016500,CALL,16.5,2026-04-24,14,0.0,HOLDOUT,CONTINUATION,2026-04-08T13:45:00+00:00,2026-04-08T13:30:00+00:00,14,1,70,False,True,85,WITHIN_TOLERANCE,NEAR_ATM,1.2121212121212077,1.2121212121212077,16,D10,260,1776864600000,,False,47,0.75,0.61,-18.666666666666664,139.34426229508196,-9.83606557377048,80.32786885245903,41,9,-24.65753424657533,0.5764705882352943,94.66666666666666,-26.66666666666666,False,SCORED_WINDOW
PYPL-0039,PYPL,O:PYPL260424C00045500,CALL,45.5,2026-04-24,14,0.0,HOLDOUT,CONTINUATION,2026-04-10T19:15:00+00:00,2026-04-10T19:00:00+00:00,14,0,49,False,False,63,WITHIN_TOLERANCE,NEAR_ATM,0.3516483516483441,-0.3516483516483441,14,H1,4,1776087000000,,False,,,,,,,,,,,,,,,UNSCORED_SIGNAL_BAR_ABSENT
PYPL-0039,PYPL,O:PYPL260424C00045500,CALL,45.5,2026-04-24,14,0.0,HOLDOUT,CONTINUATION,2026-04-10T19:15:00+00:00,2026-04-10T19:00:00+00:00,14,0,49,False,False,63,WITHIN_TOLERANCE,NEAR_ATM,0.3516483516483441,-0.3516483516483441,14,D1,26,1776106800000,,False,,,,,,,,,,,,,,,UNSCORED_SIGNAL_BAR_ABSENT
PYPL-0039,PYPL,O:PYPL260424C00045500,CALL,45.5,2026-04-24,14,0.0,HOLDOUT,CONTINUATION,2026-04-10T19:15:00+00:00,2026-04-10T19:00:00+00:00,14,0,49,False,False,63,WITHIN_TOLERANCE,NEAR_ATM,0.3516483516483441,-0.3516483516483441,14,D3,78,1776279600000,,False,,,,,,,,,,,,,,,UNSCORED_SIGNAL_BAR_ABSENT
PYPL-0039,PYPL,O:PYPL260424C00045500,CALL,45.5,2026-04-24,14,0.0,HOLDOUT,CONTINUATION,2026-04-10T19:15:00+00:00,2026-04-10T19:00:00+00:00,14,0,49,False,False,63,WITHIN_TOLERANCE,NEAR_ATM,0.3516483516483441,-0.3516483516483441,14,D5,130,1776452400000,,False,,,,,,,,,,,,,,,UNSCORED_SIGNAL_BAR_ABSENT
PYPL-0039,PYPL,O:PYPL260424C00045500,CALL,45.5,2026-04-24,14,0.0,HOLDOUT,CONTINUATION,2026-04-10T19:15:00+00:00,2026-04-10T19:00:00+00:00,14,0,49,False,False,63,WITHIN_TOLERANCE,NEAR_ATM,0.3516483516483441,-0.3516483516483441,14,D10,260,1777057200000,,False,,,,,,,,,,,,,,,UNSCORED_SIGNAL_BAR_ABSENT
U-0038,U,O:U260424C00021500,CALL,21.5,2026-04-24,14,0.0,HOLDOUT,ENTRY_FORMING,2026-04-10T20:00:00+00:00,2026-04-10T19:45:00+00:00,11,0,36,False,False,47,WITHIN_TOLERANCE,NEAR_ATM,0.5348837209302253,0.5348837209302253,14,H1,4,1776089700000,,False,,,,,,,,,,,,,,,UNSCORED_SIGNAL_BAR_ABSENT
U-0038,U,O:U260424C00021500,CALL,21.5,2026-04-24,14,0.0,HOLDOUT,ENTRY_FORMING,2026-04-10T20:00:00+00:00,2026-04-10T19:45:00+00:00,11,0,36,False,False,47,WITHIN_TOLERANCE,NEAR_ATM,0.5348837209302253,0.5348837209302253,14,D1,26,1776109500000,,False,,,,,,,,,,,,,,,UNSCORED_SIGNAL_BAR_ABSENT
U-0038,U,O:U260424C00021500,CALL,21.5,2026-04-24,14,0.0,HOLDOUT,ENTRY_FORMING,2026-04-10T20:00:00+00:00,2026-04-10T19:45:00+00:00,11,0,36,False,False,47,WITHIN_TOLERANCE,NEAR_ATM,0.5348837209302253,0.5348837209302253,14,D3,78,1776282300000,,False,,,,,,,,,,,,,,,UNSCORED_SIGNAL_BAR_ABSENT
U-0038,U,O:U260424C00021500,CALL,21.5,2026-04-24,14,0.0,HOLDOUT,ENTRY_FORMING,2026-04-10T20:00:00+00:00,2026-04-10T19:45:00+00:00,11,0,36,False,False,47,WITHIN_TOLERANCE,NEAR_ATM,0.5348837209302253,0.5348837209302253,14,D5,130,1776455100000,,False,,,,,,,,,,,,,,,UNSCORED_SIGNAL_BAR_ABSENT
U-0038,U,O:U260424C00021500,CALL,21.5,2026-04-24,14,0.0,HOLDOUT,ENTRY_FORMING,2026-04-10T20:00:00+00:00,2026-04-10T19:45:00+00:00,11,0,36,False,False,47,WITHIN_TOLERANCE,NEAR_ATM,0.5348837209302253,0.5348837209302253,14,D10,260,1777059900000,,False,,,,,,,,,,,,,,,UNSCORED_SIGNAL_BAR_ABSENT
VALE-0040,VALE,O:VALE260424C00017000,CALL,17.0,2026-04-24,14,0.0,HOLDOUT,RISK_OR_EXHAUSTION,2026-04-13T14:30:00+00:00,2026-04-13T14:15:00+00:00,37,1,65,False,True,103,WITHIN_TOLERANCE,NEAR_ATM,0.9705882352941126,0.9705882352941126,11,H1,4,1776093300000,,False,0,,,,,,,,,,,,,,UNSCORED_NO_POST_SIGNAL_PRINT
VALE-0040,VALE,O:VALE260424C00017000,CALL,17.0,2026-04-24,14,0.0,HOLDOUT,RISK_OR_EXHAUSTION,2026-04-13T14:30:00+00:00,2026-04-13T14:15:00+00:00,37,1,65,False,True,103,WITHIN_TOLERANCE,NEAR_ATM,0.9705882352941126,0.9705882352941126,11,D1,26,1776176100000,,False,7,0.58,0.53,-8.620689655172399,52.830188679245296,0.0,47.169811320754704,7,1,-3.703703703703709,0.8928571428571423,39.655172413793125,-8.620689655172399,False,SCORED_WINDOW
VALE-0040,VALE,O:VALE260424C00017000,CALL,17.0,2026-04-24,14,0.0,HOLDOUT,RISK_OR_EXHAUSTION,2026-04-13T14:30:00+00:00,2026-04-13T14:15:00+00:00,37,1,65,False,True,103,WITHIN_TOLERANCE,NEAR_ATM,0.9705882352941126,0.9705882352941126,11,D3,78,1776348900000,,False,16,0.58,0.53,-8.620689655172399,73.58490566037736,0.0,73.58490566037736,8,1,0.0,1.0,58.62068965517244,-8.620689655172399,False,SCORED_WINDOW
VALE-0040,VALE,O:VALE260424C00017000,CALL,17.0,2026-04-24,14,0.0,HOLDOUT,RISK_OR_EXHAUSTION,2026-04-13T14:30:00+00:00,2026-04-13T14:15:00+00:00,37,1,65,False,True,103,WITHIN_TOLERANCE,NEAR_ATM,0.9705882352941126,0.9705882352941126,11,D5,130,1776694500000,,False,27,0.58,0.53,-8.620689655172399,86.79245283018867,0.0,60.377358490566024,20,1,-14.141414141414144,0.6956521739130435,70.68965517241381,-8.620689655172399,False,SCORED_WINDOW
VALE-0040,VALE,O:VALE260424C00017000,CALL,17.0,2026-04-24,14,0.0,HOLDOUT,RISK_OR_EXHAUSTION,2026-04-13T14:30:00+00:00,2026-04-13T14:15:00+00:00,37,1,65,False,True,103,WITHIN_TOLERANCE,NEAR_ATM,0.9705882352941126,0.9705882352941126,11,D10,260,1777299300000,CONTRACT_EXPIRY,True,65,0.58,0.53,-8.620689655172399,86.79245283018867,-73.58490566037736,-73.58490566037736,20,62,-85.85858585858585,-0.8478260869565218,70.68965517241381,-75.86206896551724,True,SCORED_RIGHT_CENSORED
GME-0040,GME,O:GME260501C00023500,CALL,23.5,2026-05-01,14,0.0,HOLDOUT,RISK_OR_EXHAUSTION,2026-04-14T14:15:00+00:00,2026-04-14T14:00:00+00:00,70,1,214,False,True,285,WITHIN_TOLERANCE,NEAR_ATM,0.9434042553191423,0.9434042553191423,17,H1,4,1776178800000,,False,4,0.83,0.89,7.2289156626506035,29.213483146067396,0.0,29.213483146067396,4,1,0.0,1.0,38.55421686746987,7.2289156626506035,False,SCORED_WINDOW
GME-0040,GME,O:GME260501C00023500,CALL,23.5,2026-05-01,14,0.0,HOLDOUT,RISK_OR_EXHAUSTION,2026-04-14T14:15:00+00:00,2026-04-14T14:00:00+00:00,70,1,214,False,True,285,WITHIN_TOLERANCE,NEAR_ATM,0.9434042553191423,0.9434042553191423,17,D1,26,1776261600000,,False,17,0.83,0.89,7.2289156626506035,52.80898876404496,0.0,41.57303370786516,16,1,-7.352941176470596,0.787234042553191,63.85542168674701,7.2289156626506035,False,SCORED_WINDOW
GME-0040,GME,O:GME260501C00023500,CALL,23.5,2026-05-01,14,0.0,HOLDOUT,RISK_OR_EXHAUSTION,2026-04-14T14:15:00+00:00,2026-04-14T14:00:00+00:00,70,1,214,False,True,285,WITHIN_TOLERANCE,NEAR_ATM,0.9434042553191423,0.9434042553191423,17,D3,78,1776434400000,,False,40,0.83,0.89,7.2289156626506035,141.57303370786516,0.0,102.24719101123596,33,1,-16.279069767441857,0.7222222222222222,159.03614457831327,7.2289156626506035,False,SCORED_WINDOW
GME-0040,GME,O:GME260501C00023500,CALL,23.5,2026-05-01,14,0.0,HOLDOUT,RISK_OR_EXHAUSTION,2026-04-14T14:15:00+00:00,2026-04-14T14:00:00+00:00,70,1,214,False,True,285,WITHIN_TOLERANCE,NEAR_ATM,0.9434042553191423,0.9434042553191423,17,D5,130,1776780000000,,False,71,0.83,0.89,7.2289156626506035,141.57303370786516,0.0,105.61797752808988,33,1,-14.883720930232547,0.746031746031746,159.03614457831327,7.2289156626506035,False,SCORED_WINDOW
GME-0040,GME,O:GME260501C00023500,CALL,23.5,2026-05-01,14,0.0,HOLDOUT,RISK_OR_EXHAUSTION,2026-04-14T14:15:00+00:00,2026-04-14T14:00:00+00:00,70,1,214,False,True,285,WITHIN_TOLERANCE,NEAR_ATM,0.9434042553191423,0.9434042553191423,17,D10,260,1777384800000,,False,141,0.83,0.89,7.2289156626506035,164.04494382022472,0.0,106.74157303370788,88,1,-21.702127659574465,0.6506849315068494,183.13253012048193,7.2289156626506035,False,SCORED_WINDOW
TSLA-0040,TSLA,O:TSLA260501C00405000,CALL,405.0,2026-05-01,14,0.0,HOLDOUT,RISK_OR_EXHAUSTION,2026-04-17T15:15:00+00:00,2026-04-17T15:00:00+00:00,120,1,279,False,True,400,WITHIN_TOLERANCE,NEAR_ATM,0.043209876543212684,-0.043209876543212684,14,H1,4,1776441600000,,False,4,16.8,16.87,0.4166666666666652,14.10788381742738,-1.126259632483706,5.512744516893897,2,1,-7.532467532467524,0.39075630252100874,14.583333333333325,-0.7142857142857229,False,SCORED_WINDOW
TSLA-0040,TSLA,O:TSLA260501C00405000,CALL,405.0,2026-05-01,14,0.0,HOLDOUT,RISK_OR_EXHAUSTION,2026-04-17T15:15:00+00:00,2026-04-17T15:00:00+00:00,120,1,279,False,True,400,WITHIN_TOLERANCE,NEAR_ATM,0.043209876543212684,-0.043209876543212684,14,D1,26,1776697200000,,False,26,16.8,16.87,0.4166666666666652,14.10788381742738,-48.42916419679906,-44.75400118553645,2,26,-51.58441558441558,-3.1722689075630264,14.583333333333325,-48.21428571428572,True,SCORED_WINDOW
TSLA-0040,TSLA,O:TSLA260501C00405000,CALL,405.0,2026-05-01,14,0.0,HOLDOUT,RISK_OR_EXHAUSTION,2026-04-17T15:15:00+00:00,2026-04-17T15:00:00+00:00,120,1,279,False,True,400,WITHIN_TOLERANCE,NEAR_ATM,0.043209876543212684,-0.043209876543212684,14,D3,78,1776870000000,,False,78,16.8,16.87,0.4166666666666652,14.10788381742738,-58.624777711914646,-49.021932424422054,2,72,-55.32467532467533,-3.4747899159663884,14.583333333333325,-58.45238095238094,True,SCORED_WINDOW
TSLA-0040,TSLA,O:TSLA260501C00405000,CALL,405.0,2026-05-01,14,0.0,HOLDOUT,RISK_OR_EXHAUSTION,2026-04-17T15:15:00+00:00,2026-04-17T15:00:00+00:00,120,1,279,False,True,400,WITHIN_TOLERANCE,NEAR_ATM,0.043209876543212684,-0.043209876543212684,14,D5,130,1777042800000,,False,130,16.8,16.87,0.4166666666666652,14.10788381742738,-92.294013040901,-91.58269116775341,2,128,-92.62337662337663,-6.491596638655465,14.583333333333325,-92.26190476190477,True,SCORED_WINDOW
TSLA-0040,TSLA,O:TSLA260501C00405000,CALL,405.0,2026-05-01,14,0.0,HOLDOUT,RISK_OR_EXHAUSTION,2026-04-17T15:15:00+00:00,2026-04-17T15:00:00+00:00,120,1,279,False,True,400,WITHIN_TOLERANCE,NEAR_ATM,0.043209876543212684,-0.043209876543212684,14,D10,260,1777647600000,,False,260,16.8,16.87,0.4166666666666652,14.10788381742738,-99.6443390634262,-99.0515708358032,2,229,-99.16883116883118,-7.021008403361348,14.583333333333325,-99.64285714285714,True,SCORED_WINDOW
U-0039,U,O:U260501C00026000,CALL,26.0,2026-05-01,14,0.0,HOLDOUT,CONTINUATION,2026-04-20T15:45:00+00:00,2026-04-20T15:30:00+00:00,64,0,169,False,False,233,WITHIN_TOLERANCE,NEAR_ATM,0.2500000000000049,-0.2500000000000049,11,H1,4,1776702600000,,False,,,,,,,,,,,,,,,UNSCORED_SIGNAL_BAR_ABSENT
U-0039,U,O:U260501C00026000,CALL,26.0,2026-05-01,14,0.0,HOLDOUT,CONTINUATION,2026-04-20T15:45:00+00:00,2026-04-20T15:30:00+00:00,64,0,169,False,False,233,WITHIN_TOLERANCE,NEAR_ATM,0.2500000000000049,-0.2500000000000049,11,D1,26,1776785400000,,False,,,,,,,,,,,,,,,UNSCORED_SIGNAL_BAR_ABSENT
U-0039,U,O:U260501C00026000,CALL,26.0,2026-05-01,14,0.0,HOLDOUT,CONTINUATION,2026-04-20T15:45:00+00:00,2026-04-20T15:30:00+00:00,64,0,169,False,False,233,WITHIN_TOLERANCE,NEAR_ATM,0.2500000000000049,-0.2500000000000049,11,D3,78,1776958200000,,False,,,,,,,,,,,,,,,UNSCORED_SIGNAL_BAR_ABSENT
U-0039,U,O:U260501C00026000,CALL,26.0,2026-05-01,14,0.0,HOLDOUT,CONTINUATION,2026-04-20T15:45:00+00:00,2026-04-20T15:30:00+00:00,64,0,169,False,False,233,WITHIN_TOLERANCE,NEAR_ATM,0.2500000000000049,-0.2500000000000049,11,D5,130,1777303800000,,False,,,,,,,,,,,,,,,UNSCORED_SIGNAL_BAR_ABSENT
U-0039,U,O:U260501C00026000,CALL,26.0,2026-05-01,14,0.0,HOLDOUT,CONTINUATION,2026-04-20T15:45:00+00:00,2026-04-20T15:30:00+00:00,64,0,169,False,False,233,WITHIN_TOLERANCE,NEAR_ATM,0.2500000000000049,-0.2500000000000049,11,D10,260,1777908600000,CONTRACT_EXPIRY,True,,,,,,,,,,,,,,,UNSCORED_SIGNAL_BAR_ABSENT
PYPL-0040,PYPL,O:PYPL260508C00052000,CALL,52.0,2026-05-08,14,0.0,HOLDOUT,RISK_OR_EXHAUSTION,2026-04-21T14:00:00+00:00,2026-04-21T13:45:00+00:00,87,1,242,False,True,330,WITHIN_TOLERANCE,NEAR_ATM,0.03846153846154447,-0.03846153846154447,17,H1,4,1776782700000,,False,3,2.77,2.75,-0.7220216606498187,1.454545454545464,-5.09090909090909,1.454545454545464,3,1,0.0,1.0,0.7220216606498298,-5.77617328519856,False,SCORED_WINDOW
PYPL-0040,PYPL,O:PYPL260508C00052000,CALL,52.0,2026-05-08,14,0.0,HOLDOUT,RISK_OR_EXHAUSTION,2026-04-21T14:00:00+00:00,2026-04-21T13:45:00+00:00,87,1,242,False,True,330,WITHIN_TOLERANCE,NEAR_ATM,0.03846153846154447,-0.03846153846154447,17,D1,26,1776865500000,,False,16,2.77,2.75,-0.7220216606498187,1.454545454545464,-22.18181818181818,-18.181818181818176,3,12,-19.354838709677423,-12.499999999999917,0.7220216606498298,-22.743682310469314,True,SCORED_WINDOW
PYPL-0040,PYPL,O:PYPL260508C00052000,CALL,52.0,2026-05-08,14,0.0,HOLDOUT,RISK_OR_EXHAUSTION,2026-04-21T14:00:00+00:00,2026-04-21T13:45:00+00:00,87,1,242,False,True,330,WITHIN_TOLERANCE,NEAR_ATM,0.03846153846154447,-0.03846153846154447,17,D3,78,1777038300000,,False,44,2.77,2.75,-0.7220216606498187,1.454545454545464,-48.0,-43.99999999999999,3,40,-44.80286738351255,-30.2499999999998,0.7220216606498298,-48.375451263537904,True,SCORED_WINDOW
PYPL-0040,PYPL,O:PYPL260508C00052000,CALL,52.0,2026-05-08,14,0.0,HOLDOUT,RISK_OR_EXHAUSTION,2026-04-21T14:00:00+00:00,2026-04-21T13:45:00+00:00,87,1,242,False,True,330,WITHIN_TOLERANCE,NEAR_ATM,0.03846153846154447,-0.03846153846154447,17,D5,130,1777383900000,,False,77,2.77,2.75,-0.7220216606498187,1.454545454545464,-49.09090909090909,-46.18181818181818,3,73,-46.95340501792115,-31.749999999999794,0.7220216606498298,-49.45848375451264,True,SCORED_WINDOW
PYPL-0040,PYPL,O:PYPL260508C00052000,CALL,52.0,2026-05-08,14,0.0,HOLDOUT,RISK_OR_EXHAUSTION,2026-04-21T14:00:00+00:00,2026-04-21T13:45:00+00:00,87,1,242,False,True,330,WITHIN_TOLERANCE,NEAR_ATM,0.03846153846154447,-0.03846153846154447,17,D10,260,1777988700000,,False,187,2.77,2.75,-0.7220216606498187,1.454545454545464,-99.63636363636364,-97.81818181818181,3,186,-97.84946236559139,-67.24999999999956,0.7220216606498298,-99.63898916967509,True,SCORED_WINDOW
U-0040,U,O:U260508C00026000,CALL,26.0,2026-05-08,14,0.0,HOLDOUT,RISK_OR_EXHAUSTION,2026-04-24T19:30:00+00:00,2026-04-24T19:15:00+00:00,55,0,89,False,False,144,WITHIN_TOLERANCE,NEAR_ATM,0.4230769230769209,-0.4230769230769209,14,H1,4,1777297500000,,False,,,,,,,,,,,,,,,UNSCORED_SIGNAL_BAR_ABSENT
U-0040,U,O:U260508C00026000,CALL,26.0,2026-05-08,14,0.0,HOLDOUT,RISK_OR_EXHAUSTION,2026-04-24T19:30:00+00:00,2026-04-24T19:15:00+00:00,55,0,89,False,False,144,WITHIN_TOLERANCE,NEAR_ATM,0.4230769230769209,-0.4230769230769209,14,D1,26,1777317300000,,False,,,,,,,,,,,,,,,UNSCORED_SIGNAL_BAR_ABSENT
U-0040,U,O:U260508C00026000,CALL,26.0,2026-05-08,14,0.0,HOLDOUT,RISK_OR_EXHAUSTION,2026-04-24T19:30:00+00:00,2026-04-24T19:15:00+00:00,55,0,89,False,False,144,WITHIN_TOLERANCE,NEAR_ATM,0.4230769230769209,-0.4230769230769209,14,D3,78,1777490100000,,False,,,,,,,,,,,,,,,UNSCORED_SIGNAL_BAR_ABSENT
U-0040,U,O:U260508C00026000,CALL,26.0,2026-05-08,14,0.0,HOLDOUT,RISK_OR_EXHAUSTION,2026-04-24T19:30:00+00:00,2026-04-24T19:15:00+00:00,55,0,89,False,False,144,WITHIN_TOLERANCE,NEAR_ATM,0.4230769230769209,-0.4230769230769209,14,D5,130,1777662900000,,False,,,,,,,,,,,,,,,UNSCORED_SIGNAL_BAR_ABSENT
U-0040,U,O:U260508C00026000,CALL,26.0,2026-05-08,14,0.0,HOLDOUT,RISK_OR_EXHAUSTION,2026-04-24T19:30:00+00:00,2026-04-24T19:15:00+00:00,55,0,89,False,False,144,WITHIN_TOLERANCE,NEAR_ATM,0.4230769230769209,-0.4230769230769209,14,D10,260,1778267700000,,False,,,,,,,,,,,,,,,UNSCORED_SIGNAL_BAR_ABSENT
RBLX-0041,RBLX,O:RBLX260515C00056000,CALL,56.0,2026-05-15,14,0.0,HOLDOUT,ENTRY_FORMING,2026-04-30T19:15:00+00:00,2026-04-30T19:00:00+00:00,39,1,44,False,True,84,WITHIN_TOLERANCE,NEAR_ATM,0.6696428571428571,0.6696428571428571,15,H1,4,1777642200000,,False,4,5.14,5.3,3.112840466926081,0.7547169811320753,-94.33962264150944,-94.15094339622641,1,4,-94.19475655430712,-124.75000000000001,3.891050583657596,-94.16342412451361,True,SCORED_WINDOW
RBLX-0041,RBLX,O:RBLX260515C00056000,CALL,56.0,2026-05-15,14,0.0,HOLDOUT,ENTRY_FORMING,2026-04-30T19:15:00+00:00,2026-04-30T19:00:00+00:00,39,1,44,False,True,84,WITHIN_TOLERANCE,NEAR_ATM,0.6696428571428571,0.6696428571428571,15,D1,26,1777662000000,,False,15,5.14,5.3,3.112840466926081,0.7547169811320753,-95.09433962264151,-94.71698113207547,1,5,-94.7565543071161,-125.50000000000003,3.891050583657596,-94.94163424124513,True,SCORED_WINDOW
RBLX-0041,RBLX,O:RBLX260515C00056000,CALL,56.0,2026-05-15,14,0.0,HOLDOUT,ENTRY_FORMING,2026-04-30T19:15:00+00:00,2026-04-30T19:00:00+00:00,39,1,44,False,True,84,WITHIN_TOLERANCE,NEAR_ATM,0.6696428571428571,0.6696428571428571,15,D3,78,1778007600000,,False,32,5.14,5.3,3.112840466926081,0.7547169811320753,-98.11320754716981,-98.11320754716981,1,31,-98.12734082397003,-130.00000000000003,3.891050583657596,-98.0544747081712,True,SCORED_WINDOW
RBLX-0041,RBLX,O:RBLX260515C00056000,CALL,56.0,2026-05-15,14,0.0,HOLDOUT,ENTRY_FORMING,2026-04-30T19:15:00+00:00,2026-04-30T19:00:00+00:00,39,1,44,False,True,84,WITHIN_TOLERANCE,NEAR_ATM,0.6696428571428571,0.6696428571428571,15,D5,130,1778180400000,,False,39,5.14,5.3,3.112840466926081,0.7547169811320753,-99.81132075471699,-99.81132075471699,1,39,-99.812734082397,-132.25000000000003,3.891050583657596,-99.80544747081711,True,SCORED_WINDOW
RBLX-0041,RBLX,O:RBLX260515C00056000,CALL,56.0,2026-05-15,14,0.0,HOLDOUT,ENTRY_FORMING,2026-04-30T19:15:00+00:00,2026-04-30T19:00:00+00:00,39,1,44,False,True,84,WITHIN_TOLERANCE,NEAR_ATM,0.6696428571428571,0.6696428571428571,15,D10,260,1778785200000,,False,43,5.14,5.3,3.112840466926081,0.7547169811320753,-99.81132075471699,-99.81132075471699,1,39,-99.812734082397,-132.25000000000003,3.891050583657596,-99.80544747081711,True,SCORED_WINDOW
GME-0041,GME,O:GME260515C00026500,CALL,26.5,2026-05-15,14,0.0,HOLDOUT,RISK_OR_EXHAUSTION,2026-05-01T19:15:00+00:00,2026-05-01T19:00:00+00:00,93,1,221,False,True,315,WITHIN_TOLERANCE,NEAR_ATM,0.9056603773584847,0.9056603773584847,14,H1,4,1777901400000,,False,4,1.32,1.47,11.363636363636353,7.48299319727892,-59.863945578231295,-28.57142857142857,1,4,-33.54430379746836,-3.8181818181818135,19.696969696969703,-55.30303030303031,True,SCORED_WINDOW
GME-0041,GME,O:GME260515C00026500,CALL,26.5,2026-05-15,14,0.0,HOLDOUT,RISK_OR_EXHAUSTION,2026-05-01T19:15:00+00:00,2026-05-01T19:00:00+00:00,93,1,221,False,True,315,WITHIN_TOLERANCE,NEAR_ATM,0.9056603773584847,0.9056603773584847,14,D1,26,1777921200000,,False,25,1.32,1.47,11.363636363636353,7.48299319727892,-73.46938775510203,-70.06802721088435,1,14,-72.15189873417722,-9.363636363636353,19.696969696969703,-70.45454545454545,True,SCORED_WINDOW
GME-0041,GME,O:GME260515C00026500,CALL,26.5,2026-05-15,14,0.0,HOLDOUT,RISK_OR_EXHAUSTION,2026-05-01T19:15:00+00:00,2026-05-01T19:00:00+00:00,93,1,221,False,True,315,WITHIN_TOLERANCE,NEAR_ATM,0.9056603773584847,0.9056603773584847,14,D3,78,1778094000000,,False,72,1.32,1.47,11.363636363636353,7.48299319727892,-85.71428571428572,-68.02721088435375,1,34,-70.25316455696202,-9.090909090909081,19.696969696969703,-84.0909090909091,True,SCORED_WINDOW
GME-0041,GME,O:GME260515C00026500,CALL,26.5,2026-05-15,14,0.0,HOLDOUT,RISK_OR_EXHAUSTION,2026-05-01T19:15:00+00:00,2026-05-01T19:00:00+00:00,93,1,221,False,True,315,WITHIN_TOLERANCE,NEAR_ATM,0.9056603773584847,0.9056603773584847,14,D5,130,1778266800000,,False,123,1.32,1.47,11.363636363636353,7.48299319727892,-89.1156462585034,-87.07482993197279,1,101,-87.9746835443038,-11.636363636363622,19.696969696969703,-87.87878787878788,True,SCORED_WINDOW
GME-0041,GME,O:GME260515C00026500,CALL,26.5,2026-05-15,14,0.0,HOLDOUT,RISK_OR_EXHAUSTION,2026-05-01T19:15:00+00:00,2026-05-01T19:00:00+00:00,93,1,221,False,True,315,WITHIN_TOLERANCE,NEAR_ATM,0.9056603773584847,0.9056603773584847,14,D10,260,1778871600000,,False,221,1.32,1.47,11.363636363636353,7.48299319727892,-99.31972789115646,-99.31972789115646,1,196,-99.36708860759494,-13.272727272727257,19.696969696969703,-99.24242424242425,True,SCORED_WINDOW
SPY-0041,SPY,O:SPY260520C00730000,CALL,730.0,2026-05-20,14,0.0,HOLDOUT,RISK_OR_EXHAUSTION,2026-05-06T14:30:00+00:00,2026-05-06T14:15:00+00:00,3,1,188,False,True,200,WITHIN_TOLERANCE,NEAR_ATM,0.0027397260273947684,0.0027397260273947684,14,H1,4,1778080500000,,False,4,8.2,8.25,0.6097560975609762,18.181818181818187,0.0,16.000000000000014,3,1,-1.8461538461538418,0.8800000000000006,18.90243902439026,0.6097560975609762,False,SCORED_WINDOW
SPY-0041,SPY,O:SPY260520C00730000,CALL,730.0,2026-05-20,14,0.0,HOLDOUT,RISK_OR_EXHAUSTION,2026-05-06T14:30:00+00:00,2026-05-06T14:15:00+00:00,3,1,188,False,True,200,WITHIN_TOLERANCE,NEAR_ATM,0.0027397260273947684,0.0027397260273947684,14,D1,26,1778163300000,,False,19,8.2,8.25,0.6097560975609762,36.72727272727272,0.0,33.212121212121204,15,1,-2.5709219858155996,0.9042904290429042,37.560975609756106,0.6097560975609762,False,SCORED_WINDOW
SPY-0041,SPY,O:SPY260520C00730000,CALL,730.0,2026-05-20,14,0.0,HOLDOUT,RISK_OR_EXHAUSTION,2026-05-06T14:30:00+00:00,2026-05-06T14:15:00+00:00,3,1,188,False,True,200,WITHIN_TOLERANCE,NEAR_ATM,0.0027397260273947684,0.0027397260273947684,14,D3,78,1778508900000,,False,48,8.2,8.25,0.6097560975609762,55.3939393939394,0.0,54.90909090909091,47,1,-0.31201248049922414,0.9912472647702406,56.34146341463418,0.6097560975609762,False,SCORED_WINDOW
SPY-0041,SPY,O:SPY260520C00730000,CALL,730.0,2026-05-20,14,0.0,HOLDOUT,RISK_OR_EXHAUSTION,2026-05-06T14:30:00+00:00,2026-05-06T14:15:00+00:00,3,1,188,False,True,200,WITHIN_TOLERANCE,NEAR_ATM,0.0027397260273947684,0.0027397260273947684,14,D5,130,1778681700000,,False,77,8.2,8.25,0.6097560975609762,73.33333333333334,-4.0000000000000036,38.42424242424243,55,65,-20.139860139860144,0.5239669421487604,74.39024390243904,-3.4146341463414553,True,SCORED_WINDOW
SPY-0041,SPY,O:SPY260520C00730000,CALL,730.0,2026-05-20,14,0.0,HOLDOUT,RISK_OR_EXHAUSTION,2026-05-06T14:30:00+00:00,2026-05-06T14:15:00+00:00,3,1,188,False,True,200,WITHIN_TOLERANCE,NEAR_ATM,0.0027397260273947684,0.0027397260273947684,14,D10,260,1779286500000,,False,173,8.2,8.25,0.6097560975609762,152.72727272727275,-47.03030303030303,-3.7575757575757485,95,148,-61.91846522781774,-0.02460317460317454,154.26829268292687,-46.70731707317073,True,SCORED_WINDOW
LULU-0040,LULU,O:LULU260605C00120000,CALL,120.0,2026-06-05,14,0.0,HOLDOUT,THESIS_PRESSURE,2026-05-19T16:45:00+00:00,2026-05-19T16:30:00+00:00,25,0,78,False,False,103,WITHIN_TOLERANCE,NEAR_ATM,0.3333333333333381,-0.3333333333333381,17,H1,4,1779211800000,,False,,,,,,,,,,,,,,,UNSCORED_SIGNAL_BAR_ABSENT
LULU-0040,LULU,O:LULU260605C00120000,CALL,120.0,2026-06-05,14,0.0,HOLDOUT,THESIS_PRESSURE,2026-05-19T16:45:00+00:00,2026-05-19T16:30:00+00:00,25,0,78,False,False,103,WITHIN_TOLERANCE,NEAR_ATM,0.3333333333333381,-0.3333333333333381,17,D1,26,1779294600000,,False,,,,,,,,,,,,,,,UNSCORED_SIGNAL_BAR_ABSENT
LULU-0040,LULU,O:LULU260605C00120000,CALL,120.0,2026-06-05,14,0.0,HOLDOUT,THESIS_PRESSURE,2026-05-19T16:45:00+00:00,2026-05-19T16:30:00+00:00,25,0,78,False,False,103,WITHIN_TOLERANCE,NEAR_ATM,0.3333333333333381,-0.3333333333333381,17,D3,78,1779467400000,,False,,,,,,,,,,,,,,,UNSCORED_SIGNAL_BAR_ABSENT
LULU-0040,LULU,O:LULU260605C00120000,CALL,120.0,2026-06-05,14,0.0,HOLDOUT,THESIS_PRESSURE,2026-05-19T16:45:00+00:00,2026-05-19T16:30:00+00:00,25,0,78,False,False,103,WITHIN_TOLERANCE,NEAR_ATM,0.3333333333333381,-0.3333333333333381,17,D5,130,1779899400000,,False,,,,,,,,,,,,,,,UNSCORED_SIGNAL_BAR_ABSENT
LULU-0040,LULU,O:LULU260605C00120000,CALL,120.0,2026-06-05,14,0.0,HOLDOUT,THESIS_PRESSURE,2026-05-19T16:45:00+00:00,2026-05-19T16:30:00+00:00,25,0,78,False,False,103,WITHIN_TOLERANCE,NEAR_ATM,0.3333333333333381,-0.3333333333333381,17,D10,260,1780504200000,,False,,,,,,,,,,,,,,,UNSCORED_SIGNAL_BAR_ABSENT
GME-0042,GME,O:GME260605C00022000,CALL,22.0,2026-06-05,14,0.0,HOLDOUT,CONTINUATION,2026-05-19T20:00:00+00:00,2026-05-19T19:45:00+00:00,75,1,290,False,True,366,WITHIN_TOLERANCE,NEAR_ATM,0.47727272727272924,0.47727272727272924,17,H1,4,1779286500000,,False,3,0.9,0.84,-6.666666666666677,25.0,-1.1904761904761862,14.28571428571428,2,1,-8.571428571428575,0.5714285714285712,16.666666666666675,-7.777777777777784,False,SCORED_WINDOW
GME-0042,GME,O:GME260605C00022000,CALL,22.0,2026-06-05,14,0.0,HOLDOUT,CONTINUATION,2026-05-19T20:00:00+00:00,2026-05-19T19:45:00+00:00,75,1,290,False,True,366,WITHIN_TOLERANCE,NEAR_ATM,0.47727272727272924,0.47727272727272924,17,D1,26,1779306300000,,False,22,0.9,0.84,-6.666666666666677,55.952380952380956,-1.1904761904761862,40.47619047619047,11,1,-9.92366412213741,0.7234042553191488,45.55555555555555,-7.777777777777784,False,SCORED_WINDOW
GME-0042,GME,O:GME260605C00022000,CALL,22.0,2026-06-05,14,0.0,HOLDOUT,CONTINUATION,2026-05-19T20:00:00+00:00,2026-05-19T19:45:00+00:00,75,1,290,False,True,366,WITHIN_TOLERANCE,NEAR_ATM,0.47727272727272924,0.47727272727272924,17,D3,78,1779479100000,,False,59,0.9,0.84,-6.666666666666677,55.952380952380956,-33.33333333333333,-28.57142857142857,11,49,-54.19847328244275,-0.5106382978723404,45.55555555555555,-37.77777777777778,True,SCORED_WINDOW
GME-0042,GME,O:GME260605C00022000,CALL,22.0,2026-06-05,14,0.0,HOLDOUT,CONTINUATION,2026-05-19T20:00:00+00:00,2026-05-19T19:45:00+00:00,75,1,290,False,True,366,WITHIN_TOLERANCE,NEAR_ATM,0.47727272727272924,0.47727272727272924,17,D5,130,1779911100000,,False,108,0.9,0.84,-6.666666666666677,55.952380952380956,-59.52380952380951,-57.14285714285714,11,86,-72.51908396946564,-1.0212765957446808,45.55555555555555,-62.22222222222222,True,SCORED_WINDOW
GME-0042,GME,O:GME260605C00022000,CALL,22.0,2026-06-05,14,0.0,HOLDOUT,CONTINUATION,2026-05-19T20:00:00+00:00,2026-05-19T19:45:00+00:00,75,1,290,False,True,366,WITHIN_TOLERANCE,NEAR_ATM,0.47727272727272924,0.47727272727272924,17,D10,260,1780515900000,,False,238,0.9,0.84,-6.666666666666677,94.04761904761905,-91.66666666666666,-47.61904761904761,213,210,-73.00613496932516,-0.5063291139240506,81.11111111111109,-92.22222222222223,False,SCORED_WINDOW
PYPL-0041,PYPL,O:PYPL260605C00044500,CALL,44.5,2026-06-05,14,0.0,HOLDOUT,ENTRY_FORMING,2026-05-20T20:00:00+00:00,2026-05-20T19:45:00+00:00,11,1,164,False,True,176,WITHIN_TOLERANCE,NEAR_ATM,0.2696629213483089,-0.2696629213483089,16,H1,4,1779372900000,,False,3,1.14,1.05,-7.894736842105255,6.666666666666665,0.0,0.952380952380949,2,1,-5.35714285714286,0.14285714285714238,-1.754385964912264,-7.894736842105255,False,SCORED_WINDOW
PYPL-0041,PYPL,O:PYPL260605C00044500,CALL,44.5,2026-06-05,14,0.0,HOLDOUT,ENTRY_FORMING,2026-05-20T20:00:00+00:00,2026-05-20T19:45:00+00:00,11,1,164,False,True,176,WITHIN_TOLERANCE,NEAR_ATM,0.2696629213483089,-0.2696629213483089,16,D1,26,1779392700000,,False,10,1.14,1.05,-7.894736842105255,8.571428571428562,-12.380952380952381,2.857142857142869,8,7,-5.263157894736825,0.3333333333333351,0.0,-19.298245614035082,False,SCORED_WINDOW
PYPL-0041,PYPL,O:PYPL260605C00044500,CALL,44.5,2026-06-05,14,0.0,HOLDOUT,ENTRY_FORMING,2026-05-20T20:00:00+00:00,2026-05-20T19:45:00+00:00,11,1,164,False,True,176,WITHIN_TOLERANCE,NEAR_ATM,0.2696629213483089,-0.2696629213483089,16,D3,78,1779824700000,,False,29,1.14,1.05,-7.894736842105255,12.380952380952381,-26.66666666666667,-13.33333333333333,12,21,-22.881355932203384,-1.0769230769230766,3.5087719298245723,-32.456140350877185,True,SCORED_WINDOW
PYPL-0041,PYPL,O:PYPL260605C00044500,CALL,44.5,2026-06-05,14,0.0,HOLDOUT,ENTRY_FORMING,2026-05-20T20:00:00+00:00,2026-05-20T19:45:00+00:00,11,1,164,False,True,176,WITHIN_TOLERANCE,NEAR_ATM,0.2696629213483089,-0.2696629213483089,16,D5,130,1779997500000,,False,65,1.14,1.05,-7.894736842105255,12.380952380952381,-58.09523809523809,-24.761904761904763,12,48,-33.05084745762711,-2.0,3.5087719298245723,-61.403508771929815,True,SCORED_WINDOW
PYPL-0041,PYPL,O:PYPL260605C00044500,CALL,44.5,2026-06-05,14,0.0,HOLDOUT,ENTRY_FORMING,2026-05-20T20:00:00+00:00,2026-05-20T19:45:00+00:00,11,1,164,False,True,176,WITHIN_TOLERANCE,NEAR_ATM,0.2696629213483089,-0.2696629213483089,16,D10,260,1780602300000,,False,160,1.14,1.05,-7.894736842105255,57.14285714285712,-97.14285714285714,-97.14285714285714,96,153,-98.18181818181819,-1.7000000000000006,44.736842105263165,-97.36842105263158,True,SCORED_WINDOW
SPY-0042,SPY,O:SPY260604C00740000,CALL,740.0,2026-06-04,14,0.0,HOLDOUT,CONTINUATION,2026-05-21T17:30:00+00:00,2026-05-21T17:15:00+00:00,13,1,99,False,True,117,WITHIN_TOLERANCE,NEAR_ATM,0.29054054054053746,0.29054054054053746,14,H1,4,1779387300000,,False,4,9.57,10.0,4.493207941483801,11.99999999999999,-0.6000000000000005,4.0000000000000036,2,4,-7.142857142857128,0.3333333333333339,17.032392894461857,3.866248693834895,True,SCORED_WINDOW
SPY-0042,SPY,O:SPY260604C00740000,CALL,740.0,2026-06-04,14,0.0,HOLDOUT,CONTINUATION,2026-05-21T17:30:00+00:00,2026-05-21T17:15:00+00:00,13,1,99,False,True,117,WITHIN_TOLERANCE,NEAR_ATM,0.29054054054053746,0.29054054054053746,14,D1,26,1779470100000,,False,16,9.57,10.0,4.493207941483801,30.000000000000004,-13.100000000000001,29.700000000000017,12,6,-0.2307692307692233,0.9900000000000004,35.84117032392895,-9.195402298850585,False,SCORED_WINDOW
SPY-0042,SPY,O:SPY260604C00740000,CALL,740.0,2026-06-04,14,0.0,HOLDOUT,CONTINUATION,2026-05-21T17:30:00+00:00,2026-05-21T17:15:00+00:00,13,1,99,False,True,117,WITHIN_TOLERANCE,NEAR_ATM,0.29054054054053746,0.29054054054053746,14,D3,78,1779902100000,,False,30,9.57,10.0,4.493207941483801,50.8,-13.100000000000001,17.899999999999984,22,6,-21.816976127320963,0.35236220472440916,57.57575757575757,-9.195402298850585,False,SCORED_WINDOW
SPY-0042,SPY,O:SPY260604C00740000,CALL,740.0,2026-06-04,14,0.0,HOLDOUT,CONTINUATION,2026-05-21T17:30:00+00:00,2026-05-21T17:15:00+00:00,13,1,99,False,True,117,WITHIN_TOLERANCE,NEAR_ATM,0.29054054054053746,0.29054054054053746,14,D5,130,1780074900000,,False,45,9.57,10.0,4.493207941483801,86.99999999999999,-13.100000000000001,86.99999999999999,45,6,0.0,1.0,95.4022988505747,-9.195402298850585,False,SCORED_WINDOW
SPY-0042,SPY,O:SPY260604C00740000,CALL,740.0,2026-06-04,14,0.0,HOLDOUT,CONTINUATION,2026-05-21T17:30:00+00:00,2026-05-21T17:15:00+00:00,13,1,99,False,True,117,WITHIN_TOLERANCE,NEAR_ATM,0.29054054054053746,0.29054054054053746,14,D10,260,1780679700000,CONTRACT_EXPIRY,True,103,9.57,10.0,4.493207941483801,103.60000000000001,-13.100000000000001,79.3,62,6,-11.935166994106094,0.7654440154440153,112.748171368861,-9.195402298850585,False,SCORED_RIGHT_CENSORED
RBLX-0042,RBLX,O:RBLX260605C00048000,CALL,48.0,2026-06-05,14,0.0,HOLDOUT,RISK_OR_EXHAUSTION,2026-05-22T18:30:00+00:00,2026-05-22T18:15:00+00:00,33,0,133,False,False,166,WITHIN_TOLERANCE,NEAR_ATM,0.06250000000000236,0.06250000000000236,14,H1,4,1779477300000,,False,,,,,,,,,,,,,,,UNSCORED_SIGNAL_BAR_ABSENT
RBLX-0042,RBLX,O:RBLX260605C00048000,CALL,48.0,2026-06-05,14,0.0,HOLDOUT,RISK_OR_EXHAUSTION,2026-05-22T18:30:00+00:00,2026-05-22T18:15:00+00:00,33,0,133,False,False,166,WITHIN_TOLERANCE,NEAR_ATM,0.06250000000000236,0.06250000000000236,14,D1,26,1779819300000,,False,,,,,,,,,,,,,,,UNSCORED_SIGNAL_BAR_ABSENT
RBLX-0042,RBLX,O:RBLX260605C00048000,CALL,48.0,2026-06-05,14,0.0,HOLDOUT,RISK_OR_EXHAUSTION,2026-05-22T18:30:00+00:00,2026-05-22T18:15:00+00:00,33,0,133,False,False,166,WITHIN_TOLERANCE,NEAR_ATM,0.06250000000000236,0.06250000000000236,14,D3,78,1779992100000,,False,,,,,,,,,,,,,,,UNSCORED_SIGNAL_BAR_ABSENT
RBLX-0042,RBLX,O:RBLX260605C00048000,CALL,48.0,2026-06-05,14,0.0,HOLDOUT,RISK_OR_EXHAUSTION,2026-05-22T18:30:00+00:00,2026-05-22T18:15:00+00:00,33,0,133,False,False,166,WITHIN_TOLERANCE,NEAR_ATM,0.06250000000000236,0.06250000000000236,14,D5,130,1780337700000,,False,,,,,,,,,,,,,,,UNSCORED_SIGNAL_BAR_ABSENT
RBLX-0042,RBLX,O:RBLX260605C00048000,CALL,48.0,2026-06-05,14,0.0,HOLDOUT,RISK_OR_EXHAUSTION,2026-05-22T18:30:00+00:00,2026-05-22T18:15:00+00:00,33,0,133,False,False,166,WITHIN_TOLERANCE,NEAR_ATM,0.06250000000000236,0.06250000000000236,14,D10,260,1780942500000,CONTRACT_EXPIRY,True,,,,,,,,,,,,,,,UNSCORED_SIGNAL_BAR_ABSENT
GME-0043,GME,O:GME260612C00022000,CALL,22.0,2026-06-12,14,0.0,HOLDOUT,THESIS_PRESSURE,2026-05-26T18:45:00+00:00,2026-05-26T18:30:00+00:00,61,1,312,False,True,374,WITHIN_TOLERANCE,NEAR_ATM,0.20454545454546227,0.20454545454546227,17,H1,4,1779823800000,,False,2,1.05,1.02,-2.857142857142858,0.0,-5.882352941176472,-2.941176470588236,1,2,-2.941176470588236,,-2.857142857142858,-8.571428571428575,True,SCORED_WINDOW
GME-0043,GME,O:GME260612C00022000,CALL,22.0,2026-06-12,14,0.0,HOLDOUT,THESIS_PRESSURE,2026-05-26T18:45:00+00:00,2026-05-26T18:30:00+00:00,61,1,312,False,True,374,WITHIN_TOLERANCE,NEAR_ATM,0.20454545454546227,0.20454545454546227,17,D1,26,1779906600000,,False,18,1.05,1.02,-2.857142857142858,4.90196078431373,-31.372549019607852,-17.647058823529417,3,4,-21.495327102803742,-3.5999999999999974,1.904761904761898,-33.333333333333336,True,SCORED_WINDOW
GME-0043,GME,O:GME260612C00022000,CALL,22.0,2026-06-12,14,0.0,HOLDOUT,THESIS_PRESSURE,2026-05-26T18:45:00+00:00,2026-05-26T18:30:00+00:00,61,1,312,False,True,374,WITHIN_TOLERANCE,NEAR_ATM,0.20454545454546227,0.20454545454546227,17,D3,78,1780079400000,,False,55,1.05,1.02,-2.857142857142858,4.90196078431373,-40.19607843137255,-35.29411764705882,3,43,-38.3177570093458,-7.199999999999992,1.904761904761898,-41.90476190476191,True,SCORED_WINDOW
GME-0043,GME,O:GME260612C00022000,CALL,22.0,2026-06-12,14,0.0,HOLDOUT,THESIS_PRESSURE,2026-05-26T18:45:00+00:00,2026-05-26T18:30:00+00:00,61,1,312,False,True,374,WITHIN_TOLERANCE,NEAR_ATM,0.20454545454546227,0.20454545454546227,17,D5,130,1780425000000,,False,102,1.05,1.02,-2.857142857142858,4.90196078431373,-53.92156862745099,-51.9607843137255,3,92,-54.20560747663552,-10.59999999999999,1.904761904761898,-55.23809523809524,True,SCORED_WINDOW
GME-0043,GME,O:GME260612C00022000,CALL,22.0,2026-06-12,14,0.0,HOLDOUT,THESIS_PRESSURE,2026-05-26T18:45:00+00:00,2026-05-26T18:30:00+00:00,61,1,312,False,True,374,WITHIN_TOLERANCE,NEAR_ATM,0.20454545454546227,0.20454545454546227,17,D10,260,1781029800000,,False,229,1.05,1.02,-2.857142857142858,68.62745098039215,-70.58823529411764,-49.01960784313726,108,220,-69.76744186046511,-0.7142857142857144,63.8095238095238,-71.42857142857143,True,SCORED_WINDOW
TSLA-0041,TSLA,O:TSLA260608C00435000,CALL,435.0,2026-06-08,14,0.0,HOLDOUT,CONTINUATION,2026-05-26T19:45:00+00:00,2026-05-26T19:30:00+00:00,23,1,193,False,True,217,WITHIN_TOLERANCE,NEAR_ATM,0.40689655172413375,-0.40689655172413375,13,H1,4,1779890400000,,False,3,13.2,13.6,3.0303030303030276,58.82352941176472,-6.985294117647056,12.867647058823529,2,1,-28.935185185185187,0.21874999999999994,63.63636363636365,-4.1666666666666625,False,SCORED_WINDOW
TSLA-0041,TSLA,O:TSLA260608C00435000,CALL,435.0,2026-06-08,14,0.0,HOLDOUT,CONTINUATION,2026-05-26T19:45:00+00:00,2026-05-26T19:30:00+00:00,23,1,193,False,True,217,WITHIN_TOLERANCE,NEAR_ATM,0.40689655172413375,-0.40689655172413375,13,D1,26,1779910200000,,False,9,13.2,13.6,3.0303030303030276,58.82352941176472,-6.985294117647056,23.30882352941177,2,1,-22.36111111111112,0.39625000000000005,63.63636363636365,-4.1666666666666625,False,SCORED_WINDOW
TSLA-0041,TSLA,O:TSLA260608C00435000,CALL,435.0,2026-06-08,14,0.0,HOLDOUT,CONTINUATION,2026-05-26T19:45:00+00:00,2026-05-26T19:30:00+00:00,23,1,193,False,True,217,WITHIN_TOLERANCE,NEAR_ATM,0.40689655172413375,-0.40689655172413375,13,D3,78,1780083000000,,False,44,13.2,13.6,3.0303030303030276,58.82352941176472,-34.92647058823529,-17.279411764705877,2,25,-47.91666666666667,-0.29374999999999984,63.63636363636365,-32.95454545454546,True,SCORED_WINDOW
TSLA-0041,TSLA,O:TSLA260608C00435000,CALL,435.0,2026-06-08,14,0.0,HOLDOUT,CONTINUATION,2026-05-26T19:45:00+00:00,2026-05-26T19:30:00+00:00,23,1,193,False,True,217,WITHIN_TOLERANCE,NEAR_ATM,0.40689655172413375,-0.40689655172413375,13,D5,130,1780428600000,,False,96,13.2,13.6,3.0303030303030276,58.82352941176472,-78.52941176470588,-63.23529411764706,2,73,-76.85185185185186,-1.0749999999999997,63.63636363636365,-77.87878787878788,True,SCORED_WINDOW
TSLA-0041,TSLA,O:TSLA260608C00435000,CALL,435.0,2026-06-08,14,0.0,HOLDOUT,CONTINUATION,2026-05-26T19:45:00+00:00,2026-05-26T19:30:00+00:00,23,1,193,False,True,217,WITHIN_TOLERANCE,NEAR_ATM,0.40689655172413375,-0.40689655172413375,13,D10,260,1781033400000,CONTRACT_EXPIRY,True,193,13.2,13.6,3.0303030303030276,58.82352941176472,-99.92647058823529,-99.92647058823529,2,176,-99.9537037037037,-1.6987499999999995,63.63636363636365,-99.92424242424242,True,SCORED_RIGHT_CENSORED
LULU-0041,LULU,O:LULU260612C00133000,CALL,133.0,2026-06-12,14,0.0,HOLDOUT,RISK_OR_EXHAUSTION,2026-05-27T14:00:00+00:00,2026-05-27T13:45:00+00:00,1,0,62,False,False,64,WITHIN_TOLERANCE,NEAR_ATM,0.022556390977444465,0.022556390977444465,16,H1,4,1779893100000,,False,,,,,,,,,,,,,,,UNSCORED_SIGNAL_BAR_ABSENT
LULU-0041,LULU,O:LULU260612C00133000,CALL,133.0,2026-06-12,14,0.0,HOLDOUT,RISK_OR_EXHAUSTION,2026-05-27T14:00:00+00:00,2026-05-27T13:45:00+00:00,1,0,62,False,False,64,WITHIN_TOLERANCE,NEAR_ATM,0.022556390977444465,0.022556390977444465,16,D1,26,1779975900000,,False,,,,,,,,,,,,,,,UNSCORED_SIGNAL_BAR_ABSENT
LULU-0041,LULU,O:LULU260612C00133000,CALL,133.0,2026-06-12,14,0.0,HOLDOUT,RISK_OR_EXHAUSTION,2026-05-27T14:00:00+00:00,2026-05-27T13:45:00+00:00,1,0,62,False,False,64,WITHIN_TOLERANCE,NEAR_ATM,0.022556390977444465,0.022556390977444465,16,D3,78,1780321500000,,False,,,,,,,,,,,,,,,UNSCORED_SIGNAL_BAR_ABSENT
LULU-0041,LULU,O:LULU260612C00133000,CALL,133.0,2026-06-12,14,0.0,HOLDOUT,RISK_OR_EXHAUSTION,2026-05-27T14:00:00+00:00,2026-05-27T13:45:00+00:00,1,0,62,False,False,64,WITHIN_TOLERANCE,NEAR_ATM,0.022556390977444465,0.022556390977444465,16,D5,130,1780494300000,,False,,,,,,,,,,,,,,,UNSCORED_SIGNAL_BAR_ABSENT
LULU-0041,LULU,O:LULU260612C00133000,CALL,133.0,2026-06-12,14,0.0,HOLDOUT,RISK_OR_EXHAUSTION,2026-05-27T14:00:00+00:00,2026-05-27T13:45:00+00:00,1,0,62,False,False,64,WITHIN_TOLERANCE,NEAR_ATM,0.022556390977444465,0.022556390977444465,16,D10,260,1781099100000,,False,,,,,,,,,,,,,,,UNSCORED_SIGNAL_BAR_ABSENT
TSLA-0042,TSLA,O:TSLA260610C00442500,CALL,442.5,2026-06-10,14,0.0,HOLDOUT,RISK_OR_EXHAUSTION,2026-05-27T15:00:00+00:00,2026-05-27T14:45:00+00:00,4,1,192,False,True,197,WITHIN_TOLERANCE,NEAR_ATM,0.1299435028248562,-0.1299435028248562,14,H1,4,1779896700000,,False,4,17.45,16.21,-7.106017191977065,11.04256631708822,-9.623689080814312,-4.071560764959903,1,3,-13.611111111111107,-0.3687150837988828,3.151862464183375,-16.045845272206293,True,SCORED_WINDOW
TSLA-0042,TSLA,O:TSLA260610C00442500,CALL,442.5,2026-06-10,14,0.0,HOLDOUT,RISK_OR_EXHAUSTION,2026-05-27T15:00:00+00:00,2026-05-27T14:45:00+00:00,4,1,192,False,True,197,WITHIN_TOLERANCE,NEAR_ATM,0.1299435028248562,-0.1299435028248562,14,D1,26,1779979500000,,False,11,17.45,16.21,-7.106017191977065,11.04256631708822,-19.802590993214064,-8.513263417643435,1,10,-17.61111111111111,-0.7709497206703914,3.151862464183375,-25.50143266475644,True,SCORED_WINDOW
TSLA-0042,TSLA,O:TSLA260610C00442500,CALL,442.5,2026-06-10,14,0.0,HOLDOUT,RISK_OR_EXHAUSTION,2026-05-27T15:00:00+00:00,2026-05-27T14:45:00+00:00,4,1,192,False,True,197,WITHIN_TOLERANCE,NEAR_ATM,0.1299435028248562,-0.1299435028248562,14,D3,78,1780325100000,,False,33,17.45,16.21,-7.106017191977065,11.04256631708822,-73.47316471314004,-73.47316471314004,1,33,-76.11111111111111,-6.6536312849162,3.151862464183375,-75.35816618911176,True,SCORED_WINDOW
TSLA-0042,TSLA,O:TSLA260610C00442500,CALL,442.5,2026-06-10,14,0.0,HOLDOUT,RISK_OR_EXHAUSTION,2026-05-27T15:00:00+00:00,2026-05-27T14:45:00+00:00,4,1,192,False,True,197,WITHIN_TOLERANCE,NEAR_ATM,0.1299435028248562,-0.1299435028248562,14,D5,130,1780497900000,,False,63,17.45,16.21,-7.106017191977065,11.04256631708822,-80.25909932140654,-54.59592843923504,1,58,-59.111111111111114,-4.944134078212289,3.151862464183375,-81.6618911174785,True,SCORED_WINDOW
TSLA-0042,TSLA,O:TSLA260610C00442500,CALL,442.5,2026-06-10,14,0.0,HOLDOUT,RISK_OR_EXHAUSTION,2026-05-27T15:00:00+00:00,2026-05-27T14:45:00+00:00,4,1,192,False,True,197,WITHIN_TOLERANCE,NEAR_ATM,0.1299435028248562,-0.1299435028248562,14,D10,260,1781102700000,,False,182,17.45,16.21,-7.106017191977065,11.04256631708822,-99.9383096853794,-99.9383096853794,1,177,-99.94444444444444,-9.050279329608937,3.151862464183375,-99.94269340974212,True,SCORED_WINDOW
PYPL-0042,PYPL,O:PYPL260612C00044000,CALL,44.0,2026-06-12,14,0.0,HOLDOUT,THESIS_PRESSURE,2026-05-27T16:15:00+00:00,2026-05-27T16:00:00+00:00,16,1,167,False,True,184,WITHIN_TOLERANCE,NEAR_ATM,0.30681818181817727,-0.30681818181817727,16,H1,4,1779901200000,,False,0,,,,,,,,,,,,,,UNSCORED_NO_POST_SIGNAL_PRINT
PYPL-0042,PYPL,O:PYPL260612C00044000,CALL,44.0,2026-06-12,14,0.0,HOLDOUT,THESIS_PRESSURE,2026-05-27T16:15:00+00:00,2026-05-27T16:00:00+00:00,16,1,167,False,True,184,WITHIN_TOLERANCE,NEAR_ATM,0.30681818181817727,-0.30681818181817727,16,D1,26,1779984000000,,False,8,1.23,1.14,-7.317073170731714,14.035087719298268,-4.3859649122806825,11.403508771929838,7,2,-2.3076923076923106,0.8124999999999997,5.691056910569103,-11.382113821138207,False,SCORED_WINDOW
PYPL-0042,PYPL,O:PYPL260612C00044000,CALL,44.0,2026-06-12,14,0.0,HOLDOUT,THESIS_PRESSURE,2026-05-27T16:15:00+00:00,2026-05-27T16:00:00+00:00,16,1,167,False,True,184,WITHIN_TOLERANCE,NEAR_ATM,0.30681818181817727,-0.30681818181817727,16,D3,78,1780329600000,,False,22,1.23,1.14,-7.317073170731714,97.36842105263159,-4.3859649122806825,97.36842105263159,22,2,0.0,1.0,82.92682926829269,-11.382113821138207,False,SCORED_WINDOW
PYPL-0042,PYPL,O:PYPL260612C00044000,CALL,44.0,2026-06-12,14,0.0,HOLDOUT,THESIS_PRESSURE,2026-05-27T16:15:00+00:00,2026-05-27T16:00:00+00:00,16,1,167,False,True,184,WITHIN_TOLERANCE,NEAR_ATM,0.30681818181817727,-0.30681818181817727,16,D5,130,1780502400000,,False,39,1.23,1.14,-7.317073170731714,97.36842105263159,-64.03508771929825,-61.403508771929815,22,37,-80.44444444444444,-0.6306306306306304,82.92682926829269,-66.66666666666667,True,SCORED_WINDOW
PYPL-0042,PYPL,O:PYPL260612C00044000,CALL,44.0,2026-06-12,14,0.0,HOLDOUT,THESIS_PRESSURE,2026-05-27T16:15:00+00:00,2026-05-27T16:00:00+00:00,16,1,167,False,True,184,WITHIN_TOLERANCE,NEAR_ATM,0.30681818181817727,-0.30681818181817727,16,D10,260,1781107200000,,False,138,1.23,1.14,-7.317073170731714,97.36842105263159,-98.24561403508771,-96.49122807017544,22,130,-98.22222222222223,-0.9909909909909909,82.92682926829269,-98.3739837398374,True,SCORED_WINDOW
VALE-0041,VALE,O:VALE260612C00016500,CALL,16.5,2026-06-12,14,0.0,HOLDOUT,CONTINUATION,2026-05-28T17:15:00+00:00,2026-05-28T17:00:00+00:00,6,0,71,False,False,77,WITHIN_TOLERANCE,NEAR_ATM,0.6969696969696875,0.6969696969696875,15,H1,4,1779991200000,,False,,,,,,,,,,,,,,,UNSCORED_SIGNAL_BAR_ABSENT
VALE-0041,VALE,O:VALE260612C00016500,CALL,16.5,2026-06-12,14,0.0,HOLDOUT,CONTINUATION,2026-05-28T17:15:00+00:00,2026-05-28T17:00:00+00:00,6,0,71,False,False,77,WITHIN_TOLERANCE,NEAR_ATM,0.6969696969696875,0.6969696969696875,15,D1,26,1780074000000,,False,,,,,,,,,,,,,,,UNSCORED_SIGNAL_BAR_ABSENT
VALE-0041,VALE,O:VALE260612C00016500,CALL,16.5,2026-06-12,14,0.0,HOLDOUT,CONTINUATION,2026-05-28T17:15:00+00:00,2026-05-28T17:00:00+00:00,6,0,71,False,False,77,WITHIN_TOLERANCE,NEAR_ATM,0.6969696969696875,0.6969696969696875,15,D3,78,1780419600000,,False,,,,,,,,,,,,,,,UNSCORED_SIGNAL_BAR_ABSENT
VALE-0041,VALE,O:VALE260612C00016500,CALL,16.5,2026-06-12,14,0.0,HOLDOUT,CONTINUATION,2026-05-28T17:15:00+00:00,2026-05-28T17:00:00+00:00,6,0,71,False,False,77,WITHIN_TOLERANCE,NEAR_ATM,0.6969696969696875,0.6969696969696875,15,D5,130,1780592400000,,False,,,,,,,,,,,,,,,UNSCORED_SIGNAL_BAR_ABSENT
VALE-0041,VALE,O:VALE260612C00016500,CALL,16.5,2026-06-12,14,0.0,HOLDOUT,CONTINUATION,2026-05-28T17:15:00+00:00,2026-05-28T17:00:00+00:00,6,0,71,False,False,77,WITHIN_TOLERANCE,NEAR_ATM,0.6969696969696875,0.6969696969696875,15,D10,260,1781197200000,,False,,,,,,,,,,,,,,,UNSCORED_SIGNAL_BAR_ABSENT
U-0041,U,O:U260612C00032500,CALL,32.5,2026-06-12,14,0.0,HOLDOUT,RISK_OR_EXHAUSTION,2026-06-01T19:30:00+00:00,2026-06-01T19:15:00+00:00,9,0,67,False,False,76,WITHIN_TOLERANCE,NEAR_ATM,0.4000000000000079,-0.4000000000000079,11,H1,4,1780407900000,,False,,,,,,,,,,,,,,,UNSCORED_SIGNAL_BAR_ABSENT
U-0041,U,O:U260612C00032500,CALL,32.5,2026-06-12,14,0.0,HOLDOUT,RISK_OR_EXHAUSTION,2026-06-01T19:30:00+00:00,2026-06-01T19:15:00+00:00,9,0,67,False,False,76,WITHIN_TOLERANCE,NEAR_ATM,0.4000000000000079,-0.4000000000000079,11,D1,26,1780427700000,,False,,,,,,,,,,,,,,,UNSCORED_SIGNAL_BAR_ABSENT
U-0041,U,O:U260612C00032500,CALL,32.5,2026-06-12,14,0.0,HOLDOUT,RISK_OR_EXHAUSTION,2026-06-01T19:30:00+00:00,2026-06-01T19:15:00+00:00,9,0,67,False,False,76,WITHIN_TOLERANCE,NEAR_ATM,0.4000000000000079,-0.4000000000000079,11,D3,78,1780600500000,,False,,,,,,,,,,,,,,,UNSCORED_SIGNAL_BAR_ABSENT
U-0041,U,O:U260612C00032500,CALL,32.5,2026-06-12,14,0.0,HOLDOUT,RISK_OR_EXHAUSTION,2026-06-01T19:30:00+00:00,2026-06-01T19:15:00+00:00,9,0,67,False,False,76,WITHIN_TOLERANCE,NEAR_ATM,0.4000000000000079,-0.4000000000000079,11,D5,130,1780946100000,,False,,,,,,,,,,,,,,,UNSCORED_SIGNAL_BAR_ABSENT
U-0041,U,O:U260612C00032500,CALL,32.5,2026-06-12,14,0.0,HOLDOUT,RISK_OR_EXHAUSTION,2026-06-01T19:30:00+00:00,2026-06-01T19:15:00+00:00,9,0,67,False,False,76,WITHIN_TOLERANCE,NEAR_ATM,0.4000000000000079,-0.4000000000000079,11,D10,260,1781550900000,CONTRACT_EXPIRY,True,,,,,,,,,,,,,,,UNSCORED_SIGNAL_BAR_ABSENT
VALE-0042,VALE,O:VALE260618C00017000,CALL,17.0,2026-06-18,14,0.0,HOLDOUT,RISK_OR_EXHAUSTION,2026-06-02T15:00:00+00:00,2026-06-02T14:45:00+00:00,91,0,134,False,False,225,WITHIN_TOLERANCE,NEAR_ATM,0.9117647058823597,-0.9117647058823597,16,H1,4,1780415100000,,False,,,,,,,,,,,,,,,UNSCORED_SIGNAL_BAR_ABSENT
VALE-0042,VALE,O:VALE260618C00017000,CALL,17.0,2026-06-18,14,0.0,HOLDOUT,RISK_OR_EXHAUSTION,2026-06-02T15:00:00+00:00,2026-06-02T14:45:00+00:00,91,0,134,False,False,225,WITHIN_TOLERANCE,NEAR_ATM,0.9117647058823597,-0.9117647058823597,16,D1,26,1780497900000,,False,,,,,,,,,,,,,,,UNSCORED_SIGNAL_BAR_ABSENT
VALE-0042,VALE,O:VALE260618C00017000,CALL,17.0,2026-06-18,14,0.0,HOLDOUT,RISK_OR_EXHAUSTION,2026-06-02T15:00:00+00:00,2026-06-02T14:45:00+00:00,91,0,134,False,False,225,WITHIN_TOLERANCE,NEAR_ATM,0.9117647058823597,-0.9117647058823597,16,D3,78,1780670700000,,False,,,,,,,,,,,,,,,UNSCORED_SIGNAL_BAR_ABSENT
VALE-0042,VALE,O:VALE260618C00017000,CALL,17.0,2026-06-18,14,0.0,HOLDOUT,RISK_OR_EXHAUSTION,2026-06-02T15:00:00+00:00,2026-06-02T14:45:00+00:00,91,0,134,False,False,225,WITHIN_TOLERANCE,NEAR_ATM,0.9117647058823597,-0.9117647058823597,16,D5,130,1781016300000,,False,,,,,,,,,,,,,,,UNSCORED_SIGNAL_BAR_ABSENT
VALE-0042,VALE,O:VALE260618C00017000,CALL,17.0,2026-06-18,14,0.0,HOLDOUT,RISK_OR_EXHAUSTION,2026-06-02T15:00:00+00:00,2026-06-02T14:45:00+00:00,91,0,134,False,False,225,WITHIN_TOLERANCE,NEAR_ATM,0.9117647058823597,-0.9117647058823597,16,D10,260,1781621100000,,False,,,,,,,,,,,,,,,UNSCORED_SIGNAL_BAR_ABSENT
U-0042,U,O:U260618C00031000,CALL,31.0,2026-06-18,14,0.0,HOLDOUT,THESIS_PRESSURE,2026-06-02T16:15:00+00:00,2026-06-02T16:00:00+00:00,84,1,152,False,True,238,WITHIN_TOLERANCE,NEAR_ATM,0.2903225806451608,-0.2903225806451608,16,H1,4,1780419600000,,False,2,1.95,1.87,-4.102564102564099,0.0,-6.417112299465244,-6.417112299465244,1,2,-6.417112299465244,,-4.102564102564099,-10.256410256410254,True,SCORED_WINDOW
U-0042,U,O:U260618C00031000,CALL,31.0,2026-06-18,14,0.0,HOLDOUT,THESIS_PRESSURE,2026-06-02T16:15:00+00:00,2026-06-02T16:00:00+00:00,84,1,152,False,True,238,WITHIN_TOLERANCE,NEAR_ATM,0.2903225806451608,-0.2903225806451608,16,D1,26,1780502400000,,False,17,1.95,1.87,-4.102564102564099,0.0,-45.45454545454546,-42.24598930481284,1,11,-42.24598930481284,,-4.102564102564099,-47.692307692307686,True,SCORED_WINDOW
U-0042,U,O:U260618C00031000,CALL,31.0,2026-06-18,14,0.0,HOLDOUT,THESIS_PRESSURE,2026-06-02T16:15:00+00:00,2026-06-02T16:00:00+00:00,84,1,152,False,True,238,WITHIN_TOLERANCE,NEAR_ATM,0.2903225806451608,-0.2903225806451608,16,D3,78,1780675200000,,False,47,1.95,1.87,-4.102564102564099,4.278074866310155,-46.524064171123,-41.711229946524064,39,18,-44.1025641025641,-9.750000000000012,0.0,-48.71794871794871,False,SCORED_WINDOW
U-0042,U,O:U260618C00031000,CALL,31.0,2026-06-18,14,0.0,HOLDOUT,THESIS_PRESSURE,2026-06-02T16:15:00+00:00,2026-06-02T16:00:00+00:00,84,1,152,False,True,238,WITHIN_TOLERANCE,NEAR_ATM,0.2903225806451608,-0.2903225806451608,16,D5,130,1781020800000,,False,81,1.95,1.87,-4.102564102564099,4.278074866310155,-83.9572192513369,-83.9572192513369,39,81,-84.61538461538461,-19.62500000000002,0.0,-84.61538461538461,True,SCORED_WINDOW
U-0042,U,O:U260618C00031000,CALL,31.0,2026-06-18,14,0.0,HOLDOUT,THESIS_PRESSURE,2026-06-02T16:15:00+00:00,2026-06-02T16:00:00+00:00,84,1,152,False,True,238,WITHIN_TOLERANCE,NEAR_ATM,0.2903225806451608,-0.2903225806451608,16,D10,260,1781625600000,,False,134,1.95,1.87,-4.102564102564099,4.278074866310155,-97.86096256684492,-97.32620320855615,39,128,-97.43589743589743,-22.75000000000003,0.0,-97.94871794871794,True,SCORED_WINDOW
TSLA-0043,TSLA,O:TSLA260622C00410000,CALL,410.0,2026-06-22,14,0.0,HOLDOUT,ENTRY_FORMING,2026-06-08T20:00:00+00:00,2026-06-08T19:45:00+00:00,23,1,218,False,True,242,WITHIN_TOLERANCE,NEAR_ATM,0.23170731707316794,-0.23170731707316794,14,H1,4,1781014500000,,False,4,15.45,16.23,5.048543689320395,15.218730745532948,-20.024645717806532,-15.588416512630932,1,4,-26.7379679144385,-1.0242914979757096,21.035598705501624,-15.987055016181229,True,SCORED_WINDOW
TSLA-0043,TSLA,O:TSLA260622C00410000,CALL,410.0,2026-06-22,14,0.0,HOLDOUT,ENTRY_FORMING,2026-06-08T20:00:00+00:00,2026-06-08T19:45:00+00:00,23,1,218,False,True,242,WITHIN_TOLERANCE,NEAR_ATM,0.23170731707316794,-0.23170731707316794,14,D1,26,1781034300000,,False,23,15.45,16.23,5.048543689320395,15.218730745532948,-60.56685150955021,-43.93099199014172,1,12,-51.33689839572193,-2.8866396761133637,21.035598705501624,-58.57605177993528,True,SCORED_WINDOW
TSLA-0043,TSLA,O:TSLA260622C00410000,CALL,410.0,2026-06-22,14,0.0,HOLDOUT,ENTRY_FORMING,2026-06-08T20:00:00+00:00,2026-06-08T19:45:00+00:00,23,1,218,False,True,242,WITHIN_TOLERANCE,NEAR_ATM,0.23170731707316794,-0.23170731707316794,14,D3,78,1781207100000,,False,62,15.45,16.23,5.048543689320395,15.218730745532948,-72.2735674676525,-40.54220579174368,1,43,-48.395721925133685,-2.663967611336035,21.035598705501624,-70.87378640776699,True,SCORED_WINDOW
TSLA-0043,TSLA,O:TSLA260622C00410000,CALL,410.0,2026-06-22,14,0.0,HOLDOUT,ENTRY_FORMING,2026-06-08T20:00:00+00:00,2026-06-08T19:45:00+00:00,23,1,218,False,True,242,WITHIN_TOLERANCE,NEAR_ATM,0.23170731707316794,-0.23170731707316794,14,D5,130,1781552700000,,False,114,15.45,16.23,5.048543689320395,15.218730745532948,-72.2735674676525,-39.926062846580415,1,43,-47.860962566844925,-2.623481781376521,21.035598705501624,-70.87378640776699,True,SCORED_WINDOW
TSLA-0043,TSLA,O:TSLA260622C00410000,CALL,410.0,2026-06-22,14,0.0,HOLDOUT,ENTRY_FORMING,2026-06-08T20:00:00+00:00,2026-06-08T19:45:00+00:00,23,1,218,False,True,242,WITHIN_TOLERANCE,NEAR_ATM,0.23170731707316794,-0.23170731707316794,14,D10,260,1782243900000,CONTRACT_EXPIRY,True,218,15.45,16.23,5.048543689320395,15.218730745532948,-99.93838570548367,-99.93838570548367,1,215,-99.94652406417113,-6.566801619433205,21.035598705501624,-99.93527508090615,True,SCORED_RIGHT_CENSORED
SPY-0043,SPY,O:SPY260623C00745000,CALL,745.0,2026-06-23,14,0.0,HOLDOUT,ENTRY_FORMING,2026-06-09T14:00:00+00:00,2026-06-09T13:45:00+00:00,1,1,203,False,True,214,WITHIN_TOLERANCE,NEAR_ATM,0.08322147651006773,-0.08322147651006773,14,H1,4,1781016300000,,False,4,9.19,7.69,-16.3220892274211,1.6905071521456483,-39.14174252275683,-33.0299089726918,1,4,-34.143222506393855,-19.53846153846148,-14.907508161044603,-49.075081610446134,True,SCORED_WINDOW
SPY-0043,SPY,O:SPY260623C00745000,CALL,745.0,2026-06-23,14,0.0,HOLDOUT,ENTRY_FORMING,2026-06-09T14:00:00+00:00,2026-06-09T13:45:00+00:00,1,1,203,False,True,214,WITHIN_TOLERANCE,NEAR_ATM,0.08322147651006773,-0.08322147651006773,14,D1,26,1781099100000,,False,26,9.19,7.69,-16.3220892274211,1.6905071521456483,-69.57087126137841,-41.22236671001301,1,11,-42.1994884910486,-24.384615384615323,-14.907508161044603,-74.53754080522307,True,SCORED_WINDOW
SPY-0043,SPY,O:SPY260623C00745000,CALL,745.0,2026-06-23,14,0.0,HOLDOUT,ENTRY_FORMING,2026-06-09T14:00:00+00:00,2026-06-09T13:45:00+00:00,1,1,203,False,True,214,WITHIN_TOLERANCE,NEAR_ATM,0.08322147651006773,-0.08322147651006773,14,D3,78,1781271900000,,False,67,9.19,7.69,-16.3220892274211,1.6905071521456483,-72.30169050715214,-42.78283485045513,1,54,-43.73401534526854,-25.307692307692236,-14.907508161044603,-76.82263329706203,True,SCORED_WINDOW
SPY-0043,SPY,O:SPY260623C00745000,CALL,745.0,2026-06-23,14,0.0,HOLDOUT,ENTRY_FORMING,2026-06-09T14:00:00+00:00,2026-06-09T13:45:00+00:00,1,1,203,False,True,214,WITHIN_TOLERANCE,NEAR_ATM,0.08322147651006773,-0.08322147651006773,14,D5,130,1781617500000,,False,108,9.19,7.69,-16.3220892274211,68.53055916775033,-72.30169050715214,43.172951885565666,97,54,-15.046296296296301,0.6299810246679316,41.022850924918394,-76.82263329706203,False,SCORED_WINDOW
SPY-0043,SPY,O:SPY260623C00745000,CALL,745.0,2026-06-23,14,0.0,HOLDOUT,ENTRY_FORMING,2026-06-09T14:00:00+00:00,2026-06-09T13:45:00+00:00,1,1,203,False,True,214,WITHIN_TOLERANCE,NEAR_ATM,0.08322147651006773,-0.08322147651006773,14,D10,260,1782308700000,CONTRACT_EXPIRY,True,212,9.19,7.69,-16.3220892274211,68.53055916775033,-99.8699609882965,-99.8699609882965,97,202,-99.92283950617285,-1.4573055028463,41.022850924918394,-99.8911860718172,True,SCORED_RIGHT_CENSORED
TSLA-0044,TSLA,O:TSLA260622C00395000,CALL,395.0,2026-06-22,14,0.0,HOLDOUT,THESIS_PRESSURE,2026-06-09T15:45:00+00:00,2026-06-09T15:30:00+00:00,6,1,190,False,True,197,WITHIN_TOLERANCE,NEAR_ATM,0.08860759493671462,-0.08860759493671462,13,H1,4,1781022600000,,False,4,14.1,15.2,7.801418439716312,0.0,-23.026315789473685,-22.697368421052634,1,4,-22.697368421052634,,7.801418439716312,-17.021276595744684,True,SCORED_WINDOW
TSLA-0044,TSLA,O:TSLA260622C00395000,CALL,395.0,2026-06-22,14,0.0,HOLDOUT,THESIS_PRESSURE,2026-06-09T15:45:00+00:00,2026-06-09T15:30:00+00:00,6,1,190,False,True,197,WITHIN_TOLERANCE,NEAR_ATM,0.08860759493671462,-0.08860759493671462,13,D1,26,1781105400000,,False,24,14.1,15.2,7.801418439716312,5.263157894736836,-37.23684210526316,-31.57894736842105,11,23,-35.0,-6.000000000000006,13.475177304964546,-32.340425531914896,True,SCORED_WINDOW
TSLA-0044,TSLA,O:TSLA260622C00395000,CALL,395.0,2026-06-22,14,0.0,HOLDOUT,THESIS_PRESSURE,2026-06-09T15:45:00+00:00,2026-06-09T15:30:00+00:00,6,1,190,False,True,197,WITHIN_TOLERANCE,NEAR_ATM,0.08860759493671462,-0.08860759493671462,13,D3,78,1781278200000,,False,70,14.1,15.2,7.801418439716312,24.144736842105274,-45.5921052631579,-11.842105263157887,62,36,-28.987811340752522,-0.490463215258855,33.82978723404258,-41.34751773049645,False,SCORED_WINDOW
TSLA-0044,TSLA,O:TSLA260622C00395000,CALL,395.0,2026-06-22,14,0.0,HOLDOUT,THESIS_PRESSURE,2026-06-09T15:45:00+00:00,2026-06-09T15:30:00+00:00,6,1,190,False,True,197,WITHIN_TOLERANCE,NEAR_ATM,0.08860759493671462,-0.08860759493671462,13,D5,130,1781623800000,,False,105,14.1,15.2,7.801418439716312,57.89473684210527,-45.5921052631579,-2.631578947368407,84,36,-38.33333333333333,-0.045454545454545206,70.2127659574468,-41.34751773049645,False,SCORED_WINDOW
TSLA-0044,TSLA,O:TSLA260622C00395000,CALL,395.0,2026-06-22,14,0.0,HOLDOUT,THESIS_PRESSURE,2026-06-09T15:45:00+00:00,2026-06-09T15:30:00+00:00,6,1,190,False,True,197,WITHIN_TOLERANCE,NEAR_ATM,0.08860759493671462,-0.08860759493671462,13,D10,260,1782315000000,CONTRACT_EXPIRY,True,190,14.1,15.2,7.801418439716312,57.89473684210527,-84.47368421052632,-32.89473684210527,84,143,-57.49999999999999,-0.5681818181818182,70.2127659574468,-83.26241134751773,True,SCORED_RIGHT_CENSORED
SPY-0044,SPY,O:SPY260623C00730000,CALL,730.0,2026-06-23,14,0.0,HOLDOUT,THESIS_PRESSURE,2026-06-09T16:15:00+00:00,2026-06-09T16:00:00+00:00,4,1,131,False,True,139,WITHIN_TOLERANCE,NEAR_ATM,0.1986301369863076,-0.1986301369863076,14,H1,4,1781024400000,,False,4,9.49,9.25,-2.5289778714436273,4.86486486486486,-12.864864864864856,3.1351351351351253,4,2,-1.6494845360824795,0.6444444444444432,2.212855637513167,-15.068493150684926,False,SCORED_WINDOW
SPY-0044,SPY,O:SPY260623C00730000,CALL,730.0,2026-06-23,14,0.0,HOLDOUT,THESIS_PRESSURE,2026-06-09T16:15:00+00:00,2026-06-09T16:00:00+00:00,4,1,131,False,True,139,WITHIN_TOLERANCE,NEAR_ATM,0.1986301369863076,-0.1986301369863076,14,D1,26,1781107200000,,False,20,9.49,9.25,-2.5289778714436273,55.243243243243235,-12.864864864864856,21.62162162162162,15,2,-21.65738161559888,0.39138943248532293,51.31717597471022,-15.068493150684926,False,SCORED_WINDOW
SPY-0044,SPY,O:SPY260623C00730000,CALL,730.0,2026-06-23,14,0.0,HOLDOUT,THESIS_PRESSURE,2026-06-09T16:15:00+00:00,2026-06-09T16:00:00+00:00,4,1,131,False,True,139,WITHIN_TOLERANCE,NEAR_ATM,0.1986301369863076,-0.1986301369863076,14,D3,78,1781280000000,,False,57,9.49,9.25,-2.5289778714436273,85.18918918918918,-14.918918918918923,85.18918918918918,57,38,0.0,1.0,80.50579557428873,-17.07060063224447,False,SCORED_WINDOW
SPY-0044,SPY,O:SPY260623C00730000,CALL,730.0,2026-06-23,14,0.0,HOLDOUT,THESIS_PRESSURE,2026-06-09T16:15:00+00:00,2026-06-09T16:00:00+00:00,4,1,131,False,True,139,WITHIN_TOLERANCE,NEAR_ATM,0.1986301369863076,-0.1986301369863076,14,D5,130,1781625600000,,False,65,9.49,9.25,-2.5289778714436273,174.9189189189189,-14.918918918918923,171.35135135135138,64,38,-1.2976799056232724,0.9796044499381955,167.9662802950474,-17.07060063224447,False,SCORED_WINDOW
SPY-0044,SPY,O:SPY260623C00730000,CALL,730.0,2026-06-23,14,0.0,HOLDOUT,THESIS_PRESSURE,2026-06-09T16:15:00+00:00,2026-06-09T16:00:00+00:00,4,1,131,False,True,139,WITHIN_TOLERANCE,NEAR_ATM,0.1986301369863076,-0.1986301369863076,14,D10,260,1782316800000,CONTRACT_EXPIRY,True,134,9.49,9.25,-2.5289778714436273,174.9189189189189,-61.83783783783784,-59.13513513513513,64,129,-85.13566653558789,-0.3380716934487021,167.9662802950474,-62.80295047418336,True,SCORED_RIGHT_CENSORED
VALE-0043,VALE,O:VALE260626C00015000,CALL,15.0,2026-06-26,14,0.0,HOLDOUT,ENTRY_FORMING,2026-06-11T13:45:00+00:00,2026-06-11T13:30:00+00:00,7,0,49,False,False,56,WITHIN_TOLERANCE,NEAR_ATM,0.1333333333333305,0.1333333333333305,15,H1,4,1781188200000,,False,,,,,,,,,,,,,,,UNSCORED_SIGNAL_BAR_ABSENT
VALE-0043,VALE,O:VALE260626C00015000,CALL,15.0,2026-06-26,14,0.0,HOLDOUT,ENTRY_FORMING,2026-06-11T13:45:00+00:00,2026-06-11T13:30:00+00:00,7,0,49,False,False,56,WITHIN_TOLERANCE,NEAR_ATM,0.1333333333333305,0.1333333333333305,15,D1,26,1781271000000,,False,,,,,,,,,,,,,,,UNSCORED_SIGNAL_BAR_ABSENT
VALE-0043,VALE,O:VALE260626C00015000,CALL,15.0,2026-06-26,14,0.0,HOLDOUT,ENTRY_FORMING,2026-06-11T13:45:00+00:00,2026-06-11T13:30:00+00:00,7,0,49,False,False,56,WITHIN_TOLERANCE,NEAR_ATM,0.1333333333333305,0.1333333333333305,15,D3,78,1781616600000,,False,,,,,,,,,,,,,,,UNSCORED_SIGNAL_BAR_ABSENT
VALE-0043,VALE,O:VALE260626C00015000,CALL,15.0,2026-06-26,14,0.0,HOLDOUT,ENTRY_FORMING,2026-06-11T13:45:00+00:00,2026-06-11T13:30:00+00:00,7,0,49,False,False,56,WITHIN_TOLERANCE,NEAR_ATM,0.1333333333333305,0.1333333333333305,15,D5,130,1781789400000,,False,,,,,,,,,,,,,,,UNSCORED_SIGNAL_BAR_ABSENT
VALE-0043,VALE,O:VALE260626C00015000,CALL,15.0,2026-06-26,14,0.0,HOLDOUT,ENTRY_FORMING,2026-06-11T13:45:00+00:00,2026-06-11T13:30:00+00:00,7,0,49,False,False,56,WITHIN_TOLERANCE,NEAR_ATM,0.1333333333333305,0.1333333333333305,15,D10,260,1782480600000,,False,,,,,,,,,,,,,,,UNSCORED_SIGNAL_BAR_ABSENT
U-0043,U,O:U260702C00027000,CALL,27.0,2026-07-02,14,0.0,HOLDOUT,ENTRY_FORMING,2026-06-18T19:30:00+00:00,2026-06-18T19:15:00+00:00,15,1,48,False,True,64,WITHIN_TOLERANCE,NEAR_ATM,0.6481481481481508,0.6481481481481508,14,H1,4,1782135900000,,False,2,1.51,1.57,3.9735099337748325,1.273885350318471,-6.369426751592366,-5.732484076433131,1,2,-6.918238993710702,-4.500000000000009,5.298013245033117,-2.6490066225165587,True,SCORED_WINDOW
U-0043,U,O:U260702C00027000,CALL,27.0,2026-07-02,14,0.0,HOLDOUT,ENTRY_FORMING,2026-06-18T19:30:00+00:00,2026-06-18T19:15:00+00:00,15,1,48,False,True,64,WITHIN_TOLERANCE,NEAR_ATM,0.6481481481481508,0.6481481481481508,14,D1,26,1782155700000,,False,6,1.51,1.57,3.9735099337748325,1.273885350318471,-26.751592356687905,-13.375796178343947,1,5,-14.465408805031444,-10.5,5.298013245033117,-23.84105960264902,True,SCORED_WINDOW
U-0043,U,O:U260702C00027000,CALL,27.0,2026-07-02,14,0.0,HOLDOUT,ENTRY_FORMING,2026-06-18T19:30:00+00:00,2026-06-18T19:15:00+00:00,15,1,48,False,True,64,WITHIN_TOLERANCE,NEAR_ATM,0.6481481481481508,0.6481481481481508,14,D3,78,1782328500000,,False,9,1.51,1.57,3.9735099337748325,1.273885350318471,-26.751592356687905,0.0,1,5,-1.2578616352201255,0.0,5.298013245033117,-23.84105960264902,True,SCORED_WINDOW
U-0043,U,O:U260702C00027000,CALL,27.0,2026-07-02,14,0.0,HOLDOUT,ENTRY_FORMING,2026-06-18T19:30:00+00:00,2026-06-18T19:15:00+00:00,15,1,48,False,True,64,WITHIN_TOLERANCE,NEAR_ATM,0.6481481481481508,0.6481481481481508,14,D5,130,1782501300000,,False,29,1.51,1.57,3.9735099337748325,20.382165605095537,-57.324840764331206,14.649681528662416,27,10,-4.761904761904756,0.71875,25.16556291390728,-55.62913907284768,False,SCORED_WINDOW
U-0043,U,O:U260702C00027000,CALL,27.0,2026-07-02,14,0.0,HOLDOUT,ENTRY_FORMING,2026-06-18T19:30:00+00:00,2026-06-18T19:15:00+00:00,15,1,48,False,True,64,WITHIN_TOLERANCE,NEAR_ATM,0.6481481481481508,0.6481481481481508,14,D10,260,1783365300000,CONTRACT_EXPIRY,True,48,1.51,1.57,3.9735099337748325,161.78343949044586,-57.324840764331206,39.4904458598726,41,10,-46.71532846715329,0.2440944881889763,172.18543046357618,-55.62913907284768,False,SCORED_RIGHT_CENSORED
LULU-0043,LULU,O:LULU260710C00113000,CALL,113.0,2026-07-10,14,0.0,HOLDOUT,CONTINUATION,2026-06-24T18:45:00+00:00,2026-06-24T18:30:00+00:00,11,0,76,False,False,87,WITHIN_TOLERANCE,NEAR_ATM,0.32743362831858813,-0.32743362831858813,16,H1,4,1782329400000,,False,,,,,,,,,,,,,,,UNSCORED_SIGNAL_BAR_ABSENT
LULU-0043,LULU,O:LULU260710C00113000,CALL,113.0,2026-07-10,14,0.0,HOLDOUT,CONTINUATION,2026-06-24T18:45:00+00:00,2026-06-24T18:30:00+00:00,11,0,76,False,False,87,WITHIN_TOLERANCE,NEAR_ATM,0.32743362831858813,-0.32743362831858813,16,D1,26,1782412200000,,False,,,,,,,,,,,,,,,UNSCORED_SIGNAL_BAR_ABSENT
LULU-0043,LULU,O:LULU260710C00113000,CALL,113.0,2026-07-10,14,0.0,HOLDOUT,CONTINUATION,2026-06-24T18:45:00+00:00,2026-06-24T18:30:00+00:00,11,0,76,False,False,87,WITHIN_TOLERANCE,NEAR_ATM,0.32743362831858813,-0.32743362831858813,16,D3,78,1782757800000,,False,,,,,,,,,,,,,,,UNSCORED_SIGNAL_BAR_ABSENT
LULU-0043,LULU,O:LULU260710C00113000,CALL,113.0,2026-07-10,14,0.0,HOLDOUT,CONTINUATION,2026-06-24T18:45:00+00:00,2026-06-24T18:30:00+00:00,11,0,76,False,False,87,WITHIN_TOLERANCE,NEAR_ATM,0.32743362831858813,-0.32743362831858813,16,D5,130,1782930600000,,False,,,,,,,,,,,,,,,UNSCORED_SIGNAL_BAR_ABSENT
LULU-0043,LULU,O:LULU260710C00113000,CALL,113.0,2026-07-10,14,0.0,HOLDOUT,CONTINUATION,2026-06-24T18:45:00+00:00,2026-06-24T18:30:00+00:00,11,0,76,False,False,87,WITHIN_TOLERANCE,NEAR_ATM,0.32743362831858813,-0.32743362831858813,16,D10,260,1783621800000,,False,,,,,,,,,,,,,,,UNSCORED_SIGNAL_BAR_ABSENT
VALE-0044,VALE,O:VALE260710C00015000,CALL,15.0,2026-07-10,14,0.0,HOLDOUT,THESIS_PRESSURE,2026-06-29T14:15:00+00:00,2026-06-29T14:00:00+00:00,8,0,68,False,False,76,WITHIN_TOLERANCE,NEAR_ATM,0.8666666666666718,-0.8666666666666718,11,H1,4,1782745200000,,False,,,,,,,,,,,,,,,UNSCORED_SIGNAL_BAR_ABSENT
VALE-0044,VALE,O:VALE260710C00015000,CALL,15.0,2026-07-10,14,0.0,HOLDOUT,THESIS_PRESSURE,2026-06-29T14:15:00+00:00,2026-06-29T14:00:00+00:00,8,0,68,False,False,76,WITHIN_TOLERANCE,NEAR_ATM,0.8666666666666718,-0.8666666666666718,11,D1,26,1782828000000,,False,,,,,,,,,,,,,,,UNSCORED_SIGNAL_BAR_ABSENT
VALE-0044,VALE,O:VALE260710C00015000,CALL,15.0,2026-07-10,14,0.0,HOLDOUT,THESIS_PRESSURE,2026-06-29T14:15:00+00:00,2026-06-29T14:00:00+00:00,8,0,68,False,False,76,WITHIN_TOLERANCE,NEAR_ATM,0.8666666666666718,-0.8666666666666718,11,D3,78,1783000800000,,False,,,,,,,,,,,,,,,UNSCORED_SIGNAL_BAR_ABSENT
VALE-0044,VALE,O:VALE260710C00015000,CALL,15.0,2026-07-10,14,0.0,HOLDOUT,THESIS_PRESSURE,2026-06-29T14:15:00+00:00,2026-06-29T14:00:00+00:00,8,0,68,False,False,76,WITHIN_TOLERANCE,NEAR_ATM,0.8666666666666718,-0.8666666666666718,11,D5,130,1783432800000,,False,,,,,,,,,,,,,,,UNSCORED_SIGNAL_BAR_ABSENT
VALE-0044,VALE,O:VALE260710C00015000,CALL,15.0,2026-07-10,14,0.0,HOLDOUT,THESIS_PRESSURE,2026-06-29T14:15:00+00:00,2026-06-29T14:00:00+00:00,8,0,68,False,False,76,WITHIN_TOLERANCE,NEAR_ATM,0.8666666666666718,-0.8666666666666718,11,D10,260,1784037600000,CONTRACT_EXPIRY,True,,,,,,,,,,,,,,,UNSCORED_SIGNAL_BAR_ABSENT
PYPL-0043,PYPL,O:PYPL260710C00044000,CALL,44.0,2026-07-10,14,0.0,HOLDOUT,CONTINUATION,2026-06-29T15:45:00+00:00,2026-06-29T15:30:00+00:00,71,1,168,False,True,240,WITHIN_TOLERANCE,NEAR_ATM,0.47727272727272924,0.47727272727272924,11,H1,4,1782750600000,,False,3,1.17,1.1,-5.982905982905972,8.18181818181818,0.0,2.7272727272727115,1,1,-5.042016806722693,0.3333333333333315,1.7094017094017033,-5.982905982905972,False,SCORED_WINDOW
PYPL-0043,PYPL,O:PYPL260710C00044000,CALL,44.0,2026-07-10,14,0.0,HOLDOUT,CONTINUATION,2026-06-29T15:45:00+00:00,2026-06-29T15:30:00+00:00,71,1,168,False,True,240,WITHIN_TOLERANCE,NEAR_ATM,0.47727272727272924,0.47727272727272924,11,D1,26,1782833400000,,False,18,1.17,1.1,-5.982905982905972,15.454545454545453,-60.909090909090914,-57.27272727272727,9,17,-62.99212598425197,-3.7058823529411766,8.547008547008561,-63.24786324786324,True,SCORED_WINDOW
PYPL-0043,PYPL,O:PYPL260710C00044000,CALL,44.0,2026-07-10,14,0.0,HOLDOUT,CONTINUATION,2026-06-29T15:45:00+00:00,2026-06-29T15:30:00+00:00,71,1,168,False,True,240,WITHIN_TOLERANCE,NEAR_ATM,0.47727272727272924,0.47727272727272924,11,D3,78,1783006200000,,False,59,1.17,1.1,-5.982905982905972,56.363636363636346,-60.909090909090914,53.63636363636361,59,17,-1.744186046511631,0.9516129032258063,47.00854700854702,-63.24786324786324,False,SCORED_WINDOW
PYPL-0043,PYPL,O:PYPL260710C00044000,CALL,44.0,2026-07-10,14,0.0,HOLDOUT,CONTINUATION,2026-06-29T15:45:00+00:00,2026-06-29T15:30:00+00:00,71,1,168,False,True,240,WITHIN_TOLERANCE,NEAR_ATM,0.47727272727272924,0.47727272727272924,11,D5,130,1783438200000,,False,94,1.17,1.1,-5.982905982905972,97.27272727272724,-60.909090909090914,55.454545454545446,89,17,-21.198156682027648,0.5700934579439253,85.47008547008548,-63.24786324786324,False,SCORED_WINDOW
PYPL-0043,PYPL,O:PYPL260710C00044000,CALL,44.0,2026-07-10,14,0.0,HOLDOUT,CONTINUATION,2026-06-29T15:45:00+00:00,2026-06-29T15:30:00+00:00,71,1,168,False,True,240,WITHIN_TOLERANCE,NEAR_ATM,0.47727272727272924,0.47727272727272924,11,D10,260,1784043000000,CONTRACT_EXPIRY,True,168,1.17,1.1,-5.982905982905972,118.18181818181816,-60.909090909090914,103.63636363636365,149,17,-6.666666666666654,0.8769230769230772,105.12820512820515,-63.24786324786324,False,SCORED_RIGHT_CENSORED
RBLX-0045,RBLX,O:RBLX260717C00058000,CALL,58.0,2026-07-17,14,0.0,HOLDOUT,RISK_OR_EXHAUSTION,2026-07-01T15:30:00+00:00,2026-07-01T15:15:00+00:00,35,0,184,False,False,219,WITHIN_TOLERANCE,NEAR_ATM,0.37931034482758424,0.37931034482758424,16,H1,4,1782922500000,,False,,,,,,,,,,,,,,,UNSCORED_SIGNAL_BAR_ABSENT
RBLX-0045,RBLX,O:RBLX260717C00058000,CALL,58.0,2026-07-17,14,0.0,HOLDOUT,RISK_OR_EXHAUSTION,2026-07-01T15:30:00+00:00,2026-07-01T15:15:00+00:00,35,0,184,False,False,219,WITHIN_TOLERANCE,NEAR_ATM,0.37931034482758424,0.37931034482758424,16,D1,26,1783005300000,,False,,,,,,,,,,,,,,,UNSCORED_SIGNAL_BAR_ABSENT
RBLX-0045,RBLX,O:RBLX260717C00058000,CALL,58.0,2026-07-17,14,0.0,HOLDOUT,RISK_OR_EXHAUSTION,2026-07-01T15:30:00+00:00,2026-07-01T15:15:00+00:00,35,0,184,False,False,219,WITHIN_TOLERANCE,NEAR_ATM,0.37931034482758424,0.37931034482758424,16,D3,78,1783437300000,,False,,,,,,,,,,,,,,,UNSCORED_SIGNAL_BAR_ABSENT
RBLX-0045,RBLX,O:RBLX260717C00058000,CALL,58.0,2026-07-17,14,0.0,HOLDOUT,RISK_OR_EXHAUSTION,2026-07-01T15:30:00+00:00,2026-07-01T15:15:00+00:00,35,0,184,False,False,219,WITHIN_TOLERANCE,NEAR_ATM,0.37931034482758424,0.37931034482758424,16,D5,130,1783610100000,,False,,,,,,,,,,,,,,,UNSCORED_SIGNAL_BAR_ABSENT
RBLX-0045,RBLX,O:RBLX260717C00058000,CALL,58.0,2026-07-17,14,0.0,HOLDOUT,RISK_OR_EXHAUSTION,2026-07-01T15:30:00+00:00,2026-07-01T15:15:00+00:00,35,0,184,False,False,219,WITHIN_TOLERANCE,NEAR_ATM,0.37931034482758424,0.37931034482758424,16,D10,260,1784214900000,,False,,,,,,,,,,,,,,,UNSCORED_SIGNAL_BAR_ABSENT
PYPL-0044,PYPL,O:PYPL260724C00046500,CALL,46.5,2026-07-24,14,0.0,HOLDOUT,RISK_OR_EXHAUSTION,2026-07-10T14:00:00+00:00,2026-07-10T13:45:00+00:00,28,1,74,False,True,103,WITHIN_TOLERANCE,NEAR_ATM,0.4516129032258083,-0.4516129032258083,14,H1,4,1783694700000,,False,3,0.99,1.02,3.0303030303030276,13.725490196078427,-2.941176470588236,-2.941176470588236,2,3,-14.655172413793094,-0.2142857142857144,17.17171717171717,0.0,True,SCORED_WINDOW
PYPL-0044,PYPL,O:PYPL260724C00046500,CALL,46.5,2026-07-24,14,0.0,HOLDOUT,RISK_OR_EXHAUSTION,2026-07-10T14:00:00+00:00,2026-07-10T13:45:00+00:00,28,1,74,False,True,103,WITHIN_TOLERANCE,NEAR_ATM,0.4516129032258083,-0.4516129032258083,14,D1,26,1783950300000,,False,16,0.99,1.02,3.0303030303030276,54.90196078431373,-12.745098039215685,11.76470588235292,15,10,-27.848101265822788,0.21428571428571389,59.5959595959596,-10.1010101010101,False,SCORED_WINDOW
PYPL-0044,PYPL,O:PYPL260724C00046500,CALL,46.5,2026-07-24,14,0.0,HOLDOUT,RISK_OR_EXHAUSTION,2026-07-10T14:00:00+00:00,2026-07-10T13:45:00+00:00,28,1,74,False,True,103,WITHIN_TOLERANCE,NEAR_ATM,0.4516129032258083,-0.4516129032258083,14,D3,78,1784123100000,,False,37,0.99,1.02,3.0303030303030276,685.2941176470588,-12.745098039215685,637.2549019607843,36,10,-6.117353308364548,0.9298998569384836,709.090909090909,-10.1010101010101,False,SCORED_WINDOW
PYPL-0044,PYPL,O:PYPL260724C00046500,CALL,46.5,2026-07-24,14,0.0,HOLDOUT,RISK_OR_EXHAUSTION,2026-07-10T14:00:00+00:00,2026-07-10T13:45:00+00:00,28,1,74,False,True,103,WITHIN_TOLERANCE,NEAR_ATM,0.4516129032258083,-0.4516129032258083,14,D5,130,1784295900000,,False,51,0.99,1.02,3.0303030303030276,942.1568627450981,-12.745098039215685,844.1176470588235,47,10,-9.40733772342427,0.8959417273673256,973.7373737373739,-10.1010101010101,False,SCORED_WINDOW
PYPL-0044,PYPL,O:PYPL260724C00046500,CALL,46.5,2026-07-24,14,0.0,HOLDOUT,RISK_OR_EXHAUSTION,2026-07-10T14:00:00+00:00,2026-07-10T13:45:00+00:00,28,1,74,False,True,103,WITHIN_TOLERANCE,NEAR_ATM,0.4516129032258083,-0.4516129032258083,14,D10,260,1784900700000,,False,67,0.99,1.02,3.0303030303030276,942.1568627450981,-12.745098039215685,789.2156862745098,47,10,-14.675446848541862,0.8376690946930281,973.7373737373739,-10.1010101010101,False,SCORED_WINDOW
GME-0045,GME,O:GME260731C00022500,CALL,22.5,2026-07-31,14,0.0,HOLDOUT,RISK_OR_EXHAUSTION,2026-07-15T14:15:00+00:00,2026-07-15T14:00:00+00:00,73,1,305,False,True,379,WITHIN_TOLERANCE,NEAR_ATM,0.2000000000000076,0.2000000000000076,16,H1,4,1784127600000,,False,3,0.66,0.67,1.5151515151515138,0.0,-16.417910447761187,-16.417910447761187,1,3,-16.417910447761187,,1.5151515151515138,-15.151515151515149,True,SCORED_WINDOW
GME-0045,GME,O:GME260731C00022500,CALL,22.5,2026-07-31,14,0.0,HOLDOUT,RISK_OR_EXHAUSTION,2026-07-15T14:15:00+00:00,2026-07-15T14:00:00+00:00,73,1,305,False,True,379,WITHIN_TOLERANCE,NEAR_ATM,0.2000000000000076,0.2000000000000076,16,D1,26,1784210400000,,False,19,0.66,0.67,1.5151515151515138,0.0,-35.820895522388064,-35.820895522388064,1,19,-35.820895522388064,,1.5151515151515138,-34.84848484848485,True,SCORED_WINDOW
GME-0045,GME,O:GME260731C00022500,CALL,22.5,2026-07-31,14,0.0,HOLDOUT,RISK_OR_EXHAUSTION,2026-07-15T14:15:00+00:00,2026-07-15T14:00:00+00:00,73,1,305,False,True,379,WITHIN_TOLERANCE,NEAR_ATM,0.2000000000000076,0.2000000000000076,16,D3,78,1784556000000,,False,63,0.66,0.67,1.5151515151515138,0.0,-67.16417910447761,-65.67164179104478,1,63,-65.67164179104478,,1.5151515151515138,-66.66666666666667,True,SCORED_WINDOW
GME-0045,GME,O:GME260731C00022500,CALL,22.5,2026-07-31,14,0.0,HOLDOUT,RISK_OR_EXHAUSTION,2026-07-15T14:15:00+00:00,2026-07-15T14:00:00+00:00,73,1,305,False,True,379,WITHIN_TOLERANCE,NEAR_ATM,0.2000000000000076,0.2000000000000076,16,D5,130,1784728800000,,False,113,0.66,0.67,1.5151515151515138,0.0,-77.61194029850746,-77.61194029850746,1,113,-77.61194029850746,,1.5151515151515138,-77.27272727272727,True,SCORED_WINDOW
GME-0045,GME,O:GME260731C00022500,CALL,22.5,2026-07-31,14,0.0,HOLDOUT,RISK_OR_EXHAUSTION,2026-07-15T14:15:00+00:00,2026-07-15T14:00:00+00:00,73,1,305,False,True,379,WITHIN_TOLERANCE,NEAR_ATM,0.2000000000000076,0.2000000000000076,16,D10,260,1785333600000,,False,233,0.66,0.67,1.5151515151515138,0.0,-92.53731343283582,-89.55223880597015,1,180,-89.55223880597015,,1.5151515151515138,-92.42424242424242,True,SCORED_WINDOW
VALE-0045,VALE,O:VALE260807C00015000,CALL,15.0,2026-08-07,14,0.0,HOLDOUT,ENTRY_FORMING,2026-07-24T19:30:00+00:00,2026-07-24T19:15:00+00:00,21,0,99,False,False,120,WITHIN_TOLERANCE,NEAR_ATM,1.0006666666666675,-1.0006666666666675,14,H1,4,1785159900000,,False,,,,,,,,,,,,,,,UNSCORED_SIGNAL_BAR_ABSENT
VALE-0045,VALE,O:VALE260807C00015000,CALL,15.0,2026-08-07,14,0.0,HOLDOUT,ENTRY_FORMING,2026-07-24T19:30:00+00:00,2026-07-24T19:15:00+00:00,21,0,99,False,False,120,WITHIN_TOLERANCE,NEAR_ATM,1.0006666666666675,-1.0006666666666675,14,D1,26,1785179700000,,False,,,,,,,,,,,,,,,UNSCORED_SIGNAL_BAR_ABSENT
VALE-0045,VALE,O:VALE260807C00015000,CALL,15.0,2026-08-07,14,0.0,HOLDOUT,ENTRY_FORMING,2026-07-24T19:30:00+00:00,2026-07-24T19:15:00+00:00,21,0,99,False,False,120,WITHIN_TOLERANCE,NEAR_ATM,1.0006666666666675,-1.0006666666666675,14,D3,78,1785352500000,,False,,,,,,,,,,,,,,,UNSCORED_SIGNAL_BAR_ABSENT
VALE-0045,VALE,O:VALE260807C00015000,CALL,15.0,2026-08-07,14,0.0,HOLDOUT,ENTRY_FORMING,2026-07-24T19:30:00+00:00,2026-07-24T19:15:00+00:00,21,0,99,False,False,120,WITHIN_TOLERANCE,NEAR_ATM,1.0006666666666675,-1.0006666666666675,14,D5,130,1785525300000,,False,,,,,,,,,,,,,,,UNSCORED_SIGNAL_BAR_ABSENT
VALE-0045,VALE,O:VALE260807C00015000,CALL,15.0,2026-08-07,14,0.0,HOLDOUT,ENTRY_FORMING,2026-07-24T19:30:00+00:00,2026-07-24T19:15:00+00:00,21,0,99,False,False,120,WITHIN_TOLERANCE,NEAR_ATM,1.0006666666666675,-1.0006666666666675,14,D10,260,1786130100000,,False,,,,,,,,,,,,,,,UNSCORED_SIGNAL_BAR_ABSENT
LULU-0044,LULU,O:LULU260814C00120000,CALL,120.0,2026-08-14,14,0.0,HOLDOUT,RISK_OR_EXHAUSTION,2026-07-28T14:00:00+00:00,2026-07-28T13:45:00+00:00,16,1,58,False,True,131,WITHIN_TOLERANCE,NEAR_ATM,0.05416666666666477,0.05416666666666477,17,H1,4,1785249900000,,False,0,,,,,,,,,,,,,,UNSCORED_NO_POST_SIGNAL_PRINT
LULU-0044,LULU,O:LULU260814C00120000,CALL,120.0,2026-08-14,14,0.0,HOLDOUT,RISK_OR_EXHAUSTION,2026-07-28T14:00:00+00:00,2026-07-28T13:45:00+00:00,16,1,58,False,True,131,WITHIN_TOLERANCE,NEAR_ATM,0.05416666666666477,0.05416666666666477,17,D1,26,1785332700000,,False,3,5.17,5.25,1.547388781431347,9.523809523809534,0.0,1.904761904761898,2,1,-6.956521739130439,0.19999999999999907,11.218568665377182,1.547388781431347,False,SCORED_WINDOW
LULU-0044,LULU,O:LULU260814C00120000,CALL,120.0,2026-08-14,14,0.0,HOLDOUT,RISK_OR_EXHAUSTION,2026-07-28T14:00:00+00:00,2026-07-28T13:45:00+00:00,16,1,58,False,True,131,WITHIN_TOLERANCE,NEAR_ATM,0.05416666666666477,0.05416666666666477,17,D3,78,1785505500000,,False,9,5.17,5.25,1.547388781431347,9.523809523809534,-53.14285714285714,-27.61904761904762,2,5,-33.913043478260875,-2.899999999999997,11.218568665377182,-52.41779497098646,True,SCORED_WINDOW
LULU-0044,LULU,O:LULU260814C00120000,CALL,120.0,2026-08-14,14,0.0,HOLDOUT,RISK_OR_EXHAUSTION,2026-07-28T14:00:00+00:00,2026-07-28T13:45:00+00:00,16,1,58,False,True,131,WITHIN_TOLERANCE,NEAR_ATM,0.05416666666666477,0.05416666666666477,17,D5,130,1785851100000,,False,25,5.17,5.25,1.547388781431347,18.0952380952381,-53.14285714285714,14.28571428571428,24,5,-3.2258064516129115,0.7894736842105258,19.922630560928447,-52.41779497098646,False,SCORED_WINDOW
LULU-0044,LULU,O:LULU260814C00120000,CALL,120.0,2026-08-14,14,0.0,HOLDOUT,RISK_OR_EXHAUSTION,2026-07-28T14:00:00+00:00,2026-07-28T13:45:00+00:00,16,1,58,False,True,131,WITHIN_TOLERANCE,NEAR_ATM,0.05416666666666477,0.05416666666666477,17,D10,260,1786455900000,,False,56,5.17,5.25,1.547388781431347,63.42857142857143,-53.14285714285714,10.095238095238091,44,5,-32.63403263403263,0.1591591591591591,65.95744680851064,-52.41779497098646,False,SCORED_WINDOW
GME-0046,GME,O:GME260814C00022000,CALL,22.0,2026-08-14,14,0.0,HOLDOUT,CONTINUATION,2026-07-28T20:00:00+00:00,2026-07-28T19:45:00+00:00,66,1,227,False,True,313,WITHIN_TOLERANCE,NEAR_ATM,0.7272727272727278,0.7272727272727278,17,H1,4,1785334500000,,False,4,0.67,0.5,-25.373134328358216,15.999999999999993,-6.000000000000005,-6.000000000000005,2,4,-18.965517241379303,-0.3750000000000005,-13.432835820895539,-29.850746268656724,True,SCORED_WINDOW
GME-0046,GME,O:GME260814C00022000,CALL,22.0,2026-08-14,14,0.0,HOLDOUT,CONTINUATION,2026-07-28T20:00:00+00:00,2026-07-28T19:45:00+00:00,66,1,227,False,True,313,WITHIN_TOLERANCE,NEAR_ATM,0.7272727272727278,0.7272727272727278,17,D1,26,1785354300000,,False,22,0.67,0.5,-25.373134328358216,15.999999999999993,-9.999999999999998,-6.000000000000005,2,20,-18.965517241379303,-0.3750000000000005,-13.432835820895539,-32.835820895522396,True,SCORED_WINDOW
GME-0046,GME,O:GME260814C00022000,CALL,22.0,2026-08-14,14,0.0,HOLDOUT,CONTINUATION,2026-07-28T20:00:00+00:00,2026-07-28T19:45:00+00:00,66,1,227,False,True,313,WITHIN_TOLERANCE,NEAR_ATM,0.7272727272727278,0.7272727272727278,17,D3,78,1785527100000,,False,65,0.67,0.5,-25.373134328358216,15.999999999999993,-36.0,-31.999999999999996,2,52,-41.37931034482758,-2.000000000000001,-13.432835820895539,-52.23880597014925,True,SCORED_WINDOW
GME-0046,GME,O:GME260814C00022000,CALL,22.0,2026-08-14,14,0.0,HOLDOUT,CONTINUATION,2026-07-28T20:00:00+00:00,2026-07-28T19:45:00+00:00,66,1,227,False,True,313,WITHIN_TOLERANCE,NEAR_ATM,0.7272727272727278,0.7272727272727278,17,D5,130,1785872700000,,False,115,0.67,0.5,-25.373134328358216,15.999999999999993,-90.0,-88.0,2,115,-89.65517241379311,-5.500000000000003,-13.432835820895539,-92.53731343283582,True,SCORED_WINDOW
GME-0046,GME,O:GME260814C00022000,CALL,22.0,2026-08-14,14,0.0,HOLDOUT,CONTINUATION,2026-07-28T20:00:00+00:00,2026-07-28T19:45:00+00:00,66,1,227,False,True,313,WITHIN_TOLERANCE,NEAR_ATM,0.7272727272727278,0.7272727272727278,17,D10,260,1786477500000,,False,227,0.67,0.5,-25.373134328358216,15.999999999999993,-98.0,-98.0,2,191,-98.27586206896551,-6.125000000000003,-13.432835820895539,-98.50746268656717,True,SCORED_WINDOW
SPY-0045,SPY,O:SPY260813C00740000,CALL,740.0,2026-08-13,14,0.0,HOLDOUT,CONTINUATION,2026-07-30T19:15:00+00:00,2026-07-30T19:00:00+00:00,19,1,17,False,True,45,WITHIN_TOLERANCE,NEAR_ATM,0.2797297297297365,0.2797297297297365,14,H1,4,1785504600000,,False,3,8.75,9.59,9.600000000000009,23.04483837330553,0.0,7.820646506777895,3,1,-12.372881355932208,0.3393665158371041,34.857142857142875,9.600000000000009,False,SCORED_WINDOW
SPY-0045,SPY,O:SPY260813C00740000,CALL,740.0,2026-08-13,14,0.0,HOLDOUT,CONTINUATION,2026-07-30T19:15:00+00:00,2026-07-30T19:00:00+00:00,19,1,17,False,True,45,WITHIN_TOLERANCE,NEAR_ATM,0.2797297297297365,0.2797297297297365,14,D1,26,1785524400000,,False,9,8.75,9.59,9.600000000000009,23.566214807090713,-16.684045881126174,23.566214807090713,9,5,0.0,1.0,35.42857142857143,-8.685714285714285,False,SCORED_WINDOW
SPY-0045,SPY,O:SPY260813C00740000,CALL,740.0,2026-08-13,14,0.0,HOLDOUT,CONTINUATION,2026-07-30T19:15:00+00:00,2026-07-30T19:00:00+00:00,19,1,17,False,True,45,WITHIN_TOLERANCE,NEAR_ATM,0.2797297297297365,0.2797297297297365,14,D3,78,1785870000000,,False,13,8.75,9.59,9.600000000000009,250.36496350364965,-16.684045881126174,250.36496350364965,13,5,0.0,1.0,284.00000000000006,-8.685714285714285,False,SCORED_WINDOW
SPY-0045,SPY,O:SPY260813C00740000,CALL,740.0,2026-08-13,14,0.0,HOLDOUT,CONTINUATION,2026-07-30T19:15:00+00:00,2026-07-30T19:00:00+00:00,19,1,17,False,True,45,WITHIN_TOLERANCE,NEAR_ATM,0.2797297297297365,0.2797297297297365,14,D5,130,1786042800000,,False,16,8.75,9.59,9.600000000000009,289.4681960375391,-16.684045881126174,236.07924921793534,14,5,-13.70816599732263,0.8155619596541787,326.8571428571429,-8.685714285714285,False,SCORED_WINDOW
SPY-0045,SPY,O:SPY260813C00740000,CALL,740.0,2026-08-13,14,0.0,HOLDOUT,CONTINUATION,2026-07-30T19:15:00+00:00,2026-07-30T19:00:00+00:00,19,1,17,False,True,45,WITHIN_TOLERANCE,NEAR_ATM,0.2797297297297365,0.2797297297297365,14,D10,260,1786477500000,UNDERLYING_DATA_END,True,17,8.75,9.59,9.600000000000009,289.4681960375391,-16.684045881126174,243.7956204379562,14,5,-11.7269076305221,0.8422190201729106,326.8571428571429,-8.685714285714285,False,SCORED_RIGHT_CENSORED
VALE-0046,VALE,O:VALE260814C00015000,CALL,15.0,2026-08-14,14,0.0,HOLDOUT,RISK_OR_EXHAUSTION,2026-07-31T15:15:00+00:00,2026-07-31T15:00:00+00:00,16,0,71,False,False,99,WITHIN_TOLERANCE,NEAR_ATM,0.29999999999999954,0.29999999999999954,14,H1,4,1785513600000,,False,,,,,,,,,,,,,,,UNSCORED_SIGNAL_BAR_ABSENT
VALE-0046,VALE,O:VALE260814C00015000,CALL,15.0,2026-08-14,14,0.0,HOLDOUT,RISK_OR_EXHAUSTION,2026-07-31T15:15:00+00:00,2026-07-31T15:00:00+00:00,16,0,71,False,False,99,WITHIN_TOLERANCE,NEAR_ATM,0.29999999999999954,0.29999999999999954,14,D1,26,1785769200000,,False,,,,,,,,,,,,,,,UNSCORED_SIGNAL_BAR_ABSENT
VALE-0046,VALE,O:VALE260814C00015000,CALL,15.0,2026-08-14,14,0.0,HOLDOUT,RISK_OR_EXHAUSTION,2026-07-31T15:15:00+00:00,2026-07-31T15:00:00+00:00,16,0,71,False,False,99,WITHIN_TOLERANCE,NEAR_ATM,0.29999999999999954,0.29999999999999954,14,D3,78,1785942000000,,False,,,,,,,,,,,,,,,UNSCORED_SIGNAL_BAR_ABSENT
VALE-0046,VALE,O:VALE260814C00015000,CALL,15.0,2026-08-14,14,0.0,HOLDOUT,RISK_OR_EXHAUSTION,2026-07-31T15:15:00+00:00,2026-07-31T15:00:00+00:00,16,0,71,False,False,99,WITHIN_TOLERANCE,NEAR_ATM,0.29999999999999954,0.29999999999999954,14,D5,130,1786114800000,,False,,,,,,,,,,,,,,,UNSCORED_SIGNAL_BAR_ABSENT
VALE-0046,VALE,O:VALE260814C00015000,CALL,15.0,2026-08-14,14,0.0,HOLDOUT,RISK_OR_EXHAUSTION,2026-07-31T15:15:00+00:00,2026-07-31T15:00:00+00:00,16,0,71,False,False,99,WITHIN_TOLERANCE,NEAR_ATM,0.29999999999999954,0.29999999999999954,14,D10,260,1786477500000,UNDERLYING_DATA_END,True,,,,,,,,,,,,,,,UNSCORED_SIGNAL_BAR_ABSENT
U-0045,U,O:U260814C00031500,CALL,31.5,2026-08-14,14,0.0,HOLDOUT,THESIS_PRESSURE,2026-07-31T17:15:00+00:00,2026-07-31T17:00:00+00:00,6,0,10,False,False,34,WITHIN_TOLERANCE,NEAR_ATM,0.28571428571428525,0.28571428571428525,14,H1,4,1785520800000,,False,,,,,,,,,,,,,,,UNSCORED_SIGNAL_BAR_ABSENT
U-0045,U,O:U260814C00031500,CALL,31.5,2026-08-14,14,0.0,HOLDOUT,THESIS_PRESSURE,2026-07-31T17:15:00+00:00,2026-07-31T17:00:00+00:00,6,0,10,False,False,34,WITHIN_TOLERANCE,NEAR_ATM,0.28571428571428525,0.28571428571428525,14,D1,26,1785776400000,,False,,,,,,,,,,,,,,,UNSCORED_SIGNAL_BAR_ABSENT
U-0045,U,O:U260814C00031500,CALL,31.5,2026-08-14,14,0.0,HOLDOUT,THESIS_PRESSURE,2026-07-31T17:15:00+00:00,2026-07-31T17:00:00+00:00,6,0,10,False,False,34,WITHIN_TOLERANCE,NEAR_ATM,0.28571428571428525,0.28571428571428525,14,D3,78,1785949200000,,False,,,,,,,,,,,,,,,UNSCORED_SIGNAL_BAR_ABSENT
U-0045,U,O:U260814C00031500,CALL,31.5,2026-08-14,14,0.0,HOLDOUT,THESIS_PRESSURE,2026-07-31T17:15:00+00:00,2026-07-31T17:00:00+00:00,6,0,10,False,False,34,WITHIN_TOLERANCE,NEAR_ATM,0.28571428571428525,0.28571428571428525,14,D5,130,1786122000000,,False,,,,,,,,,,,,,,,UNSCORED_SIGNAL_BAR_ABSENT
U-0045,U,O:U260814C00031500,CALL,31.5,2026-08-14,14,0.0,HOLDOUT,THESIS_PRESSURE,2026-07-31T17:15:00+00:00,2026-07-31T17:00:00+00:00,6,0,10,False,False,34,WITHIN_TOLERANCE,NEAR_ATM,0.28571428571428525,0.28571428571428525,14,D10,260,1786477500000,UNDERLYING_DATA_END,True,,,,,,,,,,,,,,,UNSCORED_SIGNAL_BAR_ABSENT
TSLA-0045,TSLA,O:TSLA260814C00310000,CALL,310.0,2026-08-14,14,0.0,HOLDOUT,ENTRY_FORMING,2026-07-31T20:00:00+00:00,2026-07-31T19:45:00+00:00,147,1,145,False,True,348,WITHIN_TOLERANCE,NEAR_ATM,0.3580645161290366,0.3580645161290366,14,H1,4,1785766500000,,False,4,11.86,11.25,-5.143338954468801,45.06666666666668,0.0,39.55555555555554,3,1,-3.799019607843146,0.8777120315581849,37.6053962900506,-5.143338954468801,False,SCORED_WINDOW
TSLA-0045,TSLA,O:TSLA260814C00310000,CALL,310.0,2026-08-14,14,0.0,HOLDOUT,ENTRY_FORMING,2026-07-31T20:00:00+00:00,2026-07-31T19:45:00+00:00,147,1,145,False,True,348,WITHIN_TOLERANCE,NEAR_ATM,0.3580645161290366,0.3580645161290366,14,D1,26,1785786300000,,False,22,11.86,11.25,-5.143338954468801,73.33333333333334,0.0,58.22222222222222,20,1,-8.717948717948708,0.7939393939393938,64.41821247892075,-5.143338954468801,False,SCORED_WINDOW
TSLA-0045,TSLA,O:TSLA260814C00310000,CALL,310.0,2026-08-14,14,0.0,HOLDOUT,ENTRY_FORMING,2026-07-31T20:00:00+00:00,2026-07-31T19:45:00+00:00,147,1,145,False,True,348,WITHIN_TOLERANCE,NEAR_ATM,0.3580645161290366,0.3580645161290366,14,D3,78,1785959100000,,False,63,11.86,11.25,-5.143338954468801,106.22222222222221,0.0,43.55555555555555,42,1,-30.38793103448276,0.41004184100418406,95.61551433389546,-5.143338954468801,False,SCORED_WINDOW
TSLA-0045,TSLA,O:TSLA260814C00310000,CALL,310.0,2026-08-14,14,0.0,HOLDOUT,ENTRY_FORMING,2026-07-31T20:00:00+00:00,2026-07-31T19:45:00+00:00,147,1,145,False,True,348,WITHIN_TOLERANCE,NEAR_ATM,0.3580645161290366,0.3580645161290366,14,D5,130,1786131900000,,False,107,11.86,11.25,-5.143338954468801,115.11111111111111,0.0,79.46666666666668,90,1,-16.570247933884286,0.6903474903474904,104.04721753794269,-5.143338954468801,False,SCORED_WINDOW
TSLA-0045,TSLA,O:TSLA260814C00310000,CALL,310.0,2026-08-14,14,0.0,HOLDOUT,ENTRY_FORMING,2026-07-31T20:00:00+00:00,2026-07-31T19:45:00+00:00,147,1,145,False,True,348,WITHIN_TOLERANCE,NEAR_ATM,0.3580645161290366,0.3580645161290366,14,D10,260,1786477500000,UNDERLYING_DATA_END,True,145,11.86,11.25,-5.143338954468801,132.88888888888889,0.0,104.0,130,1,-12.404580152671752,0.782608695652174,120.91062394603709,-5.143338954468801,False,SCORED_RIGHT_CENSORED
SPY-0046,SPY,O:SPY260817C00760000,CALL,760.0,2026-08-17,14,0.0,HOLDOUT,RISK_OR_EXHAUSTION,2026-08-03T19:45:00+00:00,2026-08-03T19:30:00+00:00,24,1,71,False,True,129,WITHIN_TOLERANCE,NEAR_ATM,0.25394736842104604,-0.25394736842104604,14,H1,4,1785852000000,,False,5,5.88,5.92,0.6802721088435382,74.15540540540542,-2.871621621621623,74.15540540540542,5,1,0.0,1.0,75.34013605442178,-2.2108843537414935,False,SCORED_WINDOW
SPY-0046,SPY,O:SPY260817C00760000,CALL,760.0,2026-08-17,14,0.0,HOLDOUT,RISK_OR_EXHAUSTION,2026-08-03T19:45:00+00:00,2026-08-03T19:30:00+00:00,24,1,71,False,True,129,WITHIN_TOLERANCE,NEAR_ATM,0.25394736842104604,-0.25394736842104604,14,D1,26,1785871800000,,False,18,5.88,5.92,0.6802721088435382,182.93918918918922,-2.871621621621623,179.72972972972968,14,1,-1.134328358208958,0.9824561403508768,184.86394557823132,-2.2108843537414935,False,SCORED_WINDOW
SPY-0046,SPY,O:SPY260817C00760000,CALL,760.0,2026-08-17,14,0.0,HOLDOUT,RISK_OR_EXHAUSTION,2026-08-03T19:45:00+00:00,2026-08-03T19:30:00+00:00,24,1,71,False,True,129,WITHIN_TOLERANCE,NEAR_ATM,0.25394736842104604,-0.25394736842104604,14,D3,78,1786044600000,,False,38,5.88,5.92,0.6802721088435382,229.39189189189187,-2.871621621621623,108.78378378378378,21,1,-36.61538461538461,0.4742268041237113,231.6326530612245,-2.2108843537414935,False,SCORED_WINDOW
SPY-0046,SPY,O:SPY260817C00760000,CALL,760.0,2026-08-17,14,0.0,HOLDOUT,RISK_OR_EXHAUSTION,2026-08-03T19:45:00+00:00,2026-08-03T19:30:00+00:00,24,1,71,False,True,129,WITHIN_TOLERANCE,NEAR_ATM,0.25394736842104604,-0.25394736842104604,14,D5,130,1786390200000,,False,65,5.88,5.92,0.6802721088435382,229.39189189189187,-2.871621621621623,148.31081081081078,21,1,-24.615384615384617,0.6465390279823269,231.6326530612245,-2.2108843537414935,False,SCORED_WINDOW
SPY-0046,SPY,O:SPY260817C00760000,CALL,760.0,2026-08-17,14,0.0,HOLDOUT,RISK_OR_EXHAUSTION,2026-08-03T19:45:00+00:00,2026-08-03T19:30:00+00:00,24,1,71,False,True,129,WITHIN_TOLERANCE,NEAR_ATM,0.25394736842104604,-0.25394736842104604,14,D10,260,1786477500000,UNDERLYING_DATA_END,True,73,5.88,5.92,0.6802721088435382,229.39189189189187,-2.871621621621623,97.12837837837837,21,1,-40.15384615384615,0.42341678939617083,231.6326530612245,-2.2108843537414935,False,SCORED_RIGHT_CENSORED
RBLX-0046,RBLX,O:RBLX260821C00038000,CALL,38.0,2026-08-21,14,0.0,HOLDOUT,CONTINUATION,2026-08-04T16:00:00+00:00,2026-08-04T15:45:00+00:00,36,1,56,False,True,143,WITHIN_TOLERANCE,NEAR_ATM,0.03947368421052781,-0.03947368421052781,17,H1,4,1785861900000,,False,3,2.49,2.58,3.6144578313253017,0.0,-10.465116279069765,-8.527131782945741,1,3,-8.527131782945741,,3.6144578313253017,-7.2289156626506035,True,SCORED_WINDOW
RBLX-0046,RBLX,O:RBLX260821C00038000,CALL,38.0,2026-08-21,14,0.0,HOLDOUT,CONTINUATION,2026-08-04T16:00:00+00:00,2026-08-04T15:45:00+00:00,36,1,56,False,True,143,WITHIN_TOLERANCE,NEAR_ATM,0.03947368421052781,-0.03947368421052781,17,D1,26,1785944700000,,False,9,2.49,2.58,3.6144578313253017,0.0,-24.031007751937985,-24.031007751937985,1,9,-24.031007751937985,,3.6144578313253017,-21.285140562249005,True,SCORED_WINDOW
RBLX-0046,RBLX,O:RBLX260821C00038000,CALL,38.0,2026-08-21,14,0.0,HOLDOUT,CONTINUATION,2026-08-04T16:00:00+00:00,2026-08-04T15:45:00+00:00,36,1,56,False,True,143,WITHIN_TOLERANCE,NEAR_ATM,0.03947368421052781,-0.03947368421052781,17,D3,78,1786117500000,,False,28,2.49,2.58,3.6144578313253017,0.0,-54.65116279069768,-41.860465116279066,1,19,-41.860465116279066,,3.6144578313253017,-53.01204819277109,True,SCORED_WINDOW
RBLX-0046,RBLX,O:RBLX260821C00038000,CALL,38.0,2026-08-21,14,0.0,HOLDOUT,CONTINUATION,2026-08-04T16:00:00+00:00,2026-08-04T15:45:00+00:00,36,1,56,False,True,143,WITHIN_TOLERANCE,NEAR_ATM,0.03947368421052781,-0.03947368421052781,17,D5,130,1786463100000,,False,46,2.49,2.58,3.6144578313253017,8.52713178294573,-63.95348837209303,-63.95348837209303,37,46,-66.78571428571428,-7.500000000000006,12.449799196787126,-62.65060240963856,True,SCORED_WINDOW
RBLX-0046,RBLX,O:RBLX260821C00038000,CALL,38.0,2026-08-21,14,0.0,HOLDOUT,CONTINUATION,2026-08-04T16:00:00+00:00,2026-08-04T15:45:00+00:00,36,1,56,False,True,143,WITHIN_TOLERANCE,NEAR_ATM,0.03947368421052781,-0.03947368421052781,17,D10,260,1786477500000,UNDERLYING_DATA_END,True,56,2.49,2.58,3.6144578313253017,8.52713178294573,-70.15503875968993,-65.11627906976744,37,56,-67.85714285714286,-7.636363636363642,12.449799196787126,-69.07630522088354,True,SCORED_RIGHT_CENSORED
RBLX-0047,RBLX,O:RBLX260821C00038000,CALL,38.0,2026-08-21,14,0.0,HOLDOUT,THESIS_PRESSURE,2026-08-04T19:15:00+00:00,2026-08-04T19:00:00+00:00,44,0,49,False,False,143,WITHIN_TOLERANCE,NEAR_ATM,1.200263157894735,-1.200263157894735,17,H1,4,1785936600000,,False,,,,,,,,,,,,,,,UNSCORED_SIGNAL_BAR_ABSENT
RBLX-0047,RBLX,O:RBLX260821C00038000,CALL,38.0,2026-08-21,14,0.0,HOLDOUT,THESIS_PRESSURE,2026-08-04T19:15:00+00:00,2026-08-04T19:00:00+00:00,44,0,49,False,False,143,WITHIN_TOLERANCE,NEAR_ATM,1.200263157894735,-1.200263157894735,17,D1,26,1785956400000,,False,,,,,,,,,,,,,,,UNSCORED_SIGNAL_BAR_ABSENT
RBLX-0047,RBLX,O:RBLX260821C00038000,CALL,38.0,2026-08-21,14,0.0,HOLDOUT,THESIS_PRESSURE,2026-08-04T19:15:00+00:00,2026-08-04T19:00:00+00:00,44,0,49,False,False,143,WITHIN_TOLERANCE,NEAR_ATM,1.200263157894735,-1.200263157894735,17,D3,78,1786129200000,,False,,,,,,,,,,,,,,,UNSCORED_SIGNAL_BAR_ABSENT
RBLX-0047,RBLX,O:RBLX260821C00038000,CALL,38.0,2026-08-21,14,0.0,HOLDOUT,THESIS_PRESSURE,2026-08-04T19:15:00+00:00,2026-08-04T19:00:00+00:00,44,0,49,False,False,143,WITHIN_TOLERANCE,NEAR_ATM,1.200263157894735,-1.200263157894735,17,D5,130,1786474800000,,False,,,,,,,,,,,,,,,UNSCORED_SIGNAL_BAR_ABSENT
RBLX-0047,RBLX,O:RBLX260821C00038000,CALL,38.0,2026-08-21,14,0.0,HOLDOUT,THESIS_PRESSURE,2026-08-04T19:15:00+00:00,2026-08-04T19:00:00+00:00,44,0,49,False,False,143,WITHIN_TOLERANCE,NEAR_ATM,1.200263157894735,-1.200263157894735,17,D10,260,1786477500000,UNDERLYING_DATA_END,True,,,,,,,,,,,,,,,UNSCORED_SIGNAL_BAR_ABSENT
PYPL-0045,PYPL,O:PYPL260821C00058000,CALL,58.0,2026-08-21,14,0.0,HOLDOUT,THESIS_PRESSURE,2026-08-05T19:30:00+00:00,2026-08-05T19:15:00+00:00,64,1,38,False,True,133,WITHIN_TOLERANCE,NEAR_ATM,0.09482758620689606,-0.09482758620689606,16,H1,4,1786023900000,,False,3,1.47,1.41,-4.081632653061229,41.843971631205676,0.0,34.75177304964539,2,1,-5.000000000000004,0.8305084745762711,36.05442176870748,-4.081632653061229,False,SCORED_WINDOW
PYPL-0045,PYPL,O:PYPL260821C00058000,CALL,58.0,2026-08-21,14,0.0,HOLDOUT,THESIS_PRESSURE,2026-08-05T19:30:00+00:00,2026-08-05T19:15:00+00:00,64,1,38,False,True,133,WITHIN_TOLERANCE,NEAR_ATM,0.09482758620689606,-0.09482758620689606,16,D1,26,1786043700000,,False,11,1.47,1.41,-4.081632653061229,56.73758865248229,0.0,56.73758865248229,10,1,0.0,1.0,50.340136054421755,-4.081632653061229,False,SCORED_WINDOW
PYPL-0045,PYPL,O:PYPL260821C00058000,CALL,58.0,2026-08-21,14,0.0,HOLDOUT,THESIS_PRESSURE,2026-08-05T19:30:00+00:00,2026-08-05T19:15:00+00:00,64,1,38,False,True,133,WITHIN_TOLERANCE,NEAR_ATM,0.09482758620689606,-0.09482758620689606,16,D3,78,1786389300000,,False,23,1.47,1.41,-4.081632653061229,71.63120567375887,-2.127659574468088,-2.127659574468088,12,23,-42.97520661157025,-0.029702970297029743,64.62585034013605,-6.1224489795918435,True,SCORED_WINDOW
PYPL-0045,PYPL,O:PYPL260821C00058000,CALL,58.0,2026-08-21,14,0.0,HOLDOUT,THESIS_PRESSURE,2026-08-05T19:30:00+00:00,2026-08-05T19:15:00+00:00,64,1,38,False,True,133,WITHIN_TOLERANCE,NEAR_ATM,0.09482758620689606,-0.09482758620689606,16,D5,130,1786477500000,UNDERLYING_DATA_END,True,38,1.47,1.41,-4.081632653061229,71.63120567375887,-2.127659574468088,26.950354609929093,12,23,-26.03305785123966,0.3762376237623764,64.62585034013605,-6.1224489795918435,True,SCORED_RIGHT_CENSORED
PYPL-0045,PYPL,O:PYPL260821C00058000,CALL,58.0,2026-08-21,14,0.0,HOLDOUT,THESIS_PRESSURE,2026-08-05T19:30:00+00:00,2026-08-05T19:15:00+00:00,64,1,38,False,True,133,WITHIN_TOLERANCE,NEAR_ATM,0.09482758620689606,-0.09482758620689606,16,D10,260,1786477500000,UNDERLYING_DATA_END,True,38,1.47,1.41,-4.081632653061229,71.63120567375887,-2.127659574468088,26.950354609929093,12,23,-26.03305785123966,0.3762376237623764,64.62585034013605,-6.1224489795918435,True,SCORED_RIGHT_CENSORED
U-0046,U,O:U260821C00039000,CALL,39.0,2026-08-21,14,0.0,HOLDOUT,RISK_OR_EXHAUSTION,2026-08-06T14:15:00+00:00,2026-08-06T14:00:00+00:00,21,1,20,False,True,49,WITHIN_TOLERANCE,NEAR_ATM,0.4615384615384608,0.4615384615384608,15,H1,4,1786028400000,,False,3,2.55,2.63,3.1372549019607954,23.193916349809896,0.0,22.81368821292775,3,1,-0.30864197530865445,0.9836065573770485,27.05882352941178,3.1372549019607954,False,SCORED_WINDOW
U-0046,U,O:U260821C00039000,CALL,39.0,2026-08-21,14,0.0,HOLDOUT,RISK_OR_EXHAUSTION,2026-08-06T14:15:00+00:00,2026-08-06T14:00:00+00:00,21,1,20,False,True,49,WITHIN_TOLERANCE,NEAR_ATM,0.4615384615384608,0.4615384615384608,15,D1,26,1786111200000,,False,9,2.55,2.63,3.1372549019607954,97.71863117870726,0.0,97.71863117870726,9,1,0.0,1.0,103.92156862745101,3.1372549019607954,False,SCORED_WINDOW
U-0046,U,O:U260821C00039000,CALL,39.0,2026-08-21,14,0.0,HOLDOUT,RISK_OR_EXHAUSTION,2026-08-06T14:15:00+00:00,2026-08-06T14:00:00+00:00,21,1,20,False,True,49,WITHIN_TOLERANCE,NEAR_ATM,0.4615384615384608,0.4615384615384608,15,D3,78,1786456800000,,False,17,2.55,2.63,3.1372549019607954,97.71863117870726,0.0,68.82129277566543,9,1,-14.615384615384608,0.7042801556420234,103.92156862745101,3.1372549019607954,False,SCORED_WINDOW
U-0046,U,O:U260821C00039000,CALL,39.0,2026-08-21,14,0.0,HOLDOUT,RISK_OR_EXHAUSTION,2026-08-06T14:15:00+00:00,2026-08-06T14:00:00+00:00,21,1,20,False,True,49,WITHIN_TOLERANCE,NEAR_ATM,0.4615384615384608,0.4615384615384608,15,D5,130,1786477500000,UNDERLYING_DATA_END,True,20,2.55,2.63,3.1372549019607954,97.71863117870726,0.0,82.12927756653994,9,1,-7.88461538461539,0.8404669260700388,103.92156862745101,3.1372549019607954,False,SCORED_RIGHT_CENSORED
U-0046,U,O:U260821C00039000,CALL,39.0,2026-08-21,14,0.0,HOLDOUT,RISK_OR_EXHAUSTION,2026-08-06T14:15:00+00:00,2026-08-06T14:00:00+00:00,21,1,20,False,True,49,WITHIN_TOLERANCE,NEAR_ATM,0.4615384615384608,0.4615384615384608,15,D10,260,1786477500000,UNDERLYING_DATA_END,True,20,2.55,2.63,3.1372549019607954,97.71863117870726,0.0,82.12927756653994,9,1,-7.88461538461539,0.8404669260700388,103.92156862745101,3.1372549019607954,False,SCORED_RIGHT_CENSORED
PYPL-0046,PYPL,O:PYPL260821C00059000,CALL,59.0,2026-08-21,14,0.0,HOLDOUT,CONTINUATION,2026-08-06T18:45:00+00:00,2026-08-06T18:30:00+00:00,73,1,52,False,True,175,WITHIN_TOLERANCE,NEAR_ATM,0.5847457627118625,0.5847457627118625,15,H1,4,1786044600000,,False,2,1.61,1.59,-1.2422360248447228,6.91823899371069,0.0,6.91823899371069,2,1,0.0,1.0,5.590062111801242,-1.2422360248447228,False,SCORED_WINDOW
PYPL-0046,PYPL,O:PYPL260821C00059000,CALL,59.0,2026-08-21,14,0.0,HOLDOUT,CONTINUATION,2026-08-06T18:45:00+00:00,2026-08-06T18:30:00+00:00,73,1,52,False,True,175,WITHIN_TOLERANCE,NEAR_ATM,0.5847457627118625,0.5847457627118625,15,D1,26,1786127400000,,False,17,1.61,1.59,-1.2422360248447228,19.496855345911946,-32.07547169811321,-32.07547169811321,6,17,-43.157894736842096,-1.6451612903225812,18.012422360248426,-32.919254658385086,True,SCORED_WINDOW
PYPL-0046,PYPL,O:PYPL260821C00059000,CALL,59.0,2026-08-21,14,0.0,HOLDOUT,CONTINUATION,2026-08-06T18:45:00+00:00,2026-08-06T18:30:00+00:00,73,1,52,False,True,175,WITHIN_TOLERANCE,NEAR_ATM,0.5847457627118625,0.5847457627118625,15,D3,78,1786473000000,,False,49,1.61,1.59,-1.2422360248447228,19.496855345911946,-44.65408805031446,-36.47798742138365,6,29,-46.8421052631579,-1.8709677419354844,18.012422360248426,-45.341614906832305,True,SCORED_WINDOW
PYPL-0046,PYPL,O:PYPL260821C00059000,CALL,59.0,2026-08-21,14,0.0,HOLDOUT,CONTINUATION,2026-08-06T18:45:00+00:00,2026-08-06T18:30:00+00:00,73,1,52,False,True,175,WITHIN_TOLERANCE,NEAR_ATM,0.5847457627118625,0.5847457627118625,15,D5,130,1786477500000,UNDERLYING_DATA_END,True,52,1.61,1.59,-1.2422360248447228,19.496855345911946,-44.65408805031446,-32.704402515723274,6,29,-43.68421052631578,-1.6774193548387102,18.012422360248426,-45.341614906832305,True,SCORED_RIGHT_CENSORED
PYPL-0046,PYPL,O:PYPL260821C00059000,CALL,59.0,2026-08-21,14,0.0,HOLDOUT,CONTINUATION,2026-08-06T18:45:00+00:00,2026-08-06T18:30:00+00:00,73,1,52,False,True,175,WITHIN_TOLERANCE,NEAR_ATM,0.5847457627118625,0.5847457627118625,15,D10,260,1786477500000,UNDERLYING_DATA_END,True,52,1.61,1.59,-1.2422360248447228,19.496855345911946,-44.65408805031446,-32.704402515723274,6,29,-43.68421052631578,-1.6774193548387102,18.012422360248426,-45.341614906832305,True,SCORED_RIGHT_CENSORED
TSLA-0046,TSLA,O:TSLA260819C00317500,CALL,317.5,2026-08-19,14,0.0,HOLDOUT,THESIS_PRESSURE,2026-08-06T18:45:00+00:00,2026-08-06T18:30:00+00:00,7,1,10,False,True,34,WITHIN_TOLERANCE,NEAR_ATM,0.33385826771653615,0.33385826771653615,13,H1,4,1786044600000,,False,1,10.72,10.9,1.679104477611948,0.0,0.0,0.0,1,1,0.0,,1.679104477611948,1.679104477611948,False,SCORED_WINDOW
TSLA-0046,TSLA,O:TSLA260819C00317500,CALL,317.5,2026-08-19,14,0.0,HOLDOUT,THESIS_PRESSURE,2026-08-06T18:45:00+00:00,2026-08-06T18:30:00+00:00,7,1,10,False,True,34,WITHIN_TOLERANCE,NEAR_ATM,0.33385826771653615,0.33385826771653615,13,D1,26,1786127400000,,False,5,10.72,10.9,1.679104477611948,52.293577981651374,0.0,37.15596330275228,4,1,-9.93975903614459,0.7105263157894736,54.850746268656714,1.679104477611948,False,SCORED_WINDOW
TSLA-0046,TSLA,O:TSLA260819C00317500,CALL,317.5,2026-08-19,14,0.0,HOLDOUT,THESIS_PRESSURE,2026-08-06T18:45:00+00:00,2026-08-06T18:30:00+00:00,7,1,10,False,True,34,WITHIN_TOLERANCE,NEAR_ATM,0.33385826771653615,0.33385826771653615,13,D3,78,1786473000000,,False,10,10.72,10.9,1.679104477611948,54.128440366972484,0.0,52.018348623853214,7,1,-1.3690476190476253,0.9610169491525423,56.71641791044777,1.679104477611948,False,SCORED_WINDOW
TSLA-0046,TSLA,O:TSLA260819C00317500,CALL,317.5,2026-08-19,14,0.0,HOLDOUT,THESIS_PRESSURE,2026-08-06T18:45:00+00:00,2026-08-06T18:30:00+00:00,7,1,10,False,True,34,WITHIN_TOLERANCE,NEAR_ATM,0.33385826771653615,0.33385826771653615,13,D5,130,1786477500000,UNDERLYING_DATA_END,True,10,10.72,10.9,1.679104477611948,54.128440366972484,0.0,52.018348623853214,7,1,-1.3690476190476253,0.9610169491525423,56.71641791044777,1.679104477611948,False,SCORED_RIGHT_CENSORED
TSLA-0046,TSLA,O:TSLA260819C00317500,CALL,317.5,2026-08-19,14,0.0,HOLDOUT,THESIS_PRESSURE,2026-08-06T18:45:00+00:00,2026-08-06T18:30:00+00:00,7,1,10,False,True,34,WITHIN_TOLERANCE,NEAR_ATM,0.33385826771653615,0.33385826771653615,13,D10,260,1786477500000,UNDERLYING_DATA_END,True,10,10.72,10.9,1.679104477611948,54.128440366972484,0.0,52.018348623853214,7,1,-1.3690476190476253,0.9610169491525423,56.71641791044777,1.679104477611948,False,SCORED_RIGHT_CENSORED
PYPL-0047,PYPL,O:PYPL260821C00060000,CALL,60.0,2026-08-21,14,0.0,HOLDOUT,RISK_OR_EXHAUSTION,2026-08-07T14:30:00+00:00,2026-08-07T14:15:00+00:00,114,1,70,False,True,263,WITHIN_TOLERANCE,NEAR_ATM,0.2499999999999976,-0.2499999999999976,14,H1,4,1786115700000,,False,4,1.32,1.3,-1.5151515151515138,2.3076923076922995,-23.076923076923084,-23.076923076923084,1,4,-24.812030075187973,-10.000000000000039,0.7575757575757569,-24.242424242424242,True,SCORED_WINDOW
PYPL-0047,PYPL,O:PYPL260821C00060000,CALL,60.0,2026-08-21,14,0.0,HOLDOUT,RISK_OR_EXHAUSTION,2026-08-07T14:30:00+00:00,2026-08-07T14:15:00+00:00,114,1,70,False,True,263,WITHIN_TOLERANCE,NEAR_ATM,0.2499999999999976,-0.2499999999999976,14,D1,26,1786371300000,,False,26,1.32,1.3,-1.5151515151515138,2.3076923076922995,-56.92307692307692,-53.846153846153854,1,25,-54.88721804511278,-23.33333333333342,0.7575757575757569,-57.57575757575757,True,SCORED_WINDOW
PYPL-0047,PYPL,O:PYPL260821C00060000,CALL,60.0,2026-08-21,14,0.0,HOLDOUT,RISK_OR_EXHAUSTION,2026-08-07T14:30:00+00:00,2026-08-07T14:15:00+00:00,114,1,70,False,True,263,WITHIN_TOLERANCE,NEAR_ATM,0.2499999999999976,-0.2499999999999976,14,D3,78,1786477500000,UNDERLYING_DATA_END,True,70,1.32,1.3,-1.5151515151515138,2.3076923076922995,-59.23076923076923,-47.692307692307686,1,35,-48.872180451127825,-20.66666666666674,0.7575757575757569,-59.84848484848485,True,SCORED_RIGHT_CENSORED
PYPL-0047,PYPL,O:PYPL260821C00060000,CALL,60.0,2026-08-21,14,0.0,HOLDOUT,RISK_OR_EXHAUSTION,2026-08-07T14:30:00+00:00,2026-08-07T14:15:00+00:00,114,1,70,False,True,263,WITHIN_TOLERANCE,NEAR_ATM,0.2499999999999976,-0.2499999999999976,14,D5,130,1786477500000,UNDERLYING_DATA_END,True,70,1.32,1.3,-1.5151515151515138,2.3076923076922995,-59.23076923076923,-47.692307692307686,1,35,-48.872180451127825,-20.66666666666674,0.7575757575757569,-59.84848484848485,True,SCORED_RIGHT_CENSORED
PYPL-0047,PYPL,O:PYPL260821C00060000,CALL,60.0,2026-08-21,14,0.0,HOLDOUT,RISK_OR_EXHAUSTION,2026-08-07T14:30:00+00:00,2026-08-07T14:15:00+00:00,114,1,70,False,True,263,WITHIN_TOLERANCE,NEAR_ATM,0.2499999999999976,-0.2499999999999976,14,D10,260,1786477500000,UNDERLYING_DATA_END,True,70,1.32,1.3,-1.5151515151515138,2.3076923076922995,-59.23076923076923,-47.692307692307686,1,35,-48.872180451127825,-20.66666666666674,0.7575757575757569,-59.84848484848485,True,SCORED_RIGHT_CENSORED
RBLX-0048,RBLX,O:RBLX260821C00037000,CALL,37.0,2026-08-21,14,0.0,HOLDOUT,ENTRY_FORMING,2026-08-07T14:45:00+00:00,2026-08-07T14:30:00+00:00,66,1,21,False,True,133,WITHIN_TOLERANCE,NEAR_ATM,0.13513513513512745,-0.13513513513512745,14,H1,4,1786116600000,,False,1,1.83,1.85,1.0928961748633892,0.0,0.0,0.0,1,1,0.0,,1.0928961748633892,1.0928961748633892,False,SCORED_WINDOW
RBLX-0048,RBLX,O:RBLX260821C00037000,CALL,37.0,2026-08-21,14,0.0,HOLDOUT,ENTRY_FORMING,2026-08-07T14:45:00+00:00,2026-08-07T14:30:00+00:00,66,1,21,False,True,133,WITHIN_TOLERANCE,NEAR_ATM,0.13513513513512745,-0.13513513513512745,14,D1,26,1786372200000,,False,7,1.83,1.85,1.0928961748633892,82.70270270270268,-7.567567567567579,82.70270270270268,7,3,0.0,1.0,84.69945355191255,-6.557377049180335,False,SCORED_WINDOW
RBLX-0048,RBLX,O:RBLX260821C00037000,CALL,37.0,2026-08-21,14,0.0,HOLDOUT,ENTRY_FORMING,2026-08-07T14:45:00+00:00,2026-08-07T14:30:00+00:00,66,1,21,False,True,133,WITHIN_TOLERANCE,NEAR_ATM,0.13513513513512745,-0.13513513513512745,14,D3,78,1786477500000,UNDERLYING_DATA_END,True,21,1.83,1.85,1.0928961748633892,82.70270270270268,-35.67567567567568,-34.5945945945946,7,21,-64.20118343195267,-0.41830065359477137,84.69945355191255,-34.97267759562842,True,SCORED_RIGHT_CENSORED
RBLX-0048,RBLX,O:RBLX260821C00037000,CALL,37.0,2026-08-21,14,0.0,HOLDOUT,ENTRY_FORMING,2026-08-07T14:45:00+00:00,2026-08-07T14:30:00+00:00,66,1,21,False,True,133,WITHIN_TOLERANCE,NEAR_ATM,0.13513513513512745,-0.13513513513512745,14,D5,130,1786477500000,UNDERLYING_DATA_END,True,21,1.83,1.85,1.0928961748633892,82.70270270270268,-35.67567567567568,-34.5945945945946,7,21,-64.20118343195267,-0.41830065359477137,84.69945355191255,-34.97267759562842,True,SCORED_RIGHT_CENSORED
RBLX-0048,RBLX,O:RBLX260821C00037000,CALL,37.0,2026-08-21,14,0.0,HOLDOUT,ENTRY_FORMING,2026-08-07T14:45:00+00:00,2026-08-07T14:30:00+00:00,66,1,21,False,True,133,WITHIN_TOLERANCE,NEAR_ATM,0.13513513513512745,-0.13513513513512745,14,D10,260,1786477500000,UNDERLYING_DATA_END,True,21,1.83,1.85,1.0928961748633892,82.70270270270268,-35.67567567567568,-34.5945945945946,7,21,-64.20118343195267,-0.41830065359477137,84.69945355191255,-34.97267759562842,True,SCORED_RIGHT_CENSORED
LULU-0045,LULU,O:LULU260821C00128000,CALL,128.0,2026-08-21,14,0.0,HOLDOUT,RISK_OR_EXHAUSTION,2026-08-07T19:45:00+00:00,2026-08-07T19:30:00+00:00,47,0,12,False,False,88,WITHIN_TOLERANCE,NEAR_ATM,0.30468749999998934,0.30468749999998934,14,H1,4,1786370400000,,False,,,,,,,,,,,,,,,UNSCORED_SIGNAL_BAR_ABSENT
LULU-0045,LULU,O:LULU260821C00128000,CALL,128.0,2026-08-21,14,0.0,HOLDOUT,RISK_OR_EXHAUSTION,2026-08-07T19:45:00+00:00,2026-08-07T19:30:00+00:00,47,0,12,False,False,88,WITHIN_TOLERANCE,NEAR_ATM,0.30468749999998934,0.30468749999998934,14,D1,26,1786390200000,,False,,,,,,,,,,,,,,,UNSCORED_SIGNAL_BAR_ABSENT
LULU-0045,LULU,O:LULU260821C00128000,CALL,128.0,2026-08-21,14,0.0,HOLDOUT,RISK_OR_EXHAUSTION,2026-08-07T19:45:00+00:00,2026-08-07T19:30:00+00:00,47,0,12,False,False,88,WITHIN_TOLERANCE,NEAR_ATM,0.30468749999998934,0.30468749999998934,14,D3,78,1786477500000,UNDERLYING_DATA_END,True,,,,,,,,,,,,,,,UNSCORED_SIGNAL_BAR_ABSENT
LULU-0045,LULU,O:LULU260821C00128000,CALL,128.0,2026-08-21,14,0.0,HOLDOUT,RISK_OR_EXHAUSTION,2026-08-07T19:45:00+00:00,2026-08-07T19:30:00+00:00,47,0,12,False,False,88,WITHIN_TOLERANCE,NEAR_ATM,0.30468749999998934,0.30468749999998934,14,D5,130,1786477500000,UNDERLYING_DATA_END,True,,,,,,,,,,,,,,,UNSCORED_SIGNAL_BAR_ABSENT
LULU-0045,LULU,O:LULU260821C00128000,CALL,128.0,2026-08-21,14,0.0,HOLDOUT,RISK_OR_EXHAUSTION,2026-08-07T19:45:00+00:00,2026-08-07T19:30:00+00:00,47,0,12,False,False,88,WITHIN_TOLERANCE,NEAR_ATM,0.30468749999998934,0.30468749999998934,14,D10,260,1786477500000,UNDERLYING_DATA_END,True,,,,,,,,,,,,,,,UNSCORED_SIGNAL_BAR_ABSENT
GME-0047,GME,O:GME260821C00019000,CALL,19.0,2026-08-21,14,0.0,HOLDOUT,ENTRY_FORMING,2026-08-10T14:00:00+00:00,2026-08-10T13:45:00+00:00,120,1,46,False,True,243,WITHIN_TOLERANCE,NEAR_ATM,0.973684210526309,0.973684210526309,11,H1,4,1786373100000,,False,4,0.53,0.5,-5.660377358490576,30.000000000000004,-7.9999999999999964,13.99999999999999,3,1,-12.307692307692319,0.46666666666666623,22.64150943396226,-13.207547169811317,False,SCORED_WINDOW
GME-0047,GME,O:GME260821C00019000,CALL,19.0,2026-08-21,14,0.0,HOLDOUT,ENTRY_FORMING,2026-08-10T14:00:00+00:00,2026-08-10T13:45:00+00:00,120,1,46,False,True,243,WITHIN_TOLERANCE,NEAR_ATM,0.973684210526309,0.973684210526309,11,D1,26,1786455900000,,False,23,0.53,0.5,-5.660377358490576,30.000000000000004,-46.0,-34.0,3,22,-49.23076923076923,-1.1333333333333333,22.64150943396226,-49.056603773584904,True,SCORED_WINDOW
GME-0047,GME,O:GME260821C00019000,CALL,19.0,2026-08-21,14,0.0,HOLDOUT,ENTRY_FORMING,2026-08-10T14:00:00+00:00,2026-08-10T13:45:00+00:00,120,1,46,False,True,243,WITHIN_TOLERANCE,NEAR_ATM,0.973684210526309,0.973684210526309,11,D3,78,1786477500000,UNDERLYING_DATA_END,True,46,0.53,0.5,-5.660377358490576,30.000000000000004,-48.0,-38.0,3,34,-52.307692307692314,-1.2666666666666666,22.64150943396226,-50.943396226415096,True,SCORED_RIGHT_CENSORED
GME-0047,GME,O:GME260821C00019000,CALL,19.0,2026-08-21,14,0.0,HOLDOUT,ENTRY_FORMING,2026-08-10T14:00:00+00:00,2026-08-10T13:45:00+00:00,120,1,46,False,True,243,WITHIN_TOLERANCE,NEAR_ATM,0.973684210526309,0.973684210526309,11,D5,130,1786477500000,UNDERLYING_DATA_END,True,46,0.53,0.5,-5.660377358490576,30.000000000000004,-48.0,-38.0,3,34,-52.307692307692314,-1.2666666666666666,22.64150943396226,-50.943396226415096,True,SCORED_RIGHT_CENSORED
GME-0047,GME,O:GME260821C00019000,CALL,19.0,2026-08-21,14,0.0,HOLDOUT,ENTRY_FORMING,2026-08-10T14:00:00+00:00,2026-08-10T13:45:00+00:00,120,1,46,False,True,243,WITHIN_TOLERANCE,NEAR_ATM,0.973684210526309,0.973684210526309,11,D10,260,1786477500000,UNDERLYING_DATA_END,True,46,0.53,0.5,-5.660377358490576,30.000000000000004,-48.0,-38.0,3,34,-52.307692307692314,-1.2666666666666666,22.64150943396226,-50.943396226415096,True,SCORED_RIGHT_CENSORED
U-0047,U,O:U260821C00042500,CALL,42.5,2026-08-21,14,0.0,HOLDOUT,ENTRY_FORMING,2026-08-10T14:00:00+00:00,2026-08-10T13:45:00+00:00,0,0,8,True,False,14,WITHIN_TOLERANCE,NEAR_ATM,0.07082352941175847,0.07082352941175847,11,H1,4,1786373100000,,False,,,,,,,,,,,,,,,UNSCORED_SIGNAL_BAR_ABSENT
U-0047,U,O:U260821C00042500,CALL,42.5,2026-08-21,14,0.0,HOLDOUT,ENTRY_FORMING,2026-08-10T14:00:00+00:00,2026-08-10T13:45:00+00:00,0,0,8,True,False,14,WITHIN_TOLERANCE,NEAR_ATM,0.07082352941175847,0.07082352941175847,11,D1,26,1786455900000,,False,,,,,,,,,,,,,,,UNSCORED_SIGNAL_BAR_ABSENT
U-0047,U,O:U260821C00042500,CALL,42.5,2026-08-21,14,0.0,HOLDOUT,ENTRY_FORMING,2026-08-10T14:00:00+00:00,2026-08-10T13:45:00+00:00,0,0,8,True,False,14,WITHIN_TOLERANCE,NEAR_ATM,0.07082352941175847,0.07082352941175847,11,D3,78,1786477500000,UNDERLYING_DATA_END,True,,,,,,,,,,,,,,,UNSCORED_SIGNAL_BAR_ABSENT
U-0047,U,O:U260821C00042500,CALL,42.5,2026-08-21,14,0.0,HOLDOUT,ENTRY_FORMING,2026-08-10T14:00:00+00:00,2026-08-10T13:45:00+00:00,0,0,8,True,False,14,WITHIN_TOLERANCE,NEAR_ATM,0.07082352941175847,0.07082352941175847,11,D5,130,1786477500000,UNDERLYING_DATA_END,True,,,,,,,,,,,,,,,UNSCORED_SIGNAL_BAR_ABSENT
U-0047,U,O:U260821C00042500,CALL,42.5,2026-08-21,14,0.0,HOLDOUT,ENTRY_FORMING,2026-08-10T14:00:00+00:00,2026-08-10T13:45:00+00:00,0,0,8,True,False,14,WITHIN_TOLERANCE,NEAR_ATM,0.07082352941175847,0.07082352941175847,11,D10,260,1786477500000,UNDERLYING_DATA_END,True,,,,,,,,,,,,,,,UNSCORED_SIGNAL_BAR_ABSENT
GME-0048,GME,O:GME260821C00019000,CALL,19.0,2026-08-21,14,0.0,HOLDOUT,THESIS_PRESSURE,2026-08-10T17:15:00+00:00,2026-08-10T17:00:00+00:00,131,1,35,False,True,243,WITHIN_TOLERANCE,NEAR_ATM,0.051578947368413036,0.051578947368413036,11,H1,4,1786384800000,,False,3,0.41,0.42,2.4390243902439046,2.3809523809523725,-4.761904761904756,-4.761904761904756,2,1,-6.976744186046502,-2.0000000000000044,4.878048780487809,-2.4390243902438935,False,SCORED_WINDOW
GME-0048,GME,O:GME260821C00019000,CALL,19.0,2026-08-21,14,0.0,HOLDOUT,THESIS_PRESSURE,2026-08-10T17:15:00+00:00,2026-08-10T17:00:00+00:00,131,1,35,False,True,243,WITHIN_TOLERANCE,NEAR_ATM,0.051578947368413036,0.051578947368413036,11,D1,26,1786467600000,,False,24,0.41,0.42,2.4390243902439046,2.3809523809523725,-38.095238095238095,-33.33333333333333,2,23,-34.883720930232556,-14.000000000000048,4.878048780487809,-36.58536585365854,True,SCORED_WINDOW
GME-0048,GME,O:GME260821C00019000,CALL,19.0,2026-08-21,14,0.0,HOLDOUT,THESIS_PRESSURE,2026-08-10T17:15:00+00:00,2026-08-10T17:00:00+00:00,131,1,35,False,True,243,WITHIN_TOLERANCE,NEAR_ATM,0.051578947368413036,0.051578947368413036,11,D3,78,1786477500000,UNDERLYING_DATA_END,True,35,0.41,0.42,2.4390243902439046,2.3809523809523725,-38.095238095238095,-26.190476190476186,2,23,-27.90697674418604,-11.000000000000037,4.878048780487809,-36.58536585365854,True,SCORED_RIGHT_CENSORED
GME-0048,GME,O:GME260821C00019000,CALL,19.0,2026-08-21,14,0.0,HOLDOUT,THESIS_PRESSURE,2026-08-10T17:15:00+00:00,2026-08-10T17:00:00+00:00,131,1,35,False,True,243,WITHIN_TOLERANCE,NEAR_ATM,0.051578947368413036,0.051578947368413036,11,D5,130,1786477500000,UNDERLYING_DATA_END,True,35,0.41,0.42,2.4390243902439046,2.3809523809523725,-38.095238095238095,-26.190476190476186,2,23,-27.90697674418604,-11.000000000000037,4.878048780487809,-36.58536585365854,True,SCORED_RIGHT_CENSORED
GME-0048,GME,O:GME260821C00019000,CALL,19.0,2026-08-21,14,0.0,HOLDOUT,THESIS_PRESSURE,2026-08-10T17:15:00+00:00,2026-08-10T17:00:00+00:00,131,1,35,False,True,243,WITHIN_TOLERANCE,NEAR_ATM,0.051578947368413036,0.051578947368413036,11,D10,260,1786477500000,UNDERLYING_DATA_END,True,35,0.41,0.42,2.4390243902439046,2.3809523809523725,-38.095238095238095,-26.190476190476186,2,23,-27.90697674418604,-11.000000000000037,4.878048780487809,-36.58536585365854,True,SCORED_RIGHT_CENSORED
VALE-0047,VALE,O:VALE260821C00015000,CALL,15.0,2026-08-21,14,0.0,HOLDOUT,CONTINUATION,2026-08-10T18:00:00+00:00,2026-08-10T17:45:00+00:00,73,0,18,False,False,123,WITHIN_TOLERANCE,NEAR_ATM,1.1666666666666714,-1.1666666666666714,11,H1,4,1786387500000,,False,,,,,,,,,,,,,,,UNSCORED_SIGNAL_BAR_ABSENT
VALE-0047,VALE,O:VALE260821C00015000,CALL,15.0,2026-08-21,14,0.0,HOLDOUT,CONTINUATION,2026-08-10T18:00:00+00:00,2026-08-10T17:45:00+00:00,73,0,18,False,False,123,WITHIN_TOLERANCE,NEAR_ATM,1.1666666666666714,-1.1666666666666714,11,D1,26,1786470300000,,False,,,,,,,,,,,,,,,UNSCORED_SIGNAL_BAR_ABSENT
VALE-0047,VALE,O:VALE260821C00015000,CALL,15.0,2026-08-21,14,0.0,HOLDOUT,CONTINUATION,2026-08-10T18:00:00+00:00,2026-08-10T17:45:00+00:00,73,0,18,False,False,123,WITHIN_TOLERANCE,NEAR_ATM,1.1666666666666714,-1.1666666666666714,11,D3,78,1786477500000,UNDERLYING_DATA_END,True,,,,,,,,,,,,,,,UNSCORED_SIGNAL_BAR_ABSENT
VALE-0047,VALE,O:VALE260821C00015000,CALL,15.0,2026-08-21,14,0.0,HOLDOUT,CONTINUATION,2026-08-10T18:00:00+00:00,2026-08-10T17:45:00+00:00,73,0,18,False,False,123,WITHIN_TOLERANCE,NEAR_ATM,1.1666666666666714,-1.1666666666666714,11,D5,130,1786477500000,UNDERLYING_DATA_END,True,,,,,,,,,,,,,,,UNSCORED_SIGNAL_BAR_ABSENT
VALE-0047,VALE,O:VALE260821C00015000,CALL,15.0,2026-08-21,14,0.0,HOLDOUT,CONTINUATION,2026-08-10T18:00:00+00:00,2026-08-10T17:45:00+00:00,73,0,18,False,False,123,WITHIN_TOLERANCE,NEAR_ATM,1.1666666666666714,-1.1666666666666714,11,D10,260,1786477500000,UNDERLYING_DATA_END,True,,,,,,,,,,,,,,,UNSCORED_SIGNAL_BAR_ABSENT
LULU-0046,LULU,O:LULU260821C00128000,CALL,128.0,2026-08-21,14,0.0,HOLDOUT,ENTRY_FORMING,2026-08-10T19:45:00+00:00,2026-08-10T19:30:00+00:00,53,1,5,False,True,88,WITHIN_TOLERANCE,NEAR_ATM,0.05468749999999467,-0.05468749999999467,11,H1,4,1786456800000,,False,2,3.9,3.91,0.2564102564102555,0.0,-38.618925831202056,-38.618925831202056,1,2,-38.618925831202056,,0.2564102564102555,-38.46153846153846,True,SCORED_WINDOW
LULU-0046,LULU,O:LULU260821C00128000,CALL,128.0,2026-08-21,14,0.0,HOLDOUT,ENTRY_FORMING,2026-08-10T19:45:00+00:00,2026-08-10T19:30:00+00:00,53,1,5,False,True,88,WITHIN_TOLERANCE,NEAR_ATM,0.05468749999999467,-0.05468749999999467,11,D1,26,1786476600000,,False,5,3.9,3.91,0.2564102564102555,0.0,-38.874680306905375,-34.782608695652186,1,3,-34.782608695652186,,0.2564102564102555,-38.717948717948715,True,SCORED_WINDOW
LULU-0046,LULU,O:LULU260821C00128000,CALL,128.0,2026-08-21,14,0.0,HOLDOUT,ENTRY_FORMING,2026-08-10T19:45:00+00:00,2026-08-10T19:30:00+00:00,53,1,5,False,True,88,WITHIN_TOLERANCE,NEAR_ATM,0.05468749999999467,-0.05468749999999467,11,D3,78,1786477500000,UNDERLYING_DATA_END,True,5,3.9,3.91,0.2564102564102555,0.0,-38.874680306905375,-34.782608695652186,1,3,-34.782608695652186,,0.2564102564102555,-38.717948717948715,True,SCORED_RIGHT_CENSORED
LULU-0046,LULU,O:LULU260821C00128000,CALL,128.0,2026-08-21,14,0.0,HOLDOUT,ENTRY_FORMING,2026-08-10T19:45:00+00:00,2026-08-10T19:30:00+00:00,53,1,5,False,True,88,WITHIN_TOLERANCE,NEAR_ATM,0.05468749999999467,-0.05468749999999467,11,D5,130,1786477500000,UNDERLYING_DATA_END,True,5,3.9,3.91,0.2564102564102555,0.0,-38.874680306905375,-34.782608695652186,1,3,-34.782608695652186,,0.2564102564102555,-38.717948717948715,True,SCORED_RIGHT_CENSORED
LULU-0046,LULU,O:LULU260821C00128000,CALL,128.0,2026-08-21,14,0.0,HOLDOUT,ENTRY_FORMING,2026-08-10T19:45:00+00:00,2026-08-10T19:30:00+00:00,53,1,5,False,True,88,WITHIN_TOLERANCE,NEAR_ATM,0.05468749999999467,-0.05468749999999467,11,D10,260,1786477500000,UNDERLYING_DATA_END,True,5,3.9,3.91,0.2564102564102555,0.0,-38.874680306905375,-34.782608695652186,1,3,-34.782608695652186,,0.2564102564102555,-38.717948717948715,True,SCORED_RIGHT_CENSORED
TSLA-0047,TSLA,O:TSLA260824C00335000,CALL,335.0,2026-08-24,14,0.0,HOLDOUT,RISK_OR_EXHAUSTION,2026-08-11T14:45:00+00:00,2026-08-11T14:30:00+00:00,20,1,18,False,True,106,WITHIN_TOLERANCE,NEAR_ATM,0.008955223880588871,-0.008955223880588871,13,H1,4,1786462200000,,False,4,9.2,9.61,4.456521739130426,1.5608740894901274,-11.03017689906346,-10.301768990634763,1,3,-11.68032786885247,-6.59999999999995,6.08695652173914,-7.065217391304335,True,SCORED_WINDOW
TSLA-0047,TSLA,O:TSLA260824C00335000,CALL,335.0,2026-08-24,14,0.0,HOLDOUT,RISK_OR_EXHAUSTION,2026-08-11T14:45:00+00:00,2026-08-11T14:30:00+00:00,20,1,18,False,True,106,WITHIN_TOLERANCE,NEAR_ATM,0.008955223880588871,-0.008955223880588871,13,D1,26,1786477500000,UNDERLYING_DATA_END,True,18,9.2,9.61,4.456521739130426,1.5608740894901274,-23.725286160249738,-14.880332986472421,1,13,-16.188524590163933,-9.533333333333252,6.08695652173914,-20.326086956521728,True,SCORED_RIGHT_CENSORED
TSLA-0047,TSLA,O:TSLA260824C00335000,CALL,335.0,2026-08-24,14,0.0,HOLDOUT,RISK_OR_EXHAUSTION,2026-08-11T14:45:00+00:00,2026-08-11T14:30:00+00:00,20,1,18,False,True,106,WITHIN_TOLERANCE,NEAR_ATM,0.008955223880588871,-0.008955223880588871,13,D3,78,1786477500000,UNDERLYING_DATA_END,True,18,9.2,9.61,4.456521739130426,1.5608740894901274,-23.725286160249738,-14.880332986472421,1,13,-16.188524590163933,-9.533333333333252,6.08695652173914,-20.326086956521728,True,SCORED_RIGHT_CENSORED
TSLA-0047,TSLA,O:TSLA260824C00335000,CALL,335.0,2026-08-24,14,0.0,HOLDOUT,RISK_OR_EXHAUSTION,2026-08-11T14:45:00+00:00,2026-08-11T14:30:00+00:00,20,1,18,False,True,106,WITHIN_TOLERANCE,NEAR_ATM,0.008955223880588871,-0.008955223880588871,13,D5,130,1786477500000,UNDERLYING_DATA_END,True,18,9.2,9.61,4.456521739130426,1.5608740894901274,-23.725286160249738,-14.880332986472421,1,13,-16.188524590163933,-9.533333333333252,6.08695652173914,-20.326086956521728,True,SCORED_RIGHT_CENSORED
TSLA-0047,TSLA,O:TSLA260824C00335000,CALL,335.0,2026-08-24,14,0.0,HOLDOUT,RISK_OR_EXHAUSTION,2026-08-11T14:45:00+00:00,2026-08-11T14:30:00+00:00,20,1,18,False,True,106,WITHIN_TOLERANCE,NEAR_ATM,0.008955223880588871,-0.008955223880588871,13,D10,260,1786477500000,UNDERLYING_DATA_END,True,18,9.2,9.61,4.456521739130426,1.5608740894901274,-23.725286160249738,-14.880332986472421,1,13,-16.188524590163933,-9.533333333333252,6.08695652173914,-20.326086956521728,True,SCORED_RIGHT_CENSORED
LULU-0047,LULU,O:LULU260828C00125000,CALL,125.0,2026-08-28,14,0.0,HOLDOUT,THESIS_PRESSURE,2026-08-11T16:30:00+00:00,2026-08-11T16:15:00+00:00,46,0,2,False,False,88,WITHIN_TOLERANCE,NEAR_ATM,0.38400000000000317,0.38400000000000317,17,H1,4,1786468500000,,False,,,,,,,,,,,,,,,UNSCORED_SIGNAL_BAR_ABSENT
LULU-0047,LULU,O:LULU260828C00125000,CALL,125.0,2026-08-28,14,0.0,HOLDOUT,THESIS_PRESSURE,2026-08-11T16:30:00+00:00,2026-08-11T16:15:00+00:00,46,0,2,False,False,88,WITHIN_TOLERANCE,NEAR_ATM,0.38400000000000317,0.38400000000000317,17,D1,26,1786477500000,UNDERLYING_DATA_END,True,,,,,,,,,,,,,,,UNSCORED_SIGNAL_BAR_ABSENT
LULU-0047,LULU,O:LULU260828C00125000,CALL,125.0,2026-08-28,14,0.0,HOLDOUT,THESIS_PRESSURE,2026-08-11T16:30:00+00:00,2026-08-11T16:15:00+00:00,46,0,2,False,False,88,WITHIN_TOLERANCE,NEAR_ATM,0.38400000000000317,0.38400000000000317,17,D3,78,1786477500000,UNDERLYING_DATA_END,True,,,,,,,,,,,,,,,UNSCORED_SIGNAL_BAR_ABSENT
LULU-0047,LULU,O:LULU260828C00125000,CALL,125.0,2026-08-28,14,0.0,HOLDOUT,THESIS_PRESSURE,2026-08-11T16:30:00+00:00,2026-08-11T16:15:00+00:00,46,0,2,False,False,88,WITHIN_TOLERANCE,NEAR_ATM,0.38400000000000317,0.38400000000000317,17,D5,130,1786477500000,UNDERLYING_DATA_END,True,,,,,,,,,,,,,,,UNSCORED_SIGNAL_BAR_ABSENT
LULU-0047,LULU,O:LULU260828C00125000,CALL,125.0,2026-08-28,14,0.0,HOLDOUT,THESIS_PRESSURE,2026-08-11T16:30:00+00:00,2026-08-11T16:15:00+00:00,46,0,2,False,False,88,WITHIN_TOLERANCE,NEAR_ATM,0.38400000000000317,0.38400000000000317,17,D10,260,1786477500000,UNDERLYING_DATA_END,True,,,,,,,,,,,,,,,UNSCORED_SIGNAL_BAR_ABSENT
VALE-0048,VALE,O:VALE260828C00014500,CALL,14.5,2026-08-28,14,0.0,HOLDOUT,THESIS_PRESSURE,2026-08-11T16:45:00+00:00,2026-08-11T16:30:00+00:00,4,0,2,False,False,16,WITHIN_TOLERANCE,NEAR_ATM,0.51724137931034,-0.51724137931034,17,H1,4,1786469400000,,False,,,,,,,,,,,,,,,UNSCORED_SIGNAL_BAR_ABSENT
VALE-0048,VALE,O:VALE260828C00014500,CALL,14.5,2026-08-28,14,0.0,HOLDOUT,THESIS_PRESSURE,2026-08-11T16:45:00+00:00,2026-08-11T16:30:00+00:00,4,0,2,False,False,16,WITHIN_TOLERANCE,NEAR_ATM,0.51724137931034,-0.51724137931034,17,D1,26,1786477500000,UNDERLYING_DATA_END,True,,,,,,,,,,,,,,,UNSCORED_SIGNAL_BAR_ABSENT
VALE-0048,VALE,O:VALE260828C00014500,CALL,14.5,2026-08-28,14,0.0,HOLDOUT,THESIS_PRESSURE,2026-08-11T16:45:00+00:00,2026-08-11T16:30:00+00:00,4,0,2,False,False,16,WITHIN_TOLERANCE,NEAR_ATM,0.51724137931034,-0.51724137931034,17,D3,78,1786477500000,UNDERLYING_DATA_END,True,,,,,,,,,,,,,,,UNSCORED_SIGNAL_BAR_ABSENT
VALE-0048,VALE,O:VALE260828C00014500,CALL,14.5,2026-08-28,14,0.0,HOLDOUT,THESIS_PRESSURE,2026-08-11T16:45:00+00:00,2026-08-11T16:30:00+00:00,4,0,2,False,False,16,WITHIN_TOLERANCE,NEAR_ATM,0.51724137931034,-0.51724137931034,17,D5,130,1786477500000,UNDERLYING_DATA_END,True,,,,,,,,,,,,,,,UNSCORED_SIGNAL_BAR_ABSENT
VALE-0048,VALE,O:VALE260828C00014500,CALL,14.5,2026-08-28,14,0.0,HOLDOUT,THESIS_PRESSURE,2026-08-11T16:45:00+00:00,2026-08-11T16:30:00+00:00,4,0,2,False,False,16,WITHIN_TOLERANCE,NEAR_ATM,0.51724137931034,-0.51724137931034,17,D10,260,1786477500000,UNDERLYING_DATA_END,True,,,,,,,,,,,,,,,UNSCORED_SIGNAL_BAR_ABSENT
LULU-0048,LULU,O:LULU260828C00126000,CALL,126.0,2026-08-28,14,0.0,HOLDOUT,CONTINUATION,2026-08-11T18:30:00+00:00,2026-08-11T18:15:00+00:00,12,0,0,False,False,29,WITHIN_TOLERANCE,NEAR_ATM,0.1984126984126984,-0.1984126984126984,17,H1,4,1786475700000,,False,,,,,,,,,,,,,,,UNSCORED_SIGNAL_BAR_ABSENT
LULU-0048,LULU,O:LULU260828C00126000,CALL,126.0,2026-08-28,14,0.0,HOLDOUT,CONTINUATION,2026-08-11T18:30:00+00:00,2026-08-11T18:15:00+00:00,12,0,0,False,False,29,WITHIN_TOLERANCE,NEAR_ATM,0.1984126984126984,-0.1984126984126984,17,D1,26,1786477500000,UNDERLYING_DATA_END,True,,,,,,,,,,,,,,,UNSCORED_SIGNAL_BAR_ABSENT
LULU-0048,LULU,O:LULU260828C00126000,CALL,126.0,2026-08-28,14,0.0,HOLDOUT,CONTINUATION,2026-08-11T18:30:00+00:00,2026-08-11T18:15:00+00:00,12,0,0,False,False,29,WITHIN_TOLERANCE,NEAR_ATM,0.1984126984126984,-0.1984126984126984,17,D3,78,1786477500000,UNDERLYING_DATA_END,True,,,,,,,,,,,,,,,UNSCORED_SIGNAL_BAR_ABSENT
LULU-0048,LULU,O:LULU260828C00126000,CALL,126.0,2026-08-28,14,0.0,HOLDOUT,CONTINUATION,2026-08-11T18:30:00+00:00,2026-08-11T18:15:00+00:00,12,0,0,False,False,29,WITHIN_TOLERANCE,NEAR_ATM,0.1984126984126984,-0.1984126984126984,17,D5,130,1786477500000,UNDERLYING_DATA_END,True,,,,,,,,,,,,,,,UNSCORED_SIGNAL_BAR_ABSENT
LULU-0048,LULU,O:LULU260828C00126000,CALL,126.0,2026-08-28,14,0.0,HOLDOUT,CONTINUATION,2026-08-11T18:30:00+00:00,2026-08-11T18:15:00+00:00,12,0,0,False,False,29,WITHIN_TOLERANCE,NEAR_ATM,0.1984126984126984,-0.1984126984126984,17,D10,260,1786477500000,UNDERLYING_DATA_END,True,,,,,,,,,,,,,,,UNSCORED_SIGNAL_BAR_ABSENT
PYPL-0048,PYPL,O:PYPL260828C00059000,CALL,59.0,2026-08-28,14,0.0,HOLDOUT,ENTRY_FORMING,2026-08-11T19:45:00+00:00,2026-08-11T19:30:00+00:00,26,0,0,False,False,47,WITHIN_TOLERANCE,NEAR_ATM,0.18644067796610073,0.18644067796610073,17,H1,4,1786477500000,UNDERLYING_DATA_END,True,,,,,,,,,,,,,,,UNSCORED_SIGNAL_BAR_ABSENT
PYPL-0048,PYPL,O:PYPL260828C00059000,CALL,59.0,2026-08-28,14,0.0,HOLDOUT,ENTRY_FORMING,2026-08-11T19:45:00+00:00,2026-08-11T19:30:00+00:00,26,0,0,False,False,47,WITHIN_TOLERANCE,NEAR_ATM,0.18644067796610073,0.18644067796610073,17,D1,26,1786477500000,UNDERLYING_DATA_END,True,,,,,,,,,,,,,,,UNSCORED_SIGNAL_BAR_ABSENT
PYPL-0048,PYPL,O:PYPL260828C00059000,CALL,59.0,2026-08-28,14,0.0,HOLDOUT,ENTRY_FORMING,2026-08-11T19:45:00+00:00,2026-08-11T19:30:00+00:00,26,0,0,False,False,47,WITHIN_TOLERANCE,NEAR_ATM,0.18644067796610073,0.18644067796610073,17,D3,78,1786477500000,UNDERLYING_DATA_END,True,,,,,,,,,,,,,,,UNSCORED_SIGNAL_BAR_ABSENT
PYPL-0048,PYPL,O:PYPL260828C00059000,CALL,59.0,2026-08-28,14,0.0,HOLDOUT,ENTRY_FORMING,2026-08-11T19:45:00+00:00,2026-08-11T19:30:00+00:00,26,0,0,False,False,47,WITHIN_TOLERANCE,NEAR_ATM,0.18644067796610073,0.18644067796610073,17,D5,130,1786477500000,UNDERLYING_DATA_END,True,,,,,,,,,,,,,,,UNSCORED_SIGNAL_BAR_ABSENT
PYPL-0048,PYPL,O:PYPL260828C00059000,CALL,59.0,2026-08-28,14,0.0,HOLDOUT,ENTRY_FORMING,2026-08-11T19:45:00+00:00,2026-08-11T19:30:00+00:00,26,0,0,False,False,47,WITHIN_TOLERANCE,NEAR_ATM,0.18644067796610073,0.18644067796610073,17,D10,260,1786477500000,UNDERLYING_DATA_END,True,,,,,,,,,,,,,,,UNSCORED_SIGNAL_BAR_ABSENT
TSLA-0048,TSLA,O:TSLA260824C00332500,CALL,332.5,2026-08-24,14,0.0,HOLDOUT,CONTINUATION,2026-08-11T19:45:00+00:00,2026-08-11T19:30:00+00:00,15,1,1,False,True,61,WITHIN_TOLERANCE,NEAR_ATM,0.06917293233083253,-0.06917293233083253,13,H1,4,1786477500000,UNDERLYING_DATA_END,True,1,9.18,9.2,0.2178649237472685,0.0,0.0,0.0,1,1,0.0,,0.2178649237472685,0.2178649237472685,False,SCORED_RIGHT_CENSORED
TSLA-0048,TSLA,O:TSLA260824C00332500,CALL,332.5,2026-08-24,14,0.0,HOLDOUT,CONTINUATION,2026-08-11T19:45:00+00:00,2026-08-11T19:30:00+00:00,15,1,1,False,True,61,WITHIN_TOLERANCE,NEAR_ATM,0.06917293233083253,-0.06917293233083253,13,D1,26,1786477500000,UNDERLYING_DATA_END,True,1,9.18,9.2,0.2178649237472685,0.0,0.0,0.0,1,1,0.0,,0.2178649237472685,0.2178649237472685,False,SCORED_RIGHT_CENSORED
TSLA-0048,TSLA,O:TSLA260824C00332500,CALL,332.5,2026-08-24,14,0.0,HOLDOUT,CONTINUATION,2026-08-11T19:45:00+00:00,2026-08-11T19:30:00+00:00,15,1,1,False,True,61,WITHIN_TOLERANCE,NEAR_ATM,0.06917293233083253,-0.06917293233083253,13,D3,78,1786477500000,UNDERLYING_DATA_END,True,1,9.18,9.2,0.2178649237472685,0.0,0.0,0.0,1,1,0.0,,0.2178649237472685,0.2178649237472685,False,SCORED_RIGHT_CENSORED
TSLA-0048,TSLA,O:TSLA260824C00332500,CALL,332.5,2026-08-24,14,0.0,HOLDOUT,CONTINUATION,2026-08-11T19:45:00+00:00,2026-08-11T19:30:00+00:00,15,1,1,False,True,61,WITHIN_TOLERANCE,NEAR_ATM,0.06917293233083253,-0.06917293233083253,13,D5,130,1786477500000,UNDERLYING_DATA_END,True,1,9.18,9.2,0.2178649237472685,0.0,0.0,0.0,1,1,0.0,,0.2178649237472685,0.2178649237472685,False,SCORED_RIGHT_CENSORED
TSLA-0048,TSLA,O:TSLA260824C00332500,CALL,332.5,2026-08-24,14,0.0,HOLDOUT,CONTINUATION,2026-08-11T19:45:00+00:00,2026-08-11T19:30:00+00:00,15,1,1,False,True,61,WITHIN_TOLERANCE,NEAR_ATM,0.06917293233083253,-0.06917293233083253,13,D10,260,1786477500000,UNDERLYING_DATA_END,True,1,9.18,9.2,0.2178649237472685,0.0,0.0,0.0,1,1,0.0,,0.2178649237472685,0.2178649237472685,False,SCORED_RIGHT_CENSORED
U-0048,U,O:U260828C00043500,CALL,43.5,2026-08-28,14,0.0,HOLDOUT,CONTINUATION,2026-08-11T19:45:00+00:00,2026-08-11T19:30:00+00:00,3,0,0,False,False,13,WITHIN_TOLERANCE,NEAR_ATM,0.32183908045977144,0.32183908045977144,17,H1,4,1786477500000,UNDERLYING_DATA_END,True,,,,,,,,,,,,,,,UNSCORED_SIGNAL_BAR_ABSENT
U-0048,U,O:U260828C00043500,CALL,43.5,2026-08-28,14,0.0,HOLDOUT,CONTINUATION,2026-08-11T19:45:00+00:00,2026-08-11T19:30:00+00:00,3,0,0,False,False,13,WITHIN_TOLERANCE,NEAR_ATM,0.32183908045977144,0.32183908045977144,17,D1,26,1786477500000,UNDERLYING_DATA_END,True,,,,,,,,,,,,,,,UNSCORED_SIGNAL_BAR_ABSENT
U-0048,U,O:U260828C00043500,CALL,43.5,2026-08-28,14,0.0,HOLDOUT,CONTINUATION,2026-08-11T19:45:00+00:00,2026-08-11T19:30:00+00:00,3,0,0,False,False,13,WITHIN_TOLERANCE,NEAR_ATM,0.32183908045977144,0.32183908045977144,17,D3,78,1786477500000,UNDERLYING_DATA_END,True,,,,,,,,,,,,,,,UNSCORED_SIGNAL_BAR_ABSENT
U-0048,U,O:U260828C00043500,CALL,43.5,2026-08-28,14,0.0,HOLDOUT,CONTINUATION,2026-08-11T19:45:00+00:00,2026-08-11T19:30:00+00:00,3,0,0,False,False,13,WITHIN_TOLERANCE,NEAR_ATM,0.32183908045977144,0.32183908045977144,17,D5,130,1786477500000,UNDERLYING_DATA_END,True,,,,,,,,,,,,,,,UNSCORED_SIGNAL_BAR_ABSENT
U-0048,U,O:U260828C00043500,CALL,43.5,2026-08-28,14,0.0,HOLDOUT,CONTINUATION,2026-08-11T19:45:00+00:00,2026-08-11T19:30:00+00:00,3,0,0,False,False,13,WITHIN_TOLERANCE,NEAR_ATM,0.32183908045977144,0.32183908045977144,17,D10,260,1786477500000,UNDERLYING_DATA_END,True,,,,,,,,,,,,,,,UNSCORED_SIGNAL_BAR_ABSENT
