anchor_id,symbol,ticker,contract_type,strike,expiration,dte_target,moneyness_target,partition,event_family,decision_available_utc,signal_bar_open_utc,coverage_before,coverage_at,coverage_after,left_censored,signal_bar_exists,bar_count,selection_policy,moneyness_band,moneyness_distance_pct,moneyness_pct,dte,outcome_status,right_censored,observed_bars,decision_close,next_bar_open,decision_to_next_open_gap_pct,mfe_pct,mae_pct,terminal_return_pct,bars_to_peak,bars_to_trough,peak_to_terminal_giveback_pct,gain_retention,decision_close_mfe_pct,decision_close_mae_pct,peak_before_trough
PYPL-0001,PYPL,O:PYPL240906C00071000,CALL,71.0,2024-09-06,14,0.0,DISCOVERY,THESIS_PRESSURE,2024-08-22T17:45:00+00:00,2024-08-22T17:30:00+00:00,72,0,185,False,False,257,WITHIN_TOLERANCE,NEAR_ATM,0.3661971830985987,0.3661971830985987,15,UNSCORED_SIGNAL_BAR_ABSENT,,0,,,,,,,,,,,,,
GME-0001,GME,O:GME240906C00022500,CALL,22.5,2024-09-06,14,0.0,DISCOVERY,THESIS_PRESSURE,2024-08-22T18:15:00+00:00,2024-08-22T18:00:00+00:00,99,1,255,False,True,355,WITHIN_TOLERANCE,NEAR_ATM,0.31511111111111884,-0.31511111111111884,15,SCORED_RIGHT_CENSORED,True,255,1.12,1.14,1.7857142857142572,122.80701754385967,-94.73684210526315,7.8947368421052655,152,235,-51.574803149606296,0.0642857142857143,126.78571428571428,-94.64285714285714,True
LULU-0001,LULU,O:LULU240906C00262500,CALL,262.5,2024-09-06,14,0.0,DISCOVERY,THESIS_PRESSURE,2024-08-22T18:15:00+00:00,2024-08-22T18:00:00+00:00,9,0,132,False,False,141,WITHIN_TOLERANCE,NEAR_ATM,0.44190476190477146,0.44190476190477146,15,UNSCORED_SIGNAL_BAR_ABSENT,,0,,,,,,,,,,,,,
U-0001,U,O:U240906C00017000,CALL,17.0,2024-09-06,14,0.0,DISCOVERY,THESIS_PRESSURE,2024-08-22T18:15:00+00:00,2024-08-22T18:00:00+00:00,49,1,182,False,True,232,WITHIN_TOLERANCE,NEAR_ATM,0.5588235294117581,0.5588235294117581,15,SCORED_RIGHT_CENSORED,True,182,0.8,0.84,4.999999999999982,54.761904761904766,-98.80952380952381,-98.80952380952381,92,174,-99.23076923076923,-1.8043478260869563,62.5,-98.75,True
GME-0002,GME,O:GME240906C00022500,CALL,22.5,2024-09-06,14,0.0,DISCOVERY,CONTINUATION,2024-08-22T19:15:00+00:00,2024-08-22T19:00:00+00:00,101,0,254,False,False,355,WITHIN_TOLERANCE,NEAR_ATM,0.13333333333333838,0.13333333333333838,15,UNSCORED_SIGNAL_BAR_ABSENT,,0,,,,,,,,,,,,,
VALE-0001,VALE,O:VALE240906C00010500,CALL,10.5,2024-09-06,14,0.0,DISCOVERY,CONTINUATION,2024-08-22T19:45:00+00:00,2024-08-22T19:30:00+00:00,32,0,117,False,False,149,WITHIN_TOLERANCE,NEAR_ATM,0.7142857142857075,-0.7142857142857075,15,UNSCORED_SIGNAL_BAR_ABSENT,,0,,,,,,,,,,,,,
LULU-0002,LULU,O:LULU240906C00267500,CALL,267.5,2024-09-06,14,0.0,DISCOVERY,CONTINUATION,2024-08-23T13:45:00+00:00,2024-08-23T13:30:00+00:00,18,1,145,False,True,164,WITHIN_TOLERANCE,NEAR_ATM,0.003738317757005946,-0.003738317757005946,14,SCORED_RIGHT_CENSORED,True,145,15.55,14.98,-3.665594855305465,30.30707610146861,-99.93324432576769,-99.93324432576769,17,136,-99.94877049180327,-3.297356828193834,25.530546623794216,-99.93569131832798,True
SPY-0001,SPY,O:SPY240906C00559000,CALL,559.0,2024-09-06,14,0.0,DISCOVERY,CONTINUATION,2024-08-23T13:45:00+00:00,2024-08-23T13:30:00+00:00,117,1,247,False,True,377,WITHIN_TOLERANCE,NEAR_ATM,0.0572450805009034,0.0572450805009034,14,SCORED_RIGHT_CENSORED,True,254,6.91,6.98,1.013024602026058,29.51289398280801,-99.8567335243553,-99.8567335243553,25,233,-99.88938053097345,-3.38349514563107,30.824891461649774,-99.85528219971056,True
TSLA-0001,TSLA,O:TSLA240906C00217500,CALL,217.5,2024-09-06,14,0.0,DISCOVERY,CONTINUATION,2024-08-23T13:45:00+00:00,2024-08-23T13:30:00+00:00,87,1,259,False,True,347,WITHIN_TOLERANCE,NEAR_ATM,0.5392643678160913,-0.5392643678160913,14,SCORED_RIGHT_CENSORED,True,259,7.92,7.75,-2.146464646464641,129.54838709677418,-99.87096774193547,-99.87096774193547,211,258,-99.94378864530636,-0.7709163346613546,124.62121212121211,-99.87373737373737,True
U-0002,U,O:U240906C00017000,CALL,17.0,2024-09-06,14,0.0,DISCOVERY,CONTINUATION,2024-08-23T13:45:00+00:00,2024-08-23T13:30:00+00:00,50,1,181,False,True,232,WITHIN_TOLERANCE,NEAR_ATM,1.0011764705882427,1.0011764705882427,14,SCORED_RIGHT_CENSORED,True,181,0.83,0.83,0.0,56.6265060240964,-98.79518072289156,-98.79518072289156,91,173,-99.23076923076923,-1.7446808510638292,56.6265060240964,-98.79518072289156,True
PYPL-0002,PYPL,O:PYPL240906C00072000,CALL,72.0,2024-09-06,14,0.0,DISCOVERY,CONTINUATION,2024-08-23T14:30:00+00:00,2024-08-23T14:15:00+00:00,86,1,217,False,True,304,WITHIN_TOLERANCE,NEAR_ATM,0.43749999999999684,-0.43749999999999684,14,SCORED_RIGHT_CENSORED,True,217,1.43,1.34,-6.293706293706281,79.10447761194028,-99.25373134328358,-98.50746268656717,93,202,-99.16666666666667,-1.2452830188679247,67.83216783216784,-99.3006993006993,True
TSLA-0002,TSLA,O:TSLA240906C00217500,CALL,217.5,2024-09-06,14,0.0,DISCOVERY,THESIS_PRESSURE,2024-08-23T16:00:00+00:00,2024-08-23T15:45:00+00:00,96,1,250,False,True,347,WITHIN_TOLERANCE,NEAR_ATM,0.12418390804598324,0.12418390804598324,14,SCORED_RIGHT_CENSORED,True,250,8.3,8.25,-0.6024096385542244,115.63636363636363,-99.87878787878788,-99.87878787878788,202,249,-99.94378864530636,-0.8637316561844864,114.33734939759033,-99.87951807228916,True
SPY-0002,SPY,O:SPY240906C00561000,CALL,561.0,2024-09-06,14,0.0,DISCOVERY,ENTRY_FORMING,2024-08-23T19:45:00+00:00,2024-08-23T19:30:00+00:00,135,1,231,False,True,381,WITHIN_TOLERANCE,NEAR_ATM,0.043672014260250365,0.043672014260250365,14,SCORED_RIGHT_CENSORED,True,240,6.29,6.26,-0.4769475357710662,22.364217252396166,-99.84025559105432,-99.84025559105432,3,220,-99.86945169712794,-4.464285714285714,21.780604133545324,-99.84101748807632,True
RBLX-0001,RBLX,O:RBLX240906C00044000,CALL,44.0,2024-09-06,14,0.0,DISCOVERY,ENTRY_FORMING,2024-08-23T20:00:00+00:00,2024-08-23T19:45:00+00:00,38,1,171,False,True,210,WITHIN_TOLERANCE,NEAR_ATM,0.38636363636364024,0.38636363636364024,14,SCORED_RIGHT_CENSORED,True,171,1.25,1.4,11.99999999999999,3.571428571428581,-99.28571428571429,-99.28571428571429,50,161,-99.3103448275862,-27.799999999999926,15.999999999999993,-99.2,True
LULU-0003,LULU,O:LULU240906C00272500,CALL,272.5,2024-09-06,14,0.0,DISCOVERY,RISK_OR_EXHAUSTION,2024-08-26T14:00:00+00:00,2024-08-26T13:45:00+00:00,11,1,108,False,True,120,WITHIN_TOLERANCE,NEAR_ATM,0.11633027522936047,0.11633027522936047,11,SCORED_RIGHT_CENSORED,True,108,16.06,16.45,2.428393524283945,3.8905775075987803,-99.93920972644376,-99.93920972644376,1,104,-99.94148624926858,-25.687500000000025,6.413449564134499,-99.93773349937733,True
U-0003,U,O:U240906C00017500,CALL,17.5,2024-09-06,14,0.0,DISCOVERY,ENTRY_FORMING,2024-08-26T20:00:00+00:00,2024-08-26T19:45:00+00:00,40,0,138,False,False,178,WITHIN_TOLERANCE,NEAR_ATM,1.3142857142857167,1.3142857142857167,11,UNSCORED_SIGNAL_BAR_ABSENT,,0,,,,,,,,,,,,,
VALE-0002,VALE,O:VALE240913C00011000,CALL,11.0,2024-09-13,14,0.0,DISCOVERY,RISK_OR_EXHAUSTION,2024-08-27T14:00:00+00:00,2024-08-27T13:45:00+00:00,35,1,55,False,True,91,WITHIN_TOLERANCE,NEAR_ATM,1.818181818181812,-1.818181818181812,17,SCORED_RIGHT_CENSORED,True,55,0.14,0.19,35.7142857142857,26.315789473684205,-94.73684210526316,-94.73684210526316,9,29,-95.83333333333334,-3.600000000000001,71.4285714285714,-92.85714285714286,True
SPY-0003,SPY,O:SPY240910C00558000,CALL,558.0,2024-09-10,14,0.0,DISCOVERY,THESIS_PRESSURE,2024-08-28T15:30:00+00:00,2024-08-28T15:15:00+00:00,6,1,189,False,True,202,WITHIN_TOLERANCE,NEAR_ATM,0.055555555555545776,0.055555555555545776,13,SCORED_RIGHT_CENSORED,True,195,6.37,6.44,1.098901098901095,38.198757763975145,-99.84472049689441,-99.84472049689441,18,162,-99.8876404494382,-2.613821138211383,39.71742543171115,-99.84301412872841,True
TSLA-0003,TSLA,O:TSLA240913C00212500,CALL,212.5,2024-09-13,14,0.0,DISCOVERY,RISK_OR_EXHAUSTION,2024-08-29T14:00:00+00:00,2024-08-29T13:45:00+00:00,73,1,279,False,True,353,WITHIN_TOLERANCE,NEAR_ATM,0.4047058823529476,0.4047058823529476,15,SCORED_RIGHT_CENSORED,True,279,9.0,8.97,-0.33333333333332993,165.66332218506128,-42.58639910813824,99.21962095875139,106,24,-25.010490977759115,0.5989232839838494,164.77777777777777,-42.77777777777777,False
PYPL-0003,PYPL,O:PYPL240913C00073000,CALL,73.0,2024-09-13,14,0.0,DISCOVERY,RISK_OR_EXHAUSTION,2024-08-29T14:30:00+00:00,2024-08-29T14:15:00+00:00,89,0,244,False,False,333,WITHIN_TOLERANCE,NEAR_ATM,0.575342465753427,-0.575342465753427,15,UNSCORED_SIGNAL_BAR_ABSENT,,0,,,,,,,,,,,,,
GME-0003,GME,O:GME240913C00022500,CALL,22.5,2024-09-13,14,0.0,DISCOVERY,RISK_OR_EXHAUSTION,2024-08-29T17:45:00+00:00,2024-08-29T17:30:00+00:00,93,1,249,False,True,343,WITHIN_TOLERANCE,NEAR_ATM,0.5355555555555548,-0.5355555555555548,15,SCORED_RIGHT_CENSORED,True,249,2.0,2.0,0.0,70.0,-99.5,-99.5,105,236,-99.70588235294117,-1.4214285714285715,70.0,-99.5,True
RBLX-0002,RBLX,O:RBLX240913C00044000,CALL,44.0,2024-09-13,14,0.0,DISCOVERY,THESIS_PRESSURE,2024-08-29T17:45:00+00:00,2024-08-29T17:30:00+00:00,29,0,160,False,False,189,WITHIN_TOLERANCE,NEAR_ATM,0.13636363636364154,0.13636363636364154,15,UNSCORED_SIGNAL_BAR_ABSENT,,0,,,,,,,,,,,,,
PYPL-0004,PYPL,O:PYPL240913C00073000,CALL,73.0,2024-09-13,14,0.0,DISCOVERY,ENTRY_FORMING,2024-08-29T19:30:00+00:00,2024-08-29T19:15:00+00:00,107,1,225,False,True,333,WITHIN_TOLERANCE,NEAR_ATM,0.45205479452054564,0.45205479452054564,15,SCORED_RIGHT_CENSORED,True,225,2.0,2.0,0.0,10.000000000000009,-99.5,-99.5,67,187,-99.54545454545455,-9.94999999999999,10.000000000000009,-99.5,True
RBLX-0003,RBLX,O:RBLX240913C00044000,CALL,44.0,2024-09-13,14,0.0,DISCOVERY,CONTINUATION,2024-08-30T14:00:00+00:00,2024-08-30T13:45:00+00:00,31,0,158,False,False,189,WITHIN_TOLERANCE,NEAR_ATM,0.29545454545455124,0.29545454545455124,14,UNSCORED_SIGNAL_BAR_ABSENT,,0,,,,,,,,,,,,,
GME-0004,GME,O:GME240920C00023500,CALL,23.5,2024-09-20,14,0.0,DISCOVERY,ENTRY_FORMING,2024-09-04T14:00:00+00:00,2024-09-04T13:45:00+00:00,71,1,292,False,True,364,WITHIN_TOLERANCE,NEAR_ATM,0.12765957446808993,0.12765957446808993,16,SCORED_RIGHT_CENSORED,True,292,2.3,2.2,-4.347826086956507,54.54545454545452,-99.54545454545455,-99.54545454545455,45,267,-99.70588235294117,-1.8250000000000008,47.82608695652175,-99.56521739130434,True
U-0004,U,O:U240920C00017000,CALL,17.0,2024-09-20,14,0.0,DISCOVERY,RISK_OR_EXHAUSTION,2024-09-05T18:30:00+00:00,2024-09-05T18:15:00+00:00,86,1,182,False,True,269,WITHIN_TOLERANCE,NEAR_ATM,0.414705882352936,-0.414705882352936,15,SCORED_RIGHT_CENSORED,True,182,0.8,0.83,3.7499999999999867,400.0000000000001,-60.24096385542168,387.9518072289157,178,22,-2.4096385542168752,0.969879518072289,418.75,-58.75,False
TSLA-0004,TSLA,O:TSLA240920C00230000,CALL,230.0,2024-09-20,14,0.0,DISCOVERY,ENTRY_FORMING,2024-09-05T20:00:00+00:00,2024-09-05T19:45:00+00:00,129,1,286,False,True,416,WITHIN_TOLERANCE,NEAR_ATM,0.07826086956522035,0.07826086956522035,15,SCORED_RIGHT_CENSORED,True,286,10.35,11.5,11.111111111111116,27.04347826086957,-76.52173913043478,-28.260869565217394,253,234,-43.53182751540041,-1.045016077170418,41.15942028985506,-73.91304347826086,False
VALE-0003,VALE,O:VALE240920C00010000,CALL,10.0,2024-09-20,14,0.0,DISCOVERY,ENTRY_FORMING,2024-09-05T20:00:00+00:00,2024-09-05T19:45:00+00:00,35,0,110,False,False,145,WITHIN_TOLERANCE,NEAR_ATM,2.400000000000002,2.400000000000002,15,UNSCORED_SIGNAL_BAR_ABSENT,,0,,,,,,,,,,,,,
VALE-0004,VALE,O:VALE240920C00010000,CALL,10.0,2024-09-20,14,0.0,DISCOVERY,THESIS_PRESSURE,2024-09-06T15:45:00+00:00,2024-09-06T15:30:00+00:00,38,1,106,False,True,145,WITHIN_TOLERANCE,NEAR_ATM,1.1999999999999922,1.1999999999999922,14,SCORED_RIGHT_CENSORED,True,106,0.32,0.33,3.125,154.54545454545453,-57.57575757575757,30.303030303030297,86,17,-48.80952380952381,0.196078431372549,162.5,-56.25,False
RBLX-0004,RBLX,O:RBLX240927C00045000,CALL,45.0,2024-09-27,14,0.0,DISCOVERY,RISK_OR_EXHAUSTION,2024-09-10T19:15:00+00:00,2024-09-10T19:00:00+00:00,58,1,172,False,True,232,WITHIN_TOLERANCE,NEAR_ATM,0.4666666666666685,-0.4666666666666685,17,SCORED_RIGHT_CENSORED,True,173,1.37,1.37,0.0,162.77372262773721,-99.27007299270073,-98.54014598540147,124,164,-99.44444444444444,-0.6053811659192826,162.77372262773721,-99.27007299270073,True
LULU-0004,LULU,O:LULU240927C00267500,CALL,267.5,2024-09-27,14,0.0,DISCOVERY,ENTRY_FORMING,2024-09-13T20:00:00+00:00,2024-09-13T19:45:00+00:00,26,0,161,False,False,187,WITHIN_TOLERANCE,NEAR_ATM,0.2990654205607519,-0.2990654205607519,14,UNSCORED_SIGNAL_BAR_ABSENT,,0,,,,,,,,,,,,,
SPY-0004,SPY,O:SPY241001C00564000,CALL,564.0,2024-10-01,14,0.0,DISCOVERY,RISK_OR_EXHAUSTION,2024-09-17T14:00:00+00:00,2024-09-17T13:45:00+00:00,1,1,158,False,True,164,WITHIN_TOLERANCE,NEAR_ATM,0.08687943262411509,0.08687943262411509,14,SCORED_RIGHT_CENSORED,True,162,6.15,6.75,9.756097560975597,65.77777777777779,-58.518518518518526,-29.629629629629626,99,143,-57.55138516532619,-0.45045045045045035,81.95121951219511,-54.47154471544716,True
U-0005,U,O:U241011C00023500,CALL,23.5,2024-10-11,14,0.0,DISCOVERY,CONTINUATION,2024-09-30T13:45:00+00:00,2024-09-30T13:30:00+00:00,53,1,108,False,True,162,WITHIN_TOLERANCE,NEAR_ATM,0.9361702127659527,-0.9361702127659527,11,SCORED_RIGHT_CENSORED,True,108,1.16,1.2,3.4482758620689724,7.500000000000018,-99.16666666666667,-99.16666666666667,1,93,-99.2248062015504,-13.222222222222191,11.206896551724155,-99.13793103448276,True
TSLA-0005,TSLA,O:TSLA241011C00262500,CALL,262.5,2024-10-11,14,0.0,DISCOVERY,CONTINUATION,2024-09-30T20:00:00+00:00,2024-09-30T19:45:00+00:00,75,1,232,False,True,308,WITHIN_TOLERANCE,NEAR_ATM,0.340952380952374,-0.340952380952374,11,SCORED_RIGHT_CENSORED,True,232,14.95,15.5,3.678929765886285,5.806451612903207,-99.93548387096774,-99.93548387096774,1,209,-99.9390243902439,-17.211111111111165,9.698996655518389,-99.93311036789298,True
PYPL-0005,PYPL,O:PYPL241018C00079000,CALL,79.0,2024-10-18,14,0.0,DISCOVERY,RISK_OR_EXHAUSTION,2024-10-04T14:00:00+00:00,2024-10-04T13:45:00+00:00,75,1,196,False,True,272,WITHIN_TOLERANCE,NEAR_ATM,0.5569620253164529,-0.5569620253164529,14,SCORED_RIGHT_CENSORED,True,196,1.75,1.78,1.7142857142857126,102.24719101123596,-69.10112359550563,6.741573033707859,61,174,-47.22222222222222,0.06593406593406588,105.71428571428574,-68.57142857142857,True
U-0006,U,O:U241025C00021000,CALL,21.0,2024-10-25,14,0.0,DISCOVERY,THESIS_PRESSURE,2024-10-08T19:00:00+00:00,2024-10-08T18:45:00+00:00,33,0,181,False,False,214,WITHIN_TOLERANCE,NEAR_ATM,1.000000000000004,1.000000000000004,17,UNSCORED_SIGNAL_BAR_ABSENT,,0,,,,,,,,,,,,,
PYPL-0006,PYPL,O:PYPL241101C00080000,CALL,80.0,2024-11-01,14,0.0,DISCOVERY,CONTINUATION,2024-10-16T13:45:00+00:00,2024-10-16T13:30:00+00:00,86,1,268,False,True,355,WITHIN_TOLERANCE,NEAR_ATM,0.23125000000000284,-0.23125000000000284,16,SCORED_RIGHT_CENSORED,True,268,3.55,3.62,1.9718309859154903,58.83977900552486,-99.72375690607734,-99.72375690607734,171,250,-99.82608695652175,-1.6948356807511735,61.9718309859155,-99.71830985915493,True
TSLA-0006,TSLA,O:TSLA241101C00217500,CALL,217.5,2024-11-01,14,0.0,DISCOVERY,THESIS_PRESSURE,2024-10-21T15:15:00+00:00,2024-10-21T15:00:00+00:00,112,1,186,False,True,299,WITHIN_TOLERANCE,NEAR_ATM,0.3448275862068966,0.3448275862068966,11,SCORED_RIGHT_CENSORED,True,186,10.05,10.0,-0.4975124378109541,459.0,-20.999999999999996,211.49999999999997,123,62,-44.27549194991055,0.4607843137254901,456.2189054726367,-21.39303482587065,False
SPY-0005,SPY,O:SPY241104C00582000,CALL,582.0,2024-11-04,14,0.0,DISCOVERY,THESIS_PRESSURE,2024-10-21T15:45:00+00:00,2024-10-21T15:30:00+00:00,5,1,257,False,True,274,WITHIN_TOLERANCE,NEAR_ATM,0.06487972508591572,-0.06487972508591572,14,SCORED_RIGHT_CENSORED,True,268,5.8,6.0,3.4482758620689724,21.166666666666668,-99.83333333333333,-99.83333333333333,31,249,-99.86244841815682,-4.716535433070866,25.344827586206886,-99.82758620689656,True
SPY-0006,SPY,O:SPY241105C00583000,CALL,583.0,2024-11-05,14,0.0,DISCOVERY,CONTINUATION,2024-10-22T17:45:00+00:00,2024-10-22T17:30:00+00:00,12,1,241,False,True,263,WITHIN_TOLERANCE,NEAR_ATM,0.07718696397942461,0.07718696397942461,14,SCORED_RIGHT_CENSORED,True,250,6.32,6.45,2.0569620253164445,6.8217054263565835,-99.84496124031008,-99.84496124031008,2,211,-99.85486211901306,-14.63636363636365,9.018987341772133,-99.84177215189874,True
TSLA-0007,TSLA,O:TSLA241108C00250000,CALL,250.0,2024-11-08,14,0.0,DISCOVERY,RISK_OR_EXHAUSTION,2024-10-24T14:00:00+00:00,2024-10-24T13:45:00+00:00,131,1,310,False,True,442,WITHIN_TOLERANCE,NEAR_ATM,0.29199999999999593,-0.29199999999999593,15,SCORED_RIGHT_CENSORED,True,310,10.9,10.99,0.8256880733944927,609.7361237488625,-64.0582347588717,553.7761601455868,303,181,-7.88461538461539,0.908222653335323,615.5963302752293,-63.76146788990826,False
SPY-0007,SPY,O:SPY241107C00579000,CALL,579.0,2024-11-07,14,0.0,DISCOVERY,ENTRY_FORMING,2024-10-24T19:15:00+00:00,2024-10-24T19:00:00+00:00,16,0,149,False,False,171,WITHIN_TOLERANCE,NEAR_ATM,0.036269430051819755,0.036269430051819755,14,UNSCORED_SIGNAL_BAR_ABSENT,,0,,,,,,,,,,,,,
GME-0005,GME,O:GME241108C00020500,CALL,20.5,2024-11-08,14,0.0,DISCOVERY,ENTRY_FORMING,2024-10-25T14:00:00+00:00,2024-10-25T13:45:00+00:00,54,1,115,False,True,170,WITHIN_TOLERANCE,NEAR_ATM,0.8536585365853694,0.8536585365853694,14,SCORED_RIGHT_CENSORED,True,115,1.06,0.91,-14.150943396226412,409.89010989010984,-6.593406593406604,383.51648351648356,111,3,-5.172413793103436,0.9356568364611262,337.73584905660374,-19.811320754716988,False
GME-0006,GME,O:GME241115C00022500,CALL,22.5,2024-11-15,14,0.0,DISCOVERY,THESIS_PRESSURE,2024-10-31T15:45:00+00:00,2024-10-31T15:30:00+00:00,91,1,247,False,True,339,WITHIN_TOLERANCE,NEAR_ATM,0.9822222222222226,0.9822222222222226,15,SCORED_RIGHT_CENSORED,True,247,1.69,1.68,-0.591715976331364,248.80952380952385,-46.42857142857143,150.0,229,35,-28.327645051194537,0.6028708133971291,246.74556213017755,-46.74556213017751,False
LULU-0005,LULU,O:LULU241115C00310000,CALL,310.0,2024-11-15,14,0.0,DISCOVERY,RISK_OR_EXHAUSTION,2024-11-01T15:15:00+00:00,2024-11-01T15:00:00+00:00,97,1,183,False,True,281,WITHIN_TOLERANCE,NEAR_ATM,0.666322580645167,0.666322580645167,14,SCORED_RIGHT_CENSORED,True,183,12.48,13.3,6.570512820512819,84.9624060150376,-62.255639097744364,-21.278195488721806,160,104,-57.43902439024391,-0.2504424778761062,97.11538461538463,-59.775641025641036,False
PYPL-0007,PYPL,O:PYPL241115C00077500,CALL,77.5,2024-11-15,14,0.0,DISCOVERY,THESIS_PRESSURE,2024-11-04T17:00:00+00:00,2024-11-04T16:45:00+00:00,82,1,104,False,True,187,WITHIN_TOLERANCE,NEAR_ATM,0.038709677419356305,-0.038709677419356305,11,SCORED_RIGHT_CENSORED,True,104,1.94,2.01,3.6082474226803996,409.95024875621897,0.0,321.89054726368164,86,1,-17.268292682926823,0.7851941747572816,428.35051546391753,3.6082474226803996,False
RBLX-0005,RBLX,O:RBLX241122C00051000,CALL,51.0,2024-11-22,14,0.0,DISCOVERY,CONTINUATION,2024-11-05T16:30:00+00:00,2024-11-05T16:15:00+00:00,27,1,140,False,True,168,WITHIN_TOLERANCE,NEAR_ATM,0.3605882352941202,-0.3605882352941202,17,SCORED_RIGHT_CENSORED,True,140,1.5,1.38,-8.000000000000007,210.14492753623193,-99.27536231884058,-99.27536231884058,18,114,-99.76635514018692,-0.47241379310344817,185.33333333333334,-99.33333333333333,True
RBLX-0006,RBLX,O:RBLX241122C00054000,CALL,54.0,2024-11-22,14,0.0,DISCOVERY,RISK_OR_EXHAUSTION,2024-11-07T20:00:00+00:00,2024-11-07T19:45:00+00:00,50,1,170,False,True,221,WITHIN_TOLERANCE,NEAR_ATM,0.8148148148148106,-0.8148148148148106,15,SCORED_RIGHT_CENSORED,True,170,1.3,1.3,0.0,70.76923076923079,-99.23076923076923,-91.53846153846153,41,157,-95.04504504504506,-1.2934782608695647,70.76923076923079,-99.23076923076923,True
GME-0007,GME,O:GME241122C00024500,CALL,24.5,2024-11-22,14,0.0,DISCOVERY,CONTINUATION,2024-11-08T17:45:00+00:00,2024-11-08T17:30:00+00:00,60,1,176,False,True,237,WITHIN_TOLERANCE,NEAR_ATM,0.32693877551021067,-0.32693877551021067,14,SCORED_RIGHT_CENSORED,True,176,1.49,1.75,17.4496644295302,185.71428571428572,-46.285714285714285,91.42857142857143,141,114,-32.99999999999999,0.4923076923076923,235.5704697986577,-36.91275167785235,False
RBLX-0007,RBLX,O:RBLX241122C00052000,CALL,52.0,2024-11-22,14,0.0,DISCOVERY,THESIS_PRESSURE,2024-11-08T18:00:00+00:00,2024-11-08T17:45:00+00:00,61,0,166,False,False,227,WITHIN_TOLERANCE,NEAR_ATM,0.6923076923076912,0.6923076923076912,14,UNSCORED_SIGNAL_BAR_ABSENT,,0,,,,,,,,,,,,,
GME-0008,GME,O:GME241122C00025000,CALL,25.0,2024-11-22,14,0.0,DISCOVERY,RISK_OR_EXHAUSTION,2024-11-08T19:45:00+00:00,2024-11-08T19:30:00+00:00,133,1,263,False,True,397,WITHIN_TOLERANCE,NEAR_ATM,0.7995999999999981,0.7995999999999981,14,SCORED_RIGHT_CENSORED,True,263,2.05,2.05,0.0,134.14634146341467,-46.341463414634134,43.90243902439026,203,162,-38.541666666666664,0.3272727272727273,134.14634146341467,-46.341463414634134,False
PYPL-0008,PYPL,O:PYPL241129C00087000,CALL,87.0,2024-11-29,14,0.0,DISCOVERY,RISK_OR_EXHAUSTION,2024-11-13T17:45:00+00:00,2024-11-13T17:30:00+00:00,59,1,226,False,True,286,WITHIN_TOLERANCE,NEAR_ATM,0.48275862068965714,0.48275862068965714,16,SCORED_RIGHT_CENSORED,True,226,2.5,2.57,2.8000000000000025,0.0,-99.22178988326849,-98.0544747081712,1,216,-98.0544747081712,,2.8000000000000025,-99.2,True
VALE-0005,VALE,O:VALE241206C00010000,CALL,10.0,2024-12-06,14,0.0,DISCOVERY,ENTRY_FORMING,2024-11-19T15:45:00+00:00,2024-11-19T15:30:00+00:00,47,0,134,False,False,181,WITHIN_TOLERANCE,NEAR_ATM,0.4499999999999993,0.4499999999999993,17,UNSCORED_SIGNAL_BAR_ABSENT,,0,,,,,,,,,,,,,
LULU-0006,LULU,O:LULU241206C00307500,CALL,307.5,2024-12-06,14,0.0,DISCOVERY,ENTRY_FORMING,2024-11-20T20:45:00+00:00,2024-11-20T20:30:00+00:00,5,0,63,False,False,68,WITHIN_TOLERANCE,NEAR_ATM,0.18211382113821212,-0.18211382113821212,16,UNSCORED_SIGNAL_BAR_ABSENT,,0,,,,,,,,,,,,,
PYPL-0009,PYPL,O:PYPL241206C00085000,CALL,85.0,2024-12-06,14,0.0,DISCOVERY,ENTRY_FORMING,2024-11-20T20:45:00+00:00,2024-11-20T20:30:00+00:00,86,1,200,False,True,287,WITHIN_TOLERANCE,NEAR_ATM,0.46470588235293653,-0.46470588235293653,16,SCORED_RIGHT_CENSORED,True,200,2.07,2.08,0.48309178743961567,148.0769230769231,-51.92307692307693,133.1730769230769,166,140,-6.007751937984507,0.8993506493506491,149.27536231884062,-51.690821256038646,False
VALE-0006,VALE,O:VALE241206C00010000,CALL,10.0,2024-12-06,14,0.0,DISCOVERY,THESIS_PRESSURE,2024-11-21T14:45:00+00:00,2024-11-21T14:30:00+00:00,52,1,128,False,True,181,WITHIN_TOLERANCE,NEAR_ATM,1.5119999999999933,-1.5119999999999933,15,SCORED_RIGHT_CENSORED,True,128,0.19,0.16,-15.789473684210531,93.75,-93.75,-93.75,22,101,-96.7741935483871,-1.0,63.1578947368421,-94.73684210526316,True
U-0007,U,O:U241206C00022500,CALL,22.5,2024-12-06,14,0.0,DISCOVERY,RISK_OR_EXHAUSTION,2024-11-21T20:00:00+00:00,2024-11-21T19:45:00+00:00,30,0,53,False,False,83,WITHIN_TOLERANCE,NEAR_ATM,0.37777777777778154,0.37777777777778154,15,UNSCORED_SIGNAL_BAR_ABSENT,,0,,,,,,,,,,,,,
PYPL-0010,PYPL,O:PYPL241206C00086000,CALL,86.0,2024-12-06,14,0.0,DISCOVERY,CONTINUATION,2024-11-22T14:45:00+00:00,2024-11-22T14:30:00+00:00,66,1,172,False,True,239,WITHIN_TOLERANCE,NEAR_ATM,0.06976744186046777,-0.06976744186046777,14,SCORED_RIGHT_CENSORED,True,172,2.03,1.93,-4.92610837438423,120.72538860103626,-70.98445595854922,81.34715025906736,144,122,-17.84037558685445,0.6738197424892705,109.85221674876846,-72.41379310344827,False
RBLX-0008,RBLX,O:RBLX241213C00050000,CALL,50.0,2024-12-13,14,0.0,DISCOVERY,ENTRY_FORMING,2024-11-29T14:45:00+00:00,2024-11-29T14:30:00+00:00,36,1,62,False,True,99,WITHIN_TOLERANCE,NEAR_ATM,0.15980000000000416,0.15980000000000416,14,SCORED_RIGHT_CENSORED,True,62,1.52,1.41,-7.236842105263164,665.9574468085108,0.0,582.2695035460993,56,1,-10.925925925925938,0.8743343982960594,610.5263157894738,-7.236842105263164,False
TSLA-0008,TSLA,O:TSLA241213C00340000,CALL,340.0,2024-12-13,14,0.0,DISCOVERY,ENTRY_FORMING,2024-11-29T15:00:00+00:00,2024-11-29T14:45:00+00:00,101,1,245,False,True,347,WITHIN_TOLERANCE,NEAR_ATM,0.34108823529411375,-0.34108823529411375,14,SCORED_RIGHT_CENSORED,True,245,12.8,12.85,0.390625,649.5719844357976,-6.692607003891049,649.5719844357976,245,6,0.0,1.0,652.5,-6.328125000000007,False
SPY-0008,SPY,O:SPY241218C00608000,CALL,608.0,2024-12-18,14,0.0,DISCOVERY,RISK_OR_EXHAUSTION,2024-12-04T21:00:00+00:00,2024-12-04T20:45:00+00:00,13,1,244,False,True,268,WITHIN_TOLERANCE,NEAR_ATM,0.06414473684210302,-0.06414473684210302,14,SCORED_RIGHT_CENSORED,True,254,5.01,4.87,-2.7944111776447067,7.802874743326482,-99.7946611909651,-99.7946611909651,12,249,-99.80952380952381,-12.789473684210538,4.790419161676662,-99.8003992015968,True
U-0008,U,O:U241220C00026000,CALL,26.0,2024-12-20,14,0.0,DISCOVERY,ENTRY_FORMING,2024-12-04T21:00:00+00:00,2024-12-04T20:45:00+00:00,65,1,216,False,True,282,WITHIN_TOLERANCE,NEAR_ATM,1.2692307692307625,1.2692307692307625,16,SCORED_RIGHT_CENSORED,True,216,1.62,1.73,6.790123456790109,160.1156069364162,-99.42196531791907,-99.42196531791907,23,201,-99.77777777777777,-0.6209386281588446,177.77777777777777,-99.38271604938271,True
TSLA-0009,TSLA,O:TSLA241220C00375000,CALL,375.0,2024-12-20,14,0.0,DISCOVERY,RISK_OR_EXHAUSTION,2024-12-05T15:15:00+00:00,2024-12-05T15:00:00+00:00,94,1,299,False,True,394,WITHIN_TOLERANCE,NEAR_ATM,0.6106666666666721,-0.6106666666666721,15,SCORED_RIGHT_CENSORED,True,299,16.17,16.25,0.49474335188619545,585.3538461538462,-22.461538461538467,182.8923076923077,238,16,-58.72317500224477,0.31244743481917575,588.7445887445887,-22.077922077922086,False
LULU-0007,LULU,O:LULU241220C00342500,CALL,342.5,2024-12-20,14,0.0,DISCOVERY,CONTINUATION,2024-12-05T18:00:00+00:00,2024-12-05T17:45:00+00:00,20,1,21,False,True,42,WITHIN_TOLERANCE,NEAR_ATM,0.3503649635036463,0.3503649635036463,15,SCORED_RIGHT_CENSORED,True,21,18.77,19.38,3.249866808737334,292.15686274509807,-0.41279669762640525,59.70072239422084,14,2,-59.27631578947368,0.2043447545037089,304.9014384656367,2.823654768247219,False
GME-0009,GME,O:GME241220C00030000,CALL,30.0,2024-12-20,14,0.0,DISCOVERY,RISK_OR_EXHAUSTION,2024-12-05T19:15:00+00:00,2024-12-05T19:00:00+00:00,110,1,293,False,True,404,WITHIN_TOLERANCE,NEAR_ATM,0.31466666666666754,0.31466666666666754,15,SCORED_RIGHT_CENSORED,True,293,3.95,3.9,-1.2658227848101333,6.410256410256432,-99.74358974358975,-99.74358974358975,2,293,-99.75903614457832,-15.559999999999949,5.063291139240511,-99.74683544303798,True
LULU-0008,LULU,O:LULU241227C00397500,CALL,397.5,2024-12-27,14,0.0,DISCOVERY,THESIS_PRESSURE,2024-12-10T21:00:00+00:00,2024-12-10T20:45:00+00:00,4,0,86,False,False,90,WITHIN_TOLERANCE,NEAR_ATM,0.12075471698113666,-0.12075471698113666,17,UNSCORED_SIGNAL_BAR_ABSENT,,0,,,,,,,,,,,,,
VALE-0007,VALE,O:VALE250110C00009000,CALL,9.0,2025-01-10,14,0.0,DISCOVERY,CONTINUATION,2024-12-26T20:30:00+00:00,2024-12-26T20:15:00+00:00,22,0,108,False,False,130,WITHIN_TOLERANCE,NEAR_ATM,0.6111111111111079,-0.6111111111111079,15,UNSCORED_SIGNAL_BAR_ABSENT,,0,,,,,,,,,,,,,
U-0009,U,O:U250110C00024000,CALL,24.0,2025-01-10,14,0.0,DISCOVERY,CONTINUATION,2024-12-26T21:00:00+00:00,2024-12-26T20:45:00+00:00,33,1,161,False,True,195,WITHIN_TOLERANCE,NEAR_ATM,0.7083333333333404,0.7083333333333404,15,SCORED_RIGHT_CENSORED,True,161,2.3,2.02,-12.173913043478258,43.56435643564356,-99.5049504950495,-99.5049504950495,34,149,-99.6551724137931,-2.284090909090909,26.086956521739136,-99.56521739130434,True
SPY-0009,SPY,O:SPY250113C00587000,CALL,587.0,2025-01-13,14,0.0,DISCOVERY,THESIS_PRESSURE,2024-12-30T15:45:00+00:00,2024-12-30T15:30:00+00:00,4,1,179,False,True,191,WITHIN_TOLERANCE,NEAR_ATM,0.058262350936964996,-0.058262350936964996,14,SCORED_RIGHT_CENSORED,True,186,6.72,6.91,2.8273809523809534,98.40810419681623,-99.85528219971056,-99.85528219971056,87,160,-99.927060539752,-1.014705882352941,104.01785714285717,-99.85119047619048,True
PYPL-0011,PYPL,O:PYPL250110C00085000,CALL,85.0,2025-01-10,14,0.0,DISCOVERY,THESIS_PRESSURE,2024-12-30T21:00:00+00:00,2024-12-30T20:45:00+00:00,20,1,56,False,True,77,WITHIN_TOLERANCE,NEAR_ATM,0.45882352941176535,0.45882352941176535,11,SCORED_RIGHT_CENSORED,True,56,2.11,2.2,4.2654028436019065,131.81818181818178,-99.54545454545455,-98.18181818181819,31,53,-99.2156862745098,-0.7448275862068968,141.70616113744074,-99.52606635071089,True
GME-0010,GME,O:GME250117C00032500,CALL,32.5,2025-01-17,14,0.0,DISCOVERY,ENTRY_FORMING,2024-12-31T15:30:00+00:00,2024-12-31T15:15:00+00:00,71,0,268,False,False,339,WITHIN_TOLERANCE,NEAR_ATM,0.36923076923076137,-0.36923076923076137,17,UNSCORED_SIGNAL_BAR_ABSENT,,0,,,,,,,,,,,,,
U-0010,U,O:U250117C00025000,CALL,25.0,2025-01-17,14,0.0,DISCOVERY,RISK_OR_EXHAUSTION,2025-01-06T15:00:00+00:00,2025-01-06T14:45:00+00:00,92,1,208,False,True,301,WITHIN_TOLERANCE,NEAR_ATM,0.29999999999999716,0.29999999999999716,11,SCORED_RIGHT_CENSORED,True,208,1.63,1.62,-0.6134969325153228,23.456790123456784,-99.38271604938271,-99.38271604938271,7,181,-99.5,-4.236842105263158,22.699386503067487,-99.38650306748467,True
LULU-0009,LULU,O:LULU250117C00395000,CALL,395.0,2025-01-17,14,0.0,DISCOVERY,RISK_OR_EXHAUSTION,2025-01-06T20:15:00+00:00,2025-01-06T20:00:00+00:00,29,1,123,False,True,153,WITHIN_TOLERANCE,NEAR_ATM,0.1544303797468389,-0.1544303797468389,11,SCORED_RIGHT_CENSORED,True,123,11.01,11.45,3.996366939146223,86.89956331877728,-99.82532751091703,-99.82532751091703,3,104,-99.90654205607477,-1.148743718592965,94.36875567665757,-99.81834695731153,True
RBLX-0009,RBLX,O:RBLX250124C00062000,CALL,62.0,2025-01-24,14,0.0,DISCOVERY,RISK_OR_EXHAUSTION,2025-01-07T14:45:00+00:00,2025-01-07T14:30:00+00:00,28,1,131,False,True,160,WITHIN_TOLERANCE,NEAR_ATM,0.44354838709677197,0.44354838709677197,17,SCORED_RIGHT_CENSORED,True,131,2.01,1.84,-8.457711442786053,178.8043478260869,-49.45652173913043,171.73913043478262,130,41,-2.534113060428844,0.9604863221884502,155.22388059701493,-53.73134328358209,False
RBLX-0010,RBLX,O:RBLX250124C00061000,CALL,61.0,2025-01-24,14,0.0,DISCOVERY,CONTINUATION,2025-01-07T19:15:00+00:00,2025-01-07T19:00:00+00:00,30,0,82,False,False,112,WITHIN_TOLERANCE,NEAR_ATM,0.04098360655737472,-0.04098360655737472,17,UNSCORED_SIGNAL_BAR_ABSENT,,0,,,,,,,,,,,,,
GME-0011,GME,O:GME250124C00033500,CALL,33.5,2025-01-24,14,0.0,DISCOVERY,CONTINUATION,2025-01-07T20:15:00+00:00,2025-01-07T20:00:00+00:00,34,1,168,False,True,203,WITHIN_TOLERANCE,NEAR_ATM,0.11970149253732079,-0.11970149253732079,17,SCORED_RIGHT_CENSORED,True,168,3.15,3.15,0.0,4.761904761904767,-99.68253968253968,-99.68253968253968,2,163,-99.69696969696969,-20.93333333333331,4.761904761904767,-99.68253968253968,True
SPY-0010,SPY,O:SPY250122C00590000,CALL,590.0,2025-01-22,14,0.0,DISCOVERY,ENTRY_FORMING,2025-01-08T19:30:00+00:00,2025-01-08T19:15:00+00:00,10,1,190,False,True,208,WITHIN_TOLERANCE,NEAR_ATM,0.046033898305090665,0.046033898305090665,14,SCORED_RIGHT_CENSORED,True,197,6.9,6.73,-2.4637681159420333,165.52748885586922,-80.83209509658246,154.82912332838038,187,32,-4.029099048684959,0.9353680430879713,158.98550724637684,-81.30434782608695,False
TSLA-0010,TSLA,O:TSLA250124C00395000,CALL,395.0,2025-01-24,14,0.0,DISCOVERY,CONTINUATION,2025-01-13T17:30:00+00:00,2025-01-13T17:15:00+00:00,110,1,216,False,True,327,WITHIN_TOLERANCE,NEAR_ATM,0.2329113924050673,0.2329113924050673,11,SCORED_RIGHT_CENSORED,True,216,16.7,16.4,-1.7964071856287456,178.109756097561,-33.536585365853654,-26.82926829268292,112,216,-73.6899802674852,-0.1506333447449503,173.11377245508984,-34.73053892215569,True
RBLX-0011,RBLX,O:RBLX250124C00061000,CALL,61.0,2025-01-24,14,0.0,DISCOVERY,THESIS_PRESSURE,2025-01-13T18:45:00+00:00,2025-01-13T18:30:00+00:00,54,0,58,False,False,112,WITHIN_TOLERANCE,NEAR_ATM,0.7868852459016341,-0.7868852459016341,11,UNSCORED_SIGNAL_BAR_ABSENT,,0,,,,,,,,,,,,,
RBLX-0012,RBLX,O:RBLX250131C00064000,CALL,64.0,2025-01-31,14,0.0,DISCOVERY,ENTRY_FORMING,2025-01-15T20:45:00+00:00,2025-01-15T20:30:00+00:00,87,1,105,False,True,193,WITHIN_TOLERANCE,NEAR_ATM,0.6718749999999996,-0.6718749999999996,16,SCORED_RIGHT_CENSORED,True,105,1.92,1.94,1.041666666666674,291.7525773195876,-23.71134020618556,268.55670103092785,93,75,-5.921052631578938,0.9204946996466432,295.83333333333337,-22.916666666666664,False
TSLA-0011,TSLA,O:TSLA250131C00412500,CALL,412.5,2025-01-31,14,0.0,DISCOVERY,THESIS_PRESSURE,2025-01-16T17:00:00+00:00,2025-01-16T16:45:00+00:00,77,1,276,False,True,354,WITHIN_TOLERANCE,NEAR_ATM,0.05454545454546005,0.05454545454546005,15,SCORED_RIGHT_CENSORED,True,276,26.7,27.0,1.1235955056179803,57.96296296296295,-99.96296296296296,-99.92592592592592,32,275,-99.95310668229777,-1.7239616613418534,59.737827715355806,-99.9625468164794,True
SPY-0011,SPY,O:SPY250207C00610000,CALL,610.0,2025-02-07,14,0.0,DISCOVERY,RISK_OR_EXHAUSTION,2025-01-24T16:45:00+00:00,2025-01-24T16:30:00+00:00,110,1,277,False,True,403,WITHIN_TOLERANCE,NEAR_ATM,0.018852459016394933,0.018852459016394933,14,SCORED_RIGHT_CENSORED,True,288,6.24,6.24,0.0,1.4423076923076872,-99.83974358974359,-99.83974358974359,1,271,-99.84202211690362,-69.22222222222247,1.4423076923076872,-99.83974358974359,True
VALE-0008,VALE,O:VALE250207C00009000,CALL,9.0,2025-02-07,14,0.0,DISCOVERY,RISK_OR_EXHAUSTION,2025-01-27T18:45:00+00:00,2025-01-27T18:30:00+00:00,37,1,94,False,True,132,WITHIN_TOLERANCE,NEAR_ATM,1.7777777777777795,1.7777777777777795,11,SCORED_RIGHT_CENSORED,True,94,0.3,0.29,-3.3333333333333326,141.3793103448276,-44.82758620689654,51.7241379310345,84,16,-37.14285714285713,0.36585365853658547,133.33333333333334,-46.666666666666664,False
VALE-0009,VALE,O:VALE250214C00009000,CALL,9.0,2025-02-14,14,0.0,DISCOVERY,THESIS_PRESSURE,2025-01-28T16:45:00+00:00,2025-01-28T16:30:00+00:00,50,1,96,False,True,147,WITHIN_TOLERANCE,NEAR_ATM,0.27777777777778173,0.27777777777778173,17,SCORED_RIGHT_CENSORED,True,96,0.26,0.26,0.0,215.3846153846154,-3.8461538461538547,211.53846153846155,95,4,-1.2195121951219412,0.9821428571428572,215.3846153846154,-3.8461538461538547,False
PYPL-0012,PYPL,O:PYPL250214C00090000,CALL,90.0,2025-02-14,14,0.0,DISCOVERY,CONTINUATION,2025-01-30T16:00:00+00:00,2025-01-30T15:45:00+00:00,40,0,159,False,False,199,WITHIN_TOLERANCE,NEAR_ATM,0.3166666666666629,-0.3166666666666629,15,UNSCORED_SIGNAL_BAR_ABSENT,,0,,,,,,,,,,,,,
SPY-0012,SPY,O:SPY250213C00606000,CALL,606.0,2025-02-13,14,0.0,DISCOVERY,CONTINUATION,2025-01-30T20:15:00+00:00,2025-01-30T20:00:00+00:00,9,1,215,False,True,234,WITHIN_TOLERANCE,NEAR_ATM,0.013283828382843086,0.013283828382843086,14,SCORED_RIGHT_CENSORED,True,224,6.6,6.78,2.7272727272727337,28.908554572271395,-96.16519174041298,-47.34513274336284,3,171,-59.153318077803206,-1.637755102040816,32.42424242424244,-96.06060606060606,True
U-0011,U,O:U250214C00022500,CALL,22.5,2025-02-14,14,0.0,DISCOVERY,THESIS_PRESSURE,2025-01-31T18:00:00+00:00,2025-01-31T17:45:00+00:00,38,1,158,False,True,197,WITHIN_TOLERANCE,NEAR_ATM,0.26088888888889666,0.26088888888889666,14,SCORED_RIGHT_CENSORED,True,158,1.23,1.21,-1.6260162601625994,22.314049586776854,-99.17355371900827,-99.17355371900827,2,124,-99.32432432432432,-4.4444444444444455,20.32520325203253,-99.1869918699187,True
VALE-0010,VALE,O:VALE250214C00009500,CALL,9.5,2025-02-14,14,0.0,DISCOVERY,ENTRY_FORMING,2025-02-03T20:30:00+00:00,2025-02-03T20:15:00+00:00,73,1,134,False,True,208,WITHIN_TOLERANCE,NEAR_ATM,1.6315789473684146,-1.6315789473684146,11,SCORED_RIGHT_CENSORED,True,134,0.14,0.16,14.28571428571428,100.0,-87.5,75.00000000000003,133,99,-12.49999999999999,0.7500000000000003,128.57142857142856,-85.71428571428572,False
PYPL-0013,PYPL,O:PYPL250214C00089000,CALL,89.0,2025-02-14,14,0.0,DISCOVERY,ENTRY_FORMING,2025-02-03T20:45:00+00:00,2025-02-03T20:30:00+00:00,60,1,43,False,True,104,WITHIN_TOLERANCE,NEAR_ATM,0.28651685393257914,0.28651685393257914,11,SCORED_RIGHT_CENSORED,True,43,4.01,4.0,-0.24937655860348684,7.000000000000006,-99.75,-99.5,1,36,-99.53271028037383,-14.214285714285701,6.733167082294278,-99.75062344139651,True
LULU-0010,LULU,O:LULU250221C00415000,CALL,415.0,2025-02-21,14,0.0,DISCOVERY,ENTRY_FORMING,2025-02-04T14:45:00+00:00,2025-02-04T14:30:00+00:00,80,1,136,False,True,217,WITHIN_TOLERANCE,NEAR_ATM,0.1530120481927689,0.1530120481927689,17,SCORED_RIGHT_CENSORED,True,136,12.4,10.99,-11.37096774193549,18.28935395814377,-99.90900818926298,-99.90900818926298,6,124,-99.92307692307692,-5.462686567164178,4.8387096774193505,-99.91935483870968,True
U-0012,U,O:U250221C00021500,CALL,21.5,2025-02-21,14,0.0,DISCOVERY,ENTRY_FORMING,2025-02-10T14:45:00+00:00,2025-02-10T14:30:00+00:00,34,1,157,False,True,192,WITHIN_TOLERANCE,NEAR_ATM,0.6976744186046445,-0.6976744186046445,11,SCORED_RIGHT_CENSORED,True,157,1.53,1.43,-6.535947712418311,532.8671328671329,-64.33566433566433,350.3496503496504,144,30,-28.839779005524868,0.65748031496063,491.5032679738562,-66.66666666666667,False
GME-0012,GME,O:GME250307C00027000,CALL,27.0,2025-03-07,14,0.0,DISCOVERY,THESIS_PRESSURE,2025-02-18T14:45:00+00:00,2025-02-18T14:30:00+00:00,70,1,351,False,True,422,WITHIN_TOLERANCE,NEAR_ATM,0.18629629629629635,-0.18629629629629635,17,SCORED_RIGHT_CENSORED,True,351,1.4,1.41,0.7142857142857117,17.021276595744684,-99.29078014184397,-99.29078014184397,72,328,-99.39393939393939,-5.833333333333332,17.85714285714286,-99.28571428571429,True
VALE-0011,VALE,O:VALE250307C00009500,CALL,9.5,2025-03-07,14,0.0,DISCOVERY,CONTINUATION,2025-02-19T19:15:00+00:00,2025-02-19T19:00:00+00:00,36,0,119,False,False,155,WITHIN_TOLERANCE,NEAR_ATM,2.5263157894736867,2.5263157894736867,16,UNSCORED_SIGNAL_BAR_ABSENT,,0,,,,,,,,,,,,,
LULU-0011,LULU,O:LULU250307C00365000,CALL,365.0,2025-03-07,14,0.0,DISCOVERY,CONTINUATION,2025-02-20T18:15:00+00:00,2025-02-20T18:00:00+00:00,8,0,105,False,False,113,WITHIN_TOLERANCE,NEAR_ATM,0.367123287671226,-0.367123287671226,15,UNSCORED_SIGNAL_BAR_ABSENT,,0,,,,,,,,,,,,,
LULU-0012,LULU,O:LULU250307C00365000,CALL,365.0,2025-03-07,14,0.0,DISCOVERY,THESIS_PRESSURE,2025-02-20T20:30:00+00:00,2025-02-20T20:15:00+00:00,8,1,104,False,True,113,WITHIN_TOLERANCE,NEAR_ATM,0.3917808219178101,-0.3917808219178101,15,SCORED_RIGHT_CENSORED,True,104,9.6,9.85,2.604166666666674,36.54822335025381,-99.8984771573604,-98.98477157360406,7,101,-99.25650557620817,-2.7083333333333335,40.10416666666667,-99.89583333333333,True
PYPL-0014,PYPL,O:PYPL250321C00068000,CALL,68.0,2025-03-21,14,0.0,DISCOVERY,THESIS_PRESSURE,2025-03-10T16:45:00+00:00,2025-03-10T16:30:00+00:00,61,0,181,False,False,242,WITHIN_TOLERANCE,NEAR_ATM,0.6323529411764806,0.6323529411764806,11,UNSCORED_SIGNAL_BAR_ABSENT,,0,,,,,,,,,,,,,
SPY-0013,SPY,O:SPY250325C00559000,CALL,559.0,2025-03-25,14,0.0,DISCOVERY,THESIS_PRESSURE,2025-03-12T17:00:00+00:00,2025-03-12T16:45:00+00:00,11,1,122,False,True,137,WITHIN_TOLERANCE,NEAR_ATM,0.01252236135957961,0.01252236135957961,13,SCORED_RIGHT_CENSORED,True,124,10.7,9.81,-8.317757009345783,77.16615698267073,-59.73496432212029,65.54536187563708,114,75,-6.559263521288838,0.8494055482166446,62.42990654205607,-63.084112149532714,False
TSLA-0012,TSLA,O:TSLA250328C00247500,CALL,247.5,2025-03-28,14,0.0,DISCOVERY,ENTRY_FORMING,2025-03-12T20:00:00+00:00,2025-03-12T19:45:00+00:00,77,1,310,False,True,388,WITHIN_TOLERANCE,NEAR_ATM,0.3151515151515156,0.3151515151515156,16,SCORED_RIGHT_CENSORED,True,310,16.4,16.35,-0.30487804878046587,164.8318042813455,-79.26605504587157,-0.9174311926605672,265,97,-62.586605080831404,-0.005565862708719955,164.02439024390242,-79.32926829268293,False
PYPL-0015,PYPL,O:PYPL250404C00071000,CALL,71.0,2025-04-04,14,0.0,DISCOVERY,RISK_OR_EXHAUSTION,2025-03-20T15:00:00+00:00,2025-03-20T14:45:00+00:00,50,0,191,False,False,241,WITHIN_TOLERANCE,NEAR_ATM,0.5915492957746503,-0.5915492957746503,15,UNSCORED_SIGNAL_BAR_ABSENT,,0,,,,,,,,,,,,,
RBLX-0013,RBLX,O:RBLX250404C00059000,CALL,59.0,2025-04-04,14,0.0,DISCOVERY,ENTRY_FORMING,2025-03-21T14:00:00+00:00,2025-03-21T13:45:00+00:00,12,0,86,False,False,98,WITHIN_TOLERANCE,NEAR_ATM,0.22033898305085178,-0.22033898305085178,14,UNSCORED_SIGNAL_BAR_ABSENT,,0,,,,,,,,,,,,,
TSLA-0013,TSLA,O:TSLA250404C00272500,CALL,272.5,2025-04-04,14,0.0,DISCOVERY,RISK_OR_EXHAUSTION,2025-03-24T14:45:00+00:00,2025-03-24T14:30:00+00:00,99,1,255,False,True,355,WITHIN_TOLERANCE,NEAR_ATM,0.4440366972476989,-0.4440366972476989,11,SCORED_RIGHT_CENSORED,True,255,14.0,14.1,0.7142857142857117,84.39716312056737,-99.9290780141844,-99.9290780141844,79,244,-99.96153846153845,-1.1840336134453782,85.71428571428572,-99.92857142857143,True
GME-0013,GME,O:GME250411C00025500,CALL,25.5,2025-04-11,14,0.0,DISCOVERY,ENTRY_FORMING,2025-03-25T19:15:00+00:00,2025-03-25T19:00:00+00:00,17,1,284,False,True,302,WITHIN_TOLERANCE,NEAR_ATM,0.26274509803921636,-0.26274509803921636,17,SCORED_RIGHT_CENSORED,True,284,1.9,1.82,-4.210526315789465,147.80219780219775,-91.20879120879121,-45.604395604395606,9,119,-78.04878048780488,-0.30855018587360605,137.3684210526316,-91.57894736842105,True
TSLA-0014,TSLA,O:TSLA250411C00282500,CALL,282.5,2025-04-11,14,0.0,DISCOVERY,CONTINUATION,2025-03-26T13:45:00+00:00,2025-03-26T13:30:00+00:00,0,1,329,False,True,330,WITHIN_TOLERANCE,NEAR_ATM,0.33274336283185757,0.33274336283185757,16,SCORED_RIGHT_CENSORED,True,329,17.23,18.0,4.468949506674402,24.333333333333318,-99.94444444444444,-99.94444444444444,29,315,-99.95531724754245,-4.107305936073062,29.889727219965167,-99.94196169471851,True
TSLA-0015,TSLA,O:TSLA250411C00272500,CALL,272.5,2025-04-11,14,0.0,DISCOVERY,THESIS_PRESSURE,2025-03-26T16:15:00+00:00,2025-03-26T16:00:00+00:00,7,1,323,False,True,331,WITHIN_TOLERANCE,NEAR_ATM,0.4110091743119283,0.4110091743119283,16,SCORED_RIGHT_CENSORED,True,323,17.3,17.55,1.4450867052023142,61.36752136752137,-99.94301994301993,-99.94301994301993,21,316,-99.96468926553672,-1.6285979572887648,63.6994219653179,-99.94219653179191,True
PYPL-0016,PYPL,O:PYPL250417C00065000,CALL,65.0,2025-04-17,14,0.0,DISCOVERY,ENTRY_FORMING,2025-04-01T13:45:00+00:00,2025-04-01T13:30:00+00:00,44,1,267,False,True,312,WITHIN_TOLERANCE,NEAR_ATM,0.7538461538461461,0.7538461538461461,16,SCORED_RIGHT_CENSORED,True,267,2.31,2.42,4.761904761904767,19.00826446280992,-99.58677685950413,-99.58677685950413,16,236,-99.65277777777779,-5.239130434782608,24.675324675324674,-99.56709956709958,True
SPY-0014,SPY,O:SPY250415C00561000,CALL,561.0,2025-04-15,14,0.0,DISCOVERY,ENTRY_FORMING,2025-04-01T20:00:00+00:00,2025-04-01T19:45:00+00:00,14,1,173,False,True,193,WITHIN_TOLERANCE,NEAR_ATM,0.005347593582882837,0.005347593582882837,14,SCORED_RIGHT_CENSORED,True,178,9.39,7.64,-18.63684771033015,66.2303664921466,-99.86910994764398,-99.86910994764398,12,163,-99.92125984251969,-1.507905138339921,35.25026624068157,-99.89350372736953,True
GME-0014,GME,O:GME250425C00024500,CALL,24.5,2025-04-25,14,0.0,DISCOVERY,RISK_OR_EXHAUSTION,2025-04-08T14:30:00+00:00,2025-04-08T14:15:00+00:00,19,0,170,False,False,189,WITHIN_TOLERANCE,NEAR_ATM,0.7346938775510192,0.7346938775510192,17,UNSCORED_SIGNAL_BAR_ABSENT,,0,,,,,,,,,,,,,
U-0013,U,O:U250425C00017500,CALL,17.5,2025-04-25,14,0.0,DISCOVERY,ENTRY_FORMING,2025-04-09T17:15:00+00:00,2025-04-09T17:00:00+00:00,14,0,13,False,False,27,WITHIN_TOLERANCE,NEAR_ATM,0.6857142857142914,-0.6857142857142914,16,UNSCORED_SIGNAL_BAR_ABSENT,,0,,,,,,,,,,,,,
LULU-0014,LULU,O:LULU250425C00285000,CALL,285.0,2025-04-25,14,0.0,DISCOVERY,RISK_OR_EXHAUSTION,2025-04-09T18:30:00+00:00,2025-04-09T18:15:00+00:00,29,0,149,False,False,178,WITHIN_TOLERANCE,NEAR_ATM,0.8140350877192958,-0.8140350877192958,16,UNSCORED_SIGNAL_BAR_ABSENT,,0,,,,,,,,,,,,,
RBLX-0014,RBLX,O:RBLX250502C00059000,CALL,59.0,2025-05-02,14,0.0,DISCOVERY,CONTINUATION,2025-04-15T14:30:00+00:00,2025-04-15T14:15:00+00:00,7,0,49,False,False,56,WITHIN_TOLERANCE,NEAR_ATM,0.01694915254236951,0.01694915254236951,17,UNSCORED_SIGNAL_BAR_ABSENT,,0,,,,,,,,,,,,,
VALE-0012,VALE,O:VALE250502C00009000,CALL,9.0,2025-05-02,14,0.0,DISCOVERY,THESIS_PRESSURE,2025-04-15T14:45:00+00:00,2025-04-15T14:30:00+00:00,21,0,72,False,False,93,WITHIN_TOLERANCE,NEAR_ATM,1.5566666666666704,1.5566666666666704,17,UNSCORED_SIGNAL_BAR_ABSENT,,0,,,,,,,,,,,,,
GME-0015,GME,O:GME250502C00026500,CALL,26.5,2025-05-02,14,0.0,DISCOVERY,CONTINUATION,2025-04-17T13:45:00+00:00,2025-04-17T13:30:00+00:00,41,1,220,False,True,262,WITHIN_TOLERANCE,NEAR_ATM,0.18867924528302155,-0.18867924528302155,15,SCORED_RIGHT_CENSORED,True,220,1.6,1.8,12.5,25.0,-61.66666666666667,-44.44444444444444,57,201,-55.55555555555556,-1.7777777777777777,40.625,-56.87500000000001,True
GME-0016,GME,O:GME250502C00026500,CALL,26.5,2025-05-02,14,0.0,DISCOVERY,THESIS_PRESSURE,2025-04-21T16:30:00+00:00,2025-04-21T16:15:00+00:00,70,1,191,False,True,262,WITHIN_TOLERANCE,NEAR_ATM,0.8301886792452787,-0.8301886792452787,11,SCORED_RIGHT_CENSORED,True,191,1.3,1.23,-5.384615384615388,82.92682926829269,-43.90243902439025,-18.699186991869922,28,172,-55.55555555555556,-0.22549019607843138,73.07692307692307,-46.923076923076934,True
VALE-0013,VALE,O:VALE250509C00009500,CALL,9.5,2025-05-09,14,0.0,DISCOVERY,RISK_OR_EXHAUSTION,2025-04-22T15:45:00+00:00,2025-04-22T15:30:00+00:00,11,0,126,False,False,137,WITHIN_TOLERANCE,NEAR_ATM,1.5263157894736799,-1.5263157894736799,17,UNSCORED_SIGNAL_BAR_ABSENT,,0,,,,,,,,,,,,,
U-0014,U,O:U250509C00022000,CALL,22.0,2025-05-09,14,0.0,DISCOVERY,RISK_OR_EXHAUSTION,2025-04-23T14:00:00+00:00,2025-04-23T13:45:00+00:00,13,1,188,False,True,202,WITHIN_TOLERANCE,NEAR_ATM,0.9545454545454585,-0.9545454545454585,16,SCORED_RIGHT_CENSORED,True,188,1.63,1.59,-2.4539877300613355,24.52830188679245,-99.37106918238993,-99.37106918238993,27,180,-99.4949494949495,-4.051282051282052,21.47239263803682,-99.38650306748467,True
RBLX-0015,RBLX,O:RBLX250509C00064000,CALL,64.0,2025-05-09,14,0.0,DISCOVERY,RISK_OR_EXHAUSTION,2025-04-23T14:30:00+00:00,2025-04-23T14:15:00+00:00,6,0,45,False,False,51,WITHIN_TOLERANCE,NEAR_ATM,0.14062500000000533,0.14062500000000533,16,UNSCORED_SIGNAL_BAR_ABSENT,,0,,,,,,,,,,,,,
U-0015,U,O:U250509C00021500,CALL,21.5,2025-05-09,14,0.0,DISCOVERY,CONTINUATION,2025-04-24T14:00:00+00:00,2025-04-24T13:45:00+00:00,11,0,144,False,False,155,WITHIN_TOLERANCE,NEAR_ATM,0.41860465116279005,0.41860465116279005,15,UNSCORED_SIGNAL_BAR_ABSENT,,0,,,,,,,,,,,,,
LULU-0015,LULU,O:LULU250509C00267500,CALL,267.5,2025-05-09,14,0.0,DISCOVERY,THESIS_PRESSURE,2025-04-25T15:45:00+00:00,2025-04-25T15:30:00+00:00,6,0,30,False,False,36,WITHIN_TOLERANCE,NEAR_ATM,0.12336448598130247,-0.12336448598130247,14,UNSCORED_SIGNAL_BAR_ABSENT,,0,,,,,,,,,,,,,
VALE-0014,VALE,O:VALE250509C00009500,CALL,9.5,2025-05-09,14,0.0,DISCOVERY,CONTINUATION,2025-04-28T13:45:00+00:00,2025-04-28T13:30:00+00:00,37,0,100,False,False,137,WITHIN_TOLERANCE,NEAR_ATM,0.4673684210526268,0.4673684210526268,11,UNSCORED_SIGNAL_BAR_ABSENT,,0,,,,,,,,,,,,,
U-0016,U,O:U250509C00022000,CALL,22.0,2025-05-09,14,0.0,DISCOVERY,THESIS_PRESSURE,2025-04-28T16:00:00+00:00,2025-04-28T15:45:00+00:00,45,0,157,False,False,202,WITHIN_TOLERANCE,NEAR_ATM,0.09090909090908897,-0.09090909090908897,11,UNSCORED_SIGNAL_BAR_ABSENT,,0,,,,,,,,,,,,,
RBLX-0016,RBLX,O:RBLX250509C00066000,CALL,66.0,2025-05-09,14,0.0,DISCOVERY,THESIS_PRESSURE,2025-04-28T17:15:00+00:00,2025-04-28T17:00:00+00:00,33,0,73,False,False,106,WITHIN_TOLERANCE,NEAR_ATM,0.3939393939394017,-0.3939393939394017,11,UNSCORED_SIGNAL_BAR_ABSENT,,0,,,,,,,,,,,,,
PYPL-0017,PYPL,O:PYPL250509C00065000,CALL,65.0,2025-05-09,14,0.0,DISCOVERY,CONTINUATION,2025-04-28T19:15:00+00:00,2025-04-28T19:00:00+00:00,77,1,167,False,True,245,WITHIN_TOLERANCE,NEAR_ATM,0.5461538461538523,-0.5461538461538523,11,SCORED_RIGHT_CENSORED,True,167,2.77,2.82,1.8050541516245522,121.98581560283688,-60.99290780141844,82.62411347517732,147,27,-17.731629392971236,0.677325581395349,125.99277978339347,-60.28880866425992,False
LULU-0016,LULU,O:LULU250516C00275000,CALL,275.0,2025-05-16,14,0.0,DISCOVERY,CONTINUATION,2025-05-02T19:15:00+00:00,2025-05-02T19:00:00+00:00,22,0,37,False,False,59,WITHIN_TOLERANCE,NEAR_ATM,0.40000000000000824,0.40000000000000824,14,UNSCORED_SIGNAL_BAR_ABSENT,,0,,,,,,,,,,,,,
VALE-0015,VALE,O:VALE250516C00009500,CALL,9.5,2025-05-16,14,0.0,DISCOVERY,ENTRY_FORMING,2025-05-02T20:00:00+00:00,2025-05-02T19:45:00+00:00,61,1,116,False,True,178,WITHIN_TOLERANCE,NEAR_ATM,1.3684210526315872,-1.3684210526315872,14,SCORED_RIGHT_CENSORED,True,116,0.17,0.18,5.88235294117645,200.00000000000006,-72.22222222222221,66.66666666666667,93,27,-44.44444444444445,0.33333333333333326,217.6470588235294,-70.58823529411764,False
TSLA-0016,TSLA,O:TSLA250523C00297500,CALL,297.5,2025-05-23,14,0.0,DISCOVERY,ENTRY_FORMING,2025-05-09T20:00:00+00:00,2025-05-09T19:45:00+00:00,107,1,158,False,True,266,WITHIN_TOLERANCE,NEAR_ATM,0.20225210084033407,0.20225210084033407,14,SCORED_RIGHT_CENSORED,True,158,14.9,30.15,102.34899328859059,94.02985074626866,-26.03648424543946,37.9436152570481,104,1,-28.905982905982896,0.40352733686067027,292.6174496644295,49.66442953020134,False
SPY-0016,SPY,O:SPY250523C00579000,CALL,579.0,2025-05-23,14,0.0,DISCOVERY,RISK_OR_EXHAUSTION,2025-05-12T14:00:00+00:00,2025-05-12T13:45:00+00:00,65,1,180,False,True,257,WITHIN_TOLERANCE,NEAR_ATM,0.036269430051819755,-0.036269430051819755,11,SCORED_RIGHT_CENSORED,True,188,7.16,7.2,0.5586592178770999,140.97222222222223,-99.44444444444444,-98.75,104,188,-99.48126801152738,-0.7004926108374384,142.31843575418998,-99.4413407821229,True
GME-0017,GME,O:GME250530C00029500,CALL,29.5,2025-05-30,14,0.0,DISCOVERY,RISK_OR_EXHAUSTION,2025-05-14T14:45:00+00:00,2025-05-14T14:30:00+00:00,47,1,272,False,True,320,WITHIN_TOLERANCE,NEAR_ATM,0.7454237288135563,-0.7454237288135563,16,SCORED_RIGHT_CENSORED,True,272,1.35,1.45,7.407407407407396,336.5517241379311,-88.27586206896552,-80.6896551724138,184,260,-95.57661927330173,-0.2397540983606557,368.8888888888888,-87.4074074074074,True
TSLA-0017,TSLA,O:TSLA250606C00350000,CALL,350.0,2025-06-06,14,0.0,DISCOVERY,CONTINUATION,2025-05-20T13:45:00+00:00,2025-05-20T13:30:00+00:00,130,1,337,False,True,469,WITHIN_TOLERANCE,NEAR_ATM,0.02285714285713831,0.02285714285713831,17,SCORED_RIGHT_CENSORED,True,338,19.36,19.15,-1.0847107438016534,28.459530026109682,-99.94778067885117,-99.94778067885117,156,314,-99.95934959349594,-3.5119266055045846,27.066115702479344,-99.94834710743802,True
SPY-0017,SPY,O:SPY250605C00585000,CALL,585.0,2025-06-05,14,0.0,DISCOVERY,THESIS_PRESSURE,2025-05-22T19:45:00+00:00,2025-05-22T19:30:00+00:00,22,1,200,False,True,232,WITHIN_TOLERANCE,NEAR_ATM,0.011965811965820517,0.011965811965820517,14,SCORED_RIGHT_CENSORED,True,209,8.2,7.95,-3.0487804878048697,73.71069182389938,-44.528301886792455,13.962264150943394,198,122,-34.39536567704562,0.18941979522184293,68.41463414634148,-46.21951219512195,False
PYPL-0018,PYPL,O:PYPL250613C00071000,CALL,71.0,2025-06-13,14,0.0,DISCOVERY,THESIS_PRESSURE,2025-05-29T15:15:00+00:00,2025-05-29T15:00:00+00:00,24,0,144,False,False,169,WITHIN_TOLERANCE,NEAR_ATM,0.05633802816902289,-0.05633802816902289,15,UNSCORED_SIGNAL_BAR_ABSENT,,0,,,,,,,,,,,,,
TSLA-0018,TSLA,O:TSLA250613C00360000,CALL,360.0,2025-06-13,14,0.0,DISCOVERY,THESIS_PRESSURE,2025-05-29T19:00:00+00:00,2025-05-29T18:45:00+00:00,124,1,290,False,True,416,WITHIN_TOLERANCE,NEAR_ATM,0.3416666666666717,-0.3416666666666717,15,SCORED_RIGHT_CENSORED,True,291,18.2,18.4,1.098901098901095,8.369565217391317,-99.94565217391305,-99.94565217391305,11,266,-99.94984954864594,-11.941558441558424,9.56043956043957,-99.94505494505495,True
LULU-0017,LULU,O:LULU250620C00330000,CALL,330.0,2025-06-20,14,0.0,DISCOVERY,RISK_OR_EXHAUSTION,2025-06-03T14:00:00+00:00,2025-06-03T13:45:00+00:00,55,1,90,False,True,146,WITHIN_TOLERANCE,NEAR_ATM,0.03636363636363774,-0.03636363636363774,17,SCORED_RIGHT_CENSORED,True,90,19.3,18.22,-5.595854922279797,31.997804610318337,-99.94511525795828,-99.94511525795828,12,87,-99.95841995841997,-3.123499142367066,24.61139896373057,-99.9481865284974,True
RBLX-0017,RBLX,O:RBLX250620C00090000,CALL,90.0,2025-06-20,14,0.0,DISCOVERY,CONTINUATION,2025-06-03T19:00:00+00:00,2025-06-03T18:45:00+00:00,111,0,165,False,False,277,WITHIN_TOLERANCE,NEAR_ATM,0.06666666666666919,-0.06666666666666919,17,UNSCORED_SIGNAL_BAR_ABSENT,,0,,,,,,,,,,,,,
SPY-0018,SPY,O:SPY250617C00595000,CALL,595.0,2025-06-17,14,0.0,DISCOVERY,ENTRY_FORMING,2025-06-03T19:45:00+00:00,2025-06-03T19:30:00+00:00,23,1,190,False,True,221,WITHIN_TOLERANCE,NEAR_ATM,0.1579831932773201,0.1579831932773201,14,SCORED_RIGHT_CENSORED,True,197,7.73,7.63,-1.293661060802076,44.16775884665793,-71.42857142857142,-67.62778505897772,94,191,-77.54545454545453,-1.5311572700296736,42.30271668822767,-71.79818887451488,True
RBLX-0018,RBLX,O:RBLX250620C00091000,CALL,91.0,2025-06-20,14,0.0,DISCOVERY,RISK_OR_EXHAUSTION,2025-06-04T14:15:00+00:00,2025-06-04T14:00:00+00:00,38,1,76,False,True,115,WITHIN_TOLERANCE,NEAR_ATM,0.35714285714286026,-0.35714285714286026,16,SCORED_RIGHT_CENSORED,True,76,2.8,2.95,5.35714285714286,295.9322033898305,-5.084745762711873,274.5762711864407,69,1,-5.393835616438347,0.9278350515463919,317.14285714285717,0.0,False
PYPL-0019,PYPL,O:PYPL250620C00073000,CALL,73.0,2025-06-20,14,0.0,DISCOVERY,RISK_OR_EXHAUSTION,2025-06-04T15:45:00+00:00,2025-06-04T15:30:00+00:00,75,1,234,False,True,310,WITHIN_TOLERANCE,NEAR_ATM,0.1232876712328814,-0.1232876712328814,16,SCORED_RIGHT_CENSORED,True,234,1.9,1.88,-1.0526315789473717,49.468085106382986,-99.46808510638297,-99.46808510638297,106,217,-99.644128113879,-2.0107526881720426,47.89473684210528,-99.47368421052632,True
TSLA-0019,TSLA,O:TSLA250620C00307500,CALL,307.5,2025-06-20,14,0.0,DISCOVERY,RISK_OR_EXHAUSTION,2025-06-09T20:00:00+00:00,2025-06-09T19:45:00+00:00,97,1,200,False,True,298,WITHIN_TOLERANCE,NEAR_ATM,0.37635772357724245,0.37635772357724245,11,SCORED_RIGHT_CENSORED,True,200,14.4,18.0,25.0,73.88888888888889,-39.388888888888886,-20.1111111111111,27,181,-54.05750798722045,-0.2721804511278194,117.36111111111111,-24.236111111111114,True
RBLX-0019,RBLX,O:RBLX250627C00096000,CALL,96.0,2025-06-27,14,0.0,DISCOVERY,ENTRY_FORMING,2025-06-11T19:30:00+00:00,2025-06-11T19:15:00+00:00,34,1,73,False,True,108,WITHIN_TOLERANCE,NEAR_ATM,0.20833333333333628,-0.20833333333333628,16,SCORED_RIGHT_CENSORED,True,73,3.05,3.15,3.2786885245901676,206.98412698412702,-17.460317460317455,177.77777777777777,71,13,-9.513960703205793,0.8588957055214722,217.04918032786887,-14.754098360655732,False
PYPL-0020,PYPL,O:PYPL250627C00075000,CALL,75.0,2025-06-27,14,0.0,DISCOVERY,ENTRY_FORMING,2025-06-12T18:45:00+00:00,2025-06-12T18:30:00+00:00,109,1,241,False,True,352,WITHIN_TOLERANCE,NEAR_ATM,0.2466666666666697,-0.2466666666666697,15,SCORED_RIGHT_CENSORED,True,242,1.7,1.61,-5.294117647058815,6.211180124223592,-99.37888198757764,-99.37888198757764,3,218,-99.41520467836257,-16.00000000000003,0.588235294117645,-99.41176470588235,True
VALE-0016,VALE,O:VALE250711C00009000,CALL,9.0,2025-07-11,14,0.0,DISCOVERY,ENTRY_FORMING,2025-06-24T13:45:00+00:00,2025-06-24T13:30:00+00:00,17,0,33,False,False,50,WITHIN_TOLERANCE,NEAR_ATM,1.833333333333324,1.833333333333324,17,UNSCORED_SIGNAL_BAR_ABSENT,,0,,,,,,,,,,,,,
VALE-0017,VALE,O:VALE250711C00009000,CALL,9.0,2025-07-11,14,0.0,DISCOVERY,THESIS_PRESSURE,2025-06-24T17:00:00+00:00,2025-06-24T16:45:00+00:00,19,0,31,False,False,50,WITHIN_TOLERANCE,NEAR_ATM,1.6111111111111063,1.6111111111111063,17,UNSCORED_SIGNAL_BAR_ABSENT,,0,,,,,,,,,,,,,
GME-0018,GME,O:GME250711C00023000,CALL,23.0,2025-07-11,14,0.0,DISCOVERY,ENTRY_FORMING,2025-06-24T19:00:00+00:00,2025-06-24T18:45:00+00:00,92,1,256,False,True,349,WITHIN_TOLERANCE,NEAR_ATM,0.8478260869565231,0.8478260869565231,17,SCORED_RIGHT_CENSORED,True,256,1.18,1.3,10.169491525423746,30.76923076923077,-86.92307692307692,-73.07692307692308,46,187,-79.41176470588236,-2.375,44.06779661016949,-85.59322033898304,True
U-0017,U,O:U250711C00024000,CALL,24.0,2025-07-11,14,0.0,DISCOVERY,ENTRY_FORMING,2025-06-24T20:00:00+00:00,2025-06-24T19:45:00+00:00,37,0,143,False,False,180,WITHIN_TOLERANCE,NEAR_ATM,0.16666666666666313,0.16666666666666313,17,UNSCORED_SIGNAL_BAR_ABSENT,,0,,,,,,,,,,,,,
LULU-0018,LULU,O:LULU250711C00230000,CALL,230.0,2025-07-11,14,0.0,DISCOVERY,CONTINUATION,2025-06-26T16:30:00+00:00,2025-06-26T16:15:00+00:00,72,0,78,False,False,150,WITHIN_TOLERANCE,NEAR_ATM,0.5060000000000039,0.5060000000000039,15,UNSCORED_SIGNAL_BAR_ABSENT,,0,,,,,,,,,,,,,
U-0018,U,O:U250711C00023500,CALL,23.5,2025-07-11,14,0.0,DISCOVERY,THESIS_PRESSURE,2025-06-27T14:45:00+00:00,2025-06-27T14:30:00+00:00,28,1,51,False,True,80,WITHIN_TOLERANCE,NEAR_ATM,0.12851063829787518,0.12851063829787518,14,SCORED_RIGHT_CENSORED,True,51,0.97,1.03,6.185567010309279,487.378640776699,0.0,455.33980582524265,49,1,-5.454545454545457,0.9342629482071713,523.7113402061856,6.185567010309279,False
SPY-0019,SPY,O:SPY250711C00616000,CALL,616.0,2025-07-11,14,0.0,DISCOVERY,RISK_OR_EXHAUSTION,2025-06-27T17:00:00+00:00,2025-06-27T16:45:00+00:00,104,1,219,False,True,334,WITHIN_TOLERANCE,NEAR_ATM,0.00487012987012544,-0.00487012987012544,14,SCORED_RIGHT_CENSORED,True,225,6.43,6.37,-0.9331259720062102,90.58084772370488,-35.478806907378335,19.466248037676603,103,8,-37.31466227347611,0.2149046793760831,88.80248833592536,-36.08087091757386,False
U-0019,U,O:U250711C00024000,CALL,24.0,2025-07-11,14,0.0,DISCOVERY,CONTINUATION,2025-06-27T18:45:00+00:00,2025-06-27T18:30:00+00:00,66,1,113,False,True,180,WITHIN_TOLERANCE,NEAR_ATM,0.09375000000000355,0.09375000000000355,14,SCORED_RIGHT_CENSORED,True,113,1.08,1.27,17.59259259259258,339.3700787401575,-33.07086614173229,285.82677165354335,97,44,-12.186379928315406,0.8422273781902553,416.66666666666663,-21.2962962962963,False
GME-0019,GME,O:GME250711C00024000,CALL,24.0,2025-07-11,14,0.0,DISCOVERY,CONTINUATION,2025-06-30T17:45:00+00:00,2025-06-30T17:30:00+00:00,128,1,204,False,True,333,WITHIN_TOLERANCE,NEAR_ATM,0.020833333333329186,0.020833333333329186,11,SCORED_RIGHT_CENSORED,True,204,0.76,0.75,-1.3157894736842146,38.66666666666667,-98.66666666666667,-98.66666666666667,11,193,-99.03846153846155,-2.5517241379310343,36.8421052631579,-98.68421052631578,True
SPY-0020,SPY,O:SPY250715C00620000,CALL,620.0,2025-07-15,14,0.0,DISCOVERY,CONTINUATION,2025-07-02T15:00:00+00:00,2025-07-02T14:45:00+00:00,30,1,207,False,True,246,WITHIN_TOLERANCE,NEAR_ATM,0.20322580645161145,-0.20322580645161145,13,SCORED_RIGHT_CENSORED,True,214,5.84,5.8,-0.6849315068493178,68.96551724137933,-74.13793103448276,-72.41379310344827,24,214,-83.6734693877551,-1.0499999999999996,67.80821917808223,-74.31506849315068,True
VALE-0018,VALE,O:VALE250718C00010500,CALL,10.5,2025-07-18,14,0.0,DISCOVERY,RISK_OR_EXHAUSTION,2025-07-02T19:45:00+00:00,2025-07-02T19:30:00+00:00,31,1,97,False,True,129,WITHIN_TOLERANCE,NEAR_ATM,2.0952380952381016,-2.0952380952381016,16,SCORED_RIGHT_CENSORED,True,97,0.15,0.14,-6.666666666666654,21.42857142857142,-92.85714285714286,-92.85714285714286,1,73,-94.11764705882352,-4.333333333333336,13.333333333333353,-93.33333333333333,True
U-0020,U,O:U250718C00026000,CALL,26.0,2025-07-18,14,0.0,DISCOVERY,RISK_OR_EXHAUSTION,2025-07-03T16:00:00+00:00,2025-07-03T15:45:00+00:00,90,1,134,False,True,225,WITHIN_TOLERANCE,NEAR_ATM,0.9665384615384635,-0.9665384615384635,15,SCORED_RIGHT_CENSORED,True,134,1.26,1.3,3.1746031746031855,858.4615384615385,-5.384615384615388,723.076923076923,114,1,-14.125200642054592,0.8422939068100357,888.8888888888889,-2.3809523809523836,False
LULU-0019,LULU,O:LULU250718C00237500,CALL,237.5,2025-07-18,14,0.0,DISCOVERY,THESIS_PRESSURE,2025-07-07T16:45:00+00:00,2025-07-07T16:30:00+00:00,42,1,197,False,True,240,WITHIN_TOLERANCE,NEAR_ATM,0.09684210526315358,0.09684210526315358,11,SCORED_RIGHT_CENSORED,True,197,7.0,6.65,-4.999999999999993,9.774436090225546,-99.84962406015038,-99.54887218045113,17,187,-99.58904109589041,-10.184615384615403,4.285714285714293,-99.85714285714286,True
RBLX-0020,RBLX,O:RBLX250801C00118000,CALL,118.0,2025-08-01,14,0.0,DISCOVERY,RISK_OR_EXHAUSTION,2025-07-16T15:45:00+00:00,2025-07-16T15:30:00+00:00,8,1,97,False,True,106,WITHIN_TOLERANCE,NEAR_ATM,0.300847457627122,-0.300847457627122,16,SCORED_RIGHT_CENSORED,True,97,8.45,9.2,8.875739644970416,235.0,-28.260869565217394,-18.695652173913036,78,13,-75.73004542504866,-0.07955596669750228,264.7337278106509,-21.893491124260358,False
GME-0020,GME,O:GME250801C00023500,CALL,23.5,2025-08-01,14,0.0,DISCOVERY,THESIS_PRESSURE,2025-07-16T19:00:00+00:00,2025-07-16T18:45:00+00:00,45,1,286,False,True,332,WITHIN_TOLERANCE,NEAR_ATM,0.2502127659574533,-0.2502127659574533,16,SCORED_RIGHT_CENSORED,True,286,0.93,0.89,-4.301075268817211,69.6629213483146,-98.87640449438202,-98.87640449438202,85,272,-99.33774834437085,-1.4193548387096775,62.36559139784945,-98.9247311827957,True
PYPL-0021,PYPL,O:PYPL250801C00074000,CALL,74.0,2025-08-01,14,0.0,DISCOVERY,CONTINUATION,2025-07-17T19:45:00+00:00,2025-07-17T19:30:00+00:00,64,0,170,False,False,234,WITHIN_TOLERANCE,NEAR_ATM,0.06081081081081312,-0.06081081081081312,15,UNSCORED_SIGNAL_BAR_ABSENT,,0,,,,,,,,,,,,,
PYPL-0022,PYPL,O:PYPL250808C00076000,CALL,76.0,2025-08-08,14,0.0,DISCOVERY,RISK_OR_EXHAUSTION,2025-07-22T20:00:00+00:00,2025-07-22T19:45:00+00:00,44,1,130,False,True,175,WITHIN_TOLERANCE,NEAR_ATM,0.013157894736848839,0.013157894736848839,17,SCORED_RIGHT_CENSORED,True,130,3.5,3.88,10.857142857142854,27.577319587628878,-99.74226804123711,-99.74226804123711,21,114,-99.79797979797979,-3.6168224299065406,41.42857142857144,-99.71428571428571,True
LULU-0020,LULU,O:LULU250808C00225000,CALL,225.0,2025-08-08,14,0.0,DISCOVERY,ENTRY_FORMING,2025-07-23T14:30:00+00:00,2025-07-23T14:15:00+00:00,36,1,154,False,True,191,WITHIN_TOLERANCE,NEAR_ATM,0.40155555555555916,0.40155555555555916,16,SCORED_RIGHT_CENSORED,True,154,7.1,7.3,2.8169014084507005,0.0,-99.86301369863013,-99.86301369863013,1,101,-99.86301369863013,,2.8169014084507005,-99.85915492957747,True
TSLA-0020,TSLA,O:TSLA250808C00332500,CALL,332.5,2025-08-08,14,0.0,DISCOVERY,ENTRY_FORMING,2025-07-23T20:00:00+00:00,2025-07-23T19:45:00+00:00,74,1,310,False,True,385,WITHIN_TOLERANCE,NEAR_ATM,0.15037593984962408,0.15037593984962408,16,SCORED_RIGHT_CENSORED,True,310,17.6,5.25,-70.17045454545455,96.3809523809524,-99.80952380952381,-99.80952380952381,62,309,-99.90300678952472,-1.035573122529644,-41.42045454545455,-99.94318181818181,True
RBLX-0021,RBLX,O:RBLX250808C00119000,CALL,119.0,2025-08-08,14,0.0,DISCOVERY,THESIS_PRESSURE,2025-07-24T19:45:00+00:00,2025-07-24T19:30:00+00:00,18,0,64,False,False,82,WITHIN_TOLERANCE,NEAR_ATM,0.32773109243697524,-0.32773109243697524,15,UNSCORED_SIGNAL_BAR_ABSENT,,0,,,,,,,,,,,,,
RBLX-0022,RBLX,O:RBLX250808C00119000,CALL,119.0,2025-08-08,14,0.0,DISCOVERY,CONTINUATION,2025-07-28T17:15:00+00:00,2025-07-28T17:00:00+00:00,36,0,46,False,False,82,WITHIN_TOLERANCE,NEAR_ATM,0.3529411764705897,0.3529411764705897,11,UNSCORED_SIGNAL_BAR_ABSENT,,0,,,,,,,,,,,,,
SPY-0021,SPY,O:SPY250818C00630000,CALL,630.0,2025-08-18,14,0.0,DISCOVERY,ENTRY_FORMING,2025-08-04T19:30:00+00:00,2025-08-04T19:15:00+00:00,22,1,174,False,True,205,WITHIN_TOLERANCE,NEAR_ATM,0.042063492063489895,0.042063492063489895,14,SCORED_RIGHT_CENSORED,True,182,7.13,7.08,-0.7012622720897643,127.40112994350285,-20.197740112994346,87.71186440677965,123,31,-17.453416149068335,0.6884700665188468,125.80645161290325,-20.75736325385693,False
TSLA-0021,TSLA,O:TSLA250822C00307500,CALL,307.5,2025-08-22,14,0.0,DISCOVERY,THESIS_PRESSURE,2025-08-05T17:00:00+00:00,2025-08-05T16:45:00+00:00,39,1,245,False,True,285,WITHIN_TOLERANCE,NEAR_ATM,0.3837398373983762,-0.3837398373983762,17,SCORED_RIGHT_CENSORED,True,245,11.99,12.2,1.7514595496246788,240.98360655737707,-14.098360655737697,160.5737704918033,94,182,-23.58173076923077,0.6663265306122449,246.9557964970809,-12.593828190158462,True
SPY-0022,SPY,O:SPY250818C00630000,CALL,630.0,2025-08-18,14,0.0,DISCOVERY,THESIS_PRESSURE,2025-08-05T18:30:00+00:00,2025-08-05T18:15:00+00:00,43,1,153,False,True,205,WITHIN_TOLERANCE,NEAR_ATM,0.204761904761899,-0.204761904761899,13,SCORED_RIGHT_CENSORED,True,160,6.21,6.0,-3.3816425120772986,168.33333333333337,-5.833333333333323,121.49999999999999,101,9,-17.453416149068335,0.7217821782178215,159.2592592592593,-9.017713365539448,False
TSLA-0022,TSLA,O:TSLA250822C00320000,CALL,320.0,2025-08-22,14,0.0,DISCOVERY,CONTINUATION,2025-08-06T19:30:00+00:00,2025-08-06T19:15:00+00:00,151,1,312,False,True,464,WITHIN_TOLERANCE,NEAR_ATM,0.22024999999999292,-0.22024999999999292,16,SCORED_RIGHT_CENSORED,True,312,11.9,11.8,-0.8403361344537785,158.4745762711864,-72.03389830508475,69.32203389830507,107,276,-34.49180327868853,0.43743315508021385,156.30252100840335,-72.26890756302522,True
VALE-0019,VALE,O:VALE250822C00010000,CALL,10.0,2025-08-22,14,0.0,DISCOVERY,CONTINUATION,2025-08-07T13:45:00+00:00,2025-08-07T13:30:00+00:00,19,0,155,False,False,174,WITHIN_TOLERANCE,NEAR_ATM,0.4499999999999993,-0.4499999999999993,15,UNSCORED_SIGNAL_BAR_ABSENT,,0,,,,,,,,,,,,,
SPY-0023,SPY,O:SPY250822C00636000,CALL,636.0,2025-08-22,14,0.0,DISCOVERY,RISK_OR_EXHAUSTION,2025-08-07T14:00:00+00:00,2025-08-07T13:45:00+00:00,104,1,256,False,True,372,WITHIN_TOLERANCE,NEAR_ATM,0.0754716981132104,0.0754716981132104,15,SCORED_RIGHT_CENSORED,True,266,7.52,7.4,-1.5957446808510523,67.97297297297295,-70.54054054054055,26.891891891891895,104,228,-24.456958970233302,0.3956262425447318,65.29255319148936,-71.01063829787233,True
PYPL-0023,PYPL,O:PYPL250822C00067000,CALL,67.0,2025-08-22,14,0.0,DISCOVERY,THESIS_PRESSURE,2025-08-11T17:15:00+00:00,2025-08-11T17:00:00+00:00,39,0,117,False,False,156,WITHIN_TOLERANCE,NEAR_ATM,0.19402985074626186,0.19402985074626186,11,UNSCORED_SIGNAL_BAR_ABSENT,,0,,,,,,,,,,,,,
U-0021,U,O:U250829C00036500,CALL,36.5,2025-08-29,14,0.0,DISCOVERY,RISK_OR_EXHAUSTION,2025-08-12T18:15:00+00:00,2025-08-12T18:00:00+00:00,2,1,70,False,True,73,WITHIN_TOLERANCE,NEAR_ATM,0.4109589041095852,-0.4109589041095852,17,SCORED_RIGHT_CENSORED,True,70,2.18,2.37,8.715596330275233,100.42194092827002,-61.18143459915613,2.1097046413502074,65,25,-49.05263157894737,0.02100840336134451,117.88990825688073,-57.79816513761469,False
LULU-0021,LULU,O:LULU250829C00197500,CALL,197.5,2025-08-29,14,0.0,DISCOVERY,RISK_OR_EXHAUSTION,2025-08-13T14:15:00+00:00,2025-08-13T14:00:00+00:00,19,1,199,False,True,219,WITHIN_TOLERANCE,NEAR_ATM,0.07088607594936018,-0.07088607594936018,16,SCORED_RIGHT_CENSORED,True,199,6.9,7.6,10.144927536231862,60.39473684210526,-53.55263157894736,-37.23684210526316,56,195,-60.86956521739131,-0.6165577342047931,76.66666666666666,-48.84057971014494,True
PYPL-0024,PYPL,O:PYPL250829C00069000,CALL,69.0,2025-08-29,14,0.0,DISCOVERY,ENTRY_FORMING,2025-08-14T19:45:00+00:00,2025-08-14T19:30:00+00:00,87,0,219,False,False,306,WITHIN_TOLERANCE,NEAR_ATM,0.5217391304347818,0.5217391304347818,15,UNSCORED_SIGNAL_BAR_ABSENT,,0,,,,,,,,,,,,,
SPY-0024,SPY,O:SPY250902C00645000,CALL,645.0,2025-09-02,14,0.0,DISCOVERY,CONTINUATION,2025-08-18T18:45:00+00:00,2025-08-18T18:30:00+00:00,20,1,255,False,True,287,WITHIN_TOLERANCE,NEAR_ATM,0.29224806201550246,-0.29224806201550246,15,SCORED_RIGHT_CENSORED,True,266,5.2,5.21,0.19230769230769162,9.021113243762002,-99.80806142034548,-99.61612284069098,86,247,-99.64788732394366,-11.042553191489354,9.23076923076922,-99.8076923076923,True
U-0022,U,O:U250829C00038000,CALL,38.0,2025-08-29,14,0.0,DISCOVERY,ENTRY_FORMING,2025-08-18T20:00:00+00:00,2025-08-18T19:45:00+00:00,78,1,159,False,True,238,WITHIN_TOLERANCE,NEAR_ATM,0.8684210526315744,0.8684210526315744,11,SCORED_RIGHT_CENSORED,True,159,2.03,1.55,-23.645320197044327,143.2258064516129,-65.16129032258064,-11.612903225806448,130,36,-63.660477453580896,-0.08108108108108106,85.71428571428574,-73.39901477832511,False
RBLX-0023,RBLX,O:RBLX250905C00118000,CALL,118.0,2025-09-05,14,0.0,DISCOVERY,ENTRY_FORMING,2025-08-20T15:45:00+00:00,2025-08-20T15:30:00+00:00,15,1,45,False,True,61,WITHIN_TOLERANCE,NEAR_ATM,0.389830508474571,0.389830508474571,16,SCORED_RIGHT_CENSORED,True,45,5.75,5.9,2.60869565217392,163.89830508474574,-44.067796610169495,26.101694915254225,42,4,-52.215799614643544,0.15925542916235774,170.7826086956522,-42.608695652173914,False
VALE-0020,VALE,O:VALE250912C00010000,CALL,10.0,2025-09-12,14,0.0,DISCOVERY,ENTRY_FORMING,2025-08-26T14:00:00+00:00,2025-08-26T13:45:00+00:00,17,0,61,False,False,78,WITHIN_TOLERANCE,NEAR_ATM,1.8500000000000052,1.8500000000000052,17,UNSCORED_SIGNAL_BAR_ABSENT,,0,,,,,,,,,,,,,
TSLA-0023,TSLA,O:TSLA250912C00350000,CALL,350.0,2025-09-12,14,0.0,DISCOVERY,RISK_OR_EXHAUSTION,2025-08-26T19:45:00+00:00,2025-08-26T19:30:00+00:00,154,1,313,False,True,469,WITHIN_TOLERANCE,NEAR_ATM,0.18571428571427923,-0.18571428571427923,17,SCORED_RIGHT_CENSORED,True,314,13.95,13.9,-0.35842293906809264,234.96402877697844,-81.15107913669064,228.705035971223,312,106,-1.8685567010309323,0.9733619105939986,233.76344086021507,-81.21863799283153,False
VALE-0021,VALE,O:VALE250912C00010500,CALL,10.5,2025-09-12,14,0.0,DISCOVERY,RISK_OR_EXHAUSTION,2025-08-28T14:45:00+00:00,2025-08-28T14:30:00+00:00,22,0,143,False,False,166,WITHIN_TOLERANCE,NEAR_ATM,1.1028571428571439,-1.1028571428571439,15,UNSCORED_SIGNAL_BAR_ABSENT,,0,,,,,,,,,,,,,
LULU-0022,LULU,O:LULU250912C00202500,CALL,202.5,2025-09-12,14,0.0,DISCOVERY,THESIS_PRESSURE,2025-08-29T18:00:00+00:00,2025-08-29T17:45:00+00:00,26,0,96,False,False,122,WITHIN_TOLERANCE,NEAR_ATM,0.041975308641979237,-0.041975308641979237,14,UNSCORED_SIGNAL_BAR_ABSENT,,0,,,,,,,,,,,,,
GME-0021,GME,O:GME250912C00022500,CALL,22.5,2025-09-12,14,0.0,DISCOVERY,ENTRY_FORMING,2025-08-29T18:30:00+00:00,2025-08-29T18:15:00+00:00,78,1,229,False,True,308,WITHIN_TOLERANCE,NEAR_ATM,0.9777777777777727,0.9777777777777727,14,SCORED_RIGHT_CENSORED,True,229,1.41,1.43,1.4184397163120588,106.29370629370634,-21.678321678321666,72.02797202797204,157,80,-16.61016949152543,0.6776315789473683,109.21985815602841,-20.567375886524808,False
GME-0022,GME,O:GME250919C00023500,CALL,23.5,2025-09-19,14,0.0,DISCOVERY,CONTINUATION,2025-09-03T14:00:00+00:00,2025-09-03T13:45:00+00:00,44,1,283,False,True,328,WITHIN_TOLERANCE,NEAR_ATM,0.06382978723404496,-0.06382978723404496,16,SCORED_RIGHT_CENSORED,True,283,1.58,1.58,0.0,86.70886075949366,-41.13924050632911,62.0253164556962,213,42,-13.22033898305085,0.7153284671532847,86.70886075949366,-41.13924050632911,False
RBLX-0024,RBLX,O:RBLX250919C00130000,CALL,130.0,2025-09-19,14,0.0,DISCOVERY,RISK_OR_EXHAUSTION,2025-09-03T14:00:00+00:00,2025-09-03T13:45:00+00:00,87,1,275,False,True,364,WITHIN_TOLERANCE,NEAR_ATM,0.5153846153846058,0.5153846153846058,16,SCORED_RIGHT_CENSORED,True,276,6.17,6.09,-1.296596434359809,70.11494252873563,-57.47126436781609,-12.807881773399021,181,214,-48.745173745173744,-0.1826697892271664,67.90923824959481,-58.0226904376013,True
GME-0023,GME,O:GME250926C00025500,CALL,25.5,2025-09-26,14,0.0,DISCOVERY,RISK_OR_EXHAUSTION,2025-09-15T14:30:00+00:00,2025-09-15T14:15:00+00:00,94,1,238,False,True,333,WITHIN_TOLERANCE,NEAR_ATM,0.22784313725490038,-0.22784313725490038,11,SCORED_RIGHT_CENSORED,True,238,0.78,0.78,0.0,151.28205128205127,-69.23076923076923,11.538461538461542,127,212,-55.61224489795919,0.076271186440678,151.28205128205127,-69.23076923076923,True
U-0023,U,O:U250926C00046000,CALL,46.0,2025-09-26,14,0.0,DISCOVERY,CONTINUATION,2025-09-15T19:15:00+00:00,2025-09-15T19:00:00+00:00,64,0,160,False,False,224,WITHIN_TOLERANCE,NEAR_ATM,0.2826086956521795,-0.2826086956521795,11,UNSCORED_SIGNAL_BAR_ABSENT,,0,,,,,,,,,,,,,
TSLA-0024,TSLA,O:TSLA251003C00415000,CALL,415.0,2025-10-03,14,0.0,DISCOVERY,ENTRY_FORMING,2025-09-16T14:00:00+00:00,2025-09-16T13:45:00+00:00,113,1,349,False,True,464,WITHIN_TOLERANCE,NEAR_ATM,0.23855421686747205,0.23855421686747205,17,SCORED_RIGHT_CENSORED,True,350,22.5,22.5,0.0,145.11111111111111,-85.11111111111111,-34.66666666666667,299,342,-73.34542157751586,-0.23889739663093418,145.11111111111111,-85.11111111111111,True
U-0024,U,O:U251003C00045500,CALL,45.5,2025-10-03,14,0.0,DISCOVERY,THESIS_PRESSURE,2025-09-17T15:30:00+00:00,2025-09-17T15:15:00+00:00,8,1,109,False,True,118,WITHIN_TOLERANCE,NEAR_ATM,0.16483516483517108,0.16483516483517108,16,SCORED_RIGHT_CENSORED,True,109,3.1,2.91,-6.129032258064515,3.092783505154628,-99.65635738831615,-99.65635738831615,15,102,-99.66666666666667,-32.222222222222335,-3.2258064516129115,-99.67741935483872,True
VALE-0022,VALE,O:VALE251003C00011000,CALL,11.0,2025-10-03,14,0.0,DISCOVERY,THESIS_PRESSURE,2025-09-18T16:30:00+00:00,2025-09-18T16:15:00+00:00,21,0,158,False,False,179,WITHIN_TOLERANCE,NEAR_ATM,1.272727272727278,-1.272727272727278,15,UNSCORED_SIGNAL_BAR_ABSENT,,0,,,,,,,,,,,,,
VALE-0023,VALE,O:VALE251003C00011000,CALL,11.0,2025-10-03,14,0.0,DISCOVERY,CONTINUATION,2025-09-19T19:30:00+00:00,2025-09-19T19:15:00+00:00,30,0,149,False,False,179,WITHIN_TOLERANCE,NEAR_ATM,0.7727272727272805,-0.7727272727272805,14,UNSCORED_SIGNAL_BAR_ABSENT,,0,,,,,,,,,,,,,
LULU-0023,LULU,O:LULU251010C00175000,CALL,175.0,2025-10-10,14,0.0,DISCOVERY,CONTINUATION,2025-09-23T14:45:00+00:00,2025-09-23T14:30:00+00:00,88,1,314,False,True,403,WITHIN_TOLERANCE,NEAR_ATM,0.0399999999999961,-0.0399999999999961,17,SCORED_RIGHT_CENSORED,True,314,6.3,6.52,3.4920634920634797,35.73619631901841,-99.84662576687117,-99.84662576687117,44,306,-99.88700564971752,-2.7939914163090127,40.47619047619047,-99.84126984126985,True
RBLX-0025,RBLX,O:RBLX251010C00134000,CALL,134.0,2025-10-10,14,0.0,DISCOVERY,THESIS_PRESSURE,2025-09-23T16:15:00+00:00,2025-09-23T16:00:00+00:00,20,0,132,False,False,152,WITHIN_TOLERANCE,NEAR_ATM,0.3320895522388009,0.3320895522388009,17,UNSCORED_SIGNAL_BAR_ABSENT,,0,,,,,,,,,,,,,
RBLX-0026,RBLX,O:RBLX251010C00134000,CALL,134.0,2025-10-10,14,0.0,DISCOVERY,CONTINUATION,2025-09-24T13:45:00+00:00,2025-09-24T13:30:00+00:00,24,1,127,False,True,152,WITHIN_TOLERANCE,NEAR_ATM,0.2742537313432887,0.2742537313432887,16,SCORED_RIGHT_CENSORED,True,127,6.3,5.65,-10.317460317460315,80.5309734513274,-99.82300884955752,-99.82300884955752,17,124,-99.90196078431373,-1.23956043956044,61.904761904761905,-99.84126984126985,True
GME-0024,GME,O:GME251010C00026500,CALL,26.5,2025-10-10,14,0.0,DISCOVERY,THESIS_PRESSURE,2025-09-24T17:00:00+00:00,2025-09-24T16:45:00+00:00,101,1,135,False,True,237,WITHIN_TOLERANCE,NEAR_ATM,0.20754716981131968,0.20754716981131968,16,SCORED_RIGHT_CENSORED,True,135,1.22,1.28,4.918032786885251,57.03124999999998,-47.65625,10.9375,112,12,-29.35323383084577,0.1917808219178083,64.75409836065573,-45.08196721311475,False
LULU-0024,LULU,O:LULU251010C00175000,CALL,175.0,2025-10-10,14,0.0,DISCOVERY,ENTRY_FORMING,2025-09-26T19:45:00+00:00,2025-09-26T19:30:00+00:00,179,1,223,False,True,403,WITHIN_TOLERANCE,NEAR_ATM,0.6485714285714234,0.6485714285714234,14,SCORED_RIGHT_CENSORED,True,223,6.2,6.3,1.6129032258064502,38.095238095238095,-99.84126984126985,-99.84126984126985,36,215,-99.88505747126437,-2.6208333333333336,40.322580645161274,-99.83870967741936,True
PYPL-0025,PYPL,O:PYPL251010C00069000,CALL,69.0,2025-10-10,14,0.0,DISCOVERY,RISK_OR_EXHAUSTION,2025-09-29T14:00:00+00:00,2025-09-29T13:45:00+00:00,80,1,219,False,True,300,WITHIN_TOLERANCE,NEAR_ATM,0.7246376811594203,-0.7246376811594203,11,SCORED_RIGHT_CENSORED,True,219,1.25,1.37,9.600000000000009,476.6423357664233,-59.12408759124088,-27.00729927007299,196,64,-87.34177215189874,-0.056661562021439515,532.0,-55.199999999999996,False
PYPL-0026,PYPL,O:PYPL251010C00070000,CALL,70.0,2025-10-10,14,0.0,DISCOVERY,CONTINUATION,2025-09-29T17:15:00+00:00,2025-09-29T17:00:00+00:00,106,1,233,False,True,340,WITHIN_TOLERANCE,NEAR_ATM,0.5642857142857086,-0.5642857142857086,11,SCORED_RIGHT_CENSORED,True,233,1.5,1.72,14.666666666666671,306.9767441860465,-97.09302325581395,-97.09302325581395,187,233,-99.28571428571429,-0.3162878787878788,366.6666666666667,-96.66666666666667,True
SPY-0025,SPY,O:SPY251028C00665000,CALL,665.0,2025-10-28,14,0.0,DISCOVERY,ENTRY_FORMING,2025-10-15T19:45:00+00:00,2025-10-15T19:30:00+00:00,46,1,157,False,True,213,WITHIN_TOLERANCE,NEAR_ATM,0.03326315789472984,-0.03326315789472984,13,SCORED_RIGHT_CENSORED,True,165,8.12,8.19,0.8620689655172376,190.84249084249086,-38.94993894993895,166.30036630036628,162,85,-8.438287153652402,0.8714011516314777,193.34975369458132,-38.42364532019704,False
SPY-0026,SPY,O:SPY251031C00663000,CALL,663.0,2025-10-31,14,0.0,DISCOVERY,THESIS_PRESSURE,2025-10-17T16:30:00+00:00,2025-10-17T16:15:00+00:00,132,1,165,False,True,310,WITHIN_TOLERANCE,NEAR_ATM,0.01659125188537159,0.01659125188537159,14,SCORED_RIGHT_CENSORED,True,172,10.7,10.9,1.869158878504673,143.21100917431195,-19.266055045871553,71.28440366972477,129,66,-29.57374575631837,0.49775784753363217,147.75700934579442,-17.757009345794383,False
U-0025,U,O:U251031C00035000,CALL,35.0,2025-10-31,14,0.0,DISCOVERY,ENTRY_FORMING,2025-10-17T20:00:00+00:00,2025-10-17T19:45:00+00:00,34,1,60,False,True,95,WITHIN_TOLERANCE,NEAR_ATM,0.6999999999999927,0.6999999999999927,14,SCORED_RIGHT_CENSORED,True,60,2.06,2.13,3.398058252427183,106.57276995305165,-36.61971830985915,33.33333333333333,39,53,-35.45454545454546,0.3127753303964757,113.59223300970874,-34.46601941747572,True
LULU-0025,LULU,O:LULU251031C00172500,CALL,172.5,2025-10-31,14,0.0,DISCOVERY,RISK_OR_EXHAUSTION,2025-10-20T14:00:00+00:00,2025-10-20T13:45:00+00:00,37,1,143,False,True,181,WITHIN_TOLERANCE,NEAR_ATM,0.5797101449275363,0.5797101449275363,11,SCORED_RIGHT_CENSORED,True,143,6.1,5.55,-9.016393442622949,148.64864864864867,-99.81981981981983,-99.81981981981983,49,143,-99.92753623188406,-0.6715151515151514,126.22950819672134,-99.8360655737705,True
TSLA-0025,TSLA,O:TSLA251031C00447500,CALL,447.5,2025-10-31,14,0.0,DISCOVERY,RISK_OR_EXHAUSTION,2025-10-20T20:00:00+00:00,2025-10-20T19:45:00+00:00,113,1,234,False,True,349,WITHIN_TOLERANCE,NEAR_ATM,0.03351955307262062,-0.03351955307262062,11,SCORED_RIGHT_CENSORED,True,235,21.06,20.15,-4.320987654320985,15.93052109181141,-95.23573200992556,-53.84615384615383,143,225,-60.18835616438356,-3.38006230529595,10.921177587844255,-95.44159544159544,True
PYPL-0027,PYPL,O:PYPL251107C00069000,CALL,69.0,2025-11-07,14,0.0,DISCOVERY,THESIS_PRESSURE,2025-10-22T16:15:00+00:00,2025-10-22T16:00:00+00:00,52,0,250,False,False,302,WITHIN_TOLERANCE,NEAR_ATM,0.30434782608694744,-0.30434782608694744,16,UNSCORED_SIGNAL_BAR_ABSENT,,0,,,,,,,,,,,,,
SPY-0027,SPY,O:SPY251110C00685000,CALL,685.0,2025-11-10,14,0.0,DISCOVERY,RISK_OR_EXHAUSTION,2025-10-27T13:45:00+00:00,2025-10-27T13:30:00+00:00,0,1,269,False,True,281,WITHIN_TOLERANCE,NEAR_ATM,0.3284671532846715,-0.3284671532846715,14,SCORED_RIGHT_CENSORED,True,280,5.7,5.68,-0.35087719298246833,82.3943661971831,-99.82394366197182,-99.82394366197182,48,258,-99.9034749034749,-1.2115384615384615,81.75438596491227,-99.82456140350877,True
PYPL-0028,PYPL,O:PYPL251107C00071000,CALL,71.0,2025-11-07,14,0.0,DISCOVERY,ENTRY_FORMING,2025-10-27T14:15:00+00:00,2025-10-27T14:00:00+00:00,47,1,244,False,True,292,WITHIN_TOLERANCE,NEAR_ATM,0.3732394366197191,-0.3732394366197191,11,SCORED_RIGHT_CENSORED,True,244,3.3,3.3,0.0,157.57575757575756,-99.69696969696969,-99.39393939393939,27,226,-99.76470588235294,-0.6307692307692307,157.57575757575756,-99.69696969696969,True
VALE-0024,VALE,O:VALE251114C00011500,CALL,11.5,2025-11-14,14,0.0,DISCOVERY,ENTRY_FORMING,2025-10-28T13:45:00+00:00,2025-10-28T13:30:00+00:00,11,1,40,False,True,52,WITHIN_TOLERANCE,NEAR_ATM,0.04347826086957201,-0.04347826086957201,17,SCORED_RIGHT_CENSORED,True,40,0.36,0.35,-2.777777777777779,180.00000000000003,-5.714285714285705,120.00000000000001,33,6,-21.42857142857143,0.6666666666666666,172.22222222222223,-8.333333333333325,False
TSLA-0026,TSLA,O:TSLA251114C00447500,CALL,447.5,2025-11-14,14,0.0,DISCOVERY,CONTINUATION,2025-10-31T13:45:00+00:00,2025-10-31T13:30:00+00:00,77,1,274,False,True,352,WITHIN_TOLERANCE,NEAR_ATM,0.14960893854749224,0.14960893854749224,14,SCORED_RIGHT_CENSORED,True,274,20.1,19.75,-1.7412935323383172,78.48101265822784,-99.9493670886076,-99.9493670886076,27,255,-99.97163120567376,-1.2735483870967743,75.37313432835819,-99.95024875621891,True
GME-0025,GME,O:GME251121C00022000,CALL,22.0,2025-11-21,14,0.0,DISCOVERY,ENTRY_FORMING,2025-11-05T20:00:00+00:00,2025-11-05T19:45:00+00:00,108,1,304,False,True,413,WITHIN_TOLERANCE,NEAR_ATM,0.7499999999999961,0.7499999999999961,16,SCORED_RIGHT_CENSORED,True,304,1.1,1.06,-3.6363636363636376,0.0,-99.05660377358491,-99.05660377358491,1,282,-99.05660377358491,,-3.6363636363636376,-99.0909090909091,True
U-0026,U,O:U251121C00043000,CALL,43.0,2025-11-21,14,0.0,DISCOVERY,RISK_OR_EXHAUSTION,2025-11-05T20:45:00+00:00,2025-11-05T20:30:00+00:00,43,1,208,False,True,252,WITHIN_TOLERANCE,NEAR_ATM,1.0813953488372172,-1.0813953488372172,16,SCORED_RIGHT_CENSORED,True,208,2.72,2.67,-1.8382352941176516,4.868913857677892,-99.625468164794,-99.625468164794,51,192,-99.64285714285714,-20.461538461538503,2.941176470588225,-99.63235294117648,True
TSLA-0027,TSLA,O:TSLA251121C00437500,CALL,437.5,2025-11-21,14,0.0,DISCOVERY,ENTRY_FORMING,2025-11-10T14:45:00+00:00,2025-11-10T14:30:00+00:00,90,1,257,False,True,348,WITHIN_TOLERANCE,NEAR_ATM,0.18400000000000158,0.18400000000000158,11,SCORED_RIGHT_CENSORED,True,257,17.51,17.71,1.142204454597362,36.7588932806324,-99.94353472614343,-99.94353472614343,7,239,-99.95871180842279,-2.7188940092165907,38.32095945174186,-99.94288977727012,True
RBLX-0027,RBLX,O:RBLX251121C00106000,CALL,106.0,2025-11-21,14,0.0,DISCOVERY,ENTRY_FORMING,2025-11-10T20:15:00+00:00,2025-11-10T20:00:00+00:00,25,0,100,False,False,125,WITHIN_TOLERANCE,NEAR_ATM,0.27830188679245443,0.27830188679245443,11,UNSCORED_SIGNAL_BAR_ABSENT,,0,,,,,,,,,,,,,
SPY-0028,SPY,O:SPY251124C00680000,CALL,680.0,2025-11-24,14,0.0,DISCOVERY,CONTINUATION,2025-11-10T21:00:00+00:00,2025-11-10T20:45:00+00:00,25,1,249,False,True,284,WITHIN_TOLERANCE,NEAR_ATM,0.19558823529412364,0.19558823529412364,14,SCORED_RIGHT_CENSORED,True,258,8.72,8.7,-0.2293577981651529,16.436781609195418,-99.88505747126437,-99.88505747126437,29,230,-99.90128331688055,-6.076923076923071,16.1697247706422,-99.88532110091744,True
RBLX-0028,RBLX,O:RBLX251128C00101000,CALL,101.0,2025-11-28,14,0.0,DISCOVERY,THESIS_PRESSURE,2025-11-13T16:15:00+00:00,2025-11-13T16:00:00+00:00,1,0,36,False,False,37,WITHIN_TOLERANCE,NEAR_ATM,0.4108910891089171,0.4108910891089171,15,UNSCORED_SIGNAL_BAR_ABSENT,,0,,,,,,,,,,,,,
GME-0026,GME,O:GME251128C00021000,CALL,21.0,2025-11-28,14,0.0,DISCOVERY,THESIS_PRESSURE,2025-11-14T18:30:00+00:00,2025-11-14T18:15:00+00:00,68,0,227,False,False,295,WITHIN_TOLERANCE,NEAR_ATM,0.952380952380949,-0.952380952380949,14,UNSCORED_SIGNAL_BAR_ABSENT,,0,,,,,,,,,,,,,
TSLA-0028,TSLA,O:TSLA251128C00410000,CALL,410.0,2025-11-28,14,0.0,DISCOVERY,THESIS_PRESSURE,2025-11-17T19:00:00+00:00,2025-11-17T18:45:00+00:00,110,1,204,False,True,315,WITHIN_TOLERANCE,NEAR_ATM,0.2268292682926846,-0.2268292682926846,11,SCORED_RIGHT_CENSORED,True,204,14.8,14.95,1.0135135135135087,64.21404682274247,-73.91304347826086,35.78595317725755,65,93,-17.31160896130346,0.557291666666667,65.87837837837837,-73.64864864864865,True
VALE-0025,VALE,O:VALE251128C00012500,CALL,12.5,2025-11-28,14,0.0,DISCOVERY,THESIS_PRESSURE,2025-11-17T19:30:00+00:00,2025-11-17T19:15:00+00:00,9,0,63,False,False,72,WITHIN_TOLERANCE,NEAR_ATM,1.760000000000005,-1.760000000000005,11,UNSCORED_SIGNAL_BAR_ABSENT,,0,,,,,,,,,,,,,
LULU-0026,LULU,O:LULU251205C00165000,CALL,165.0,2025-12-05,14,0.0,DISCOVERY,THESIS_PRESSURE,2025-11-20T19:00:00+00:00,2025-11-20T18:45:00+00:00,44,0,43,False,False,87,WITHIN_TOLERANCE,NEAR_ATM,0.439393939393936,0.439393939393936,15,UNSCORED_SIGNAL_BAR_ABSENT,,0,,,,,,,,,,,,,
LULU-0027,LULU,O:LULU251205C00170000,CALL,170.0,2025-12-05,14,0.0,DISCOVERY,CONTINUATION,2025-11-21T18:45:00+00:00,2025-11-21T18:30:00+00:00,66,0,113,False,False,179,WITHIN_TOLERANCE,NEAR_ATM,0.2470588235294044,-0.2470588235294044,14,UNSCORED_SIGNAL_BAR_ABSENT,,0,,,,,,,,,,,,,
VALE-0026,VALE,O:VALE251212C00012500,CALL,12.5,2025-12-12,14,0.0,DISCOVERY,RISK_OR_EXHAUSTION,2025-11-26T15:00:00+00:00,2025-11-26T14:45:00+00:00,19,0,78,False,False,97,WITHIN_TOLERANCE,NEAR_ATM,1.0799999999999983,-1.0799999999999983,16,UNSCORED_SIGNAL_BAR_ABSENT,,0,,,,,,,,,,,,,
GME-0027,GME,O:GME251212C00022000,CALL,22.0,2025-12-12,14,0.0,DISCOVERY,RISK_OR_EXHAUSTION,2025-11-26T20:45:00+00:00,2025-11-26T20:30:00+00:00,136,1,243,False,True,381,WITHIN_TOLERANCE,NEAR_ATM,1.0227272727272791,-1.0227272727272791,16,SCORED_RIGHT_CENSORED,True,243,1.17,1.2,2.564102564102577,70.83333333333333,-99.16666666666667,-99.16666666666667,75,226,-99.51219512195122,-1.4000000000000001,75.21367521367522,-99.14529914529915,True
PYPL-0029,PYPL,O:PYPL251212C00063000,CALL,63.0,2025-12-12,14,0.0,DISCOVERY,RISK_OR_EXHAUSTION,2025-11-28T15:15:00+00:00,2025-11-28T15:00:00+00:00,71,1,261,False,True,333,WITHIN_TOLERANCE,NEAR_ATM,0.3968253968253968,-0.3968253968253968,14,SCORED_RIGHT_CENSORED,True,261,1.53,1.56,1.9607843137254832,25.64102564102564,-99.35897435897436,-99.35897435897436,45,241,-99.48979591836735,-3.8750000000000004,28.104575163398682,-99.34640522875817,True
GME-0028,GME,O:GME251212C00023000,CALL,23.0,2025-12-12,14,0.0,DISCOVERY,CONTINUATION,2025-12-01T21:00:00+00:00,2025-12-01T20:45:00+00:00,109,1,232,False,True,342,WITHIN_TOLERANCE,NEAR_ATM,0.9565217391304299,-0.9565217391304299,11,SCORED_RIGHT_CENSORED,True,232,1.07,1.07,0.0,34.57943925233644,-99.06542056074767,-99.06542056074767,54,209,-99.30555555555556,-2.8648648648648654,34.57943925233644,-99.06542056074767,True
LULU-0028,LULU,O:LULU251219C00182500,CALL,182.5,2025-12-19,14,0.0,DISCOVERY,ENTRY_FORMING,2025-12-03T20:45:00+00:00,2025-12-03T20:30:00+00:00,34,0,121,False,False,155,WITHIN_TOLERANCE,NEAR_ATM,0.38082191780821545,0.38082191780821545,16,UNSCORED_SIGNAL_BAR_ABSENT,,0,,,,,,,,,,,,,
U-0027,U,O:U251219C00044000,CALL,44.0,2025-12-19,14,0.0,DISCOVERY,CONTINUATION,2025-12-04T17:00:00+00:00,2025-12-04T16:45:00+00:00,40,1,95,False,True,136,WITHIN_TOLERANCE,NEAR_ATM,0.6904545454545511,0.6904545454545511,15,SCORED_RIGHT_CENSORED,True,95,2.28,2.46,7.8947368421052655,204.06504065040653,-63.41463414634146,3.658536585365857,30,71,-65.90909090909092,0.017928286852589657,228.07017543859652,-60.52631578947367,True
U-0028,U,O:U251219C00044000,CALL,44.0,2025-12-19,14,0.0,DISCOVERY,THESIS_PRESSURE,2025-12-04T19:15:00+00:00,2025-12-04T19:00:00+00:00,45,0,91,False,False,136,WITHIN_TOLERANCE,NEAR_ATM,0.15909090909090975,0.15909090909090975,15,UNSCORED_SIGNAL_BAR_ABSENT,,0,,,,,,,,,,,,,
VALE-0027,VALE,O:VALE251226C00013500,CALL,13.5,2025-12-26,14,0.0,DISCOVERY,CONTINUATION,2025-12-11T20:45:00+00:00,2025-12-11T20:30:00+00:00,33,0,50,False,False,83,WITHIN_TOLERANCE,NEAR_ATM,1.1481481481481435,-1.1481481481481435,15,UNSCORED_SIGNAL_BAR_ABSENT,,0,,,,,,,,,,,,,
TSLA-0029,TSLA,O:TSLA260102C00492500,CALL,492.5,2026-01-02,14,0.0,DISCOVERY,RISK_OR_EXHAUSTION,2025-12-17T15:00:00+00:00,2025-12-17T14:45:00+00:00,21,1,264,False,True,286,WITHIN_TOLERANCE,NEAR_ATM,0.07985786802030673,0.07985786802030673,16,SCORED_RIGHT_CENSORED,True,264,21.18,20.92,-1.227573182247399,1.0038240917781938,-99.95219885277247,-99.95219885277247,1,242,-99.95267392333176,-99.57142857142946,-0.23607176581681433,-99.95278564683665,True
U-0029,U,O:U260109C00046500,CALL,46.5,2026-01-09,14,0.0,DISCOVERY,RISK_OR_EXHAUSTION,2025-12-24T16:15:00+00:00,2025-12-24T16:00:00+00:00,2,1,109,False,True,112,WITHIN_TOLERANCE,NEAR_ATM,0.1720430107526845,-0.1720430107526845,16,SCORED_RIGHT_CENSORED,True,109,2.2,1.6,-27.27272727272727,0.0,-99.375,-99.375,1,106,-99.375,,-27.27272727272727,-99.54545454545455,True
LULU-0029,LULU,O:LULU260116C00215000,CALL,215.0,2026-01-16,14,0.0,DISCOVERY,RISK_OR_EXHAUSTION,2026-01-05T15:00:00+00:00,2026-01-05T14:45:00+00:00,46,1,226,False,True,273,WITHIN_TOLERANCE,NEAR_ATM,0.334883720930232,0.334883720930232,11,SCORED_RIGHT_CENSORED,True,226,7.5,8.44,12.53333333333333,0.0,-99.88151658767772,-99.88151658767772,1,223,-99.88151658767772,,12.53333333333333,-99.86666666666667,True
VALE-0028,VALE,O:VALE260116C00013500,CALL,13.5,2026-01-16,14,0.0,DISCOVERY,RISK_OR_EXHAUSTION,2026-01-05T15:15:00+00:00,2026-01-05T15:00:00+00:00,37,0,82,False,False,119,WITHIN_TOLERANCE,NEAR_ATM,0.4814814814814778,-0.4814814814814778,11,UNSCORED_SIGNAL_BAR_ABSENT,,0,,,,,,,,,,,,,
RBLX-0029,RBLX,O:RBLX260130C00088000,CALL,88.0,2026-01-30,14,0.0,DISCOVERY,RISK_OR_EXHAUSTION,2026-01-15T20:00:00+00:00,2026-01-15T19:45:00+00:00,21,0,102,False,False,123,WITHIN_TOLERANCE,NEAR_ATM,0.44318181818181884,-0.44318181818181884,15,UNSCORED_SIGNAL_BAR_ABSENT,,0,,,,,,,,,,,,,
RBLX-0030,RBLX,O:RBLX260130C00089000,CALL,89.0,2026-01-30,14,0.0,DISCOVERY,CONTINUATION,2026-01-16T15:45:00+00:00,2026-01-16T15:30:00+00:00,28,1,81,False,True,110,WITHIN_TOLERANCE,NEAR_ATM,0.14606741573033197,0.14606741573033197,14,SCORED_RIGHT_CENSORED,True,81,4.3,4.51,4.883720930232549,14.190687361419085,-99.77827050997783,-99.77827050997783,6,76,-99.80582524271846,-7.031249999999992,19.76744186046513,-99.76744186046511,True
TSLA-0030,TSLA,O:TSLA260130C00440000,CALL,440.0,2026-01-30,14,0.0,DISCOVERY,CONTINUATION,2026-01-16T18:30:00+00:00,2026-01-16T18:15:00+00:00,141,1,244,False,True,386,WITHIN_TOLERANCE,NEAR_ATM,0.07956818181818127,0.07956818181818127,14,SCORED_RIGHT_CENSORED,True,244,17.1,17.2,0.5847953216374213,23.546511627906973,-99.94186046511628,-99.88372093023256,95,242,-99.90588235294118,-4.241975308641976,24.269005847953196,-99.94152046783626,True
U-0030,U,O:U260206C00042500,CALL,42.5,2026-02-06,14,0.0,DISCOVERY,ENTRY_FORMING,2026-01-21T16:00:00+00:00,2026-01-21T15:45:00+00:00,2,0,24,False,False,26,WITHIN_TOLERANCE,NEAR_ATM,0.200000000000002,-0.200000000000002,16,UNSCORED_SIGNAL_BAR_ABSENT,,0,,,,,,,,,,,,,
PYPL-0030,PYPL,O:PYPL260206C00056000,CALL,56.0,2026-02-06,14,0.0,DISCOVERY,CONTINUATION,2026-01-21T19:00:00+00:00,2026-01-21T18:45:00+00:00,48,1,210,False,True,260,WITHIN_TOLERANCE,NEAR_ATM,0.8750000000000036,-0.8750000000000036,16,SCORED_RIGHT_CENSORED,True,211,2.46,2.65,7.72357723577235,31.698113207547184,-99.62264150943396,-99.62264150943396,7,159,-99.7134670487106,-3.1428571428571415,41.86991869918699,-99.59349593495935,True
SPY-0029,SPY,O:SPY260204C00685000,CALL,685.0,2026-02-04,14,0.0,DISCOVERY,ENTRY_FORMING,2026-01-21T19:30:00+00:00,2026-01-21T19:15:00+00:00,19,1,147,False,True,173,WITHIN_TOLERANCE,NEAR_ATM,0.08759124087591573,-0.08759124087591573,14,SCORED_RIGHT_CENSORED,True,153,8.02,8.2,2.244389027431426,78.17073170731707,-91.95121951219511,-68.78048780487805,47,153,-82.47775496235455,-0.8798751950078003,82.16957605985039,-91.77057356608479,True
LULU-0030,LULU,O:LULU260206C00195000,CALL,195.0,2026-02-06,14,0.0,DISCOVERY,ENTRY_FORMING,2026-01-22T14:45:00+00:00,2026-01-22T14:30:00+00:00,17,1,137,False,True,155,WITHIN_TOLERANCE,NEAR_ATM,0.6153846153846095,-0.6153846153846095,15,SCORED_RIGHT_CENSORED,True,137,5.96,5.74,-3.691275167785235,11.324041811846675,-99.82578397212544,-99.82578397212544,5,128,-99.8435054773083,-8.815384615384627,7.214765100671139,-99.83221476510067,True
LULU-0031,LULU,O:LULU260206C00192500,CALL,192.5,2026-02-06,14,0.0,DISCOVERY,THESIS_PRESSURE,2026-01-23T17:45:00+00:00,2026-01-23T17:30:00+00:00,20,0,107,False,False,127,WITHIN_TOLERANCE,NEAR_ATM,0.2389610389610431,-0.2389610389610431,14,UNSCORED_SIGNAL_BAR_ABSENT,,0,,,,,,,,,,,,,
LULU-0032,LULU,O:LULU260206C00195000,CALL,195.0,2026-02-06,14,0.0,DISCOVERY,CONTINUATION,2026-01-26T15:15:00+00:00,2026-01-26T15:00:00+00:00,34,1,120,False,True,155,WITHIN_TOLERANCE,NEAR_ATM,0.015384615384615968,-0.015384615384615968,11,SCORED_RIGHT_CENSORED,True,120,5.5,5.5,0.0,2.7272727272727337,-99.81818181818181,-99.81818181818181,2,111,-99.82300884955752,-36.59999999999991,2.7272727272727337,-99.81818181818181,True
PYPL-0031,PYPL,O:PYPL260206C00057000,CALL,57.0,2026-02-06,14,0.0,DISCOVERY,ENTRY_FORMING,2026-01-26T15:45:00+00:00,2026-01-26T15:30:00+00:00,77,1,199,False,True,277,WITHIN_TOLERANCE,NEAR_ATM,0.5175438596491259,-0.5175438596491259,11,SCORED_RIGHT_CENSORED,True,199,2.32,2.34,0.8620689655172376,5.128205128205132,-99.57264957264957,-99.57264957264957,4,140,-99.59349593495935,-19.41666666666665,6.034482758620685,-99.56896551724138,True
GME-0029,GME,O:GME260206C00024500,CALL,24.5,2026-02-06,14,0.0,DISCOVERY,RISK_OR_EXHAUSTION,2026-01-26T17:45:00+00:00,2026-01-26T17:30:00+00:00,57,1,244,False,True,302,WITHIN_TOLERANCE,NEAR_ATM,0.9795918367346876,0.9795918367346876,11,SCORED_RIGHT_CENSORED,True,244,1.3,1.41,8.461538461538453,17.021276595744684,-92.19858156028369,-63.829787234042556,135,235,-69.0909090909091,-3.7499999999999996,26.923076923076916,-91.53846153846153,True
U-0031,U,O:U260206C00043500,CALL,43.5,2026-02-06,14,0.0,DISCOVERY,CONTINUATION,2026-01-26T17:45:00+00:00,2026-01-26T17:30:00+00:00,7,0,13,False,False,20,WITHIN_TOLERANCE,NEAR_ATM,0.27586206896551135,0.27586206896551135,11,UNSCORED_SIGNAL_BAR_ABSENT,,0,,,,,,,,,,,,,
PYPL-0032,PYPL,O:PYPL260206C00057000,CALL,57.0,2026-02-06,14,0.0,DISCOVERY,THESIS_PRESSURE,2026-01-26T21:00:00+00:00,2026-01-26T20:45:00+00:00,92,1,184,False,True,277,WITHIN_TOLERANCE,NEAR_ATM,0.7017543859649098,-0.7017543859649098,11,SCORED_RIGHT_CENSORED,True,184,2.19,2.08,-5.022831050228305,6.730769230769229,-99.51923076923077,-99.51923076923077,1,125,-99.54954954954955,-14.78571428571429,1.3698630136986356,-99.54337899543378,True
U-0032,U,O:U260213C00042000,CALL,42.0,2026-02-13,14,0.0,DISCOVERY,THESIS_PRESSURE,2026-01-27T15:00:00+00:00,2026-01-27T14:45:00+00:00,11,0,46,False,False,57,WITHIN_TOLERANCE,NEAR_ATM,0.1428571428571483,0.1428571428571483,17,UNSCORED_SIGNAL_BAR_ABSENT,,0,,,,,,,,,,,,,
GME-0030,GME,O:GME260213C00024000,CALL,24.0,2026-02-13,14,0.0,DISCOVERY,CONTINUATION,2026-01-27T16:15:00+00:00,2026-01-27T16:00:00+00:00,99,1,348,False,True,448,WITHIN_TOLERANCE,NEAR_ATM,0.10416666666666075,0.10416666666666075,17,SCORED_RIGHT_CENSORED,True,348,1.32,1.27,-3.7878787878787956,81.88976377952757,-99.21259842519686,-99.21259842519686,112,341,-99.56709956709958,-1.2115384615384615,75.0,-99.24242424242425,True
SPY-0030,SPY,O:SPY260210C00695000,CALL,695.0,2026-02-10,14,0.0,DISCOVERY,CONTINUATION,2026-01-27T20:30:00+00:00,2026-01-27T20:15:00+00:00,14,0,257,False,False,282,WITHIN_TOLERANCE,NEAR_ATM,0.14387050359712591,0.14387050359712591,14,UNSCORED_SIGNAL_BAR_ABSENT,,0,,,,,,,,,,,,,
SPY-0031,SPY,O:SPY260211C00695000,CALL,695.0,2026-02-11,14,0.0,DISCOVERY,RISK_OR_EXHAUSTION,2026-01-28T15:00:00+00:00,2026-01-28T14:45:00+00:00,1,1,260,False,True,272,WITHIN_TOLERANCE,NEAR_ATM,0.30503597122302223,0.30503597122302223,14,SCORED_RIGHT_CENSORED,True,270,9.1,8.21,-9.780219780219767,4.141291108404377,-99.87819732034104,-99.87819732034104,20,266,-99.88304093567251,-24.117647058823575,-6.043956043956033,-99.8901098901099,True
TSLA-0031,TSLA,O:TSLA260211C00437500,CALL,437.5,2026-02-11,14,0.0,DISCOVERY,ENTRY_FORMING,2026-01-28T15:00:00+00:00,2026-01-28T14:45:00+00:00,1,1,225,False,True,227,WITHIN_TOLERANCE,NEAR_ATM,0.004685714285720418,-0.004685714285720418,14,SCORED_RIGHT_CENSORED,True,225,18.32,17.77,-3.0021834061135455,0.0,-99.94372537985369,-99.94372537985369,1,218,-99.94372537985369,,-3.0021834061135455,-99.94541484716157,True
GME-0031,GME,O:GME260213C00023500,CALL,23.5,2026-02-13,14,0.0,DISCOVERY,THESIS_PRESSURE,2026-01-28T17:45:00+00:00,2026-01-28T17:30:00+00:00,42,0,241,False,False,284,WITHIN_TOLERANCE,NEAR_ATM,0.14893617021276656,0.14893617021276656,16,UNSCORED_SIGNAL_BAR_ABSENT,,0,,,,,,,,,,,,,
SPY-0032,SPY,O:SPY260211C00695000,CALL,695.0,2026-02-11,14,0.0,DISCOVERY,THESIS_PRESSURE,2026-01-28T19:15:00+00:00,2026-01-28T19:00:00+00:00,13,1,248,False,True,272,WITHIN_TOLERANCE,NEAR_ATM,0.012230215827343363,-0.012230215827343363,14,SCORED_RIGHT_CENSORED,True,258,7.49,7.67,2.4032042723631575,11.473272490221653,-99.86962190352021,-99.86962190352021,8,254,-99.88304093567251,-8.704545454545446,14.15220293724968,-99.86648865153538,True
VALE-0029,VALE,O:VALE260213C00016500,CALL,16.5,2026-02-13,14,0.0,DISCOVERY,ENTRY_FORMING,2026-01-28T19:45:00+00:00,2026-01-28T19:30:00+00:00,24,0,132,False,False,156,WITHIN_TOLERANCE,NEAR_ATM,0.7272727272727333,0.7272727272727333,16,UNSCORED_SIGNAL_BAR_ABSENT,,0,,,,,,,,,,,,,
TSLA-0032,TSLA,O:TSLA260211C00432500,CALL,432.5,2026-02-11,14,0.0,DISCOVERY,THESIS_PRESSURE,2026-01-28T21:00:00+00:00,2026-01-28T20:45:00+00:00,16,1,221,False,True,238,WITHIN_TOLERANCE,NEAR_ATM,0.24046242774566945,-0.24046242774566945,14,SCORED_RIGHT_CENSORED,True,221,17.75,17.82,0.3943661971830936,2.076318742985417,-99.9438832772166,-99.9438832772166,23,218,-99.9450247388675,-48.135135135134966,2.4788732394366297,-99.94366197183099,True
VALE-0030,VALE,O:VALE260213C00017000,CALL,17.0,2026-02-13,14,0.0,DISCOVERY,RISK_OR_EXHAUSTION,2026-01-28T21:00:00+00:00,2026-01-28T20:45:00+00:00,31,0,165,False,False,196,WITHIN_TOLERANCE,NEAR_ATM,1.4411764705882413,-1.4411764705882413,16,UNSCORED_SIGNAL_BAR_ABSENT,,0,,,,,,,,,,,,,
RBLX-0031,RBLX,O:RBLX260213C00075000,CALL,75.0,2026-02-13,14,0.0,DISCOVERY,ENTRY_FORMING,2026-01-29T20:45:00+00:00,2026-01-29T20:30:00+00:00,33,0,181,False,False,214,WITHIN_TOLERANCE,NEAR_ATM,0.12000000000000455,-0.12000000000000455,15,UNSCORED_SIGNAL_BAR_ABSENT,,0,,,,,,,,,,,,,
VALE-0031,VALE,O:VALE260213C00017000,CALL,17.0,2026-02-13,14,0.0,DISCOVERY,CONTINUATION,2026-01-29T21:00:00+00:00,2026-01-29T20:45:00+00:00,46,1,149,False,True,196,WITHIN_TOLERANCE,NEAR_ATM,0.2941176470588277,-0.2941176470588277,15,SCORED_RIGHT_CENSORED,True,149,0.46,0.38,-17.391304347826086,100.0,-97.36842105263158,-84.21052631578947,126,142,-92.10526315789474,-0.8421052631578947,65.21739130434783,-97.82608695652173,True
RBLX-0032,RBLX,O:RBLX260213C00067000,CALL,67.0,2026-02-13,14,0.0,DISCOVERY,THESIS_PRESSURE,2026-01-30T17:30:00+00:00,2026-01-30T17:15:00+00:00,4,1,118,False,True,123,WITHIN_TOLERANCE,NEAR_ATM,0.07462686567163755,-0.07462686567163755,14,SCORED_RIGHT_CENSORED,True,118,6.05,5.28,-12.72727272727272,61.17424242424241,-99.81060606060606,-99.81060606060606,69,111,-99.88249118683902,-1.6315789473684215,40.66115702479338,-99.83471074380165,True
VALE-0032,VALE,O:VALE260213C00016500,CALL,16.5,2026-02-13,14,0.0,DISCOVERY,THESIS_PRESSURE,2026-01-30T17:45:00+00:00,2026-01-30T17:30:00+00:00,32,0,124,False,False,156,WITHIN_TOLERANCE,NEAR_ATM,1.242424242424232,-1.242424242424232,14,UNSCORED_SIGNAL_BAR_ABSENT,,0,,,,,,,,,,,,,
GME-0032,GME,O:GME260213C00024000,CALL,24.0,2026-02-13,14,0.0,DISCOVERY,ENTRY_FORMING,2026-01-30T19:45:00+00:00,2026-01-30T19:30:00+00:00,186,1,261,False,True,448,WITHIN_TOLERANCE,NEAR_ATM,0.8750000000000036,-0.8750000000000036,14,SCORED_RIGHT_CENSORED,True,261,0.84,0.87,3.571428571428581,165.51724137931038,-98.85057471264368,-98.85057471264368,25,254,-99.56709956709958,-0.5972222222222221,175.0,-98.80952380952381,True
RBLX-0033,RBLX,O:RBLX260213C00069000,CALL,69.0,2026-02-13,14,0.0,HOLDOUT,CONTINUATION,2026-02-02T14:45:00+00:00,2026-02-02T14:30:00+00:00,10,1,114,False,True,125,WITHIN_TOLERANCE,NEAR_ATM,0.16666666666665927,0.16666666666665927,11,SCORED_RIGHT_CENSORED,True,114,5.7,5.7,0.0,24.385964912280688,-99.82456140350877,-99.82456140350877,77,114,-99.8589562764457,-4.093525179856117,24.385964912280688,-99.82456140350877,True
SPY-0033,SPY,O:SPY260213C00693000,CALL,693.0,2026-02-13,14,0.0,HOLDOUT,ENTRY_FORMING,2026-02-02T14:45:00+00:00,2026-02-02T14:30:00+00:00,99,1,253,False,True,366,WITHIN_TOLERANCE,NEAR_ATM,0.05916305916305457,-0.05916305916305457,11,SCORED_RIGHT_CENSORED,True,263,7.16,7.39,3.21229050279328,24.763193504736147,-99.86468200270636,-99.86468200270636,11,250,-99.89154013015184,-4.032786885245899,28.7709497206704,-99.86033519553072,True
GME-0033,GME,O:GME260213C00025000,CALL,25.0,2026-02-13,14,0.0,HOLDOUT,RISK_OR_EXHAUSTION,2026-02-02T15:15:00+00:00,2026-02-02T15:00:00+00:00,129,1,257,False,True,387,WITHIN_TOLERANCE,NEAR_ATM,0.9599999999999936,0.9599999999999936,11,SCORED_RIGHT_CENSORED,True,257,1.24,1.25,0.8064516129032251,33.59999999999999,-99.2,-99.2,18,234,-99.40119760479041,-2.9523809523809534,34.677419354838705,-99.19354838709677,True
RBLX-0034,RBLX,O:RBLX260213C00068000,CALL,68.0,2026-02-13,14,0.0,HOLDOUT,THESIS_PRESSURE,2026-02-02T17:00:00+00:00,2026-02-02T16:45:00+00:00,11,0,114,False,False,125,WITHIN_TOLERANCE,NEAR_ATM,0.1617647058823521,0.1617647058823521,11,UNSCORED_SIGNAL_BAR_ABSENT,,0,,,,,,,,,,,,,
GME-0034,GME,O:GME260213C00025500,CALL,25.5,2026-02-13,14,0.0,HOLDOUT,CONTINUATION,2026-02-02T20:00:00+00:00,2026-02-02T19:45:00+00:00,75,1,231,False,True,307,WITHIN_TOLERANCE,NEAR_ATM,0.3627450980392201,0.3627450980392201,11,SCORED_RIGHT_CENSORED,True,231,1.22,1.19,-2.4590163934426257,13.445378151260524,-99.15966386554622,-99.15966386554622,4,210,-99.25925925925925,-7.374999999999989,10.655737704918034,-99.18032786885246,True
LULU-0033,LULU,O:LULU260213C00177500,CALL,177.5,2026-02-13,14,0.0,HOLDOUT,ENTRY_FORMING,2026-02-02T20:15:00+00:00,2026-02-02T20:00:00+00:00,18,0,120,False,False,138,WITHIN_TOLERANCE,NEAR_ATM,0.23661971830985212,0.23661971830985212,11,UNSCORED_SIGNAL_BAR_ABSENT,,0,,,,,,,,,,,,,
VALE-0033,VALE,O:VALE260220C00017000,CALL,17.0,2026-02-20,14,0.0,HOLDOUT,RISK_OR_EXHAUSTION,2026-02-03T15:00:00+00:00,2026-02-03T14:45:00+00:00,90,1,212,False,True,303,WITHIN_TOLERANCE,NEAR_ATM,1.2647058823529405,-1.2647058823529405,17,SCORED_RIGHT_CENSORED,True,212,0.46,0.48,4.347826086956519,85.41666666666667,-97.91666666666666,-97.91666666666666,119,195,-98.87640449438202,-1.146341463414634,93.4782608695652,-97.82608695652173,True
GME-0035,GME,O:GME260220C00024500,CALL,24.5,2026-02-20,14,0.0,HOLDOUT,THESIS_PRESSURE,2026-02-03T15:45:00+00:00,2026-02-03T15:30:00+00:00,101,1,302,False,True,404,WITHIN_TOLERANCE,NEAR_ATM,0.8979591836734647,0.8979591836734647,17,SCORED_RIGHT_CENSORED,True,302,1.41,1.45,2.8368794326241176,19.999999999999996,-99.3103448275862,-99.3103448275862,42,286,-99.42528735632183,-4.965517241379311,23.404255319148938,-99.29078014184397,True
SPY-0034,SPY,O:SPY260217C00690000,CALL,690.0,2026-02-17,14,0.0,HOLDOUT,THESIS_PRESSURE,2026-02-03T15:45:00+00:00,2026-02-03T15:30:00+00:00,2,1,250,False,True,263,WITHIN_TOLERANCE,NEAR_ATM,0.1956521739130468,0.1956521739130468,14,SCORED_RIGHT_CENSORED,True,260,8.62,8.57,-0.5800464037122866,12.48541423570595,-99.88331388564761,-99.88331388564761,1,237,-99.89626556016597,-8.000000000000002,11.832946635730867,-99.88399071925754,True
LULU-0034,LULU,O:LULU260220C00175000,CALL,175.0,2026-02-20,14,0.0,HOLDOUT,THESIS_PRESSURE,2026-02-03T16:45:00+00:00,2026-02-03T16:30:00+00:00,44,1,161,False,True,206,WITHIN_TOLERANCE,NEAR_ATM,0.34571428571427987,0.34571428571427987,17,SCORED_RIGHT_CENSORED,True,161,7.6,6.55,-13.815789473684204,106.25954198473283,-61.52671755725191,85.1908396946565,151,88,-10.214655810510731,0.8017241379310346,77.76315789473685,-66.84210526315789,False
VALE-0034,VALE,O:VALE260220C00017000,CALL,17.0,2026-02-20,14,0.0,HOLDOUT,ENTRY_FORMING,2026-02-03T19:30:00+00:00,2026-02-03T19:15:00+00:00,105,0,198,False,False,303,WITHIN_TOLERANCE,NEAR_ATM,1.2352941176470638,-1.2352941176470638,17,UNSCORED_SIGNAL_BAR_ABSENT,,0,,,,,,,,,,,,,
TSLA-0033,TSLA,O:TSLA260218C00425000,CALL,425.0,2026-02-18,14,0.0,HOLDOUT,ENTRY_FORMING,2026-02-04T14:45:00+00:00,2026-02-04T14:30:00+00:00,24,1,252,False,True,277,WITHIN_TOLERANCE,NEAR_ATM,0.5905882352941155,-0.5905882352941155,14,SCORED_RIGHT_CENSORED,True,252,13.05,12.49,-4.291187739463609,24.899919935948756,-99.919935948759,-99.919935948759,123,243,-99.93589743589743,-4.012861736334406,19.540229885057457,-99.92337164750957,True
GME-0036,GME,O:GME260220C00024500,CALL,24.5,2026-02-20,14,0.0,HOLDOUT,ENTRY_FORMING,2026-02-04T15:00:00+00:00,2026-02-04T14:45:00+00:00,122,1,281,False,True,404,WITHIN_TOLERANCE,NEAR_ATM,0.10204081632652481,0.10204081632652481,16,SCORED_RIGHT_CENSORED,True,281,1.26,1.16,-7.936507936507942,50.0,-99.13793103448276,-99.13793103448276,21,265,-99.42528735632183,-1.9827586206896552,38.095238095238095,-99.20634920634922,True
LULU-0035,LULU,O:LULU260220C00175000,CALL,175.0,2026-02-20,14,0.0,HOLDOUT,CONTINUATION,2026-02-04T15:15:00+00:00,2026-02-04T15:00:00+00:00,54,0,152,False,False,206,WITHIN_TOLERANCE,NEAR_ATM,0.4571428571428637,0.4571428571428637,16,UNSCORED_SIGNAL_BAR_ABSENT,,0,,,,,,,,,,,,,
VALE-0035,VALE,O:VALE260220C00017000,CALL,17.0,2026-02-20,14,0.0,HOLDOUT,CONTINUATION,2026-02-04T15:15:00+00:00,2026-02-04T15:00:00+00:00,109,1,193,False,True,303,WITHIN_TOLERANCE,NEAR_ATM,0.5294117647058816,-0.5294117647058816,16,SCORED_RIGHT_CENSORED,True,193,0.51,0.51,0.0,74.50980392156863,-98.0392156862745,-98.0392156862745,100,176,-98.87640449438202,-1.3157894736842104,74.50980392156863,-98.0392156862745,True
TSLA-0034,TSLA,O:TSLA260218C00405000,CALL,405.0,2026-02-18,14,0.0,HOLDOUT,THESIS_PRESSURE,2026-02-04T17:00:00+00:00,2026-02-04T16:45:00+00:00,7,1,196,False,True,204,WITHIN_TOLERANCE,NEAR_ATM,0.3283950617283911,0.3283950617283911,14,SCORED_RIGHT_CENSORED,True,196,15.2,15.05,-0.9868421052631526,95.48172757475083,-75.74750830564784,-58.006644518272424,89,149,-78.51801495581238,-0.6075156576200417,93.5526315789474,-75.98684210526316,True
TSLA-0035,TSLA,O:TSLA260218C00410000,CALL,410.0,2026-02-18,14,0.0,HOLDOUT,CONTINUATION,2026-02-04T20:00:00+00:00,2026-02-04T19:45:00+00:00,28,1,216,False,True,245,WITHIN_TOLERANCE,NEAR_ATM,0.2353658536585305,-0.2353658536585305,14,SCORED_RIGHT_CENSORED,True,216,13.9,13.83,-0.5035971223021574,102.45842371655823,-94.43239334779466,-91.25090383224872,95,214,-95.67857142857143,-0.8906139731827802,101.43884892086331,-94.46043165467626,True
RBLX-0035,RBLX,O:RBLX260220C00065000,CALL,65.0,2026-02-20,14,0.0,HOLDOUT,ENTRY_FORMING,2026-02-04T20:15:00+00:00,2026-02-04T20:00:00+00:00,63,0,213,False,False,276,WITHIN_TOLERANCE,NEAR_ATM,0.16923076923076835,-0.16923076923076835,16,UNSCORED_SIGNAL_BAR_ABSENT,,0,,,,,,,,,,,,,
VALE-0036,VALE,O:VALE260220C00016500,CALL,16.5,2026-02-20,14,0.0,HOLDOUT,THESIS_PRESSURE,2026-02-05T15:45:00+00:00,2026-02-05T15:30:00+00:00,74,1,162,False,True,237,WITHIN_TOLERANCE,NEAR_ATM,0.3939393939394017,0.3939393939394017,15,SCORED_RIGHT_CENSORED,True,162,0.59,0.6,1.6949152542372836,301.66666666666674,-98.33333333333333,-70.0,143,143,-92.5311203319502,-0.23204419889502756,308.4745762711865,-98.30508474576271,False
PYPL-0033,PYPL,O:PYPL260220C00040500,CALL,40.5,2026-02-20,14,0.0,HOLDOUT,ENTRY_FORMING,2026-02-06T21:00:00+00:00,2026-02-06T20:45:00+00:00,45,1,177,False,True,223,WITHIN_TOLERANCE,NEAR_ATM,0.22222222222223065,-0.22222222222223065,14,SCORED_RIGHT_CENSORED,True,177,1.05,0.97,-7.619047619047626,118.55670103092785,-71.13402061855669,17.52577319587627,21,57,-46.226415094339636,0.14782608695652155,101.9047619047619,-73.33333333333334,True
U-0033,U,O:U260220C00025000,CALL,25.0,2026-02-20,14,0.0,HOLDOUT,ENTRY_FORMING,2026-02-06T21:00:00+00:00,2026-02-06T20:45:00+00:00,70,1,90,False,True,161,WITHIN_TOLERANCE,NEAR_ATM,0.35999999999999943,0.35999999999999943,14,SCORED_RIGHT_CENSORED,True,90,2.14,2.6,21.495327102803728,95.38461538461537,-99.61538461538461,-99.61538461538461,24,82,-99.80314960629921,-1.0443548387096775,137.38317757009347,-99.53271028037383,True
RBLX-0036,RBLX,O:RBLX260220C00072000,CALL,72.0,2026-02-20,14,0.0,HOLDOUT,RISK_OR_EXHAUSTION,2026-02-09T15:00:00+00:00,2026-02-09T14:45:00+00:00,1,1,74,False,True,76,WITHIN_TOLERANCE,NEAR_ATM,0.5208333333333333,0.5208333333333333,11,SCORED_RIGHT_CENSORED,True,74,4.3,4.0,-6.976744186046513,14.999999999999991,-99.75,-99.5,8,71,-99.56521739130434,-6.633333333333337,6.976744186046502,-99.76744186046511,True
LULU-0036,LULU,O:LULU260227C00185000,CALL,185.0,2026-02-27,14,0.0,HOLDOUT,RISK_OR_EXHAUSTION,2026-02-10T16:45:00+00:00,2026-02-10T16:30:00+00:00,35,0,220,False,False,256,WITHIN_TOLERANCE,NEAR_ATM,0.4378378378378391,-0.4378378378378391,17,UNSCORED_SIGNAL_BAR_ABSENT,,0,,,,,,,,,,,,,
U-0034,U,O:U260227C00028500,CALL,28.5,2026-02-27,14,0.0,HOLDOUT,CONTINUATION,2026-02-10T20:15:00+00:00,2026-02-10T20:00:00+00:00,4,0,13,False,False,17,WITHIN_TOLERANCE,NEAR_ATM,0.6666666666666712,0.6666666666666712,17,UNSCORED_SIGNAL_BAR_ABSENT,,0,,,,,,,,,,,,,
PYPL-0034,PYPL,O:PYPL260227C00041000,CALL,41.0,2026-02-27,14,0.0,HOLDOUT,THESIS_PRESSURE,2026-02-11T14:45:00+00:00,2026-02-11T14:30:00+00:00,54,1,212,False,True,267,WITHIN_TOLERANCE,NEAR_ATM,0.4024390243902418,-0.4024390243902418,16,SCORED_RIGHT_CENSORED,True,212,1.22,1.22,0.0,494.2622950819672,-64.75409836065573,326.2295081967213,157,15,-28.27586206896552,0.6600331674958542,494.2622950819672,-64.75409836065573,False
U-0035,U,O:U260227C00021000,CALL,21.0,2026-02-27,14,0.0,HOLDOUT,THESIS_PRESSURE,2026-02-11T16:15:00+00:00,2026-02-11T16:00:00+00:00,8,1,226,False,True,235,WITHIN_TOLERANCE,NEAR_ATM,0.9338095238095299,-0.9338095238095299,16,SCORED_RIGHT_CENSORED,True,226,1.3,1.35,3.8461538461538547,56.29629629629627,-99.25925925925925,-97.77777777777777,11,167,-98.5781990521327,-1.7368421052631586,62.307692307692285,-99.23076923076923,True
PYPL-0035,PYPL,O:PYPL260306C00042000,CALL,42.0,2026-03-06,14,0.0,HOLDOUT,CONTINUATION,2026-02-20T18:45:00+00:00,2026-02-20T18:30:00+00:00,85,0,137,False,False,222,WITHIN_TOLERANCE,NEAR_ATM,0.023809523809519072,0.023809523809519072,14,UNSCORED_SIGNAL_BAR_ABSENT,,0,,,,,,,,,,,,,
SPY-0035,SPY,O:SPY260306C00689000,CALL,689.0,2026-03-06,14,0.0,HOLDOUT,CONTINUATION,2026-02-20T18:45:00+00:00,2026-02-20T18:30:00+00:00,96,1,267,False,True,376,WITHIN_TOLERANCE,NEAR_ATM,0.04354136429607468,-0.04354136429607468,14,SCORED_RIGHT_CENSORED,True,278,8.72,9.0,3.2110091743119185,7.777777777777772,-99.8888888888889,-99.8888888888889,89,253,-99.89690721649484,-12.842857142857154,11.238532110091736,-99.88532110091744,True
PYPL-0036,PYPL,O:PYPL260313C00047000,CALL,47.0,2026-03-13,14,0.0,HOLDOUT,RISK_OR_EXHAUSTION,2026-02-24T21:00:00+00:00,2026-02-24T20:45:00+00:00,54,1,278,False,True,334,WITHIN_TOLERANCE,NEAR_ATM,0.021276595744676618,0.021276595744676618,17,SCORED_RIGHT_CENSORED,True,279,2.35,2.42,2.9787234042553123,19.00826446280992,-99.58677685950413,-99.58677685950413,3,262,-99.65277777777779,-5.239130434782608,22.5531914893617,-99.57446808510639,True
SPY-0036,SPY,O:SPY260311C00690000,CALL,690.0,2026-03-11,14,0.0,HOLDOUT,RISK_OR_EXHAUSTION,2026-02-25T15:00:00+00:00,2026-02-25T14:45:00+00:00,1,1,258,False,True,269,WITHIN_TOLERANCE,NEAR_ATM,0.1913043478260942,0.1913043478260942,14,SCORED_RIGHT_CENSORED,True,267,9.47,9.6,1.372756071805692,10.10416666666667,-99.89583333333333,-99.89583333333333,11,243,-99.90539262062441,-9.886597938144327,11.615628299894398,-99.89440337909187,True
TSLA-0036,TSLA,O:TSLA260311C00415000,CALL,415.0,2026-03-11,14,0.0,HOLDOUT,RISK_OR_EXHAUSTION,2026-02-25T15:00:00+00:00,2026-02-25T14:45:00+00:00,16,1,258,False,True,275,WITHIN_TOLERANCE,NEAR_ATM,0.18915662650603013,0.18915662650603013,14,SCORED_RIGHT_CENSORED,True,258,13.54,12.75,-5.834564254062036,11.372549019607847,-99.92156862745098,-99.92156862745098,7,251,-99.92957746478874,-8.786206896551722,4.874446085672091,-99.9261447562777,True
U-0036,U,O:U260313C00019500,CALL,19.5,2026-03-13,14,0.0,HOLDOUT,RISK_OR_EXHAUSTION,2026-02-26T15:15:00+00:00,2026-02-26T15:00:00+00:00,5,0,91,False,False,96,WITHIN_TOLERANCE,NEAR_ATM,0.9794871794871741,-0.9794871794871741,15,UNSCORED_SIGNAL_BAR_ABSENT,,0,,,,,,,,,,,,,
TSLA-0037,TSLA,O:TSLA260325C00400000,CALL,400.0,2026-03-25,14,0.0,HOLDOUT,THESIS_PRESSURE,2026-03-12T17:00:00+00:00,2026-03-12T16:45:00+00:00,47,1,240,False,True,288,WITHIN_TOLERANCE,NEAR_ATM,0.04000000000000625,-0.04000000000000625,13,SCORED_RIGHT_CENSORED,True,240,12.95,12.93,-0.1544401544401497,0.0,-99.92266047950503,-99.92266047950503,1,232,-99.92266047950503,,-0.1544401544401497,-99.92277992277992,True
LULU-0037,LULU,O:LULU260402C00162500,CALL,162.5,2026-04-02,14,0.0,HOLDOUT,THESIS_PRESSURE,2026-03-20T18:45:00+00:00,2026-03-20T18:30:00+00:00,21,0,119,False,False,140,WITHIN_TOLERANCE,NEAR_ATM,0.043076923076918884,0.043076923076918884,13,UNSCORED_SIGNAL_BAR_ABSENT,,0,,,,,,,,,,,,,
TSLA-0038,TSLA,O:TSLA260406C00380000,CALL,380.0,2026-04-06,14,0.0,HOLDOUT,ENTRY_FORMING,2026-03-23T20:00:00+00:00,2026-03-23T19:45:00+00:00,21,1,209,False,True,231,WITHIN_TOLERANCE,NEAR_ATM,0.22368421052632176,0.22368421052632176,14,SCORED_RIGHT_CENSORED,True,209,12.83,12.2,-4.910366328916604,75.81967213114756,-99.91803278688525,-99.91803278688525,20,190,-99.95337995337995,-1.3178378378378377,67.1862821512081,-99.92205767731879,True
TSLA-0039,TSLA,O:TSLA260406C00385000,CALL,385.0,2026-04-06,14,0.0,HOLDOUT,CONTINUATION,2026-03-24T18:45:00+00:00,2026-03-24T18:30:00+00:00,44,1,202,False,True,247,WITHIN_TOLERANCE,NEAR_ATM,0.002571428571432729,-0.002571428571432729,13,SCORED_RIGHT_CENSORED,True,202,12.2,11.7,-4.098360655737709,55.042735042735046,-99.91452991452991,-99.91452991452991,6,182,-99.94487320837926,-1.8152173913043477,48.68852459016395,-99.91803278688525,True
GME-0037,GME,O:GME260410C00023000,CALL,23.0,2026-04-10,14,0.0,HOLDOUT,ENTRY_FORMING,2026-03-25T13:45:00+00:00,2026-03-25T13:30:00+00:00,54,1,287,False,True,342,WITHIN_TOLERANCE,NEAR_ATM,0.34782608695651435,-0.34782608695651435,16,SCORED_RIGHT_CENSORED,True,287,0.8,0.75,-6.25,40.000000000000014,-98.66666666666667,-68.0,10,270,-77.14285714285715,-1.6999999999999993,31.25,-98.75,True
U-0037,U,O:U260410C00017500,CALL,17.5,2026-04-10,14,0.0,HOLDOUT,THESIS_PRESSURE,2026-03-25T19:15:00+00:00,2026-03-25T19:00:00+00:00,0,0,19,True,False,19,WITHIN_TOLERANCE,NEAR_ATM,1.2571428571428507,1.2571428571428507,16,UNSCORED_SIGNAL_BAR_ABSENT,,0,,,,,,,,,,,,,
RBLX-0037,RBLX,O:RBLX260410C00057000,CALL,57.0,2026-04-10,14,0.0,HOLDOUT,ENTRY_FORMING,2026-03-25T20:00:00+00:00,2026-03-25T19:45:00+00:00,12,0,128,False,False,140,WITHIN_TOLERANCE,NEAR_ATM,0.6140350877193007,-0.6140350877193007,16,UNSCORED_SIGNAL_BAR_ABSENT,,0,,,,,,,,,,,,,
RBLX-0038,RBLX,O:RBLX260410C00055000,CALL,55.0,2026-04-10,14,0.0,HOLDOUT,THESIS_PRESSURE,2026-03-26T16:15:00+00:00,2026-03-26T16:00:00+00:00,11,0,105,False,False,116,WITHIN_TOLERANCE,NEAR_ATM,0.43636363636364,-0.43636363636364,15,UNSCORED_SIGNAL_BAR_ABSENT,,0,,,,,,,,,,,,,
PYPL-0037,PYPL,O:PYPL260410C00045000,CALL,45.0,2026-04-10,14,0.0,HOLDOUT,THESIS_PRESSURE,2026-03-26T18:15:00+00:00,2026-03-26T18:00:00+00:00,40,0,200,False,False,240,WITHIN_TOLERANCE,NEAR_ATM,0.0222222222222178,-0.0222222222222178,15,UNSCORED_SIGNAL_BAR_ABSENT,,0,,,,,,,,,,,,,
GME-0038,GME,O:GME260410C00022500,CALL,22.5,2026-04-10,14,0.0,HOLDOUT,THESIS_PRESSURE,2026-03-30T18:30:00+00:00,2026-03-30T18:15:00+00:00,73,1,177,False,True,251,WITHIN_TOLERANCE,NEAR_ATM,1.0888888888888932,-1.0888888888888932,11,SCORED_RIGHT_CENSORED,True,177,0.54,0.54,0.0,120.37037037037032,-79.62962962962963,33.33333333333333,66,161,-39.49579831932773,0.276923076923077,120.37037037037032,-79.62962962962963,True
RBLX-0039,RBLX,O:RBLX260417C00057000,CALL,57.0,2026-04-17,14,0.0,HOLDOUT,RISK_OR_EXHAUSTION,2026-03-31T19:00:00+00:00,2026-03-31T18:45:00+00:00,28,0,147,False,False,175,WITHIN_TOLERANCE,NEAR_ATM,0.12280701754386016,0.12280701754386016,17,UNSCORED_SIGNAL_BAR_ABSENT,,0,,,,,,,,,,,,,
GME-0039,GME,O:GME260417C00023000,CALL,23.0,2026-04-17,14,0.0,HOLDOUT,CONTINUATION,2026-03-31T19:45:00+00:00,2026-03-31T19:30:00+00:00,144,1,308,False,True,453,WITHIN_TOLERANCE,NEAR_ATM,0.0652173913043503,0.0652173913043503,17,SCORED_RIGHT_CENSORED,True,308,0.73,0.74,1.3698630136986356,247.2972972972973,-74.32432432432432,100.0,268,163,-42.412451361867696,0.40437158469945356,252.05479452054794,-73.97260273972603,False
PYPL-0038,PYPL,O:PYPL260417C00045500,CALL,45.5,2026-04-17,14,0.0,HOLDOUT,ENTRY_FORMING,2026-04-02T20:00:00+00:00,2026-04-02T19:45:00+00:00,23,1,149,False,True,173,WITHIN_TOLERANCE,NEAR_ATM,0.32967032967032656,-0.32967032967032656,15,SCORED_RIGHT_CENSORED,True,149,1.4,1.6,14.285714285714302,259.99999999999994,-61.875,221.24999999999994,147,81,-10.763888888888895,0.8509615384615384,311.4285714285715,-56.42857142857143,False
RBLX-0040,RBLX,O:RBLX260417C00060000,CALL,60.0,2026-04-17,14,0.0,HOLDOUT,CONTINUATION,2026-04-02T20:00:00+00:00,2026-04-02T19:45:00+00:00,106,1,222,False,True,329,WITHIN_TOLERANCE,NEAR_ATM,0.16666666666666904,0.16666666666666904,15,SCORED_RIGHT_CENSORED,True,222,2.89,3.2,10.726643598615926,2.8124999999999956,-93.125,-81.25,1,84,-81.7629179331307,-28.888888888888935,13.84083044982698,-92.38754325259515,True
LULU-0039,LULU,O:LULU260417C00155000,CALL,155.0,2026-04-17,14,0.0,HOLDOUT,ENTRY_FORMING,2026-04-06T20:00:00+00:00,2026-04-06T19:45:00+00:00,43,0,68,False,False,111,WITHIN_TOLERANCE,NEAR_ATM,0.7677419354838695,0.7677419354838695,11,UNSCORED_SIGNAL_BAR_ABSENT,,0,,,,,,,,,,,,,
VALE-0037,VALE,O:VALE260417C00016000,CALL,16.0,2026-04-17,14,0.0,HOLDOUT,ENTRY_FORMING,2026-04-06T20:00:00+00:00,2026-04-06T19:45:00+00:00,92,1,120,False,True,213,WITHIN_TOLERANCE,NEAR_ATM,0.9062499999999973,0.9062499999999973,11,SCORED_RIGHT_CENSORED,True,120,0.55,0.54,-1.8181818181818188,246.29629629629628,-16.666666666666675,233.33333333333331,113,3,-3.7433155080213942,0.9473684210526315,240.0,-18.181818181818187,False
VALE-0038,VALE,O:VALE260424C00016000,CALL,16.0,2026-04-24,14,0.0,HOLDOUT,THESIS_PRESSURE,2026-04-07T15:45:00+00:00,2026-04-07T15:30:00+00:00,24,0,55,False,False,79,WITHIN_TOLERANCE,NEAR_ATM,0.2187500000000009,0.2187500000000009,17,UNSCORED_SIGNAL_BAR_ABSENT,,0,,,,,,,,,,,,,
VALE-0039,VALE,O:VALE260424C00016500,CALL,16.5,2026-04-24,14,0.0,HOLDOUT,CONTINUATION,2026-04-08T13:45:00+00:00,2026-04-08T13:30:00+00:00,14,1,70,False,True,85,WITHIN_TOLERANCE,NEAR_ATM,1.2121212121212077,1.2121212121212077,16,SCORED_RIGHT_CENSORED,True,70,0.75,0.61,-18.666666666666664,139.34426229508196,-9.83606557377048,9.836065573770503,41,9,-54.10958904109589,0.07058823529411773,94.66666666666666,-26.66666666666666,False
PYPL-0039,PYPL,O:PYPL260424C00045500,CALL,45.5,2026-04-24,14,0.0,HOLDOUT,CONTINUATION,2026-04-10T19:15:00+00:00,2026-04-10T19:00:00+00:00,14,0,49,False,False,63,WITHIN_TOLERANCE,NEAR_ATM,0.3516483516483441,-0.3516483516483441,14,UNSCORED_SIGNAL_BAR_ABSENT,,0,,,,,,,,,,,,,
U-0038,U,O:U260424C00021500,CALL,21.5,2026-04-24,14,0.0,HOLDOUT,ENTRY_FORMING,2026-04-10T20:00:00+00:00,2026-04-10T19:45:00+00:00,11,0,36,False,False,47,WITHIN_TOLERANCE,NEAR_ATM,0.5348837209302253,0.5348837209302253,14,UNSCORED_SIGNAL_BAR_ABSENT,,0,,,,,,,,,,,,,
VALE-0040,VALE,O:VALE260424C00017000,CALL,17.0,2026-04-24,14,0.0,HOLDOUT,RISK_OR_EXHAUSTION,2026-04-13T14:30:00+00:00,2026-04-13T14:15:00+00:00,37,1,65,False,True,103,WITHIN_TOLERANCE,NEAR_ATM,0.9705882352941126,0.9705882352941126,11,SCORED_RIGHT_CENSORED,True,65,0.58,0.53,-8.620689655172399,86.79245283018867,-73.58490566037736,-73.58490566037736,20,62,-85.85858585858585,-0.8478260869565218,70.68965517241381,-75.86206896551724,True
GME-0040,GME,O:GME260501C00023500,CALL,23.5,2026-05-01,14,0.0,HOLDOUT,RISK_OR_EXHAUSTION,2026-04-14T14:15:00+00:00,2026-04-14T14:00:00+00:00,70,1,214,False,True,285,WITHIN_TOLERANCE,NEAR_ATM,0.9434042553191423,0.9434042553191423,17,SCORED_RIGHT_CENSORED,True,214,0.83,0.89,7.2289156626506035,269.6629213483146,-20.2247191011236,250.561797752809,213,161,-5.167173252279634,0.9291666666666667,296.38554216867476,-14.457831325301207,False
TSLA-0040,TSLA,O:TSLA260501C00405000,CALL,405.0,2026-05-01,14,0.0,HOLDOUT,RISK_OR_EXHAUSTION,2026-04-17T15:15:00+00:00,2026-04-17T15:00:00+00:00,120,1,279,False,True,400,WITHIN_TOLERANCE,NEAR_ATM,0.043209876543212684,-0.043209876543212684,14,SCORED_RIGHT_CENSORED,True,279,16.8,16.87,0.4166666666666652,14.10788381742738,-99.9407231772377,-99.9407231772377,2,274,-99.94805194805195,-7.084033613445381,14.583333333333325,-99.94047619047619,True
U-0039,U,O:U260501C00026000,CALL,26.0,2026-05-01,14,0.0,HOLDOUT,CONTINUATION,2026-04-20T15:45:00+00:00,2026-04-20T15:30:00+00:00,64,0,169,False,False,233,WITHIN_TOLERANCE,NEAR_ATM,0.2500000000000049,-0.2500000000000049,11,UNSCORED_SIGNAL_BAR_ABSENT,,0,,,,,,,,,,,,,
PYPL-0040,PYPL,O:PYPL260508C00052000,CALL,52.0,2026-05-08,14,0.0,HOLDOUT,RISK_OR_EXHAUSTION,2026-04-21T14:00:00+00:00,2026-04-21T13:45:00+00:00,87,1,242,False,True,330,WITHIN_TOLERANCE,NEAR_ATM,0.03846153846154447,-0.03846153846154447,17,SCORED_RIGHT_CENSORED,True,242,2.77,2.75,-0.7220216606498187,1.454545454545464,-99.63636363636364,-99.63636363636364,3,186,-99.6415770609319,-68.49999999999956,0.7220216606498298,-99.63898916967509,True
U-0040,U,O:U260508C00026000,CALL,26.0,2026-05-08,14,0.0,HOLDOUT,RISK_OR_EXHAUSTION,2026-04-24T19:30:00+00:00,2026-04-24T19:15:00+00:00,55,0,89,False,False,144,WITHIN_TOLERANCE,NEAR_ATM,0.4230769230769209,-0.4230769230769209,14,UNSCORED_SIGNAL_BAR_ABSENT,,0,,,,,,,,,,,,,
RBLX-0041,RBLX,O:RBLX260515C00056000,CALL,56.0,2026-05-15,14,0.0,HOLDOUT,ENTRY_FORMING,2026-04-30T19:15:00+00:00,2026-04-30T19:00:00+00:00,39,1,44,False,True,84,WITHIN_TOLERANCE,NEAR_ATM,0.6696428571428571,0.6696428571428571,15,SCORED_RIGHT_CENSORED,True,44,5.14,5.3,3.112840466926081,0.7547169811320753,-99.81132075471699,-99.81132075471699,1,39,-99.812734082397,-132.25000000000003,3.891050583657596,-99.80544747081711,True
GME-0041,GME,O:GME260515C00026500,CALL,26.5,2026-05-15,14,0.0,HOLDOUT,RISK_OR_EXHAUSTION,2026-05-01T19:15:00+00:00,2026-05-01T19:00:00+00:00,93,1,221,False,True,315,WITHIN_TOLERANCE,NEAR_ATM,0.9056603773584847,0.9056603773584847,14,SCORED_RIGHT_CENSORED,True,221,1.32,1.47,11.363636363636353,7.48299319727892,-99.31972789115646,-99.31972789115646,1,196,-99.36708860759494,-13.272727272727257,19.696969696969703,-99.24242424242425,True
SPY-0041,SPY,O:SPY260520C00730000,CALL,730.0,2026-05-20,14,0.0,HOLDOUT,RISK_OR_EXHAUSTION,2026-05-06T14:30:00+00:00,2026-05-06T14:15:00+00:00,3,1,188,False,True,200,WITHIN_TOLERANCE,NEAR_ATM,0.0027397260273947684,0.0027397260273947684,14,SCORED_RIGHT_CENSORED,True,196,8.2,8.25,0.6097560975609762,152.72727272727275,-47.03030303030303,30.909090909090907,95,148,-48.201438848920866,0.20238095238095233,154.26829268292687,-46.70731707317073,True
LULU-0040,LULU,O:LULU260605C00120000,CALL,120.0,2026-06-05,14,0.0,HOLDOUT,THESIS_PRESSURE,2026-05-19T16:45:00+00:00,2026-05-19T16:30:00+00:00,25,0,78,False,False,103,WITHIN_TOLERANCE,NEAR_ATM,0.3333333333333381,-0.3333333333333381,17,UNSCORED_SIGNAL_BAR_ABSENT,,0,,,,,,,,,,,,,
GME-0042,GME,O:GME260605C00022000,CALL,22.0,2026-06-05,14,0.0,HOLDOUT,CONTINUATION,2026-05-19T20:00:00+00:00,2026-05-19T19:45:00+00:00,75,1,290,False,True,366,WITHIN_TOLERANCE,NEAR_ATM,0.47727272727272924,0.47727272727272924,17,SCORED_RIGHT_CENSORED,True,290,0.9,0.84,-6.666666666666677,94.04761904761905,-98.80952380952381,-98.80952380952381,213,276,-99.38650306748467,-1.0506329113924051,81.11111111111109,-98.88888888888889,True
PYPL-0041,PYPL,O:PYPL260605C00044500,CALL,44.5,2026-06-05,14,0.0,HOLDOUT,ENTRY_FORMING,2026-05-20T20:00:00+00:00,2026-05-20T19:45:00+00:00,11,1,164,False,True,176,WITHIN_TOLERANCE,NEAR_ATM,0.2696629213483089,-0.2696629213483089,16,SCORED_RIGHT_CENSORED,True,164,1.14,1.05,-7.894736842105255,57.14285714285712,-99.04761904761905,-99.04761904761905,96,161,-99.39393939393939,-1.733333333333334,44.736842105263165,-99.12280701754386,True
SPY-0042,SPY,O:SPY260604C00740000,CALL,740.0,2026-06-04,14,0.0,HOLDOUT,CONTINUATION,2026-05-21T17:30:00+00:00,2026-05-21T17:15:00+00:00,13,1,99,False,True,117,WITHIN_TOLERANCE,NEAR_ATM,0.29054054054053746,0.29054054054053746,14,SCORED_RIGHT_CENSORED,True,103,9.57,10.0,4.493207941483801,103.60000000000001,-13.100000000000001,79.3,62,6,-11.935166994106094,0.7654440154440153,112.748171368861,-9.195402298850585,False
RBLX-0042,RBLX,O:RBLX260605C00048000,CALL,48.0,2026-06-05,14,0.0,HOLDOUT,RISK_OR_EXHAUSTION,2026-05-22T18:30:00+00:00,2026-05-22T18:15:00+00:00,33,0,133,False,False,166,WITHIN_TOLERANCE,NEAR_ATM,0.06250000000000236,0.06250000000000236,14,UNSCORED_SIGNAL_BAR_ABSENT,,0,,,,,,,,,,,,,
GME-0043,GME,O:GME260612C00022000,CALL,22.0,2026-06-12,14,0.0,HOLDOUT,THESIS_PRESSURE,2026-05-26T18:45:00+00:00,2026-05-26T18:30:00+00:00,61,1,312,False,True,374,WITHIN_TOLERANCE,NEAR_ATM,0.20454545454546227,0.20454545454546227,17,SCORED_RIGHT_CENSORED,True,312,1.05,1.02,-2.857142857142858,68.62745098039215,-99.01960784313727,-99.01960784313727,108,300,-99.4186046511628,-1.442857142857143,63.8095238095238,-99.04761904761905,True
TSLA-0041,TSLA,O:TSLA260608C00435000,CALL,435.0,2026-06-08,14,0.0,HOLDOUT,CONTINUATION,2026-05-26T19:45:00+00:00,2026-05-26T19:30:00+00:00,23,1,193,False,True,217,WITHIN_TOLERANCE,NEAR_ATM,0.40689655172413375,-0.40689655172413375,13,SCORED_RIGHT_CENSORED,True,193,13.2,13.6,3.0303030303030276,58.82352941176472,-99.92647058823529,-99.92647058823529,2,176,-99.9537037037037,-1.6987499999999995,63.63636363636365,-99.92424242424242,True
LULU-0041,LULU,O:LULU260612C00133000,CALL,133.0,2026-06-12,14,0.0,HOLDOUT,RISK_OR_EXHAUSTION,2026-05-27T14:00:00+00:00,2026-05-27T13:45:00+00:00,1,0,62,False,False,64,WITHIN_TOLERANCE,NEAR_ATM,0.022556390977444465,0.022556390977444465,16,UNSCORED_SIGNAL_BAR_ABSENT,,0,,,,,,,,,,,,,
TSLA-0042,TSLA,O:TSLA260610C00442500,CALL,442.5,2026-06-10,14,0.0,HOLDOUT,RISK_OR_EXHAUSTION,2026-05-27T15:00:00+00:00,2026-05-27T14:45:00+00:00,4,1,192,False,True,197,WITHIN_TOLERANCE,NEAR_ATM,0.1299435028248562,-0.1299435028248562,14,SCORED_RIGHT_CENSORED,True,192,17.45,16.21,-7.106017191977065,11.04256631708822,-99.9383096853794,-99.9383096853794,1,177,-99.94444444444444,-9.050279329608937,3.151862464183375,-99.94269340974212,True
PYPL-0042,PYPL,O:PYPL260612C00044000,CALL,44.0,2026-06-12,14,0.0,HOLDOUT,THESIS_PRESSURE,2026-05-27T16:15:00+00:00,2026-05-27T16:00:00+00:00,16,1,167,False,True,184,WITHIN_TOLERANCE,NEAR_ATM,0.30681818181817727,-0.30681818181817727,16,SCORED_RIGHT_CENSORED,True,167,1.23,1.14,-7.317073170731714,97.36842105263159,-99.12280701754386,-99.12280701754386,22,140,-99.55555555555556,-1.0180180180180178,82.92682926829269,-99.1869918699187,True
VALE-0041,VALE,O:VALE260612C00016500,CALL,16.5,2026-06-12,14,0.0,HOLDOUT,CONTINUATION,2026-05-28T17:15:00+00:00,2026-05-28T17:00:00+00:00,6,0,71,False,False,77,WITHIN_TOLERANCE,NEAR_ATM,0.6969696969696875,0.6969696969696875,15,UNSCORED_SIGNAL_BAR_ABSENT,,0,,,,,,,,,,,,,
U-0041,U,O:U260612C00032500,CALL,32.5,2026-06-12,14,0.0,HOLDOUT,RISK_OR_EXHAUSTION,2026-06-01T19:30:00+00:00,2026-06-01T19:15:00+00:00,9,0,67,False,False,76,WITHIN_TOLERANCE,NEAR_ATM,0.4000000000000079,-0.4000000000000079,11,UNSCORED_SIGNAL_BAR_ABSENT,,0,,,,,,,,,,,,,
VALE-0042,VALE,O:VALE260618C00017000,CALL,17.0,2026-06-18,14,0.0,HOLDOUT,RISK_OR_EXHAUSTION,2026-06-02T15:00:00+00:00,2026-06-02T14:45:00+00:00,91,0,134,False,False,225,WITHIN_TOLERANCE,NEAR_ATM,0.9117647058823597,-0.9117647058823597,16,UNSCORED_SIGNAL_BAR_ABSENT,,0,,,,,,,,,,,,,
U-0042,U,O:U260618C00031000,CALL,31.0,2026-06-18,14,0.0,HOLDOUT,THESIS_PRESSURE,2026-06-02T16:15:00+00:00,2026-06-02T16:00:00+00:00,84,1,152,False,True,238,WITHIN_TOLERANCE,NEAR_ATM,0.2903225806451608,-0.2903225806451608,16,SCORED_RIGHT_CENSORED,True,152,1.95,1.87,-4.102564102564099,4.278074866310155,-99.46524064171123,-99.46524064171123,39,144,-99.48717948717949,-23.25000000000003,0.0,-99.48717948717949,True
TSLA-0043,TSLA,O:TSLA260622C00410000,CALL,410.0,2026-06-22,14,0.0,HOLDOUT,ENTRY_FORMING,2026-06-08T20:00:00+00:00,2026-06-08T19:45:00+00:00,23,1,218,False,True,242,WITHIN_TOLERANCE,NEAR_ATM,0.23170731707316794,-0.23170731707316794,14,SCORED_RIGHT_CENSORED,True,218,15.45,16.23,5.048543689320395,15.218730745532948,-99.93838570548367,-99.93838570548367,1,215,-99.94652406417113,-6.566801619433205,21.035598705501624,-99.93527508090615,True
SPY-0043,SPY,O:SPY260623C00745000,CALL,745.0,2026-06-23,14,0.0,HOLDOUT,ENTRY_FORMING,2026-06-09T14:00:00+00:00,2026-06-09T13:45:00+00:00,1,1,203,False,True,214,WITHIN_TOLERANCE,NEAR_ATM,0.08322147651006773,-0.08322147651006773,14,SCORED_RIGHT_CENSORED,True,212,9.19,7.69,-16.3220892274211,68.53055916775033,-99.8699609882965,-99.8699609882965,97,202,-99.92283950617285,-1.4573055028463,41.022850924918394,-99.8911860718172,True
TSLA-0044,TSLA,O:TSLA260622C00395000,CALL,395.0,2026-06-22,14,0.0,HOLDOUT,THESIS_PRESSURE,2026-06-09T15:45:00+00:00,2026-06-09T15:30:00+00:00,6,1,190,False,True,197,WITHIN_TOLERANCE,NEAR_ATM,0.08860759493671462,-0.08860759493671462,13,SCORED_RIGHT_CENSORED,True,190,14.1,15.2,7.801418439716312,57.89473684210527,-84.47368421052632,-32.89473684210527,84,143,-57.49999999999999,-0.5681818181818182,70.2127659574468,-83.26241134751773,True
SPY-0044,SPY,O:SPY260623C00730000,CALL,730.0,2026-06-23,14,0.0,HOLDOUT,THESIS_PRESSURE,2026-06-09T16:15:00+00:00,2026-06-09T16:00:00+00:00,4,1,131,False,True,139,WITHIN_TOLERANCE,NEAR_ATM,0.1986301369863076,-0.1986301369863076,14,SCORED_RIGHT_CENSORED,True,134,9.49,9.25,-2.5289778714436273,174.9189189189189,-61.83783783783784,-59.13513513513513,64,129,-85.13566653558789,-0.3380716934487021,167.9662802950474,-62.80295047418336,True
VALE-0043,VALE,O:VALE260626C00015000,CALL,15.0,2026-06-26,14,0.0,HOLDOUT,ENTRY_FORMING,2026-06-11T13:45:00+00:00,2026-06-11T13:30:00+00:00,7,0,49,False,False,56,WITHIN_TOLERANCE,NEAR_ATM,0.1333333333333305,0.1333333333333305,15,UNSCORED_SIGNAL_BAR_ABSENT,,0,,,,,,,,,,,,,
U-0043,U,O:U260702C00027000,CALL,27.0,2026-07-02,14,0.0,HOLDOUT,ENTRY_FORMING,2026-06-18T19:30:00+00:00,2026-06-18T19:15:00+00:00,15,1,48,False,True,64,WITHIN_TOLERANCE,NEAR_ATM,0.6481481481481508,0.6481481481481508,14,SCORED_RIGHT_CENSORED,True,48,1.51,1.57,3.9735099337748325,161.78343949044586,-57.324840764331206,39.4904458598726,41,10,-46.71532846715329,0.2440944881889763,172.18543046357618,-55.62913907284768,False
LULU-0043,LULU,O:LULU260710C00113000,CALL,113.0,2026-07-10,14,0.0,HOLDOUT,CONTINUATION,2026-06-24T18:45:00+00:00,2026-06-24T18:30:00+00:00,11,0,76,False,False,87,WITHIN_TOLERANCE,NEAR_ATM,0.32743362831858813,-0.32743362831858813,16,UNSCORED_SIGNAL_BAR_ABSENT,,0,,,,,,,,,,,,,
VALE-0044,VALE,O:VALE260710C00015000,CALL,15.0,2026-07-10,14,0.0,HOLDOUT,THESIS_PRESSURE,2026-06-29T14:15:00+00:00,2026-06-29T14:00:00+00:00,8,0,68,False,False,76,WITHIN_TOLERANCE,NEAR_ATM,0.8666666666666718,-0.8666666666666718,11,UNSCORED_SIGNAL_BAR_ABSENT,,0,,,,,,,,,,,,,
PYPL-0043,PYPL,O:PYPL260710C00044000,CALL,44.0,2026-07-10,14,0.0,HOLDOUT,CONTINUATION,2026-06-29T15:45:00+00:00,2026-06-29T15:30:00+00:00,71,1,168,False,True,240,WITHIN_TOLERANCE,NEAR_ATM,0.47727272727272924,0.47727272727272924,11,SCORED_RIGHT_CENSORED,True,168,1.17,1.1,-5.982905982905972,118.18181818181816,-60.909090909090914,103.63636363636365,149,17,-6.666666666666654,0.8769230769230772,105.12820512820515,-63.24786324786324,False
RBLX-0045,RBLX,O:RBLX260717C00058000,CALL,58.0,2026-07-17,14,0.0,HOLDOUT,RISK_OR_EXHAUSTION,2026-07-01T15:30:00+00:00,2026-07-01T15:15:00+00:00,35,0,184,False,False,219,WITHIN_TOLERANCE,NEAR_ATM,0.37931034482758424,0.37931034482758424,16,UNSCORED_SIGNAL_BAR_ABSENT,,0,,,,,,,,,,,,,
PYPL-0044,PYPL,O:PYPL260724C00046500,CALL,46.5,2026-07-24,14,0.0,HOLDOUT,RISK_OR_EXHAUSTION,2026-07-10T14:00:00+00:00,2026-07-10T13:45:00+00:00,28,1,74,False,True,103,WITHIN_TOLERANCE,NEAR_ATM,0.4516129032258083,-0.4516129032258083,14,SCORED_RIGHT_CENSORED,True,74,0.99,1.02,3.0303030303030276,942.1568627450981,-12.745098039215685,839.2156862745098,47,10,-9.877704609595494,0.890738813735692,973.7373737373739,-10.1010101010101,False
GME-0045,GME,O:GME260731C00022500,CALL,22.5,2026-07-31,14,0.0,HOLDOUT,RISK_OR_EXHAUSTION,2026-07-15T14:15:00+00:00,2026-07-15T14:00:00+00:00,73,1,305,False,True,379,WITHIN_TOLERANCE,NEAR_ATM,0.2000000000000076,0.2000000000000076,16,SCORED_RIGHT_CENSORED,True,305,0.66,0.67,1.5151515151515138,0.0,-98.50746268656717,-98.50746268656717,1,282,-98.50746268656717,,1.5151515151515138,-98.48484848484848,True
VALE-0045,VALE,O:VALE260807C00015000,CALL,15.0,2026-08-07,14,0.0,HOLDOUT,ENTRY_FORMING,2026-07-24T19:30:00+00:00,2026-07-24T19:15:00+00:00,21,0,99,False,False,120,WITHIN_TOLERANCE,NEAR_ATM,1.0006666666666675,-1.0006666666666675,14,UNSCORED_SIGNAL_BAR_ABSENT,,0,,,,,,,,,,,,,
LULU-0044,LULU,O:LULU260814C00120000,CALL,120.0,2026-08-14,14,0.0,HOLDOUT,RISK_OR_EXHAUSTION,2026-07-28T14:00:00+00:00,2026-07-28T13:45:00+00:00,16,1,58,False,True,131,WITHIN_TOLERANCE,NEAR_ATM,0.05416666666666477,0.05416666666666477,17,SCORED_RIGHT_CENSORED,True,114,5.17,5.25,1.547388781431347,63.42857142857143,-99.42857142857143,-98.47619047619047,44,114,-99.06759906759906,-1.5525525525525523,65.95744680851064,-99.41972920696325,True
GME-0046,GME,O:GME260814C00022000,CALL,22.0,2026-08-14,14,0.0,HOLDOUT,CONTINUATION,2026-07-28T20:00:00+00:00,2026-07-28T19:45:00+00:00,66,1,227,False,True,313,WITHIN_TOLERANCE,NEAR_ATM,0.7272727272727278,0.7272727272727278,17,SCORED_RIGHT_CENSORED,True,246,0.67,0.5,-25.373134328358216,15.999999999999993,-98.0,-98.0,2,191,-98.27586206896551,-6.125000000000003,-13.432835820895539,-98.50746268656717,True
SPY-0045,SPY,O:SPY260813C00740000,CALL,740.0,2026-08-13,14,0.0,HOLDOUT,CONTINUATION,2026-07-30T19:15:00+00:00,2026-07-30T19:00:00+00:00,19,1,17,False,True,45,WITHIN_TOLERANCE,NEAR_ATM,0.2797297297297365,0.2797297297297365,14,SCORED_RIGHT_CENSORED,True,25,8.75,9.59,9.600000000000009,307.19499478623567,-16.684045881126174,288.63399374348285,23,5,-4.558258642765667,0.9395790902919214,346.2857142857143,-8.685714285714285,False
VALE-0046,VALE,O:VALE260814C00015000,CALL,15.0,2026-08-14,14,0.0,HOLDOUT,RISK_OR_EXHAUSTION,2026-07-31T15:15:00+00:00,2026-07-31T15:00:00+00:00,16,0,71,False,False,99,WITHIN_TOLERANCE,NEAR_ATM,0.29999999999999954,0.29999999999999954,14,UNSCORED_SIGNAL_BAR_ABSENT,,0,,,,,,,,,,,,,
U-0045,U,O:U260814C00031500,CALL,31.5,2026-08-14,14,0.0,HOLDOUT,THESIS_PRESSURE,2026-07-31T17:15:00+00:00,2026-07-31T17:00:00+00:00,6,0,10,False,False,34,WITHIN_TOLERANCE,NEAR_ATM,0.28571428571428525,0.28571428571428525,14,UNSCORED_SIGNAL_BAR_ABSENT,,0,,,,,,,,,,,,,
TSLA-0045,TSLA,O:TSLA260814C00310000,CALL,310.0,2026-08-14,14,0.0,HOLDOUT,ENTRY_FORMING,2026-07-31T20:00:00+00:00,2026-07-31T19:45:00+00:00,147,1,145,False,True,348,WITHIN_TOLERANCE,NEAR_ATM,0.3580645161290366,0.3580645161290366,14,SCORED_RIGHT_CENSORED,True,200,11.86,11.25,-5.143338954468801,262.40000000000003,0.0,186.39999999999998,185,1,-20.971302428256077,0.7103658536585364,243.7605396290051,-5.143338954468801,False
SPY-0046,SPY,O:SPY260817C00760000,CALL,760.0,2026-08-17,14,0.0,HOLDOUT,RISK_OR_EXHAUSTION,2026-08-03T19:45:00+00:00,2026-08-03T19:30:00+00:00,24,1,71,False,True,129,WITHIN_TOLERANCE,NEAR_ATM,0.25394736842104604,-0.25394736842104604,14,SCORED_RIGHT_CENSORED,True,104,5.88,5.92,0.6802721088435382,229.39189189189187,-2.871621621621623,173.47972972972974,21,1,-16.97435897435897,0.756259204712813,231.6326530612245,-2.2108843537414935,False
RBLX-0046,RBLX,O:RBLX260821C00038000,CALL,38.0,2026-08-21,14,0.0,HOLDOUT,CONTINUATION,2026-08-04T16:00:00+00:00,2026-08-04T15:45:00+00:00,36,1,56,False,True,143,WITHIN_TOLERANCE,NEAR_ATM,0.03947368421052781,-0.03947368421052781,17,SCORED_RIGHT_CENSORED,True,106,2.49,2.58,3.6144578313253017,8.52713178294573,-83.72093023255815,-51.55038759689923,37,64,-55.35714285714286,-6.04545454545455,12.449799196787126,-83.13253012048193,True
RBLX-0047,RBLX,O:RBLX260821C00038000,CALL,38.0,2026-08-21,14,0.0,HOLDOUT,THESIS_PRESSURE,2026-08-04T19:15:00+00:00,2026-08-04T19:00:00+00:00,44,0,49,False,False,143,WITHIN_TOLERANCE,NEAR_ATM,1.200263157894735,-1.200263157894735,17,UNSCORED_SIGNAL_BAR_ABSENT,,0,,,,,,,,,,,,,
PYPL-0045,PYPL,O:PYPL260821C00058000,CALL,58.0,2026-08-21,14,0.0,HOLDOUT,THESIS_PRESSURE,2026-08-05T19:30:00+00:00,2026-08-05T19:15:00+00:00,64,1,38,False,True,133,WITHIN_TOLERANCE,NEAR_ATM,0.09482758620689606,-0.09482758620689606,16,SCORED_RIGHT_CENSORED,True,68,1.47,1.41,-4.081632653061229,254.6099290780142,-12.765957446808507,194.3262411347518,68,40,-16.999999999999993,0.7632311977715878,240.13605442176873,-16.326530612244895,False
U-0046,U,O:U260821C00039000,CALL,39.0,2026-08-21,14,0.0,HOLDOUT,RISK_OR_EXHAUSTION,2026-08-06T14:15:00+00:00,2026-08-06T14:00:00+00:00,21,1,20,False,True,49,WITHIN_TOLERANCE,NEAR_ATM,0.4615384615384608,0.4615384615384608,15,SCORED_RIGHT_CENSORED,True,27,2.55,2.63,3.1372549019607954,176.04562737642584,0.0,176.04562737642584,27,1,0.0,1.0,184.7058823529412,3.1372549019607954,False
PYPL-0046,PYPL,O:PYPL260821C00059000,CALL,59.0,2026-08-21,14,0.0,HOLDOUT,CONTINUATION,2026-08-06T18:45:00+00:00,2026-08-06T18:30:00+00:00,73,1,52,False,True,175,WITHIN_TOLERANCE,NEAR_ATM,0.5847457627118625,0.5847457627118625,15,SCORED_RIGHT_CENSORED,True,101,1.61,1.59,-1.2422360248447228,123.2704402515723,-54.71698113207548,123.2704402515723,101,53,0.0,1.0,120.49689440993787,-55.27950310559007,False
TSLA-0046,TSLA,O:TSLA260819C00317500,CALL,317.5,2026-08-19,14,0.0,HOLDOUT,THESIS_PRESSURE,2026-08-06T18:45:00+00:00,2026-08-06T18:30:00+00:00,7,1,10,False,True,34,WITHIN_TOLERANCE,NEAR_ATM,0.33385826771653615,0.33385826771653615,13,SCORED_RIGHT_CENSORED,True,26,10.72,10.9,1.679104477611948,190.73394495412845,0.0,190.73394495412845,26,1,0.0,1.0,195.61567164179104,1.679104477611948,False
PYPL-0047,PYPL,O:PYPL260821C00060000,CALL,60.0,2026-08-21,14,0.0,HOLDOUT,RISK_OR_EXHAUSTION,2026-08-07T14:30:00+00:00,2026-08-07T14:15:00+00:00,114,1,70,False,True,263,WITHIN_TOLERANCE,NEAR_ATM,0.2499999999999976,-0.2499999999999976,14,SCORED_RIGHT_CENSORED,True,148,1.32,1.3,-1.5151515151515138,130.76923076923075,-70.76923076923076,107.69230769230771,148,71,-9.999999999999998,0.8235294117647062,127.27272727272725,-71.21212121212122,False
RBLX-0048,RBLX,O:RBLX260821C00037000,CALL,37.0,2026-08-21,14,0.0,HOLDOUT,ENTRY_FORMING,2026-08-07T14:45:00+00:00,2026-08-07T14:30:00+00:00,66,1,21,False,True,133,WITHIN_TOLERANCE,NEAR_ATM,0.13513513513512745,-0.13513513513512745,14,SCORED_RIGHT_CENSORED,True,66,1.83,1.85,1.0928961748633892,82.70270270270268,-64.32432432432432,-0.5405405405405461,7,29,-45.562130177514796,-0.00653594771241837,84.69945355191255,-63.934426229508205,True
LULU-0045,LULU,O:LULU260821C00128000,CALL,128.0,2026-08-21,14,0.0,HOLDOUT,RISK_OR_EXHAUSTION,2026-08-07T19:45:00+00:00,2026-08-07T19:30:00+00:00,47,0,12,False,False,88,WITHIN_TOLERANCE,NEAR_ATM,0.30468749999998934,0.30468749999998934,14,UNSCORED_SIGNAL_BAR_ABSENT,,0,,,,,,,,,,,,,
GME-0047,GME,O:GME260821C00019000,CALL,19.0,2026-08-21,14,0.0,HOLDOUT,ENTRY_FORMING,2026-08-10T14:00:00+00:00,2026-08-10T13:45:00+00:00,120,1,46,False,True,243,WITHIN_TOLERANCE,NEAR_ATM,0.973684210526309,0.973684210526309,11,SCORED_RIGHT_CENSORED,True,122,0.53,0.5,-5.660377358490576,30.000000000000004,-74.0,-68.0,3,71,-75.38461538461539,-2.2666666666666666,22.64150943396226,-75.47169811320755,True
U-0047,U,O:U260821C00042500,CALL,42.5,2026-08-21,14,0.0,HOLDOUT,ENTRY_FORMING,2026-08-10T14:00:00+00:00,2026-08-10T13:45:00+00:00,0,0,8,True,False,14,WITHIN_TOLERANCE,NEAR_ATM,0.07082352941175847,0.07082352941175847,11,UNSCORED_SIGNAL_BAR_ABSENT,,0,,,,,,,,,,,,,
GME-0048,GME,O:GME260821C00019000,CALL,19.0,2026-08-21,14,0.0,HOLDOUT,THESIS_PRESSURE,2026-08-10T17:15:00+00:00,2026-08-10T17:00:00+00:00,131,1,35,False,True,243,WITHIN_TOLERANCE,NEAR_ATM,0.051578947368413036,0.051578947368413036,11,SCORED_RIGHT_CENSORED,True,111,0.41,0.42,2.4390243902439046,2.3809523809523725,-69.04761904761905,-61.904761904761905,2,60,-62.7906976744186,-26.000000000000092,4.878048780487809,-68.29268292682926,True
VALE-0047,VALE,O:VALE260821C00015000,CALL,15.0,2026-08-21,14,0.0,HOLDOUT,CONTINUATION,2026-08-10T18:00:00+00:00,2026-08-10T17:45:00+00:00,73,0,18,False,False,123,WITHIN_TOLERANCE,NEAR_ATM,1.1666666666666714,-1.1666666666666714,11,UNSCORED_SIGNAL_BAR_ABSENT,,0,,,,,,,,,,,,,
LULU-0046,LULU,O:LULU260821C00128000,CALL,128.0,2026-08-21,14,0.0,HOLDOUT,ENTRY_FORMING,2026-08-10T19:45:00+00:00,2026-08-10T19:30:00+00:00,53,1,5,False,True,88,WITHIN_TOLERANCE,NEAR_ATM,0.05468749999999467,-0.05468749999999467,11,SCORED_RIGHT_CENSORED,True,34,3.9,3.91,0.2564102564102555,0.0,-92.8388746803069,-90.53708439897699,1,25,-90.53708439897699,,0.2564102564102555,-92.82051282051282,True
TSLA-0047,TSLA,O:TSLA260824C00335000,CALL,335.0,2026-08-24,14,0.0,HOLDOUT,RISK_OR_EXHAUSTION,2026-08-11T14:45:00+00:00,2026-08-11T14:30:00+00:00,20,1,18,False,True,106,WITHIN_TOLERANCE,NEAR_ATM,0.008955223880588871,-0.008955223880588871,13,SCORED_RIGHT_CENSORED,True,85,9.2,9.61,4.456521739130426,95.62955254942769,-55.25494276795004,27.055150884495326,68,27,-35.0531914893617,0.2829162132752993,104.34782608695654,-53.260869565217384,False
LULU-0047,LULU,O:LULU260828C00125000,CALL,125.0,2026-08-28,14,0.0,HOLDOUT,THESIS_PRESSURE,2026-08-11T16:30:00+00:00,2026-08-11T16:15:00+00:00,46,0,2,False,False,88,WITHIN_TOLERANCE,NEAR_ATM,0.38400000000000317,0.38400000000000317,17,UNSCORED_SIGNAL_BAR_ABSENT,,0,,,,,,,,,,,,,
VALE-0048,VALE,O:VALE260828C00014500,CALL,14.5,2026-08-28,14,0.0,HOLDOUT,THESIS_PRESSURE,2026-08-11T16:45:00+00:00,2026-08-11T16:30:00+00:00,4,0,2,False,False,16,WITHIN_TOLERANCE,NEAR_ATM,0.51724137931034,-0.51724137931034,17,UNSCORED_SIGNAL_BAR_ABSENT,,0,,,,,,,,,,,,,
LULU-0048,LULU,O:LULU260828C00126000,CALL,126.0,2026-08-28,14,0.0,HOLDOUT,CONTINUATION,2026-08-11T18:30:00+00:00,2026-08-11T18:15:00+00:00,12,0,0,False,False,29,WITHIN_TOLERANCE,NEAR_ATM,0.1984126984126984,-0.1984126984126984,17,UNSCORED_SIGNAL_BAR_ABSENT,,0,,,,,,,,,,,,,
PYPL-0048,PYPL,O:PYPL260828C00059000,CALL,59.0,2026-08-28,14,0.0,HOLDOUT,ENTRY_FORMING,2026-08-11T19:45:00+00:00,2026-08-11T19:30:00+00:00,26,0,0,False,False,47,WITHIN_TOLERANCE,NEAR_ATM,0.18644067796610073,0.18644067796610073,17,UNSCORED_SIGNAL_BAR_ABSENT,,0,,,,,,,,,,,,,
TSLA-0048,TSLA,O:TSLA260824C00332500,CALL,332.5,2026-08-24,14,0.0,HOLDOUT,CONTINUATION,2026-08-11T19:45:00+00:00,2026-08-11T19:30:00+00:00,15,1,1,False,True,61,WITHIN_TOLERANCE,NEAR_ATM,0.06917293233083253,-0.06917293233083253,13,SCORED_RIGHT_CENSORED,True,45,9.18,9.2,0.2178649237472685,123.47826086956522,-45.65217391304347,50.86956521739132,37,9,-32.490272373540854,0.4119718309859156,123.96514161220043,-45.53376906318083,False
U-0048,U,O:U260828C00043500,CALL,43.5,2026-08-28,14,0.0,HOLDOUT,CONTINUATION,2026-08-11T19:45:00+00:00,2026-08-11T19:30:00+00:00,3,0,0,False,False,13,WITHIN_TOLERANCE,NEAR_ATM,0.32183908045977144,0.32183908045977144,17,UNSCORED_SIGNAL_BAR_ABSENT,,0,,,,,,,,,,,,,
