snapshot_id,episode_id,entry_anchor_id,ticker,partition,contract_type,dte_target,moneyness_target,snapshot_event_family,snapshot_signal_bar_open_utc,snapshot_decision_available_utc,window,underlying_bars_forward,cutoff_time_ms,censor_reason,outcome_status,observed_bars,decision_close,next_bar_open,decision_to_next_open_gap_pct,mfe_pct,mae_pct,terminal_return_pct,bars_to_peak,bars_to_trough,peak_to_terminal_giveback_pct,gain_retention,decision_close_mfe_pct,decision_close_mae_pct,peak_before_trough
OPT-LONG-d2e1f6900fab6663:1724679900000,OPT-LONG-d2e1f6900fab6663,AMC15-001,O:AMC240906C00005000,DISCOVERY,CALL,14,0.0,RISK_OR_EXHAUSTION,2024-08-26T13:45:00+00:00,2024-08-26T14:00:00+00:00,H1,4,1724683500000,,SCORED_WINDOW,4,0.33,0.32,-3.0303030303030276,12.5,-25.0,-6.25,1,2,-16.666666666666664,-0.5,9.090909090909083,-27.27272727272728,True
OPT-LONG-d2e1f6900fab6663:1724679900000,OPT-LONG-d2e1f6900fab6663,AMC15-001,O:AMC240906C00005000,DISCOVERY,CALL,14,0.0,RISK_OR_EXHAUSTION,2024-08-26T13:45:00+00:00,2024-08-26T14:00:00+00:00,D1,26,1724766300000,,SCORED_WINDOW,26,0.33,0.32,-3.0303030303030276,12.5,-31.25,-31.25,1,25,-38.888888888888886,-2.5,9.090909090909083,-33.333333333333336,True
OPT-LONG-d2e1f6900fab6663:1724679900000,OPT-LONG-d2e1f6900fab6663,AMC15-001,O:AMC240906C00005000,DISCOVERY,CALL,14,0.0,RISK_OR_EXHAUSTION,2024-08-26T13:45:00+00:00,2024-08-26T14:00:00+00:00,D3,78,1724939100000,,SCORED_WINDOW,74,0.33,0.32,-3.0303030303030276,12.5,-65.625,-62.5,1,69,-66.66666666666667,-5.0,9.090909090909083,-66.66666666666667,True
OPT-LONG-d2e1f6900fab6663:1724679900000,OPT-LONG-d2e1f6900fab6663,AMC15-001,O:AMC240906C00005000,DISCOVERY,CALL,14,0.0,RISK_OR_EXHAUSTION,2024-08-26T13:45:00+00:00,2024-08-26T14:00:00+00:00,D5,130,1725371100000,,SCORED_WINDOW,126,0.33,0.32,-3.0303030303030276,12.5,-78.125,-75.0,1,125,-77.77777777777779,-6.0,9.090909090909083,-78.78787878787878,True
OPT-LONG-d2e1f6900fab6663:1724679900000,OPT-LONG-d2e1f6900fab6663,AMC15-001,O:AMC240906C00005000,DISCOVERY,CALL,14,0.0,RISK_OR_EXHAUSTION,2024-08-26T13:45:00+00:00,2024-08-26T14:00:00+00:00,D10,260,1725975900000,CONTRACT_EXPIRY,SCORED_RIGHT_CENSORED,228,0.33,0.32,-3.0303030303030276,12.5,-96.875,-96.875,1,205,-97.22222222222221,-7.75,9.090909090909083,-96.96969696969697,True
OPT-LONG-d2e1f6900fab6663:1725040800000,OPT-LONG-d2e1f6900fab6663,AMC15-001,O:AMC240906C00005000,DISCOVERY,CALL,14,0.0,ENTRY_FORMING,2024-08-30T18:00:00+00:00,2024-08-30T18:15:00+00:00,H1,4,1725044400000,,SCORED_WINDOW,4,0.13,0.12,-7.692307692307699,16.666666666666675,-16.666666666666664,-16.666666666666664,3,2,-28.57142857142857,-0.9999999999999993,7.692307692307709,-23.076923076923073,False
OPT-LONG-d2e1f6900fab6663:1725040800000,OPT-LONG-d2e1f6900fab6663,AMC15-001,O:AMC240906C00005000,DISCOVERY,CALL,14,0.0,ENTRY_FORMING,2024-08-30T18:00:00+00:00,2024-08-30T18:15:00+00:00,D1,26,1725386400000,,SCORED_WINDOW,26,0.13,0.12,-7.692307692307699,16.666666666666675,-58.33333333333333,-50.0,3,17,-57.14285714285715,-2.9999999999999987,7.692307692307709,-61.53846153846154,True
OPT-LONG-d2e1f6900fab6663:1725040800000,OPT-LONG-d2e1f6900fab6663,AMC15-001,O:AMC240906C00005000,DISCOVERY,CALL,14,0.0,ENTRY_FORMING,2024-08-30T18:00:00+00:00,2024-08-30T18:15:00+00:00,D3,78,1725559200000,,SCORED_WINDOW,78,0.13,0.12,-7.692307692307699,16.666666666666675,-83.33333333333333,-75.0,3,71,-78.57142857142858,-4.499999999999997,7.692307692307709,-84.61538461538461,True
OPT-LONG-d2e1f6900fab6663:1725040800000,OPT-LONG-d2e1f6900fab6663,AMC15-001,O:AMC240906C00005000,DISCOVERY,CALL,14,0.0,ENTRY_FORMING,2024-08-30T18:00:00+00:00,2024-08-30T18:15:00+00:00,D5,130,1725904800000,CONTRACT_EXPIRY,SCORED_RIGHT_CENSORED,111,0.13,0.12,-7.692307692307699,16.666666666666675,-91.66666666666666,-91.66666666666666,3,88,-92.85714285714286,-5.4999999999999964,7.692307692307709,-92.3076923076923,True
OPT-LONG-d2e1f6900fab6663:1725040800000,OPT-LONG-d2e1f6900fab6663,AMC15-001,O:AMC240906C00005000,DISCOVERY,CALL,14,0.0,ENTRY_FORMING,2024-08-30T18:00:00+00:00,2024-08-30T18:15:00+00:00,D10,260,1726509600000,CONTRACT_EXPIRY,SCORED_RIGHT_CENSORED,111,0.13,0.12,-7.692307692307699,16.666666666666675,-91.66666666666666,-91.66666666666666,3,88,-92.85714285714286,-5.4999999999999964,7.692307692307709,-92.3076923076923,True
OPT-LONG-d2e1f6900fab6663:1725371100000,OPT-LONG-d2e1f6900fab6663,AMC15-001,O:AMC240906C00005000,DISCOVERY,CALL,14,0.0,THESIS_PRESSURE,2024-09-03T13:45:00+00:00,2024-09-03T14:00:00+00:00,H1,4,1725374700000,,SCORED_WINDOW,4,0.08,0.08,0.0,0.0,-25.0,-12.49999999999999,1,2,-12.49999999999999,,0.0,-25.0,True
OPT-LONG-d2e1f6900fab6663:1725371100000,OPT-LONG-d2e1f6900fab6663,AMC15-001,O:AMC240906C00005000,DISCOVERY,CALL,14,0.0,THESIS_PRESSURE,2024-09-03T13:45:00+00:00,2024-09-03T14:00:00+00:00,D1,26,1725457500000,,SCORED_WINDOW,26,0.08,0.08,0.0,0.0,-62.5,-50.0,1,25,-50.0,,0.0,-62.5,True
OPT-LONG-d2e1f6900fab6663:1725371100000,OPT-LONG-d2e1f6900fab6663,AMC15-001,O:AMC240906C00005000,DISCOVERY,CALL,14,0.0,THESIS_PRESSURE,2024-09-03T13:45:00+00:00,2024-09-03T14:00:00+00:00,D3,78,1725630300000,,SCORED_WINDOW,78,0.08,0.08,0.0,0.0,-75.0,-75.0,1,62,-75.0,,0.0,-75.0,True
OPT-LONG-d2e1f6900fab6663:1725371100000,OPT-LONG-d2e1f6900fab6663,AMC15-001,O:AMC240906C00005000,DISCOVERY,CALL,14,0.0,THESIS_PRESSURE,2024-09-03T13:45:00+00:00,2024-09-03T14:00:00+00:00,D5,130,1725975900000,CONTRACT_EXPIRY,SCORED_RIGHT_CENSORED,102,0.08,0.08,0.0,50.0,-87.5,-87.5,92,79,-91.66666666666666,-1.75,50.0,-87.5,False
OPT-LONG-d2e1f6900fab6663:1725371100000,OPT-LONG-d2e1f6900fab6663,AMC15-001,O:AMC240906C00005000,DISCOVERY,CALL,14,0.0,THESIS_PRESSURE,2024-09-03T13:45:00+00:00,2024-09-03T14:00:00+00:00,D10,260,1726580700000,CONTRACT_EXPIRY,SCORED_RIGHT_CENSORED,102,0.08,0.08,0.0,50.0,-87.5,-87.5,92,79,-91.66666666666666,-1.75,50.0,-87.5,False
OPT-LONG-d2e1f6900fab6663:1725375600000,OPT-LONG-d2e1f6900fab6663,AMC15-001,O:AMC240906C00005000,DISCOVERY,CALL,14,0.0,THESIS_PRESSURE,2024-09-03T15:00:00+00:00,2024-09-03T15:15:00+00:00,H1,4,1725379200000,,SCORED_WINDOW,4,0.06,0.07,16.666666666666675,0.0,-28.57142857142857,-14.285714285714302,1,3,-14.285714285714302,,16.666666666666675,-16.666666666666664,True
OPT-LONG-d2e1f6900fab6663:1725375600000,OPT-LONG-d2e1f6900fab6663,AMC15-001,O:AMC240906C00005000,DISCOVERY,CALL,14,0.0,THESIS_PRESSURE,2024-09-03T15:00:00+00:00,2024-09-03T15:15:00+00:00,D1,26,1725462000000,,SCORED_WINDOW,26,0.06,0.07,16.666666666666675,0.0,-57.14285714285715,-28.57142857142857,1,20,-28.57142857142857,,16.666666666666675,-50.0,True
OPT-LONG-d2e1f6900fab6663:1725375600000,OPT-LONG-d2e1f6900fab6663,AMC15-001,O:AMC240906C00005000,DISCOVERY,CALL,14,0.0,THESIS_PRESSURE,2024-09-03T15:00:00+00:00,2024-09-03T15:15:00+00:00,D3,78,1725634800000,,SCORED_WINDOW,78,0.06,0.07,16.666666666666675,0.0,-85.71428571428572,-85.71428571428572,1,74,-85.71428571428572,,16.666666666666675,-83.33333333333333,True
OPT-LONG-d2e1f6900fab6663:1725375600000,OPT-LONG-d2e1f6900fab6663,AMC15-001,O:AMC240906C00005000,DISCOVERY,CALL,14,0.0,THESIS_PRESSURE,2024-09-03T15:00:00+00:00,2024-09-03T15:15:00+00:00,D5,130,1725980400000,CONTRACT_EXPIRY,SCORED_RIGHT_CENSORED,97,0.06,0.07,16.666666666666675,71.4285714285714,-85.71428571428572,-85.71428571428572,87,74,-91.66666666666666,-1.2000000000000006,100.0,-83.33333333333333,False
OPT-LONG-d2e1f6900fab6663:1725375600000,OPT-LONG-d2e1f6900fab6663,AMC15-001,O:AMC240906C00005000,DISCOVERY,CALL,14,0.0,THESIS_PRESSURE,2024-09-03T15:00:00+00:00,2024-09-03T15:15:00+00:00,D10,260,1726585200000,CONTRACT_EXPIRY,SCORED_RIGHT_CENSORED,97,0.06,0.07,16.666666666666675,71.4285714285714,-85.71428571428572,-85.71428571428572,87,74,-91.66666666666666,-1.2000000000000006,100.0,-83.33333333333333,False
OPT-LONG-f8fe3947e0f3d8ee:1724679900000,OPT-LONG-f8fe3947e0f3d8ee,AMC15-001,O:AMC240920C00005000,DISCOVERY,CALL,30,0.0,RISK_OR_EXHAUSTION,2024-08-26T13:45:00+00:00,2024-08-26T14:00:00+00:00,H1,4,1724683500000,,SCORED_WINDOW,4,0.43,0.43,0.0,11.627906976744185,-11.627906976744185,-11.627906976744185,1,4,-20.833333333333325,-1.0,11.627906976744185,-11.627906976744185,True
OPT-LONG-f8fe3947e0f3d8ee:1724679900000,OPT-LONG-f8fe3947e0f3d8ee,AMC15-001,O:AMC240920C00005000,DISCOVERY,CALL,30,0.0,RISK_OR_EXHAUSTION,2024-08-26T13:45:00+00:00,2024-08-26T14:00:00+00:00,D1,26,1724766300000,,SCORED_WINDOW,25,0.43,0.43,0.0,11.627906976744185,-16.279069767441868,-13.953488372093027,1,6,-22.916666666666664,-1.2000000000000004,11.627906976744185,-16.279069767441868,True
OPT-LONG-f8fe3947e0f3d8ee:1724679900000,OPT-LONG-f8fe3947e0f3d8ee,AMC15-001,O:AMC240920C00005000,DISCOVERY,CALL,30,0.0,RISK_OR_EXHAUSTION,2024-08-26T13:45:00+00:00,2024-08-26T14:00:00+00:00,D3,78,1724939100000,,SCORED_WINDOW,72,0.43,0.43,0.0,11.627906976744185,-62.7906976744186,-41.860465116279066,1,47,-47.916666666666664,-3.6,11.627906976744185,-62.7906976744186,True
OPT-LONG-f8fe3947e0f3d8ee:1724679900000,OPT-LONG-f8fe3947e0f3d8ee,AMC15-001,O:AMC240920C00005000,DISCOVERY,CALL,30,0.0,RISK_OR_EXHAUSTION,2024-08-26T13:45:00+00:00,2024-08-26T14:00:00+00:00,D5,130,1725371100000,,SCORED_WINDOW,124,0.43,0.43,0.0,11.627906976744185,-62.7906976744186,-46.51162790697674,1,47,-52.08333333333333,-4.0,11.627906976744185,-62.7906976744186,True
OPT-LONG-f8fe3947e0f3d8ee:1724679900000,OPT-LONG-f8fe3947e0f3d8ee,AMC15-001,O:AMC240920C00005000,DISCOVERY,CALL,30,0.0,RISK_OR_EXHAUSTION,2024-08-26T13:45:00+00:00,2024-08-26T14:00:00+00:00,D10,260,1725975900000,,SCORED_WINDOW,253,0.43,0.43,0.0,11.627906976744185,-65.11627906976744,-46.51162790697674,1,206,-52.08333333333333,-4.0,11.627906976744185,-65.11627906976744,True
OPT-LONG-f8fe3947e0f3d8ee:1725040800000,OPT-LONG-f8fe3947e0f3d8ee,AMC15-001,O:AMC240920C00005000,DISCOVERY,CALL,30,0.0,ENTRY_FORMING,2024-08-30T18:00:00+00:00,2024-08-30T18:15:00+00:00,H1,4,1725044400000,,SCORED_WINDOW,4,0.28,0.28,0.0,3.5714285714285587,-10.71428571428572,-7.142857142857151,2,3,-10.344827586206884,-2.0000000000000093,3.5714285714285587,-10.71428571428572,True
OPT-LONG-f8fe3947e0f3d8ee:1725040800000,OPT-LONG-f8fe3947e0f3d8ee,AMC15-001,O:AMC240920C00005000,DISCOVERY,CALL,30,0.0,ENTRY_FORMING,2024-08-30T18:00:00+00:00,2024-08-30T18:15:00+00:00,D1,26,1725386400000,,SCORED_WINDOW,26,0.28,0.28,0.0,7.14285714285714,-28.57142857142857,-14.285714285714302,5,19,-19.999999999999996,-2.000000000000003,7.14285714285714,-28.57142857142857,True
OPT-LONG-f8fe3947e0f3d8ee:1725040800000,OPT-LONG-f8fe3947e0f3d8ee,AMC15-001,O:AMC240920C00005000,DISCOVERY,CALL,30,0.0,ENTRY_FORMING,2024-08-30T18:00:00+00:00,2024-08-30T18:15:00+00:00,D3,78,1725559200000,,SCORED_WINDOW,78,0.28,0.28,0.0,7.14285714285714,-39.28571428571429,-35.71428571428572,5,34,-40.0,-5.0000000000000036,7.14285714285714,-39.28571428571429,True
OPT-LONG-f8fe3947e0f3d8ee:1725040800000,OPT-LONG-f8fe3947e0f3d8ee,AMC15-001,O:AMC240920C00005000,DISCOVERY,CALL,30,0.0,ENTRY_FORMING,2024-08-30T18:00:00+00:00,2024-08-30T18:15:00+00:00,D5,130,1725904800000,,SCORED_WINDOW,129,0.28,0.28,0.0,24.99999999999998,-46.42857142857143,-7.142857142857151,95,91,-25.71428571428571,-0.2857142857142863,24.99999999999998,-46.42857142857143,False
OPT-LONG-f8fe3947e0f3d8ee:1725040800000,OPT-LONG-f8fe3947e0f3d8ee,AMC15-001,O:AMC240920C00005000,DISCOVERY,CALL,30,0.0,ENTRY_FORMING,2024-08-30T18:00:00+00:00,2024-08-30T18:15:00+00:00,D10,260,1726509600000,,SCORED_WINDOW,240,0.28,0.28,0.0,24.99999999999998,-60.71428571428572,-53.571428571428584,95,240,-62.857142857142854,-2.142857142857145,24.99999999999998,-60.71428571428572,True
OPT-LONG-f8fe3947e0f3d8ee:1725371100000,OPT-LONG-f8fe3947e0f3d8ee,AMC15-001,O:AMC240920C00005000,DISCOVERY,CALL,30,0.0,THESIS_PRESSURE,2024-09-03T13:45:00+00:00,2024-09-03T14:00:00+00:00,H1,4,1725374700000,,SCORED_WINDOW,4,0.23,0.23,0.0,4.347826086956519,-8.695652173913048,0.0,1,1,-4.1666666666666625,0.0,4.347826086956519,-8.695652173913048,False
OPT-LONG-f8fe3947e0f3d8ee:1725371100000,OPT-LONG-f8fe3947e0f3d8ee,AMC15-001,O:AMC240920C00005000,DISCOVERY,CALL,30,0.0,THESIS_PRESSURE,2024-09-03T13:45:00+00:00,2024-09-03T14:00:00+00:00,D1,26,1725457500000,,SCORED_WINDOW,26,0.23,0.23,0.0,8.695652173913038,-26.086956521739125,-8.695652173913048,5,25,-16.000000000000004,-1.0000000000000013,8.695652173913038,-26.086956521739125,True
OPT-LONG-f8fe3947e0f3d8ee:1725371100000,OPT-LONG-f8fe3947e0f3d8ee,AMC15-001,O:AMC240920C00005000,DISCOVERY,CALL,30,0.0,THESIS_PRESSURE,2024-09-03T13:45:00+00:00,2024-09-03T14:00:00+00:00,D3,78,1725630300000,,SCORED_WINDOW,77,0.23,0.23,0.0,8.695652173913038,-30.434782608695656,-17.391304347826086,5,73,-24.0,-2.0000000000000013,8.695652173913038,-30.434782608695656,True
OPT-LONG-f8fe3947e0f3d8ee:1725371100000,OPT-LONG-f8fe3947e0f3d8ee,AMC15-001,O:AMC240920C00005000,DISCOVERY,CALL,30,0.0,THESIS_PRESSURE,2024-09-03T13:45:00+00:00,2024-09-03T14:00:00+00:00,D5,130,1725975900000,,SCORED_WINDOW,129,0.23,0.23,0.0,52.17391304347825,-34.782608695652186,0.0,86,82,-34.28571428571428,0.0,52.17391304347825,-34.782608695652186,False
OPT-LONG-f8fe3947e0f3d8ee:1725371100000,OPT-LONG-f8fe3947e0f3d8ee,AMC15-001,O:AMC240920C00005000,DISCOVERY,CALL,30,0.0,THESIS_PRESSURE,2024-09-03T13:45:00+00:00,2024-09-03T14:00:00+00:00,D10,260,1726580700000,,SCORED_WINDOW,231,0.23,0.23,0.0,52.17391304347825,-52.17391304347827,-43.47826086956522,86,231,-62.857142857142854,-0.8333333333333335,52.17391304347825,-52.17391304347827,True
OPT-LONG-f8fe3947e0f3d8ee:1725375600000,OPT-LONG-f8fe3947e0f3d8ee,AMC15-001,O:AMC240920C00005000,DISCOVERY,CALL,30,0.0,THESIS_PRESSURE,2024-09-03T15:00:00+00:00,2024-09-03T15:15:00+00:00,H1,4,1725379200000,,SCORED_WINDOW,4,0.24,0.23,-4.1666666666666625,4.347826086956519,-8.695652173913048,-4.34782608695653,2,3,-8.333333333333325,-1.0000000000000027,0.0,-12.5,True
OPT-LONG-f8fe3947e0f3d8ee:1725375600000,OPT-LONG-f8fe3947e0f3d8ee,AMC15-001,O:AMC240920C00005000,DISCOVERY,CALL,30,0.0,THESIS_PRESSURE,2024-09-03T15:00:00+00:00,2024-09-03T15:15:00+00:00,D1,26,1725462000000,,SCORED_WINDOW,26,0.24,0.23,-4.1666666666666625,4.347826086956519,-26.086956521739125,-4.34782608695653,2,20,-8.333333333333325,-1.0000000000000027,0.0,-29.166666666666664,True
OPT-LONG-f8fe3947e0f3d8ee:1725375600000,OPT-LONG-f8fe3947e0f3d8ee,AMC15-001,O:AMC240920C00005000,DISCOVERY,CALL,30,0.0,THESIS_PRESSURE,2024-09-03T15:00:00+00:00,2024-09-03T15:15:00+00:00,D3,78,1725634800000,,SCORED_WINDOW,77,0.24,0.23,-4.1666666666666625,8.695652173913038,-34.782608695652186,-26.086956521739125,46,77,-31.999999999999996,-3.0000000000000013,4.166666666666674,-37.5,True
OPT-LONG-f8fe3947e0f3d8ee:1725375600000,OPT-LONG-f8fe3947e0f3d8ee,AMC15-001,O:AMC240920C00005000,DISCOVERY,CALL,30,0.0,THESIS_PRESSURE,2024-09-03T15:00:00+00:00,2024-09-03T15:15:00+00:00,D5,130,1725980400000,,SCORED_WINDOW,129,0.24,0.23,-4.1666666666666625,52.17391304347825,-34.782608695652186,8.695652173913038,81,77,-28.57142857142857,0.16666666666666657,45.83333333333333,-37.5,False
OPT-LONG-f8fe3947e0f3d8ee:1725375600000,OPT-LONG-f8fe3947e0f3d8ee,AMC15-001,O:AMC240920C00005000,DISCOVERY,CALL,30,0.0,THESIS_PRESSURE,2024-09-03T15:00:00+00:00,2024-09-03T15:15:00+00:00,D10,260,1726585200000,,SCORED_WINDOW,226,0.24,0.23,-4.1666666666666625,52.17391304347825,-52.17391304347827,-43.47826086956522,81,226,-62.857142857142854,-0.8333333333333335,45.83333333333333,-54.166666666666664,True
OPT-LONG-f8fe3947e0f3d8ee:1725911100000,OPT-LONG-f8fe3947e0f3d8ee,AMC15-001,O:AMC240920C00005000,DISCOVERY,CALL,30,0.0,ENTRY_FORMING,2024-09-09T19:45:00+00:00,2024-09-09T20:00:00+00:00,H1,4,1725977700000,,SCORED_WINDOW,4,0.27,0.27,0.0,7.407407407407396,-14.814814814814813,-7.407407407407418,1,2,-13.793103448275856,-1.000000000000003,7.407407407407396,-14.814814814814813,True
OPT-LONG-f8fe3947e0f3d8ee:1725911100000,OPT-LONG-f8fe3947e0f3d8ee,AMC15-001,O:AMC240920C00005000,DISCOVERY,CALL,30,0.0,ENTRY_FORMING,2024-09-09T19:45:00+00:00,2024-09-09T20:00:00+00:00,D1,26,1725997500000,,SCORED_WINDOW,26,0.27,0.27,0.0,7.407407407407396,-22.222222222222232,-7.407407407407418,1,12,-13.793103448275856,-1.000000000000003,7.407407407407396,-22.222222222222232,True
OPT-LONG-f8fe3947e0f3d8ee:1725911100000,OPT-LONG-f8fe3947e0f3d8ee,AMC15-001,O:AMC240920C00005000,DISCOVERY,CALL,30,0.0,ENTRY_FORMING,2024-09-09T19:45:00+00:00,2024-09-09T20:00:00+00:00,D3,78,1726170300000,,SCORED_WINDOW,78,0.27,0.27,0.0,7.407407407407396,-48.14814814814815,-40.74074074074075,1,31,-44.82758620689654,-5.50000000000001,7.407407407407396,-48.14814814814815,True
OPT-LONG-f8fe3947e0f3d8ee:1725911100000,OPT-LONG-f8fe3947e0f3d8ee,AMC15-001,O:AMC240920C00005000,DISCOVERY,CALL,30,0.0,ENTRY_FORMING,2024-09-09T19:45:00+00:00,2024-09-09T20:00:00+00:00,D5,130,1726515900000,,SCORED_WINDOW,104,0.27,0.27,0.0,7.407407407407396,-59.25925925925925,-51.85185185185186,1,104,-55.172413793103445,-7.000000000000012,7.407407407407396,-59.25925925925925,True
OPT-LONG-f8fe3947e0f3d8ee:1725911100000,OPT-LONG-f8fe3947e0f3d8ee,AMC15-001,O:AMC240920C00005000,DISCOVERY,CALL,30,0.0,ENTRY_FORMING,2024-09-09T19:45:00+00:00,2024-09-09T20:00:00+00:00,D10,260,1727120700000,CONTRACT_EXPIRY,SCORED_RIGHT_CENSORED,104,0.27,0.27,0.0,7.407407407407396,-59.25925925925925,-51.85185185185186,1,104,-55.172413793103445,-7.000000000000012,7.407407407407396,-59.25925925925925,True
OPT-LONG-f8fe3947e0f3d8ee:1725984900000,OPT-LONG-f8fe3947e0f3d8ee,AMC15-001,O:AMC240920C00005000,DISCOVERY,CALL,30,0.0,THESIS_PRESSURE,2024-09-10T16:15:00+00:00,2024-09-10T16:30:00+00:00,H1,4,1725988500000,,SCORED_WINDOW,4,0.22,0.21,-4.545454545454552,14.28571428571428,0.0,9.523809523809534,3,1,-4.1666666666666625,0.6666666666666677,9.090909090909083,-4.545454545454552,False
OPT-LONG-f8fe3947e0f3d8ee:1725984900000,OPT-LONG-f8fe3947e0f3d8ee,AMC15-001,O:AMC240920C00005000,DISCOVERY,CALL,30,0.0,THESIS_PRESSURE,2024-09-10T16:15:00+00:00,2024-09-10T16:30:00+00:00,D1,26,1726071300000,,SCORED_WINDOW,26,0.22,0.21,-4.545454545454552,19.047619047619047,-33.33333333333333,-23.809523809523803,14,19,-36.0,-1.2499999999999998,13.636363636363647,-36.36363636363635,True
OPT-LONG-f8fe3947e0f3d8ee:1725984900000,OPT-LONG-f8fe3947e0f3d8ee,AMC15-001,O:AMC240920C00005000,DISCOVERY,CALL,30,0.0,THESIS_PRESSURE,2024-09-10T16:15:00+00:00,2024-09-10T16:30:00+00:00,D3,78,1726244100000,,SCORED_WINDOW,78,0.22,0.21,-4.545454545454552,19.047619047619047,-38.095238095238095,-38.095238095238095,14,76,-48.0,-2.0,13.636363636363647,-40.90909090909091,True
OPT-LONG-f8fe3947e0f3d8ee:1725984900000,OPT-LONG-f8fe3947e0f3d8ee,AMC15-001,O:AMC240920C00005000,DISCOVERY,CALL,30,0.0,THESIS_PRESSURE,2024-09-10T16:15:00+00:00,2024-09-10T16:30:00+00:00,D5,130,1726589700000,,SCORED_WINDOW,92,0.22,0.21,-4.545454545454552,19.047619047619047,-47.61904761904761,-38.095238095238095,14,92,-48.0,-2.0,13.636363636363647,-50.0,True
OPT-LONG-f8fe3947e0f3d8ee:1725984900000,OPT-LONG-f8fe3947e0f3d8ee,AMC15-001,O:AMC240920C00005000,DISCOVERY,CALL,30,0.0,THESIS_PRESSURE,2024-09-10T16:15:00+00:00,2024-09-10T16:30:00+00:00,D10,260,1727194500000,CONTRACT_EXPIRY,SCORED_RIGHT_CENSORED,92,0.22,0.21,-4.545454545454552,19.047619047619047,-47.61904761904761,-38.095238095238095,14,92,-48.0,-2.0,13.636363636363647,-50.0,True
OPT-LONG-f8fe3947e0f3d8ee:1725988500000,OPT-LONG-f8fe3947e0f3d8ee,AMC15-001,O:AMC240920C00005000,DISCOVERY,CALL,30,0.0,THESIS_PRESSURE,2024-09-10T17:15:00+00:00,2024-09-10T17:30:00+00:00,H1,4,1725992100000,,SCORED_WINDOW,4,0.23,0.23,0.0,4.347826086956519,-4.34782608695653,0.0,4,1,-4.1666666666666625,0.0,4.347826086956519,-4.34782608695653,False
OPT-LONG-f8fe3947e0f3d8ee:1725988500000,OPT-LONG-f8fe3947e0f3d8ee,AMC15-001,O:AMC240920C00005000,DISCOVERY,CALL,30,0.0,THESIS_PRESSURE,2024-09-10T17:15:00+00:00,2024-09-10T17:30:00+00:00,D1,26,1726074900000,,SCORED_WINDOW,26,0.23,0.23,0.0,8.695652173913038,-39.13043478260869,-21.739130434782616,10,15,-28.000000000000004,-2.5000000000000027,8.695652173913038,-39.13043478260869,True
OPT-LONG-f8fe3947e0f3d8ee:1725988500000,OPT-LONG-f8fe3947e0f3d8ee,AMC15-001,O:AMC240920C00005000,DISCOVERY,CALL,30,0.0,THESIS_PRESSURE,2024-09-10T17:15:00+00:00,2024-09-10T17:30:00+00:00,D3,78,1726247700000,,SCORED_WINDOW,78,0.23,0.23,0.0,8.695652173913038,-47.82608695652174,-43.47826086956522,10,78,-48.0,-5.0000000000000036,8.695652173913038,-47.82608695652174,True
OPT-LONG-f8fe3947e0f3d8ee:1725988500000,OPT-LONG-f8fe3947e0f3d8ee,AMC15-001,O:AMC240920C00005000,DISCOVERY,CALL,30,0.0,THESIS_PRESSURE,2024-09-10T17:15:00+00:00,2024-09-10T17:30:00+00:00,D5,130,1726593300000,,SCORED_WINDOW,88,0.23,0.23,0.0,8.695652173913038,-52.17391304347827,-43.47826086956522,10,88,-48.0,-5.0000000000000036,8.695652173913038,-52.17391304347827,True
OPT-LONG-f8fe3947e0f3d8ee:1725988500000,OPT-LONG-f8fe3947e0f3d8ee,AMC15-001,O:AMC240920C00005000,DISCOVERY,CALL,30,0.0,THESIS_PRESSURE,2024-09-10T17:15:00+00:00,2024-09-10T17:30:00+00:00,D10,260,1727198100000,CONTRACT_EXPIRY,SCORED_RIGHT_CENSORED,88,0.23,0.23,0.0,8.695652173913038,-52.17391304347827,-43.47826086956522,10,88,-48.0,-5.0000000000000036,8.695652173913038,-52.17391304347827,True
OPT-LONG-f8fe3947e0f3d8ee:1725996600000,OPT-LONG-f8fe3947e0f3d8ee,AMC15-001,O:AMC240920C00005000,DISCOVERY,CALL,30,0.0,CONTINUATION,2024-09-10T19:30:00+00:00,2024-09-10T19:45:00+00:00,H1,4,1726063200000,,SCORED_WINDOW,4,0.22,0.23,4.545454545454541,8.695652173913038,-34.782608695652186,-21.739130434782616,1,2,-28.000000000000004,-2.5000000000000027,13.636363636363647,-31.818181818181824,True
OPT-LONG-f8fe3947e0f3d8ee:1725996600000,OPT-LONG-f8fe3947e0f3d8ee,AMC15-001,O:AMC240920C00005000,DISCOVERY,CALL,30,0.0,CONTINUATION,2024-09-10T19:30:00+00:00,2024-09-10T19:45:00+00:00,D1,26,1726083000000,,SCORED_WINDOW,26,0.22,0.23,4.545454545454541,8.695652173913038,-39.13043478260869,-17.391304347826086,1,6,-24.0,-2.0000000000000013,13.636363636363647,-36.36363636363635,True
OPT-LONG-f8fe3947e0f3d8ee:1725996600000,OPT-LONG-f8fe3947e0f3d8ee,AMC15-001,O:AMC240920C00005000,DISCOVERY,CALL,30,0.0,CONTINUATION,2024-09-10T19:30:00+00:00,2024-09-10T19:45:00+00:00,D3,78,1726255800000,,SCORED_WINDOW,78,0.22,0.23,4.545454545454541,8.695652173913038,-47.82608695652174,-47.82608695652174,1,69,-52.0,-5.5000000000000036,13.636363636363647,-45.45454545454546,True
OPT-LONG-f8fe3947e0f3d8ee:1725996600000,OPT-LONG-f8fe3947e0f3d8ee,AMC15-001,O:AMC240920C00005000,DISCOVERY,CALL,30,0.0,CONTINUATION,2024-09-10T19:30:00+00:00,2024-09-10T19:45:00+00:00,D5,130,1726601400000,,SCORED_WINDOW,79,0.22,0.23,4.545454545454541,8.695652173913038,-52.17391304347827,-43.47826086956522,1,79,-48.0,-5.0000000000000036,13.636363636363647,-50.0,True
OPT-LONG-f8fe3947e0f3d8ee:1725996600000,OPT-LONG-f8fe3947e0f3d8ee,AMC15-001,O:AMC240920C00005000,DISCOVERY,CALL,30,0.0,CONTINUATION,2024-09-10T19:30:00+00:00,2024-09-10T19:45:00+00:00,D10,260,1727206200000,CONTRACT_EXPIRY,SCORED_RIGHT_CENSORED,79,0.22,0.23,4.545454545454541,8.695652173913038,-52.17391304347827,-43.47826086956522,1,79,-48.0,-5.0000000000000036,13.636363636363647,-50.0,True
OPT-LONG-f8fe3947e0f3d8ee:1726067700000,OPT-LONG-f8fe3947e0f3d8ee,AMC15-001,O:AMC240920C00005000,DISCOVERY,CALL,30,0.0,THESIS_PRESSURE,2024-09-11T15:15:00+00:00,2024-09-11T15:30:00+00:00,H1,4,1726071300000,,SCORED_WINDOW,4,0.15,0.17,13.333333333333353,0.0,-5.882352941176472,-5.882352941176472,1,1,-5.882352941176472,,13.333333333333353,6.666666666666665,False
OPT-LONG-f8fe3947e0f3d8ee:1726067700000,OPT-LONG-f8fe3947e0f3d8ee,AMC15-001,O:AMC240920C00005000,DISCOVERY,CALL,30,0.0,THESIS_PRESSURE,2024-09-11T15:15:00+00:00,2024-09-11T15:30:00+00:00,D1,26,1726154100000,,SCORED_WINDOW,26,0.15,0.17,13.333333333333353,35.29411764705881,-5.882352941176472,5.88235294117645,19,1,-21.739130434782616,0.16666666666666613,53.33333333333334,6.666666666666665,False
OPT-LONG-f8fe3947e0f3d8ee:1726067700000,OPT-LONG-f8fe3947e0f3d8ee,AMC15-001,O:AMC240920C00005000,DISCOVERY,CALL,30,0.0,THESIS_PRESSURE,2024-09-11T15:15:00+00:00,2024-09-11T15:30:00+00:00,D3,78,1726499700000,,SCORED_WINDOW,70,0.15,0.17,13.333333333333353,35.29411764705881,-35.29411764705883,-23.529411764705888,19,70,-43.47826086956522,-0.6666666666666671,53.33333333333334,-26.66666666666666,True
OPT-LONG-f8fe3947e0f3d8ee:1726067700000,OPT-LONG-f8fe3947e0f3d8ee,AMC15-001,O:AMC240920C00005000,DISCOVERY,CALL,30,0.0,THESIS_PRESSURE,2024-09-11T15:15:00+00:00,2024-09-11T15:30:00+00:00,D5,130,1726672500000,,SCORED_WINDOW,70,0.15,0.17,13.333333333333353,35.29411764705881,-35.29411764705883,-23.529411764705888,19,70,-43.47826086956522,-0.6666666666666671,53.33333333333334,-26.66666666666666,True
OPT-LONG-f8fe3947e0f3d8ee:1726067700000,OPT-LONG-f8fe3947e0f3d8ee,AMC15-001,O:AMC240920C00005000,DISCOVERY,CALL,30,0.0,THESIS_PRESSURE,2024-09-11T15:15:00+00:00,2024-09-11T15:30:00+00:00,D10,260,1727277300000,CONTRACT_EXPIRY,SCORED_RIGHT_CENSORED,70,0.15,0.17,13.333333333333353,35.29411764705881,-35.29411764705883,-23.529411764705888,19,70,-43.47826086956522,-0.6666666666666671,53.33333333333334,-26.66666666666666,True
OPT-LONG-f8fe3947e0f3d8ee:1726072200000,OPT-LONG-f8fe3947e0f3d8ee,AMC15-001,O:AMC240920C00005000,DISCOVERY,CALL,30,0.0,THESIS_PRESSURE,2024-09-11T16:30:00+00:00,2024-09-11T16:45:00+00:00,H1,4,1726075800000,,SCORED_WINDOW,4,0.16,0.16,0.0,12.5,0.0,12.5,2,1,0.0,1.0,12.5,0.0,False
OPT-LONG-f8fe3947e0f3d8ee:1726072200000,OPT-LONG-f8fe3947e0f3d8ee,AMC15-001,O:AMC240920C00005000,DISCOVERY,CALL,30,0.0,THESIS_PRESSURE,2024-09-11T16:30:00+00:00,2024-09-11T16:45:00+00:00,D1,26,1726158600000,,SCORED_WINDOW,26,0.16,0.16,0.0,43.75,0.0,12.5,14,1,-21.739130434782616,0.2857142857142857,43.75,0.0,False
OPT-LONG-f8fe3947e0f3d8ee:1726072200000,OPT-LONG-f8fe3947e0f3d8ee,AMC15-001,O:AMC240920C00005000,DISCOVERY,CALL,30,0.0,THESIS_PRESSURE,2024-09-11T16:30:00+00:00,2024-09-11T16:45:00+00:00,D3,78,1726504200000,,SCORED_WINDOW,65,0.16,0.16,0.0,43.75,-31.25,-18.75,14,65,-43.47826086956522,-0.42857142857142855,43.75,-31.25,True
OPT-LONG-f8fe3947e0f3d8ee:1726072200000,OPT-LONG-f8fe3947e0f3d8ee,AMC15-001,O:AMC240920C00005000,DISCOVERY,CALL,30,0.0,THESIS_PRESSURE,2024-09-11T16:30:00+00:00,2024-09-11T16:45:00+00:00,D5,130,1726677000000,,SCORED_WINDOW,65,0.16,0.16,0.0,43.75,-31.25,-18.75,14,65,-43.47826086956522,-0.42857142857142855,43.75,-31.25,True
OPT-LONG-f8fe3947e0f3d8ee:1726072200000,OPT-LONG-f8fe3947e0f3d8ee,AMC15-001,O:AMC240920C00005000,DISCOVERY,CALL,30,0.0,THESIS_PRESSURE,2024-09-11T16:30:00+00:00,2024-09-11T16:45:00+00:00,D10,260,1727281800000,CONTRACT_EXPIRY,SCORED_RIGHT_CENSORED,65,0.16,0.16,0.0,43.75,-31.25,-18.75,14,65,-43.47826086956522,-0.42857142857142855,43.75,-31.25,True
OPT-LONG-f8fe3947e0f3d8ee:1726074000000,OPT-LONG-f8fe3947e0f3d8ee,AMC15-001,O:AMC240920C00005000,DISCOVERY,CALL,30,0.0,CONTINUATION,2024-09-11T17:00:00+00:00,2024-09-11T17:15:00+00:00,H1,4,1726077600000,,SCORED_WINDOW,4,0.17,0.18,5.88235294117645,0.0,-5.5555555555555465,0.0,1,1,0.0,,5.88235294117645,0.0,False
OPT-LONG-f8fe3947e0f3d8ee:1726074000000,OPT-LONG-f8fe3947e0f3d8ee,AMC15-001,O:AMC240920C00005000,DISCOVERY,CALL,30,0.0,CONTINUATION,2024-09-11T17:00:00+00:00,2024-09-11T17:15:00+00:00,D1,26,1726160400000,,SCORED_WINDOW,26,0.17,0.18,5.88235294117645,27.77777777777779,-5.5555555555555465,-5.5555555555555465,12,1,-26.086956521739125,-0.1999999999999996,35.29411764705881,0.0,False
OPT-LONG-f8fe3947e0f3d8ee:1726074000000,OPT-LONG-f8fe3947e0f3d8ee,AMC15-001,O:AMC240920C00005000,DISCOVERY,CALL,30,0.0,CONTINUATION,2024-09-11T17:00:00+00:00,2024-09-11T17:15:00+00:00,D3,78,1726506000000,,SCORED_WINDOW,63,0.17,0.18,5.88235294117645,27.77777777777779,-38.888888888888886,-27.777777777777768,12,63,-43.47826086956522,-0.9999999999999992,35.29411764705881,-35.29411764705883,True
OPT-LONG-f8fe3947e0f3d8ee:1726074000000,OPT-LONG-f8fe3947e0f3d8ee,AMC15-001,O:AMC240920C00005000,DISCOVERY,CALL,30,0.0,CONTINUATION,2024-09-11T17:00:00+00:00,2024-09-11T17:15:00+00:00,D5,130,1726678800000,,SCORED_WINDOW,63,0.17,0.18,5.88235294117645,27.77777777777779,-38.888888888888886,-27.777777777777768,12,63,-43.47826086956522,-0.9999999999999992,35.29411764705881,-35.29411764705883,True
OPT-LONG-f8fe3947e0f3d8ee:1726074000000,OPT-LONG-f8fe3947e0f3d8ee,AMC15-001,O:AMC240920C00005000,DISCOVERY,CALL,30,0.0,CONTINUATION,2024-09-11T17:00:00+00:00,2024-09-11T17:15:00+00:00,D10,260,1727283600000,CONTRACT_EXPIRY,SCORED_RIGHT_CENSORED,63,0.17,0.18,5.88235294117645,27.77777777777779,-38.888888888888886,-27.777777777777768,12,63,-43.47826086956522,-0.9999999999999992,35.29411764705881,-35.29411764705883,True
OPT-LONG-f8fe3947e0f3d8ee:1726083000000,OPT-LONG-f8fe3947e0f3d8ee,AMC15-001,O:AMC240920C00005000,DISCOVERY,CALL,30,0.0,THESIS_PRESSURE,2024-09-11T19:30:00+00:00,2024-09-11T19:45:00+00:00,H1,4,1726149600000,,SCORED_WINDOW,4,0.19,0.18,-5.263157894736848,27.77777777777779,0.0,11.111111111111116,2,1,-13.043478260869568,0.4,21.052631578947366,-5.263157894736848,False
OPT-LONG-f8fe3947e0f3d8ee:1726083000000,OPT-LONG-f8fe3947e0f3d8ee,AMC15-001,O:AMC240920C00005000,DISCOVERY,CALL,30,0.0,THESIS_PRESSURE,2024-09-11T19:30:00+00:00,2024-09-11T19:45:00+00:00,D1,26,1726169400000,,SCORED_WINDOW,26,0.19,0.18,-5.263157894736848,27.77777777777779,-16.666666666666664,-11.111111111111105,2,26,-30.434782608695656,-0.39999999999999963,21.052631578947366,-21.052631578947366,True
OPT-LONG-f8fe3947e0f3d8ee:1726083000000,OPT-LONG-f8fe3947e0f3d8ee,AMC15-001,O:AMC240920C00005000,DISCOVERY,CALL,30,0.0,THESIS_PRESSURE,2024-09-11T19:30:00+00:00,2024-09-11T19:45:00+00:00,D3,78,1726515000000,,SCORED_WINDOW,53,0.19,0.18,-5.263157894736848,27.77777777777779,-38.888888888888886,-27.777777777777768,2,53,-43.47826086956522,-0.9999999999999992,21.052631578947366,-42.10526315789473,True
OPT-LONG-f8fe3947e0f3d8ee:1726083000000,OPT-LONG-f8fe3947e0f3d8ee,AMC15-001,O:AMC240920C00005000,DISCOVERY,CALL,30,0.0,THESIS_PRESSURE,2024-09-11T19:30:00+00:00,2024-09-11T19:45:00+00:00,D5,130,1726687800000,,SCORED_WINDOW,53,0.19,0.18,-5.263157894736848,27.77777777777779,-38.888888888888886,-27.777777777777768,2,53,-43.47826086956522,-0.9999999999999992,21.052631578947366,-42.10526315789473,True
OPT-LONG-f8fe3947e0f3d8ee:1726083000000,OPT-LONG-f8fe3947e0f3d8ee,AMC15-001,O:AMC240920C00005000,DISCOVERY,CALL,30,0.0,THESIS_PRESSURE,2024-09-11T19:30:00+00:00,2024-09-11T19:45:00+00:00,D10,260,1727292600000,CONTRACT_EXPIRY,SCORED_RIGHT_CENSORED,53,0.19,0.18,-5.263157894736848,27.77777777777779,-38.888888888888886,-27.777777777777768,2,53,-43.47826086956522,-0.9999999999999992,21.052631578947366,-42.10526315789473,True
OPT-LONG-f8fe3947e0f3d8ee:1726237800000,OPT-LONG-f8fe3947e0f3d8ee,AMC15-001,O:AMC240920C00005000,DISCOVERY,CALL,30,0.0,CONTINUATION,2024-09-13T14:30:00+00:00,2024-09-13T14:45:00+00:00,H1,4,1726241400000,,SCORED_WINDOW,4,0.16,0.16,0.0,6.25,-12.49999999999999,0.0,1,3,-5.882352941176472,0.0,6.25,-12.49999999999999,True
OPT-LONG-f8fe3947e0f3d8ee:1726237800000,OPT-LONG-f8fe3947e0f3d8ee,AMC15-001,O:AMC240920C00005000,DISCOVERY,CALL,30,0.0,CONTINUATION,2024-09-13T14:30:00+00:00,2024-09-13T14:45:00+00:00,D1,26,1726497000000,,SCORED_WINDOW,21,0.16,0.16,0.0,6.25,-31.25,-18.75,1,21,-23.529411764705888,-3.0,6.25,-31.25,True
OPT-LONG-f8fe3947e0f3d8ee:1726237800000,OPT-LONG-f8fe3947e0f3d8ee,AMC15-001,O:AMC240920C00005000,DISCOVERY,CALL,30,0.0,CONTINUATION,2024-09-13T14:30:00+00:00,2024-09-13T14:45:00+00:00,D3,78,1726669800000,,SCORED_WINDOW,21,0.16,0.16,0.0,6.25,-31.25,-18.75,1,21,-23.529411764705888,-3.0,6.25,-31.25,True
OPT-LONG-f8fe3947e0f3d8ee:1726237800000,OPT-LONG-f8fe3947e0f3d8ee,AMC15-001,O:AMC240920C00005000,DISCOVERY,CALL,30,0.0,CONTINUATION,2024-09-13T14:30:00+00:00,2024-09-13T14:45:00+00:00,D5,130,1726842600000,,SCORED_WINDOW,21,0.16,0.16,0.0,6.25,-31.25,-18.75,1,21,-23.529411764705888,-3.0,6.25,-31.25,True
OPT-LONG-f8fe3947e0f3d8ee:1726237800000,OPT-LONG-f8fe3947e0f3d8ee,AMC15-001,O:AMC240920C00005000,DISCOVERY,CALL,30,0.0,CONTINUATION,2024-09-13T14:30:00+00:00,2024-09-13T14:45:00+00:00,D10,260,1727447400000,CONTRACT_EXPIRY,SCORED_RIGHT_CENSORED,21,0.16,0.16,0.0,6.25,-31.25,-18.75,1,21,-23.529411764705888,-3.0,6.25,-31.25,True
OPT-LONG-bfff34ac345f0b9b:1725371100000,OPT-LONG-bfff34ac345f0b9b,AMC15-003,O:AMC240913C00005000,DISCOVERY,CALL,14,0.0,THESIS_PRESSURE,2024-09-03T13:45:00+00:00,2024-09-03T14:00:00+00:00,H1,4,1725374700000,,SCORED_WINDOW,4,0.17,0.17,0.0,5.88235294117645,-17.647058823529406,-5.882352941176472,1,2,-11.111111111111105,-1.0000000000000038,5.88235294117645,-17.647058823529406,True
OPT-LONG-bfff34ac345f0b9b:1725371100000,OPT-LONG-bfff34ac345f0b9b,AMC15-003,O:AMC240913C00005000,DISCOVERY,CALL,14,0.0,THESIS_PRESSURE,2024-09-03T13:45:00+00:00,2024-09-03T14:00:00+00:00,D1,26,1725457500000,,SCORED_WINDOW,26,0.17,0.17,0.0,5.88235294117645,-29.41176470588236,-11.764705882352954,1,12,-16.666666666666664,-2.0000000000000093,5.88235294117645,-29.41176470588236,True
OPT-LONG-bfff34ac345f0b9b:1725371100000,OPT-LONG-bfff34ac345f0b9b,AMC15-003,O:AMC240913C00005000,DISCOVERY,CALL,14,0.0,THESIS_PRESSURE,2024-09-03T13:45:00+00:00,2024-09-03T14:00:00+00:00,D3,78,1725630300000,,SCORED_WINDOW,78,0.17,0.17,0.0,5.88235294117645,-41.17647058823529,-41.17647058823529,1,46,-44.44444444444444,-7.000000000000024,5.88235294117645,-41.17647058823529,True
OPT-LONG-bfff34ac345f0b9b:1725371100000,OPT-LONG-bfff34ac345f0b9b,AMC15-003,O:AMC240913C00005000,DISCOVERY,CALL,14,0.0,THESIS_PRESSURE,2024-09-03T13:45:00+00:00,2024-09-03T14:00:00+00:00,D5,130,1725975900000,,SCORED_WINDOW,130,0.17,0.17,0.0,58.823529411764696,-52.94117647058824,-29.41176470588236,92,81,-55.55555555555556,-0.5000000000000002,58.823529411764696,-52.94117647058824,False
OPT-LONG-bfff34ac345f0b9b:1725371100000,OPT-LONG-bfff34ac345f0b9b,AMC15-003,O:AMC240913C00005000,DISCOVERY,CALL,14,0.0,THESIS_PRESSURE,2024-09-03T13:45:00+00:00,2024-09-03T14:00:00+00:00,D10,260,1726580700000,CONTRACT_EXPIRY,SCORED_RIGHT_CENSORED,232,0.17,0.17,0.0,58.823529411764696,-94.11764705882352,-94.11764705882352,92,216,-96.2962962962963,-1.6,58.823529411764696,-94.11764705882352,True
OPT-LONG-bfff34ac345f0b9b:1725375600000,OPT-LONG-bfff34ac345f0b9b,AMC15-003,O:AMC240913C00005000,DISCOVERY,CALL,14,0.0,THESIS_PRESSURE,2024-09-03T15:00:00+00:00,2024-09-03T15:15:00+00:00,H1,4,1725379200000,,SCORED_WINDOW,4,0.16,0.15,-6.25,6.666666666666665,-6.666666666666654,-6.666666666666654,1,2,-12.49999999999999,-0.9999999999999982,0.0,-12.49999999999999,True
OPT-LONG-bfff34ac345f0b9b:1725375600000,OPT-LONG-bfff34ac345f0b9b,AMC15-003,O:AMC240913C00005000,DISCOVERY,CALL,14,0.0,THESIS_PRESSURE,2024-09-03T15:00:00+00:00,2024-09-03T15:15:00+00:00,D1,26,1725462000000,,SCORED_WINDOW,26,0.16,0.15,-6.25,6.666666666666665,-19.999999999999996,-19.999999999999996,1,7,-25.0,-3.0,0.0,-25.0,True
OPT-LONG-bfff34ac345f0b9b:1725375600000,OPT-LONG-bfff34ac345f0b9b,AMC15-003,O:AMC240913C00005000,DISCOVERY,CALL,14,0.0,THESIS_PRESSURE,2024-09-03T15:00:00+00:00,2024-09-03T15:15:00+00:00,D3,78,1725634800000,,SCORED_WINDOW,78,0.16,0.15,-6.25,6.666666666666665,-46.666666666666664,-40.0,1,76,-43.75,-6.000000000000002,0.0,-50.0,True
OPT-LONG-bfff34ac345f0b9b:1725375600000,OPT-LONG-bfff34ac345f0b9b,AMC15-003,O:AMC240913C00005000,DISCOVERY,CALL,14,0.0,THESIS_PRESSURE,2024-09-03T15:00:00+00:00,2024-09-03T15:15:00+00:00,D5,130,1725980400000,,SCORED_WINDOW,130,0.16,0.15,-6.25,80.00000000000003,-46.666666666666664,-13.33333333333333,87,76,-51.85185185185186,-0.16666666666666657,68.75,-50.0,False
OPT-LONG-bfff34ac345f0b9b:1725375600000,OPT-LONG-bfff34ac345f0b9b,AMC15-003,O:AMC240913C00005000,DISCOVERY,CALL,14,0.0,THESIS_PRESSURE,2024-09-03T15:00:00+00:00,2024-09-03T15:15:00+00:00,D10,260,1726585200000,CONTRACT_EXPIRY,SCORED_RIGHT_CENSORED,227,0.16,0.15,-6.25,80.00000000000003,-93.33333333333333,-93.33333333333333,87,211,-96.2962962962963,-1.1666666666666663,68.75,-93.75,True
OPT-LONG-bfff34ac345f0b9b:1725911100000,OPT-LONG-bfff34ac345f0b9b,AMC15-003,O:AMC240913C00005000,DISCOVERY,CALL,14,0.0,ENTRY_FORMING,2024-09-09T19:45:00+00:00,2024-09-09T20:00:00+00:00,H1,4,1725977700000,,SCORED_WINDOW,4,0.17,0.17,0.0,0.0,-29.41176470588236,-23.529411764705888,1,1,-23.529411764705888,,0.0,-29.41176470588236,False
OPT-LONG-bfff34ac345f0b9b:1725911100000,OPT-LONG-bfff34ac345f0b9b,AMC15-003,O:AMC240913C00005000,DISCOVERY,CALL,14,0.0,ENTRY_FORMING,2024-09-09T19:45:00+00:00,2024-09-09T20:00:00+00:00,D1,26,1725997500000,,SCORED_WINDOW,26,0.17,0.17,0.0,0.0,-52.94117647058824,-23.529411764705888,1,12,-23.529411764705888,,0.0,-52.94117647058824,True
OPT-LONG-bfff34ac345f0b9b:1725911100000,OPT-LONG-bfff34ac345f0b9b,AMC15-003,O:AMC240913C00005000,DISCOVERY,CALL,14,0.0,ENTRY_FORMING,2024-09-09T19:45:00+00:00,2024-09-09T20:00:00+00:00,D3,78,1726170300000,,SCORED_WINDOW,78,0.17,0.17,0.0,0.0,-76.47058823529412,-76.47058823529412,1,31,-76.47058823529412,,0.0,-76.47058823529412,True
OPT-LONG-bfff34ac345f0b9b:1725911100000,OPT-LONG-bfff34ac345f0b9b,AMC15-003,O:AMC240913C00005000,DISCOVERY,CALL,14,0.0,ENTRY_FORMING,2024-09-09T19:45:00+00:00,2024-09-09T20:00:00+00:00,D5,130,1726515900000,CONTRACT_EXPIRY,SCORED_RIGHT_CENSORED,104,0.17,0.17,0.0,0.0,-94.11764705882352,-94.11764705882352,1,88,-94.11764705882352,,0.0,-94.11764705882352,True
OPT-LONG-bfff34ac345f0b9b:1725911100000,OPT-LONG-bfff34ac345f0b9b,AMC15-003,O:AMC240913C00005000,DISCOVERY,CALL,14,0.0,ENTRY_FORMING,2024-09-09T19:45:00+00:00,2024-09-09T20:00:00+00:00,D10,260,1727120700000,CONTRACT_EXPIRY,SCORED_RIGHT_CENSORED,104,0.17,0.17,0.0,0.0,-94.11764705882352,-94.11764705882352,1,88,-94.11764705882352,,0.0,-94.11764705882352,True
OPT-LONG-bfff34ac345f0b9b:1725984900000,OPT-LONG-bfff34ac345f0b9b,AMC15-003,O:AMC240913C00005000,DISCOVERY,CALL,14,0.0,THESIS_PRESSURE,2024-09-10T16:15:00+00:00,2024-09-10T16:30:00+00:00,H1,4,1725988500000,,SCORED_WINDOW,4,0.11,0.1,-9.090909090909083,30.000000000000004,0.0,19.999999999999996,3,1,-7.692307692307699,0.6666666666666665,18.181818181818187,-9.090909090909083,False
OPT-LONG-bfff34ac345f0b9b:1725984900000,OPT-LONG-bfff34ac345f0b9b,AMC15-003,O:AMC240913C00005000,DISCOVERY,CALL,14,0.0,THESIS_PRESSURE,2024-09-10T16:15:00+00:00,2024-09-10T16:30:00+00:00,D1,26,1726071300000,,SCORED_WINDOW,26,0.11,0.1,-9.090909090909083,30.000000000000004,-60.00000000000001,-50.0,3,19,-61.53846153846154,-1.6666666666666665,18.181818181818187,-63.63636363636363,True
OPT-LONG-bfff34ac345f0b9b:1725984900000,OPT-LONG-bfff34ac345f0b9b,AMC15-003,O:AMC240913C00005000,DISCOVERY,CALL,14,0.0,THESIS_PRESSURE,2024-09-10T16:15:00+00:00,2024-09-10T16:30:00+00:00,D3,78,1726244100000,,SCORED_WINDOW,78,0.11,0.1,-9.090909090909083,30.000000000000004,-90.0,-90.0,3,76,-92.3076923076923,-2.9999999999999996,18.181818181818187,-90.9090909090909,True
OPT-LONG-bfff34ac345f0b9b:1725984900000,OPT-LONG-bfff34ac345f0b9b,AMC15-003,O:AMC240913C00005000,DISCOVERY,CALL,14,0.0,THESIS_PRESSURE,2024-09-10T16:15:00+00:00,2024-09-10T16:30:00+00:00,D5,130,1726589700000,CONTRACT_EXPIRY,SCORED_RIGHT_CENSORED,92,0.11,0.1,-9.090909090909083,30.000000000000004,-90.0,-90.0,3,76,-92.3076923076923,-2.9999999999999996,18.181818181818187,-90.9090909090909,True
OPT-LONG-bfff34ac345f0b9b:1725984900000,OPT-LONG-bfff34ac345f0b9b,AMC15-003,O:AMC240913C00005000,DISCOVERY,CALL,14,0.0,THESIS_PRESSURE,2024-09-10T16:15:00+00:00,2024-09-10T16:30:00+00:00,D10,260,1727194500000,CONTRACT_EXPIRY,SCORED_RIGHT_CENSORED,92,0.11,0.1,-9.090909090909083,30.000000000000004,-90.0,-90.0,3,76,-92.3076923076923,-2.9999999999999996,18.181818181818187,-90.9090909090909,True
OPT-LONG-bfff34ac345f0b9b:1725988500000,OPT-LONG-bfff34ac345f0b9b,AMC15-003,O:AMC240913C00005000,DISCOVERY,CALL,14,0.0,THESIS_PRESSURE,2024-09-10T17:15:00+00:00,2024-09-10T17:30:00+00:00,H1,4,1725992100000,,SCORED_WINDOW,4,0.12,0.12,0.0,0.0,-8.333333333333325,-8.333333333333325,1,1,-8.333333333333325,,0.0,-8.333333333333325,False
OPT-LONG-bfff34ac345f0b9b:1725988500000,OPT-LONG-bfff34ac345f0b9b,AMC15-003,O:AMC240913C00005000,DISCOVERY,CALL,14,0.0,THESIS_PRESSURE,2024-09-10T17:15:00+00:00,2024-09-10T17:30:00+00:00,D1,26,1726074900000,,SCORED_WINDOW,26,0.12,0.12,0.0,8.333333333333348,-66.66666666666666,-58.33333333333333,7,15,-61.53846153846154,-6.999999999999987,8.333333333333348,-66.66666666666666,True
OPT-LONG-bfff34ac345f0b9b:1725988500000,OPT-LONG-bfff34ac345f0b9b,AMC15-003,O:AMC240913C00005000,DISCOVERY,CALL,14,0.0,THESIS_PRESSURE,2024-09-10T17:15:00+00:00,2024-09-10T17:30:00+00:00,D3,78,1726247700000,,SCORED_WINDOW,78,0.12,0.12,0.0,8.333333333333348,-91.66666666666666,-83.33333333333333,7,72,-84.61538461538461,-9.999999999999982,8.333333333333348,-91.66666666666666,True
OPT-LONG-bfff34ac345f0b9b:1725988500000,OPT-LONG-bfff34ac345f0b9b,AMC15-003,O:AMC240913C00005000,DISCOVERY,CALL,14,0.0,THESIS_PRESSURE,2024-09-10T17:15:00+00:00,2024-09-10T17:30:00+00:00,D5,130,1726593300000,CONTRACT_EXPIRY,SCORED_RIGHT_CENSORED,88,0.12,0.12,0.0,8.333333333333348,-91.66666666666666,-91.66666666666666,7,72,-92.3076923076923,-10.999999999999979,8.333333333333348,-91.66666666666666,True
OPT-LONG-bfff34ac345f0b9b:1725988500000,OPT-LONG-bfff34ac345f0b9b,AMC15-003,O:AMC240913C00005000,DISCOVERY,CALL,14,0.0,THESIS_PRESSURE,2024-09-10T17:15:00+00:00,2024-09-10T17:30:00+00:00,D10,260,1727198100000,CONTRACT_EXPIRY,SCORED_RIGHT_CENSORED,88,0.12,0.12,0.0,8.333333333333348,-91.66666666666666,-91.66666666666666,7,72,-92.3076923076923,-10.999999999999979,8.333333333333348,-91.66666666666666,True
OPT-LONG-bfff34ac345f0b9b:1725996600000,OPT-LONG-bfff34ac345f0b9b,AMC15-003,O:AMC240913C00005000,DISCOVERY,CALL,14,0.0,CONTINUATION,2024-09-10T19:30:00+00:00,2024-09-10T19:45:00+00:00,H1,4,1726063200000,,SCORED_WINDOW,4,0.12,0.12,0.0,8.333333333333348,-58.33333333333333,-58.33333333333333,1,2,-61.53846153846154,-6.999999999999987,8.333333333333348,-58.33333333333333,True
OPT-LONG-bfff34ac345f0b9b:1725996600000,OPT-LONG-bfff34ac345f0b9b,AMC15-003,O:AMC240913C00005000,DISCOVERY,CALL,14,0.0,CONTINUATION,2024-09-10T19:30:00+00:00,2024-09-10T19:45:00+00:00,D1,26,1726083000000,,SCORED_WINDOW,26,0.12,0.12,0.0,8.333333333333348,-66.66666666666666,-41.666666666666664,1,6,-46.153846153846146,-4.999999999999991,8.333333333333348,-66.66666666666666,True
OPT-LONG-bfff34ac345f0b9b:1725996600000,OPT-LONG-bfff34ac345f0b9b,AMC15-003,O:AMC240913C00005000,DISCOVERY,CALL,14,0.0,CONTINUATION,2024-09-10T19:30:00+00:00,2024-09-10T19:45:00+00:00,D3,78,1726255800000,,SCORED_WINDOW,78,0.12,0.12,0.0,8.333333333333348,-91.66666666666666,-91.66666666666666,1,63,-92.3076923076923,-10.999999999999979,8.333333333333348,-91.66666666666666,True
OPT-LONG-bfff34ac345f0b9b:1725996600000,OPT-LONG-bfff34ac345f0b9b,AMC15-003,O:AMC240913C00005000,DISCOVERY,CALL,14,0.0,CONTINUATION,2024-09-10T19:30:00+00:00,2024-09-10T19:45:00+00:00,D5,130,1726601400000,CONTRACT_EXPIRY,SCORED_RIGHT_CENSORED,79,0.12,0.12,0.0,8.333333333333348,-91.66666666666666,-91.66666666666666,1,63,-92.3076923076923,-10.999999999999979,8.333333333333348,-91.66666666666666,True
OPT-LONG-bfff34ac345f0b9b:1725996600000,OPT-LONG-bfff34ac345f0b9b,AMC15-003,O:AMC240913C00005000,DISCOVERY,CALL,14,0.0,CONTINUATION,2024-09-10T19:30:00+00:00,2024-09-10T19:45:00+00:00,D10,260,1727206200000,CONTRACT_EXPIRY,SCORED_RIGHT_CENSORED,79,0.12,0.12,0.0,8.333333333333348,-91.66666666666666,-91.66666666666666,1,63,-92.3076923076923,-10.999999999999979,8.333333333333348,-91.66666666666666,True
OPT-LONG-bfff34ac345f0b9b:1726067700000,OPT-LONG-bfff34ac345f0b9b,AMC15-003,O:AMC240913C00005000,DISCOVERY,CALL,14,0.0,THESIS_PRESSURE,2024-09-11T15:15:00+00:00,2024-09-11T15:30:00+00:00,H1,4,1726071300000,,SCORED_WINDOW,4,0.04,0.05,25.0,19.999999999999996,-20.000000000000007,0.0,1,1,-16.666666666666664,0.0,50.0,0.0,False
OPT-LONG-bfff34ac345f0b9b:1726067700000,OPT-LONG-bfff34ac345f0b9b,AMC15-003,O:AMC240913C00005000,DISCOVERY,CALL,14,0.0,THESIS_PRESSURE,2024-09-11T15:15:00+00:00,2024-09-11T15:30:00+00:00,D1,26,1726154100000,,SCORED_WINDOW,26,0.04,0.05,25.0,100.0,-20.000000000000007,40.000000000000014,17,1,-29.999999999999993,0.40000000000000013,150.0,0.0,False
OPT-LONG-bfff34ac345f0b9b:1726067700000,OPT-LONG-bfff34ac345f0b9b,AMC15-003,O:AMC240913C00005000,DISCOVERY,CALL,14,0.0,THESIS_PRESSURE,2024-09-11T15:15:00+00:00,2024-09-11T15:30:00+00:00,D3,78,1726499700000,CONTRACT_EXPIRY,SCORED_RIGHT_CENSORED,70,0.04,0.05,25.0,100.0,-80.0,-80.0,17,54,-90.0,-0.8,150.0,-75.0,True
OPT-LONG-bfff34ac345f0b9b:1726067700000,OPT-LONG-bfff34ac345f0b9b,AMC15-003,O:AMC240913C00005000,DISCOVERY,CALL,14,0.0,THESIS_PRESSURE,2024-09-11T15:15:00+00:00,2024-09-11T15:30:00+00:00,D5,130,1726672500000,CONTRACT_EXPIRY,SCORED_RIGHT_CENSORED,70,0.04,0.05,25.0,100.0,-80.0,-80.0,17,54,-90.0,-0.8,150.0,-75.0,True
OPT-LONG-bfff34ac345f0b9b:1726067700000,OPT-LONG-bfff34ac345f0b9b,AMC15-003,O:AMC240913C00005000,DISCOVERY,CALL,14,0.0,THESIS_PRESSURE,2024-09-11T15:15:00+00:00,2024-09-11T15:30:00+00:00,D10,260,1727277300000,CONTRACT_EXPIRY,SCORED_RIGHT_CENSORED,70,0.04,0.05,25.0,100.0,-80.0,-80.0,17,54,-90.0,-0.8,150.0,-75.0,True
OPT-LONG-bfff34ac345f0b9b:1726072200000,OPT-LONG-bfff34ac345f0b9b,AMC15-003,O:AMC240913C00005000,DISCOVERY,CALL,14,0.0,THESIS_PRESSURE,2024-09-11T16:30:00+00:00,2024-09-11T16:45:00+00:00,H1,4,1726075800000,,SCORED_WINDOW,4,0.04,0.05,25.0,19.999999999999996,-20.000000000000007,19.999999999999996,2,1,0.0,1.0,50.0,0.0,False
OPT-LONG-bfff34ac345f0b9b:1726072200000,OPT-LONG-bfff34ac345f0b9b,AMC15-003,O:AMC240913C00005000,DISCOVERY,CALL,14,0.0,THESIS_PRESSURE,2024-09-11T16:30:00+00:00,2024-09-11T16:45:00+00:00,D1,26,1726158600000,,SCORED_WINDOW,26,0.04,0.05,25.0,100.0,-20.000000000000007,19.999999999999996,12,1,-40.0,0.19999999999999996,150.0,0.0,False
OPT-LONG-bfff34ac345f0b9b:1726072200000,OPT-LONG-bfff34ac345f0b9b,AMC15-003,O:AMC240913C00005000,DISCOVERY,CALL,14,0.0,THESIS_PRESSURE,2024-09-11T16:30:00+00:00,2024-09-11T16:45:00+00:00,D3,78,1726504200000,CONTRACT_EXPIRY,SCORED_RIGHT_CENSORED,65,0.04,0.05,25.0,100.0,-80.0,-80.0,12,49,-90.0,-0.8,150.0,-75.0,True
OPT-LONG-bfff34ac345f0b9b:1726072200000,OPT-LONG-bfff34ac345f0b9b,AMC15-003,O:AMC240913C00005000,DISCOVERY,CALL,14,0.0,THESIS_PRESSURE,2024-09-11T16:30:00+00:00,2024-09-11T16:45:00+00:00,D5,130,1726677000000,CONTRACT_EXPIRY,SCORED_RIGHT_CENSORED,65,0.04,0.05,25.0,100.0,-80.0,-80.0,12,49,-90.0,-0.8,150.0,-75.0,True
OPT-LONG-bfff34ac345f0b9b:1726072200000,OPT-LONG-bfff34ac345f0b9b,AMC15-003,O:AMC240913C00005000,DISCOVERY,CALL,14,0.0,THESIS_PRESSURE,2024-09-11T16:30:00+00:00,2024-09-11T16:45:00+00:00,D10,260,1727281800000,CONTRACT_EXPIRY,SCORED_RIGHT_CENSORED,65,0.04,0.05,25.0,100.0,-80.0,-80.0,12,49,-90.0,-0.8,150.0,-75.0,True
OPT-LONG-bfff34ac345f0b9b:1726074000000,OPT-LONG-bfff34ac345f0b9b,AMC15-003,O:AMC240913C00005000,DISCOVERY,CALL,14,0.0,CONTINUATION,2024-09-11T17:00:00+00:00,2024-09-11T17:15:00+00:00,H1,4,1726077600000,,SCORED_WINDOW,4,0.06,0.05,-16.666666666666664,19.999999999999996,0.0,0.0,1,1,-16.666666666666664,0.0,0.0,-16.666666666666664,False
OPT-LONG-bfff34ac345f0b9b:1726074000000,OPT-LONG-bfff34ac345f0b9b,AMC15-003,O:AMC240913C00005000,DISCOVERY,CALL,14,0.0,CONTINUATION,2024-09-11T17:00:00+00:00,2024-09-11T17:15:00+00:00,D1,26,1726160400000,,SCORED_WINDOW,26,0.06,0.05,-16.666666666666664,100.0,0.0,0.0,10,1,-50.0,0.0,66.66666666666667,-16.666666666666664,False
OPT-LONG-bfff34ac345f0b9b:1726074000000,OPT-LONG-bfff34ac345f0b9b,AMC15-003,O:AMC240913C00005000,DISCOVERY,CALL,14,0.0,CONTINUATION,2024-09-11T17:00:00+00:00,2024-09-11T17:15:00+00:00,D3,78,1726506000000,CONTRACT_EXPIRY,SCORED_RIGHT_CENSORED,63,0.06,0.05,-16.666666666666664,100.0,-80.0,-80.0,10,47,-90.0,-0.8,66.66666666666667,-83.33333333333333,True
OPT-LONG-bfff34ac345f0b9b:1726074000000,OPT-LONG-bfff34ac345f0b9b,AMC15-003,O:AMC240913C00005000,DISCOVERY,CALL,14,0.0,CONTINUATION,2024-09-11T17:00:00+00:00,2024-09-11T17:15:00+00:00,D5,130,1726678800000,CONTRACT_EXPIRY,SCORED_RIGHT_CENSORED,63,0.06,0.05,-16.666666666666664,100.0,-80.0,-80.0,10,47,-90.0,-0.8,66.66666666666667,-83.33333333333333,True
OPT-LONG-bfff34ac345f0b9b:1726074000000,OPT-LONG-bfff34ac345f0b9b,AMC15-003,O:AMC240913C00005000,DISCOVERY,CALL,14,0.0,CONTINUATION,2024-09-11T17:00:00+00:00,2024-09-11T17:15:00+00:00,D10,260,1727283600000,CONTRACT_EXPIRY,SCORED_RIGHT_CENSORED,63,0.06,0.05,-16.666666666666664,100.0,-80.0,-80.0,10,47,-90.0,-0.8,66.66666666666667,-83.33333333333333,True
OPT-LONG-bfff34ac345f0b9b:1726083000000,OPT-LONG-bfff34ac345f0b9b,AMC15-003,O:AMC240913C00005000,DISCOVERY,CALL,14,0.0,THESIS_PRESSURE,2024-09-11T19:30:00+00:00,2024-09-11T19:45:00+00:00,H1,4,1726149600000,,SCORED_WINDOW,4,0.07,0.06,-14.285714285714302,50.0,0.0,33.33333333333335,2,1,-11.111111111111105,0.666666666666667,28.57142857142856,-14.285714285714302,False
OPT-LONG-bfff34ac345f0b9b:1726083000000,OPT-LONG-bfff34ac345f0b9b,AMC15-003,O:AMC240913C00005000,DISCOVERY,CALL,14,0.0,THESIS_PRESSURE,2024-09-11T19:30:00+00:00,2024-09-11T19:45:00+00:00,D1,26,1726169400000,,SCORED_WINDOW,26,0.07,0.06,-14.285714285714302,50.0,-33.33333333333333,-16.666666666666664,2,26,-44.44444444444444,-0.33333333333333326,28.57142857142856,-42.85714285714286,True
OPT-LONG-bfff34ac345f0b9b:1726083000000,OPT-LONG-bfff34ac345f0b9b,AMC15-003,O:AMC240913C00005000,DISCOVERY,CALL,14,0.0,THESIS_PRESSURE,2024-09-11T19:30:00+00:00,2024-09-11T19:45:00+00:00,D3,78,1726515000000,CONTRACT_EXPIRY,SCORED_RIGHT_CENSORED,53,0.07,0.06,-14.285714285714302,50.0,-83.33333333333333,-83.33333333333333,2,37,-88.88888888888889,-1.6666666666666665,28.57142857142856,-85.71428571428572,True
OPT-LONG-bfff34ac345f0b9b:1726083000000,OPT-LONG-bfff34ac345f0b9b,AMC15-003,O:AMC240913C00005000,DISCOVERY,CALL,14,0.0,THESIS_PRESSURE,2024-09-11T19:30:00+00:00,2024-09-11T19:45:00+00:00,D5,130,1726687800000,CONTRACT_EXPIRY,SCORED_RIGHT_CENSORED,53,0.07,0.06,-14.285714285714302,50.0,-83.33333333333333,-83.33333333333333,2,37,-88.88888888888889,-1.6666666666666665,28.57142857142856,-85.71428571428572,True
OPT-LONG-bfff34ac345f0b9b:1726083000000,OPT-LONG-bfff34ac345f0b9b,AMC15-003,O:AMC240913C00005000,DISCOVERY,CALL,14,0.0,THESIS_PRESSURE,2024-09-11T19:30:00+00:00,2024-09-11T19:45:00+00:00,D10,260,1727292600000,CONTRACT_EXPIRY,SCORED_RIGHT_CENSORED,53,0.07,0.06,-14.285714285714302,50.0,-83.33333333333333,-83.33333333333333,2,37,-88.88888888888889,-1.6666666666666665,28.57142857142856,-85.71428571428572,True
OPT-LONG-bfff34ac345f0b9b:1726237800000,OPT-LONG-bfff34ac345f0b9b,AMC15-003,O:AMC240913C00005000,DISCOVERY,CALL,14,0.0,CONTINUATION,2024-09-13T14:30:00+00:00,2024-09-13T14:45:00+00:00,H1,4,1726241400000,,SCORED_WINDOW,4,0.04,0.04,0.0,25.0,-50.0,-50.0,1,2,-60.00000000000001,-2.0,25.0,-50.0,True
OPT-LONG-bfff34ac345f0b9b:1726237800000,OPT-LONG-bfff34ac345f0b9b,AMC15-003,O:AMC240913C00005000,DISCOVERY,CALL,14,0.0,CONTINUATION,2024-09-13T14:30:00+00:00,2024-09-13T14:45:00+00:00,D1,26,1726497000000,CONTRACT_EXPIRY,SCORED_RIGHT_CENSORED,21,0.04,0.04,0.0,25.0,-75.0,-75.0,1,5,-80.0,-3.0,25.0,-75.0,True
OPT-LONG-bfff34ac345f0b9b:1726237800000,OPT-LONG-bfff34ac345f0b9b,AMC15-003,O:AMC240913C00005000,DISCOVERY,CALL,14,0.0,CONTINUATION,2024-09-13T14:30:00+00:00,2024-09-13T14:45:00+00:00,D3,78,1726669800000,CONTRACT_EXPIRY,SCORED_RIGHT_CENSORED,21,0.04,0.04,0.0,25.0,-75.0,-75.0,1,5,-80.0,-3.0,25.0,-75.0,True
OPT-LONG-bfff34ac345f0b9b:1726237800000,OPT-LONG-bfff34ac345f0b9b,AMC15-003,O:AMC240913C00005000,DISCOVERY,CALL,14,0.0,CONTINUATION,2024-09-13T14:30:00+00:00,2024-09-13T14:45:00+00:00,D5,130,1726842600000,CONTRACT_EXPIRY,SCORED_RIGHT_CENSORED,21,0.04,0.04,0.0,25.0,-75.0,-75.0,1,5,-80.0,-3.0,25.0,-75.0,True
OPT-LONG-bfff34ac345f0b9b:1726237800000,OPT-LONG-bfff34ac345f0b9b,AMC15-003,O:AMC240913C00005000,DISCOVERY,CALL,14,0.0,CONTINUATION,2024-09-13T14:30:00+00:00,2024-09-13T14:45:00+00:00,D10,260,1727447400000,CONTRACT_EXPIRY,SCORED_RIGHT_CENSORED,21,0.04,0.04,0.0,25.0,-75.0,-75.0,1,5,-80.0,-3.0,25.0,-75.0,True
OPT-LONG-bfff34ac345f0b9b:1726246800000,OPT-LONG-bfff34ac345f0b9b,AMC15-003,O:AMC240913C00005000,DISCOVERY,CALL,14,0.0,THESIS_PRESSURE,2024-09-13T17:00:00+00:00,2024-09-13T17:15:00+00:00,H1,4,1726250400000,,SCORED_WINDOW,4,0.02,0.02,0.0,0.0,-50.0,0.0,1,1,0.0,,0.0,-50.0,False
OPT-LONG-bfff34ac345f0b9b:1726246800000,OPT-LONG-bfff34ac345f0b9b,AMC15-003,O:AMC240913C00005000,DISCOVERY,CALL,14,0.0,THESIS_PRESSURE,2024-09-13T17:00:00+00:00,2024-09-13T17:15:00+00:00,D1,26,1726506000000,CONTRACT_EXPIRY,SCORED_RIGHT_CENSORED,11,0.02,0.02,0.0,100.0,-50.0,-50.0,7,1,-75.0,-0.5,100.0,-50.0,False
OPT-LONG-bfff34ac345f0b9b:1726246800000,OPT-LONG-bfff34ac345f0b9b,AMC15-003,O:AMC240913C00005000,DISCOVERY,CALL,14,0.0,THESIS_PRESSURE,2024-09-13T17:00:00+00:00,2024-09-13T17:15:00+00:00,D3,78,1726678800000,CONTRACT_EXPIRY,SCORED_RIGHT_CENSORED,11,0.02,0.02,0.0,100.0,-50.0,-50.0,7,1,-75.0,-0.5,100.0,-50.0,False
OPT-LONG-bfff34ac345f0b9b:1726246800000,OPT-LONG-bfff34ac345f0b9b,AMC15-003,O:AMC240913C00005000,DISCOVERY,CALL,14,0.0,THESIS_PRESSURE,2024-09-13T17:00:00+00:00,2024-09-13T17:15:00+00:00,D5,130,1726851600000,CONTRACT_EXPIRY,SCORED_RIGHT_CENSORED,11,0.02,0.02,0.0,100.0,-50.0,-50.0,7,1,-75.0,-0.5,100.0,-50.0,False
OPT-LONG-bfff34ac345f0b9b:1726246800000,OPT-LONG-bfff34ac345f0b9b,AMC15-003,O:AMC240913C00005000,DISCOVERY,CALL,14,0.0,THESIS_PRESSURE,2024-09-13T17:00:00+00:00,2024-09-13T17:15:00+00:00,D10,260,1727456400000,CONTRACT_EXPIRY,SCORED_RIGHT_CENSORED,11,0.02,0.02,0.0,100.0,-50.0,-50.0,7,1,-75.0,-0.5,100.0,-50.0,False
OPT-LONG-bfff34ac345f0b9b:1726254900000,OPT-LONG-bfff34ac345f0b9b,AMC15-003,O:AMC240913C00005000,DISCOVERY,CALL,14,0.0,THESIS_PRESSURE,2024-09-13T19:15:00+00:00,2024-09-13T19:30:00+00:00,H1,4,1726494300000,CONTRACT_EXPIRY,SCORED_RIGHT_CENSORED,2,0.01,0.01,0.0,200.0,0.0,0.0,1,1,-66.66666666666666,0.0,200.0,0.0,False
OPT-LONG-bfff34ac345f0b9b:1726254900000,OPT-LONG-bfff34ac345f0b9b,AMC15-003,O:AMC240913C00005000,DISCOVERY,CALL,14,0.0,THESIS_PRESSURE,2024-09-13T19:15:00+00:00,2024-09-13T19:30:00+00:00,D1,26,1726514100000,CONTRACT_EXPIRY,SCORED_RIGHT_CENSORED,2,0.01,0.01,0.0,200.0,0.0,0.0,1,1,-66.66666666666666,0.0,200.0,0.0,False
OPT-LONG-bfff34ac345f0b9b:1726254900000,OPT-LONG-bfff34ac345f0b9b,AMC15-003,O:AMC240913C00005000,DISCOVERY,CALL,14,0.0,THESIS_PRESSURE,2024-09-13T19:15:00+00:00,2024-09-13T19:30:00+00:00,D3,78,1726686900000,CONTRACT_EXPIRY,SCORED_RIGHT_CENSORED,2,0.01,0.01,0.0,200.0,0.0,0.0,1,1,-66.66666666666666,0.0,200.0,0.0,False
OPT-LONG-bfff34ac345f0b9b:1726254900000,OPT-LONG-bfff34ac345f0b9b,AMC15-003,O:AMC240913C00005000,DISCOVERY,CALL,14,0.0,THESIS_PRESSURE,2024-09-13T19:15:00+00:00,2024-09-13T19:30:00+00:00,D5,130,1726859700000,CONTRACT_EXPIRY,SCORED_RIGHT_CENSORED,2,0.01,0.01,0.0,200.0,0.0,0.0,1,1,-66.66666666666666,0.0,200.0,0.0,False
OPT-LONG-bfff34ac345f0b9b:1726254900000,OPT-LONG-bfff34ac345f0b9b,AMC15-003,O:AMC240913C00005000,DISCOVERY,CALL,14,0.0,THESIS_PRESSURE,2024-09-13T19:15:00+00:00,2024-09-13T19:30:00+00:00,D10,260,1727464500000,CONTRACT_EXPIRY,SCORED_RIGHT_CENSORED,2,0.01,0.01,0.0,200.0,0.0,0.0,1,1,-66.66666666666666,0.0,200.0,0.0,False
OPT-LONG-8a8ba85100356494:1725371100000,OPT-LONG-8a8ba85100356494,AMC15-003,O:AMC240927C00005000,DISCOVERY,CALL,30,0.0,THESIS_PRESSURE,2024-09-03T13:45:00+00:00,2024-09-03T14:00:00+00:00,H1,4,1725374700000,,SCORED_WINDOW,4,0.29,0.28,-3.44827586206895,7.14285714285714,-10.71428571428572,-7.142857142857151,1,2,-13.33333333333333,-1.0000000000000016,3.4482758620689724,-13.793103448275856,True
OPT-LONG-8a8ba85100356494:1725371100000,OPT-LONG-8a8ba85100356494,AMC15-003,O:AMC240927C00005000,DISCOVERY,CALL,30,0.0,THESIS_PRESSURE,2024-09-03T13:45:00+00:00,2024-09-03T14:00:00+00:00,D1,26,1725457500000,,SCORED_WINDOW,25,0.29,0.28,-3.44827586206895,7.14285714285714,-17.85714285714286,3.5714285714285587,1,11,-3.3333333333333326,0.49999999999999845,3.4482758620689724,-20.68965517241378,True
OPT-LONG-8a8ba85100356494:1725371100000,OPT-LONG-8a8ba85100356494,AMC15-003,O:AMC240927C00005000,DISCOVERY,CALL,30,0.0,THESIS_PRESSURE,2024-09-03T13:45:00+00:00,2024-09-03T14:00:00+00:00,D3,78,1725630300000,,SCORED_WINDOW,68,0.29,0.28,-3.44827586206895,7.14285714285714,-28.57142857142857,-10.71428571428572,1,64,-16.666666666666664,-1.5000000000000016,3.4482758620689724,-31.034482758620683,True
OPT-LONG-8a8ba85100356494:1725371100000,OPT-LONG-8a8ba85100356494,AMC15-003,O:AMC240927C00005000,DISCOVERY,CALL,30,0.0,THESIS_PRESSURE,2024-09-03T13:45:00+00:00,2024-09-03T14:00:00+00:00,D5,130,1725975900000,,SCORED_WINDOW,114,0.29,0.28,-3.44827586206895,49.99999999999998,-28.57142857142857,17.85714285714286,93,64,-21.42857142857142,0.3571428571428574,44.827586206896555,-31.034482758620683,False
OPT-LONG-8a8ba85100356494:1725371100000,OPT-LONG-8a8ba85100356494,AMC15-003,O:AMC240927C00005000,DISCOVERY,CALL,30,0.0,THESIS_PRESSURE,2024-09-03T13:45:00+00:00,2024-09-03T14:00:00+00:00,D10,260,1726580700000,,SCORED_WINDOW,233,0.29,0.28,-3.44827586206895,49.99999999999998,-46.42857142857143,-42.85714285714286,93,232,-61.904761904761905,-0.8571428571428575,44.827586206896555,-48.275862068965516,True
OPT-LONG-8a8ba85100356494:1725375600000,OPT-LONG-8a8ba85100356494,AMC15-003,O:AMC240927C00005000,DISCOVERY,CALL,30,0.0,THESIS_PRESSURE,2024-09-03T15:00:00+00:00,2024-09-03T15:15:00+00:00,H1,4,1725379200000,,SCORED_WINDOW,3,0.29,0.27,-6.896551724137923,3.703703703703698,-7.407407407407418,3.703703703703698,3,2,0.0,1.0,-3.44827586206895,-13.793103448275856,False
OPT-LONG-8a8ba85100356494:1725375600000,OPT-LONG-8a8ba85100356494,AMC15-003,O:AMC240927C00005000,DISCOVERY,CALL,30,0.0,THESIS_PRESSURE,2024-09-03T15:00:00+00:00,2024-09-03T15:15:00+00:00,D1,26,1725462000000,,SCORED_WINDOW,25,0.29,0.27,-6.896551724137923,11.111111111111093,-14.814814814814813,-3.703703703703709,21,6,-13.33333333333333,-0.33333333333333437,3.4482758620689724,-20.68965517241378,False
OPT-LONG-8a8ba85100356494:1725375600000,OPT-LONG-8a8ba85100356494,AMC15-003,O:AMC240927C00005000,DISCOVERY,CALL,30,0.0,THESIS_PRESSURE,2024-09-03T15:00:00+00:00,2024-09-03T15:15:00+00:00,D3,78,1725634800000,,SCORED_WINDOW,67,0.29,0.27,-6.896551724137923,11.111111111111093,-25.92592592592593,-11.111111111111116,21,59,-19.999999999999996,-1.000000000000002,3.4482758620689724,-31.034482758620683,True
OPT-LONG-8a8ba85100356494:1725375600000,OPT-LONG-8a8ba85100356494,AMC15-003,O:AMC240927C00005000,DISCOVERY,CALL,30,0.0,THESIS_PRESSURE,2024-09-03T15:00:00+00:00,2024-09-03T15:15:00+00:00,D5,130,1725980400000,,SCORED_WINDOW,112,0.29,0.27,-6.896551724137923,55.555555555555536,-25.92592592592593,25.92592592592593,88,59,-19.047619047619037,0.4666666666666669,44.827586206896555,-31.034482758620683,False
OPT-LONG-8a8ba85100356494:1725375600000,OPT-LONG-8a8ba85100356494,AMC15-003,O:AMC240927C00005000,DISCOVERY,CALL,30,0.0,THESIS_PRESSURE,2024-09-03T15:00:00+00:00,2024-09-03T15:15:00+00:00,D10,260,1726585200000,,SCORED_WINDOW,228,0.29,0.27,-6.896551724137923,55.555555555555536,-44.44444444444445,-40.74074074074075,88,227,-61.904761904761905,-0.7333333333333337,44.827586206896555,-48.275862068965516,True
OPT-LONG-8a8ba85100356494:1725911100000,OPT-LONG-8a8ba85100356494,AMC15-003,O:AMC240927C00005000,DISCOVERY,CALL,30,0.0,ENTRY_FORMING,2024-09-09T19:45:00+00:00,2024-09-09T20:00:00+00:00,H1,4,1725977700000,,SCORED_WINDOW,4,0.32,0.34,6.25,5.88235294117645,-14.705882352941192,-11.764705882352954,1,3,-16.666666666666664,-2.0000000000000093,12.5,-9.37500000000001,True
OPT-LONG-8a8ba85100356494:1725911100000,OPT-LONG-8a8ba85100356494,AMC15-003,O:AMC240927C00005000,DISCOVERY,CALL,30,0.0,ENTRY_FORMING,2024-09-09T19:45:00+00:00,2024-09-09T20:00:00+00:00,D1,26,1725997500000,,SCORED_WINDOW,22,0.32,0.34,6.25,5.88235294117645,-17.647058823529406,-5.882352941176472,1,16,-11.111111111111105,-1.0000000000000038,12.5,-12.49999999999999,True
OPT-LONG-8a8ba85100356494:1725911100000,OPT-LONG-8a8ba85100356494,AMC15-003,O:AMC240927C00005000,DISCOVERY,CALL,30,0.0,ENTRY_FORMING,2024-09-09T19:45:00+00:00,2024-09-09T20:00:00+00:00,D3,78,1726170300000,,SCORED_WINDOW,69,0.32,0.34,6.25,5.88235294117645,-38.235294117647065,-29.41176470588236,1,23,-33.333333333333336,-5.000000000000019,12.5,-34.375,True
OPT-LONG-8a8ba85100356494:1725911100000,OPT-LONG-8a8ba85100356494,AMC15-003,O:AMC240927C00005000,DISCOVERY,CALL,30,0.0,ENTRY_FORMING,2024-09-09T19:45:00+00:00,2024-09-09T20:00:00+00:00,D5,130,1726515900000,,SCORED_WINDOW,121,0.32,0.34,6.25,5.88235294117645,-55.88235294117647,-52.94117647058824,1,120,-55.55555555555556,-9.000000000000032,12.5,-53.125,True
OPT-LONG-8a8ba85100356494:1725911100000,OPT-LONG-8a8ba85100356494,AMC15-003,O:AMC240927C00005000,DISCOVERY,CALL,30,0.0,ENTRY_FORMING,2024-09-09T19:45:00+00:00,2024-09-09T20:00:00+00:00,D10,260,1727120700000,,SCORED_WINDOW,121,0.32,0.34,6.25,5.88235294117645,-55.88235294117647,-52.94117647058824,1,120,-55.55555555555556,-9.000000000000032,12.5,-53.125,True
OPT-LONG-8a8ba85100356494:1725984900000,OPT-LONG-8a8ba85100356494,AMC15-003,O:AMC240927C00005000,DISCOVERY,CALL,30,0.0,THESIS_PRESSURE,2024-09-10T16:15:00+00:00,2024-09-10T16:30:00+00:00,H1,4,1725988500000,,SCORED_WINDOW,3,0.29,0.29,0.0,10.344827586206918,0.0,6.896551724137945,3,1,-3.125,0.6666666666666666,10.344827586206918,0.0,False
OPT-LONG-8a8ba85100356494:1725984900000,OPT-LONG-8a8ba85100356494,AMC15-003,O:AMC240927C00005000,DISCOVERY,CALL,30,0.0,THESIS_PRESSURE,2024-09-10T16:15:00+00:00,2024-09-10T16:30:00+00:00,D1,26,1726071300000,,SCORED_WINDOW,24,0.29,0.29,0.0,24.13793103448276,-27.586206896551722,-13.793103448275856,4,13,-30.555555555555557,-0.5714285714285711,24.13793103448276,-27.586206896551722,True
OPT-LONG-8a8ba85100356494:1725984900000,OPT-LONG-8a8ba85100356494,AMC15-003,O:AMC240927C00005000,DISCOVERY,CALL,30,0.0,THESIS_PRESSURE,2024-09-10T16:15:00+00:00,2024-09-10T16:30:00+00:00,D3,78,1726244100000,,SCORED_WINDOW,71,0.29,0.29,0.0,24.13793103448276,-27.586206896551722,-20.68965517241378,4,13,-36.11111111111111,-0.8571428571428564,24.13793103448276,-27.586206896551722,True
OPT-LONG-8a8ba85100356494:1725984900000,OPT-LONG-8a8ba85100356494,AMC15-003,O:AMC240927C00005000,DISCOVERY,CALL,30,0.0,THESIS_PRESSURE,2024-09-10T16:15:00+00:00,2024-09-10T16:30:00+00:00,D5,130,1726589700000,,SCORED_WINDOW,111,0.29,0.29,0.0,24.13793103448276,-48.275862068965516,-44.82758620689654,4,110,-55.55555555555556,-1.8571428571428565,24.13793103448276,-48.275862068965516,True
OPT-LONG-8a8ba85100356494:1725984900000,OPT-LONG-8a8ba85100356494,AMC15-003,O:AMC240927C00005000,DISCOVERY,CALL,30,0.0,THESIS_PRESSURE,2024-09-10T16:15:00+00:00,2024-09-10T16:30:00+00:00,D10,260,1727194500000,,SCORED_WINDOW,111,0.29,0.29,0.0,24.13793103448276,-48.275862068965516,-44.82758620689654,4,110,-55.55555555555556,-1.8571428571428565,24.13793103448276,-48.275862068965516,True
OPT-LONG-8a8ba85100356494:1725988500000,OPT-LONG-8a8ba85100356494,AMC15-003,O:AMC240927C00005000,DISCOVERY,CALL,30,0.0,THESIS_PRESSURE,2024-09-10T17:15:00+00:00,2024-09-10T17:30:00+00:00,H1,4,1725992100000,,SCORED_WINDOW,4,0.31,0.32,3.2258064516129004,12.5,-12.49999999999999,-9.37500000000001,1,3,-19.444444444444443,-0.7500000000000009,16.129032258064502,-9.677419354838701,True
OPT-LONG-8a8ba85100356494:1725988500000,OPT-LONG-8a8ba85100356494,AMC15-003,O:AMC240927C00005000,DISCOVERY,CALL,30,0.0,THESIS_PRESSURE,2024-09-10T17:15:00+00:00,2024-09-10T17:30:00+00:00,D1,26,1726074900000,,SCORED_WINDOW,25,0.31,0.32,3.2258064516129004,12.5,-34.375,-18.75,1,10,-27.777777777777768,-1.5,16.129032258064502,-32.25806451612904,True
OPT-LONG-8a8ba85100356494:1725988500000,OPT-LONG-8a8ba85100356494,AMC15-003,O:AMC240927C00005000,DISCOVERY,CALL,30,0.0,THESIS_PRESSURE,2024-09-10T17:15:00+00:00,2024-09-10T17:30:00+00:00,D3,78,1726247700000,,SCORED_WINDOW,72,0.31,0.32,3.2258064516129004,12.5,-34.375,-28.125,1,10,-36.11111111111111,-2.25,16.129032258064502,-32.25806451612904,True
OPT-LONG-8a8ba85100356494:1725988500000,OPT-LONG-8a8ba85100356494,AMC15-003,O:AMC240927C00005000,DISCOVERY,CALL,30,0.0,THESIS_PRESSURE,2024-09-10T17:15:00+00:00,2024-09-10T17:30:00+00:00,D5,130,1726593300000,,SCORED_WINDOW,108,0.31,0.32,3.2258064516129004,12.5,-53.125,-50.0,1,107,-55.55555555555556,-4.0,16.129032258064502,-51.61290322580645,True
OPT-LONG-8a8ba85100356494:1725988500000,OPT-LONG-8a8ba85100356494,AMC15-003,O:AMC240927C00005000,DISCOVERY,CALL,30,0.0,THESIS_PRESSURE,2024-09-10T17:15:00+00:00,2024-09-10T17:30:00+00:00,D10,260,1727198100000,,SCORED_WINDOW,108,0.31,0.32,3.2258064516129004,12.5,-53.125,-50.0,1,107,-55.55555555555556,-4.0,16.129032258064502,-51.61290322580645,True
OPT-LONG-8a8ba85100356494:1725996600000,OPT-LONG-8a8ba85100356494,AMC15-003,O:AMC240927C00005000,DISCOVERY,CALL,30,0.0,CONTINUATION,2024-09-10T19:30:00+00:00,2024-09-10T19:45:00+00:00,H1,4,1726063200000,,SCORED_WINDOW,4,0.28,0.28,0.0,14.28571428571428,-25.00000000000001,-14.285714285714302,1,2,-25.0,-1.0000000000000016,14.28571428571428,-25.00000000000001,True
OPT-LONG-8a8ba85100356494:1725996600000,OPT-LONG-8a8ba85100356494,AMC15-003,O:AMC240927C00005000,DISCOVERY,CALL,30,0.0,CONTINUATION,2024-09-10T19:30:00+00:00,2024-09-10T19:45:00+00:00,D1,26,1726083000000,,SCORED_WINDOW,22,0.28,0.28,0.0,14.28571428571428,-25.00000000000001,-3.57142857142857,1,2,-15.625,-0.25,14.28571428571428,-25.00000000000001,True
OPT-LONG-8a8ba85100356494:1725996600000,OPT-LONG-8a8ba85100356494,AMC15-003,O:AMC240927C00005000,DISCOVERY,CALL,30,0.0,CONTINUATION,2024-09-10T19:30:00+00:00,2024-09-10T19:45:00+00:00,D3,78,1726255800000,,SCORED_WINDOW,73,0.28,0.28,0.0,17.85714285714286,-25.00000000000001,-17.85714285714286,67,2,-30.303030303030297,-1.0,17.85714285714286,-25.00000000000001,False
OPT-LONG-8a8ba85100356494:1725996600000,OPT-LONG-8a8ba85100356494,AMC15-003,O:AMC240927C00005000,DISCOVERY,CALL,30,0.0,CONTINUATION,2024-09-10T19:30:00+00:00,2024-09-10T19:45:00+00:00,D5,130,1726601400000,,SCORED_WINDOW,100,0.28,0.28,0.0,17.85714285714286,-46.42857142857143,-42.85714285714286,67,99,-51.515151515151516,-2.3999999999999995,17.85714285714286,-46.42857142857143,True
OPT-LONG-8a8ba85100356494:1725996600000,OPT-LONG-8a8ba85100356494,AMC15-003,O:AMC240927C00005000,DISCOVERY,CALL,30,0.0,CONTINUATION,2024-09-10T19:30:00+00:00,2024-09-10T19:45:00+00:00,D10,260,1727206200000,,SCORED_WINDOW,100,0.28,0.28,0.0,17.85714285714286,-46.42857142857143,-42.85714285714286,67,99,-51.515151515151516,-2.3999999999999995,17.85714285714286,-46.42857142857143,True
OPT-LONG-8a8ba85100356494:1726067700000,OPT-LONG-8a8ba85100356494,AMC15-003,O:AMC240927C00005000,DISCOVERY,CALL,30,0.0,THESIS_PRESSURE,2024-09-11T15:15:00+00:00,2024-09-11T15:30:00+00:00,H1,4,1726071300000,,SCORED_WINDOW,4,0.23,0.23,0.0,17.391304347826097,0.0,8.695652173913038,1,1,-7.407407407407418,0.4999999999999994,17.391304347826097,0.0,False
OPT-LONG-8a8ba85100356494:1726067700000,OPT-LONG-8a8ba85100356494,AMC15-003,O:AMC240927C00005000,DISCOVERY,CALL,30,0.0,THESIS_PRESSURE,2024-09-11T15:15:00+00:00,2024-09-11T15:30:00+00:00,D1,26,1726154100000,,SCORED_WINDOW,22,0.23,0.23,0.0,39.13043478260869,0.0,13.043478260869556,15,1,-18.75,0.33333333333333315,39.13043478260869,0.0,False
OPT-LONG-8a8ba85100356494:1726067700000,OPT-LONG-8a8ba85100356494,AMC15-003,O:AMC240927C00005000,DISCOVERY,CALL,30,0.0,THESIS_PRESSURE,2024-09-11T15:15:00+00:00,2024-09-11T15:30:00+00:00,D3,78,1726499700000,,SCORED_WINDOW,73,0.23,0.23,0.0,43.47826086956521,-26.086956521739125,-21.739130434782616,58,72,-45.45454545454546,-0.5000000000000002,43.47826086956521,-26.086956521739125,True
OPT-LONG-8a8ba85100356494:1726067700000,OPT-LONG-8a8ba85100356494,AMC15-003,O:AMC240927C00005000,DISCOVERY,CALL,30,0.0,THESIS_PRESSURE,2024-09-11T15:15:00+00:00,2024-09-11T15:30:00+00:00,D5,130,1726672500000,,SCORED_WINDOW,91,0.23,0.23,0.0,43.47826086956521,-34.782608695652186,-30.434782608695656,58,90,-51.515151515151516,-0.7000000000000002,43.47826086956521,-34.782608695652186,True
OPT-LONG-8a8ba85100356494:1726067700000,OPT-LONG-8a8ba85100356494,AMC15-003,O:AMC240927C00005000,DISCOVERY,CALL,30,0.0,THESIS_PRESSURE,2024-09-11T15:15:00+00:00,2024-09-11T15:30:00+00:00,D10,260,1727277300000,,SCORED_WINDOW,91,0.23,0.23,0.0,43.47826086956521,-34.782608695652186,-30.434782608695656,58,90,-51.515151515151516,-0.7000000000000002,43.47826086956521,-34.782608695652186,True
OPT-LONG-8a8ba85100356494:1726072200000,OPT-LONG-8a8ba85100356494,AMC15-003,O:AMC240927C00005000,DISCOVERY,CALL,30,0.0,THESIS_PRESSURE,2024-09-11T16:30:00+00:00,2024-09-11T16:45:00+00:00,H1,4,1726075800000,,SCORED_WINDOW,3,0.23,0.24,4.347826086956519,16.666666666666675,0.0,8.333333333333348,3,1,-7.142857142857151,0.5000000000000007,21.739130434782616,4.347826086956519,False
OPT-LONG-8a8ba85100356494:1726072200000,OPT-LONG-8a8ba85100356494,AMC15-003,O:AMC240927C00005000,DISCOVERY,CALL,30,0.0,THESIS_PRESSURE,2024-09-11T16:30:00+00:00,2024-09-11T16:45:00+00:00,D1,26,1726158600000,,SCORED_WINDOW,22,0.23,0.24,4.347826086956519,33.33333333333335,0.0,4.166666666666674,10,1,-21.875,0.12500000000000017,39.13043478260869,4.347826086956519,False
OPT-LONG-8a8ba85100356494:1726072200000,OPT-LONG-8a8ba85100356494,AMC15-003,O:AMC240927C00005000,DISCOVERY,CALL,30,0.0,THESIS_PRESSURE,2024-09-11T16:30:00+00:00,2024-09-11T16:45:00+00:00,D3,78,1726504200000,,SCORED_WINDOW,73,0.23,0.24,4.347826086956519,37.50000000000002,-33.33333333333333,-29.166666666666664,53,72,-48.484848484848484,-0.7777777777777772,43.47826086956521,-30.434782608695656,True
OPT-LONG-8a8ba85100356494:1726072200000,OPT-LONG-8a8ba85100356494,AMC15-003,O:AMC240927C00005000,DISCOVERY,CALL,30,0.0,THESIS_PRESSURE,2024-09-11T16:30:00+00:00,2024-09-11T16:45:00+00:00,D5,130,1726677000000,,SCORED_WINDOW,86,0.23,0.24,4.347826086956519,37.50000000000002,-37.5,-33.33333333333333,53,85,-51.515151515151516,-0.8888888888888883,43.47826086956521,-34.782608695652186,True
OPT-LONG-8a8ba85100356494:1726072200000,OPT-LONG-8a8ba85100356494,AMC15-003,O:AMC240927C00005000,DISCOVERY,CALL,30,0.0,THESIS_PRESSURE,2024-09-11T16:30:00+00:00,2024-09-11T16:45:00+00:00,D10,260,1727281800000,,SCORED_WINDOW,86,0.23,0.24,4.347826086956519,37.50000000000002,-37.5,-33.33333333333333,53,85,-51.515151515151516,-0.8888888888888883,43.47826086956521,-34.782608695652186,True
OPT-LONG-8a8ba85100356494:1726074000000,OPT-LONG-8a8ba85100356494,AMC15-003,O:AMC240927C00005000,DISCOVERY,CALL,30,0.0,CONTINUATION,2024-09-11T17:00:00+00:00,2024-09-11T17:15:00+00:00,H1,4,1726077600000,,SCORED_WINDOW,2,0.26,0.26,0.0,7.692307692307709,-7.692307692307699,-7.692307692307699,1,2,-14.285714285714302,-0.9999999999999987,7.692307692307709,-7.692307692307699,True
OPT-LONG-8a8ba85100356494:1726074000000,OPT-LONG-8a8ba85100356494,AMC15-003,O:AMC240927C00005000,DISCOVERY,CALL,30,0.0,CONTINUATION,2024-09-11T17:00:00+00:00,2024-09-11T17:15:00+00:00,D1,26,1726160400000,,SCORED_WINDOW,21,0.26,0.26,0.0,23.076923076923084,-7.692307692307699,0.0,8,2,-18.75,0.0,23.076923076923084,-7.692307692307699,False
OPT-LONG-8a8ba85100356494:1726074000000,OPT-LONG-8a8ba85100356494,AMC15-003,O:AMC240927C00005000,DISCOVERY,CALL,30,0.0,CONTINUATION,2024-09-11T17:00:00+00:00,2024-09-11T17:15:00+00:00,D3,78,1726506000000,,SCORED_WINDOW,73,0.26,0.26,0.0,26.923076923076916,-38.46153846153846,-34.61538461538461,51,70,-48.484848484848484,-1.285714285714286,26.923076923076916,-38.46153846153846,True
OPT-LONG-8a8ba85100356494:1726074000000,OPT-LONG-8a8ba85100356494,AMC15-003,O:AMC240927C00005000,DISCOVERY,CALL,30,0.0,CONTINUATION,2024-09-11T17:00:00+00:00,2024-09-11T17:15:00+00:00,D5,130,1726678800000,,SCORED_WINDOW,84,0.26,0.26,0.0,26.923076923076916,-42.307692307692314,-38.46153846153846,51,83,-51.515151515151516,-1.4285714285714288,26.923076923076916,-42.307692307692314,True
OPT-LONG-8a8ba85100356494:1726074000000,OPT-LONG-8a8ba85100356494,AMC15-003,O:AMC240927C00005000,DISCOVERY,CALL,30,0.0,CONTINUATION,2024-09-11T17:00:00+00:00,2024-09-11T17:15:00+00:00,D10,260,1727283600000,,SCORED_WINDOW,84,0.26,0.26,0.0,26.923076923076916,-42.307692307692314,-38.46153846153846,51,83,-51.515151515151516,-1.4285714285714288,26.923076923076916,-42.307692307692314,True
OPT-LONG-8a8ba85100356494:1726237800000,OPT-LONG-8a8ba85100356494,AMC15-003,O:AMC240927C00005000,DISCOVERY,CALL,30,0.0,CONTINUATION,2024-09-13T14:30:00+00:00,2024-09-13T14:45:00+00:00,H1,4,1726241400000,,SCORED_WINDOW,4,0.25,0.24,-4.0000000000000036,12.500000000000021,-4.1666666666666625,4.166666666666674,1,3,-7.407407407407418,0.33333333333333337,8.000000000000007,-7.9999999999999964,True
OPT-LONG-8a8ba85100356494:1726237800000,OPT-LONG-8a8ba85100356494,AMC15-003,O:AMC240927C00005000,DISCOVERY,CALL,30,0.0,CONTINUATION,2024-09-13T14:30:00+00:00,2024-09-13T14:45:00+00:00,D1,26,1726497000000,,SCORED_WINDOW,26,0.25,0.24,-4.0000000000000036,37.50000000000002,-25.0,-16.666666666666664,14,23,-39.39393939393939,-0.44444444444444414,32.00000000000001,-28.000000000000004,True
OPT-LONG-8a8ba85100356494:1726237800000,OPT-LONG-8a8ba85100356494,AMC15-003,O:AMC240927C00005000,DISCOVERY,CALL,30,0.0,CONTINUATION,2024-09-13T14:30:00+00:00,2024-09-13T14:45:00+00:00,D3,78,1726669800000,,SCORED_WINDOW,47,0.25,0.24,-4.0000000000000036,37.50000000000002,-37.5,-33.33333333333333,14,46,-51.515151515151516,-0.8888888888888883,32.00000000000001,-40.0,True
OPT-LONG-8a8ba85100356494:1726237800000,OPT-LONG-8a8ba85100356494,AMC15-003,O:AMC240927C00005000,DISCOVERY,CALL,30,0.0,CONTINUATION,2024-09-13T14:30:00+00:00,2024-09-13T14:45:00+00:00,D5,130,1726842600000,,SCORED_WINDOW,47,0.25,0.24,-4.0000000000000036,37.50000000000002,-37.5,-33.33333333333333,14,46,-51.515151515151516,-0.8888888888888883,32.00000000000001,-40.0,True
OPT-LONG-8a8ba85100356494:1726237800000,OPT-LONG-8a8ba85100356494,AMC15-003,O:AMC240927C00005000,DISCOVERY,CALL,30,0.0,CONTINUATION,2024-09-13T14:30:00+00:00,2024-09-13T14:45:00+00:00,D10,260,1727447400000,,SCORED_WINDOW,47,0.25,0.24,-4.0000000000000036,37.50000000000002,-37.5,-33.33333333333333,14,46,-51.515151515151516,-0.8888888888888883,32.00000000000001,-40.0,True
OPT-LONG-8a8ba85100356494:1726246800000,OPT-LONG-8a8ba85100356494,AMC15-003,O:AMC240927C00005000,DISCOVERY,CALL,30,0.0,THESIS_PRESSURE,2024-09-13T17:00:00+00:00,2024-09-13T17:15:00+00:00,H1,4,1726250400000,,SCORED_WINDOW,4,0.23,0.23,0.0,43.47826086956521,0.0,43.47826086956521,4,1,0.0,1.0,43.47826086956521,0.0,False
OPT-LONG-8a8ba85100356494:1726246800000,OPT-LONG-8a8ba85100356494,AMC15-003,O:AMC240927C00005000,DISCOVERY,CALL,30,0.0,THESIS_PRESSURE,2024-09-13T17:00:00+00:00,2024-09-13T17:15:00+00:00,D1,26,1726506000000,,SCORED_WINDOW,26,0.23,0.23,0.0,43.47826086956521,-30.434782608695656,-26.086956521739125,4,23,-48.484848484848484,-0.6,43.47826086956521,-30.434782608695656,True
OPT-LONG-8a8ba85100356494:1726246800000,OPT-LONG-8a8ba85100356494,AMC15-003,O:AMC240927C00005000,DISCOVERY,CALL,30,0.0,THESIS_PRESSURE,2024-09-13T17:00:00+00:00,2024-09-13T17:15:00+00:00,D3,78,1726678800000,,SCORED_WINDOW,37,0.23,0.23,0.0,43.47826086956521,-34.782608695652186,-30.434782608695656,4,36,-51.515151515151516,-0.7000000000000002,43.47826086956521,-34.782608695652186,True
OPT-LONG-8a8ba85100356494:1726246800000,OPT-LONG-8a8ba85100356494,AMC15-003,O:AMC240927C00005000,DISCOVERY,CALL,30,0.0,THESIS_PRESSURE,2024-09-13T17:00:00+00:00,2024-09-13T17:15:00+00:00,D5,130,1726851600000,,SCORED_WINDOW,37,0.23,0.23,0.0,43.47826086956521,-34.782608695652186,-30.434782608695656,4,36,-51.515151515151516,-0.7000000000000002,43.47826086956521,-34.782608695652186,True
OPT-LONG-8a8ba85100356494:1726246800000,OPT-LONG-8a8ba85100356494,AMC15-003,O:AMC240927C00005000,DISCOVERY,CALL,30,0.0,THESIS_PRESSURE,2024-09-13T17:00:00+00:00,2024-09-13T17:15:00+00:00,D10,260,1727456400000,,SCORED_WINDOW,37,0.23,0.23,0.0,43.47826086956521,-34.782608695652186,-30.434782608695656,4,36,-51.515151515151516,-0.7000000000000002,43.47826086956521,-34.782608695652186,True
OPT-LONG-8a8ba85100356494:1726254900000,OPT-LONG-8a8ba85100356494,AMC15-003,O:AMC240927C00005000,DISCOVERY,CALL,30,0.0,THESIS_PRESSURE,2024-09-13T19:15:00+00:00,2024-09-13T19:30:00+00:00,H1,4,1726494300000,,SCORED_WINDOW,4,0.22,0.22,0.0,13.636363636363647,-18.181818181818187,-9.090909090909083,2,4,-19.999999999999996,-0.6666666666666655,13.636363636363647,-18.181818181818187,True
OPT-LONG-8a8ba85100356494:1726254900000,OPT-LONG-8a8ba85100356494,AMC15-003,O:AMC240927C00005000,DISCOVERY,CALL,30,0.0,THESIS_PRESSURE,2024-09-13T19:15:00+00:00,2024-09-13T19:30:00+00:00,D1,26,1726514100000,,SCORED_WINDOW,26,0.22,0.22,0.0,13.636363636363647,-27.27272727272727,-22.72727272727272,2,14,-31.999999999999996,-1.6666666666666647,13.636363636363647,-27.27272727272727,True
OPT-LONG-8a8ba85100356494:1726254900000,OPT-LONG-8a8ba85100356494,AMC15-003,O:AMC240927C00005000,DISCOVERY,CALL,30,0.0,THESIS_PRESSURE,2024-09-13T19:15:00+00:00,2024-09-13T19:30:00+00:00,D3,78,1726686900000,,SCORED_WINDOW,28,0.22,0.22,0.0,13.636363636363647,-31.818181818181824,-27.27272727272727,2,27,-36.0,-1.9999999999999982,13.636363636363647,-31.818181818181824,True
OPT-LONG-8a8ba85100356494:1726254900000,OPT-LONG-8a8ba85100356494,AMC15-003,O:AMC240927C00005000,DISCOVERY,CALL,30,0.0,THESIS_PRESSURE,2024-09-13T19:15:00+00:00,2024-09-13T19:30:00+00:00,D5,130,1726859700000,,SCORED_WINDOW,28,0.22,0.22,0.0,13.636363636363647,-31.818181818181824,-27.27272727272727,2,27,-36.0,-1.9999999999999982,13.636363636363647,-31.818181818181824,True
OPT-LONG-8a8ba85100356494:1726254900000,OPT-LONG-8a8ba85100356494,AMC15-003,O:AMC240927C00005000,DISCOVERY,CALL,30,0.0,THESIS_PRESSURE,2024-09-13T19:15:00+00:00,2024-09-13T19:30:00+00:00,D10,260,1727464500000,,SCORED_WINDOW,28,0.22,0.22,0.0,13.636363636363647,-31.818181818181824,-27.27272727272727,2,27,-36.0,-1.9999999999999982,13.636363636363647,-31.818181818181824,True
OPT-LONG-736c78fc8c0427a2:1770398100000,OPT-LONG-736c78fc8c0427a2,AMC15-009,O:AMC260220C00001500,HOLDOUT,CALL,14,0.0,CONTINUATION,2026-02-06T17:15:00+00:00,2026-02-06T17:30:00+00:00,H1,4,1770401700000,,SCORED_WINDOW,4,0.09,0.09,0.0,11.111111111111116,-11.111111111111105,0.0,2,1,-10.000000000000009,0.0,11.111111111111116,-11.111111111111105,False
OPT-LONG-736c78fc8c0427a2:1770398100000,OPT-LONG-736c78fc8c0427a2,AMC15-009,O:AMC260220C00001500,HOLDOUT,CALL,14,0.0,CONTINUATION,2026-02-06T17:15:00+00:00,2026-02-06T17:30:00+00:00,D1,26,1770657300000,,SCORED_WINDOW,26,0.09,0.09,0.0,11.111111111111116,-55.55555555555556,-55.55555555555556,2,15,-60.00000000000001,-4.999999999999998,11.111111111111116,-55.55555555555556,True
OPT-LONG-736c78fc8c0427a2:1770398100000,OPT-LONG-736c78fc8c0427a2,AMC15-009,O:AMC260220C00001500,HOLDOUT,CALL,14,0.0,CONTINUATION,2026-02-06T17:15:00+00:00,2026-02-06T17:30:00+00:00,D3,78,1770830100000,,SCORED_WINDOW,77,0.09,0.09,0.0,11.111111111111116,-77.77777777777779,-66.66666666666667,2,66,-70.0,-5.999999999999997,11.111111111111116,-77.77777777777779,True
OPT-LONG-736c78fc8c0427a2:1770398100000,OPT-LONG-736c78fc8c0427a2,AMC15-009,O:AMC260220C00001500,HOLDOUT,CALL,14,0.0,CONTINUATION,2026-02-06T17:15:00+00:00,2026-02-06T17:30:00+00:00,D5,130,1771002900000,,SCORED_WINDOW,128,0.09,0.09,0.0,11.111111111111116,-88.88888888888889,-66.66666666666667,2,112,-70.0,-5.999999999999997,11.111111111111116,-88.88888888888889,True
OPT-LONG-736c78fc8c0427a2:1770398100000,OPT-LONG-736c78fc8c0427a2,AMC15-009,O:AMC260220C00001500,HOLDOUT,CALL,14,0.0,CONTINUATION,2026-02-06T17:15:00+00:00,2026-02-06T17:30:00+00:00,D10,260,1771866900000,CONTRACT_EXPIRY,SCORED_RIGHT_CENSORED,142,0.09,0.09,0.0,11.111111111111116,-88.88888888888889,-77.77777777777779,2,112,-80.0,-6.999999999999997,11.111111111111116,-88.88888888888889,True
OPT-LONG-736c78fc8c0427a2:1770650100000,OPT-LONG-736c78fc8c0427a2,AMC15-009,O:AMC260220C00001500,HOLDOUT,CALL,14,0.0,THESIS_PRESSURE,2026-02-09T15:15:00+00:00,2026-02-09T15:30:00+00:00,H1,4,1770653700000,,SCORED_WINDOW,4,0.05,0.05,0.0,0.0,-20.000000000000007,0.0,1,1,0.0,,0.0,-20.000000000000007,False
OPT-LONG-736c78fc8c0427a2:1770650100000,OPT-LONG-736c78fc8c0427a2,AMC15-009,O:AMC260220C00001500,HOLDOUT,CALL,14,0.0,THESIS_PRESSURE,2026-02-09T15:15:00+00:00,2026-02-09T15:30:00+00:00,D1,26,1770736500000,,SCORED_WINDOW,26,0.05,0.05,0.0,0.0,-40.0,-40.0,1,23,-40.0,,0.0,-40.0,True
OPT-LONG-736c78fc8c0427a2:1770650100000,OPT-LONG-736c78fc8c0427a2,AMC15-009,O:AMC260220C00001500,HOLDOUT,CALL,14,0.0,THESIS_PRESSURE,2026-02-09T15:15:00+00:00,2026-02-09T15:30:00+00:00,D3,78,1770909300000,,SCORED_WINDOW,77,0.05,0.05,0.0,19.999999999999996,-60.00000000000001,-60.00000000000001,28,48,-66.66666666666666,-3.000000000000001,19.999999999999996,-60.00000000000001,True
OPT-LONG-736c78fc8c0427a2:1770650100000,OPT-LONG-736c78fc8c0427a2,AMC15-009,O:AMC260220C00001500,HOLDOUT,CALL,14,0.0,THESIS_PRESSURE,2026-02-09T15:15:00+00:00,2026-02-09T15:30:00+00:00,D5,130,1771341300000,,SCORED_WINDOW,124,0.05,0.05,0.0,19.999999999999996,-80.0,-60.00000000000001,28,94,-66.66666666666666,-3.000000000000001,19.999999999999996,-80.0,True
OPT-LONG-736c78fc8c0427a2:1770650100000,OPT-LONG-736c78fc8c0427a2,AMC15-009,O:AMC260220C00001500,HOLDOUT,CALL,14,0.0,THESIS_PRESSURE,2026-02-09T15:15:00+00:00,2026-02-09T15:30:00+00:00,D10,260,1771946100000,CONTRACT_EXPIRY,SCORED_RIGHT_CENSORED,124,0.05,0.05,0.0,19.999999999999996,-80.0,-60.00000000000001,28,94,-66.66666666666666,-3.000000000000001,19.999999999999996,-80.0,True
OPT-LONG-736c78fc8c0427a2:1770654600000,OPT-LONG-736c78fc8c0427a2,AMC15-009,O:AMC260220C00001500,HOLDOUT,CALL,14,0.0,THESIS_PRESSURE,2026-02-09T16:30:00+00:00,2026-02-09T16:45:00+00:00,H1,4,1770658200000,,SCORED_WINDOW,4,0.05,0.05,0.0,0.0,-20.000000000000007,0.0,1,3,0.0,,0.0,-20.000000000000007,True
OPT-LONG-736c78fc8c0427a2:1770654600000,OPT-LONG-736c78fc8c0427a2,AMC15-009,O:AMC260220C00001500,HOLDOUT,CALL,14,0.0,THESIS_PRESSURE,2026-02-09T16:30:00+00:00,2026-02-09T16:45:00+00:00,D1,26,1770741000000,,SCORED_WINDOW,26,0.05,0.05,0.0,19.999999999999996,-40.0,-20.000000000000007,23,18,-33.33333333333333,-1.0000000000000004,19.999999999999996,-40.0,False
OPT-LONG-736c78fc8c0427a2:1770654600000,OPT-LONG-736c78fc8c0427a2,AMC15-009,O:AMC260220C00001500,HOLDOUT,CALL,14,0.0,THESIS_PRESSURE,2026-02-09T16:30:00+00:00,2026-02-09T16:45:00+00:00,D3,78,1770913800000,,SCORED_WINDOW,76,0.05,0.05,0.0,19.999999999999996,-60.00000000000001,-40.0,23,43,-50.0,-2.0000000000000004,19.999999999999996,-60.00000000000001,True
OPT-LONG-736c78fc8c0427a2:1770654600000,OPT-LONG-736c78fc8c0427a2,AMC15-009,O:AMC260220C00001500,HOLDOUT,CALL,14,0.0,THESIS_PRESSURE,2026-02-09T16:30:00+00:00,2026-02-09T16:45:00+00:00,D5,130,1771345800000,,SCORED_WINDOW,119,0.05,0.05,0.0,19.999999999999996,-80.0,-60.00000000000001,23,89,-66.66666666666666,-3.000000000000001,19.999999999999996,-80.0,True
OPT-LONG-736c78fc8c0427a2:1770654600000,OPT-LONG-736c78fc8c0427a2,AMC15-009,O:AMC260220C00001500,HOLDOUT,CALL,14,0.0,THESIS_PRESSURE,2026-02-09T16:30:00+00:00,2026-02-09T16:45:00+00:00,D10,260,1771950600000,CONTRACT_EXPIRY,SCORED_RIGHT_CENSORED,119,0.05,0.05,0.0,19.999999999999996,-80.0,-60.00000000000001,23,89,-66.66666666666666,-3.000000000000001,19.999999999999996,-80.0,True
OPT-LONG-736c78fc8c0427a2:1770741000000,OPT-LONG-736c78fc8c0427a2,AMC15-009,O:AMC260220C00001500,HOLDOUT,CALL,14,0.0,ENTRY_FORMING,2026-02-10T16:30:00+00:00,2026-02-10T16:45:00+00:00,H1,4,1770744600000,,SCORED_WINDOW,4,0.04,0.04,0.0,25.0,0.0,0.0,1,1,-20.000000000000007,0.0,25.0,0.0,False
OPT-LONG-736c78fc8c0427a2:1770741000000,OPT-LONG-736c78fc8c0427a2,AMC15-009,O:AMC260220C00001500,HOLDOUT,CALL,14,0.0,ENTRY_FORMING,2026-02-10T16:30:00+00:00,2026-02-10T16:45:00+00:00,D1,26,1770827400000,,SCORED_WINDOW,25,0.04,0.04,0.0,25.0,-50.0,-25.0,1,17,-40.0,-1.0,25.0,-50.0,True
OPT-LONG-736c78fc8c0427a2:1770741000000,OPT-LONG-736c78fc8c0427a2,AMC15-009,O:AMC260220C00001500,HOLDOUT,CALL,14,0.0,ENTRY_FORMING,2026-02-10T16:30:00+00:00,2026-02-10T16:45:00+00:00,D3,78,1771000200000,,SCORED_WINDOW,76,0.04,0.04,0.0,25.0,-75.0,-25.0,1,63,-40.0,-1.0,25.0,-75.0,True
OPT-LONG-736c78fc8c0427a2:1770741000000,OPT-LONG-736c78fc8c0427a2,AMC15-009,O:AMC260220C00001500,HOLDOUT,CALL,14,0.0,ENTRY_FORMING,2026-02-10T16:30:00+00:00,2026-02-10T16:45:00+00:00,D5,130,1771432200000,,SCORED_WINDOW,93,0.04,0.04,0.0,25.0,-75.0,-50.0,1,63,-60.00000000000001,-2.0,25.0,-75.0,True
OPT-LONG-736c78fc8c0427a2:1770741000000,OPT-LONG-736c78fc8c0427a2,AMC15-009,O:AMC260220C00001500,HOLDOUT,CALL,14,0.0,ENTRY_FORMING,2026-02-10T16:30:00+00:00,2026-02-10T16:45:00+00:00,D10,260,1772037000000,CONTRACT_EXPIRY,SCORED_RIGHT_CENSORED,93,0.04,0.04,0.0,25.0,-75.0,-50.0,1,63,-60.00000000000001,-2.0,25.0,-75.0,True
OPT-LONG-736c78fc8c0427a2:1770749100000,OPT-LONG-736c78fc8c0427a2,AMC15-009,O:AMC260220C00001500,HOLDOUT,CALL,14,0.0,THESIS_PRESSURE,2026-02-10T18:45:00+00:00,2026-02-10T19:00:00+00:00,H1,4,1770752700000,,SCORED_WINDOW,3,0.04,0.04,0.0,0.0,-25.0,-25.0,1,3,-25.0,,0.0,-25.0,True
OPT-LONG-736c78fc8c0427a2:1770749100000,OPT-LONG-736c78fc8c0427a2,AMC15-009,O:AMC260220C00001500,HOLDOUT,CALL,14,0.0,THESIS_PRESSURE,2026-02-10T18:45:00+00:00,2026-02-10T19:00:00+00:00,D1,26,1770835500000,,SCORED_WINDOW,25,0.04,0.04,0.0,25.0,-50.0,-50.0,8,8,-60.00000000000001,-2.0,25.0,-50.0,False
OPT-LONG-736c78fc8c0427a2:1770749100000,OPT-LONG-736c78fc8c0427a2,AMC15-009,O:AMC260220C00001500,HOLDOUT,CALL,14,0.0,THESIS_PRESSURE,2026-02-10T18:45:00+00:00,2026-02-10T19:00:00+00:00,D3,78,1771008300000,,SCORED_WINDOW,76,0.04,0.04,0.0,25.0,-75.0,-25.0,8,54,-40.0,-1.0,25.0,-75.0,True
OPT-LONG-736c78fc8c0427a2:1770749100000,OPT-LONG-736c78fc8c0427a2,AMC15-009,O:AMC260220C00001500,HOLDOUT,CALL,14,0.0,THESIS_PRESSURE,2026-02-10T18:45:00+00:00,2026-02-10T19:00:00+00:00,D5,130,1771440300000,,SCORED_WINDOW,84,0.04,0.04,0.0,25.0,-75.0,-50.0,8,54,-60.00000000000001,-2.0,25.0,-75.0,True
OPT-LONG-736c78fc8c0427a2:1770749100000,OPT-LONG-736c78fc8c0427a2,AMC15-009,O:AMC260220C00001500,HOLDOUT,CALL,14,0.0,THESIS_PRESSURE,2026-02-10T18:45:00+00:00,2026-02-10T19:00:00+00:00,D10,260,1772045100000,CONTRACT_EXPIRY,SCORED_RIGHT_CENSORED,84,0.04,0.04,0.0,25.0,-75.0,-50.0,8,54,-60.00000000000001,-2.0,25.0,-75.0,True
OPT-LONG-736c78fc8c0427a2:1770820200000,OPT-LONG-736c78fc8c0427a2,AMC15-009,O:AMC260220C00001500,HOLDOUT,CALL,14,0.0,THESIS_PRESSURE,2026-02-11T14:30:00+00:00,2026-02-11T14:45:00+00:00,H1,4,1770823800000,,SCORED_WINDOW,4,0.03,0.03,0.0,0.0,-33.33333333333333,-33.33333333333333,1,1,-33.33333333333333,,0.0,-33.33333333333333,False
OPT-LONG-736c78fc8c0427a2:1770820200000,OPT-LONG-736c78fc8c0427a2,AMC15-009,O:AMC260220C00001500,HOLDOUT,CALL,14,0.0,THESIS_PRESSURE,2026-02-11T14:30:00+00:00,2026-02-11T14:45:00+00:00,D1,26,1770906600000,,SCORED_WINDOW,26,0.03,0.03,0.0,0.0,-33.33333333333333,0.0,1,1,0.0,,0.0,-33.33333333333333,False
OPT-LONG-736c78fc8c0427a2:1770820200000,OPT-LONG-736c78fc8c0427a2,AMC15-009,O:AMC260220C00001500,HOLDOUT,CALL,14,0.0,THESIS_PRESSURE,2026-02-11T14:30:00+00:00,2026-02-11T14:45:00+00:00,D3,78,1771338600000,,SCORED_WINDOW,76,0.03,0.03,0.0,33.33333333333335,-66.66666666666666,-33.33333333333333,70,46,-50.0,-0.9999999999999993,33.33333333333335,-66.66666666666666,False
OPT-LONG-736c78fc8c0427a2:1770820200000,OPT-LONG-736c78fc8c0427a2,AMC15-009,O:AMC260220C00001500,HOLDOUT,CALL,14,0.0,THESIS_PRESSURE,2026-02-11T14:30:00+00:00,2026-02-11T14:45:00+00:00,D5,130,1771511400000,,SCORED_WINDOW,76,0.03,0.03,0.0,33.33333333333335,-66.66666666666666,-33.33333333333333,70,46,-50.0,-0.9999999999999993,33.33333333333335,-66.66666666666666,False
OPT-LONG-736c78fc8c0427a2:1770820200000,OPT-LONG-736c78fc8c0427a2,AMC15-009,O:AMC260220C00001500,HOLDOUT,CALL,14,0.0,THESIS_PRESSURE,2026-02-11T14:30:00+00:00,2026-02-11T14:45:00+00:00,D10,260,1772116200000,CONTRACT_EXPIRY,SCORED_RIGHT_CENSORED,76,0.03,0.03,0.0,33.33333333333335,-66.66666666666666,-33.33333333333333,70,46,-50.0,-0.9999999999999993,33.33333333333335,-66.66666666666666,False
OPT-LONG-736c78fc8c0427a2:1770821100000,OPT-LONG-736c78fc8c0427a2,AMC15-009,O:AMC260220C00001500,HOLDOUT,CALL,14,0.0,THESIS_PRESSURE,2026-02-11T14:45:00+00:00,2026-02-11T15:00:00+00:00,H1,4,1770824700000,,SCORED_WINDOW,4,0.02,0.02,0.0,50.0,0.0,50.0,1,1,0.0,1.0,50.0,0.0,False
OPT-LONG-736c78fc8c0427a2:1770821100000,OPT-LONG-736c78fc8c0427a2,AMC15-009,O:AMC260220C00001500,HOLDOUT,CALL,14,0.0,THESIS_PRESSURE,2026-02-11T14:45:00+00:00,2026-02-11T15:00:00+00:00,D1,26,1770907500000,,SCORED_WINDOW,26,0.02,0.02,0.0,50.0,0.0,50.0,1,1,0.0,1.0,50.0,0.0,False
OPT-LONG-736c78fc8c0427a2:1770821100000,OPT-LONG-736c78fc8c0427a2,AMC15-009,O:AMC260220C00001500,HOLDOUT,CALL,14,0.0,THESIS_PRESSURE,2026-02-11T14:45:00+00:00,2026-02-11T15:00:00+00:00,D3,78,1771339500000,,SCORED_WINDOW,75,0.02,0.02,0.0,100.0,-50.0,0.0,69,45,-50.0,0.0,100.0,-50.0,False
OPT-LONG-736c78fc8c0427a2:1770821100000,OPT-LONG-736c78fc8c0427a2,AMC15-009,O:AMC260220C00001500,HOLDOUT,CALL,14,0.0,THESIS_PRESSURE,2026-02-11T14:45:00+00:00,2026-02-11T15:00:00+00:00,D5,130,1771512300000,,SCORED_WINDOW,75,0.02,0.02,0.0,100.0,-50.0,0.0,69,45,-50.0,0.0,100.0,-50.0,False
OPT-LONG-736c78fc8c0427a2:1770821100000,OPT-LONG-736c78fc8c0427a2,AMC15-009,O:AMC260220C00001500,HOLDOUT,CALL,14,0.0,THESIS_PRESSURE,2026-02-11T14:45:00+00:00,2026-02-11T15:00:00+00:00,D10,260,1772117100000,CONTRACT_EXPIRY,SCORED_RIGHT_CENSORED,75,0.02,0.02,0.0,100.0,-50.0,0.0,69,45,-50.0,0.0,100.0,-50.0,False
OPT-LONG-c8fd67a5c31d8351:1770398100000,OPT-LONG-c8fd67a5c31d8351,AMC15-009,O:AMC260306C00001500,HOLDOUT,CALL,30,0.0,CONTINUATION,2026-02-06T17:15:00+00:00,2026-02-06T17:30:00+00:00,H1,4,1770401700000,,SCORED_WINDOW,3,0.2,0.19,-5.000000000000004,5.263157894736836,-5.263157894736848,0.0,2,2,-5.000000000000004,0.0,0.0,-10.000000000000009,False
OPT-LONG-c8fd67a5c31d8351:1770398100000,OPT-LONG-c8fd67a5c31d8351,AMC15-009,O:AMC260306C00001500,HOLDOUT,CALL,30,0.0,CONTINUATION,2026-02-06T17:15:00+00:00,2026-02-06T17:30:00+00:00,D1,26,1770657300000,,SCORED_WINDOW,19,0.2,0.19,-5.000000000000004,5.263157894736836,-31.57894736842105,-26.315789473684205,2,10,-29.999999999999993,-5.000000000000004,0.0,-35.0,True
OPT-LONG-c8fd67a5c31d8351:1770398100000,OPT-LONG-c8fd67a5c31d8351,AMC15-009,O:AMC260306C00001500,HOLDOUT,CALL,30,0.0,CONTINUATION,2026-02-06T17:15:00+00:00,2026-02-06T17:30:00+00:00,D3,78,1770830100000,,SCORED_WINDOW,53,0.2,0.19,-5.000000000000004,5.263157894736836,-84.21052631578947,-47.36842105263158,2,37,-50.0,-9.00000000000001,0.0,-85.0,True
OPT-LONG-c8fd67a5c31d8351:1770398100000,OPT-LONG-c8fd67a5c31d8351,AMC15-009,O:AMC260306C00001500,HOLDOUT,CALL,30,0.0,CONTINUATION,2026-02-06T17:15:00+00:00,2026-02-06T17:30:00+00:00,D5,130,1771002900000,,SCORED_WINDOW,83,0.2,0.19,-5.000000000000004,5.263157894736836,-84.21052631578947,-52.63157894736843,2,37,-55.00000000000001,-10.000000000000012,0.0,-85.0,True
OPT-LONG-c8fd67a5c31d8351:1770398100000,OPT-LONG-c8fd67a5c31d8351,AMC15-009,O:AMC260306C00001500,HOLDOUT,CALL,30,0.0,CONTINUATION,2026-02-06T17:15:00+00:00,2026-02-06T17:30:00+00:00,D10,260,1771866900000,,SCORED_WINDOW,191,0.2,0.19,-5.000000000000004,5.263157894736836,-84.21052631578947,-84.21052631578947,2,37,-85.0,-16.000000000000018,0.0,-85.0,True
OPT-LONG-c8fd67a5c31d8351:1770650100000,OPT-LONG-c8fd67a5c31d8351,AMC15-009,O:AMC260306C00001500,HOLDOUT,CALL,30,0.0,THESIS_PRESSURE,2026-02-09T15:15:00+00:00,2026-02-09T15:30:00+00:00,H1,4,1770653700000,,SCORED_WINDOW,4,0.14,0.14,0.0,7.14285714285714,0.0,0.0,3,1,-6.666666666666654,0.0,7.14285714285714,0.0,False
OPT-LONG-c8fd67a5c31d8351:1770650100000,OPT-LONG-c8fd67a5c31d8351,AMC15-009,O:AMC260306C00001500,HOLDOUT,CALL,30,0.0,THESIS_PRESSURE,2026-02-09T15:15:00+00:00,2026-02-09T15:30:00+00:00,D1,26,1770736500000,,SCORED_WINDOW,20,0.14,0.14,0.0,7.14285714285714,-21.42857142857143,-21.42857142857143,3,19,-26.66666666666666,-3.0000000000000018,7.14285714285714,-21.42857142857143,True
OPT-LONG-c8fd67a5c31d8351:1770650100000,OPT-LONG-c8fd67a5c31d8351,AMC15-009,O:AMC260306C00001500,HOLDOUT,CALL,30,0.0,THESIS_PRESSURE,2026-02-09T15:15:00+00:00,2026-02-09T15:30:00+00:00,D3,78,1770909300000,,SCORED_WINDOW,48,0.14,0.14,0.0,7.14285714285714,-78.57142857142858,-42.85714285714286,3,25,-46.666666666666664,-6.0000000000000036,7.14285714285714,-78.57142857142858,True
OPT-LONG-c8fd67a5c31d8351:1770650100000,OPT-LONG-c8fd67a5c31d8351,AMC15-009,O:AMC260306C00001500,HOLDOUT,CALL,30,0.0,THESIS_PRESSURE,2026-02-09T15:15:00+00:00,2026-02-09T15:30:00+00:00,D5,130,1771341300000,,SCORED_WINDOW,82,0.14,0.14,0.0,7.14285714285714,-78.57142857142858,-50.0,3,25,-53.33333333333332,-7.0000000000000036,7.14285714285714,-78.57142857142858,True
OPT-LONG-c8fd67a5c31d8351:1770650100000,OPT-LONG-c8fd67a5c31d8351,AMC15-009,O:AMC260306C00001500,HOLDOUT,CALL,30,0.0,THESIS_PRESSURE,2026-02-09T15:15:00+00:00,2026-02-09T15:30:00+00:00,D10,260,1771946100000,,SCORED_WINDOW,195,0.14,0.14,0.0,7.14285714285714,-78.57142857142858,-71.42857142857143,3,25,-73.33333333333334,-10.000000000000005,7.14285714285714,-78.57142857142858,True
OPT-LONG-c8fd67a5c31d8351:1770654600000,OPT-LONG-c8fd67a5c31d8351,AMC15-009,O:AMC260306C00001500,HOLDOUT,CALL,30,0.0,THESIS_PRESSURE,2026-02-09T16:30:00+00:00,2026-02-09T16:45:00+00:00,H1,4,1770658200000,,SCORED_WINDOW,3,0.14,0.15,7.14285714285714,0.0,-6.666666666666654,0.0,1,1,0.0,,7.14285714285714,0.0,False
OPT-LONG-c8fd67a5c31d8351:1770654600000,OPT-LONG-c8fd67a5c31d8351,AMC15-009,O:AMC260306C00001500,HOLDOUT,CALL,30,0.0,THESIS_PRESSURE,2026-02-09T16:30:00+00:00,2026-02-09T16:45:00+00:00,D1,26,1770741000000,,SCORED_WINDOW,19,0.14,0.15,7.14285714285714,0.0,-26.66666666666666,-13.33333333333333,1,14,-13.33333333333333,,7.14285714285714,-21.42857142857143,True
OPT-LONG-c8fd67a5c31d8351:1770654600000,OPT-LONG-c8fd67a5c31d8351,AMC15-009,O:AMC260306C00001500,HOLDOUT,CALL,30,0.0,THESIS_PRESSURE,2026-02-09T16:30:00+00:00,2026-02-09T16:45:00+00:00,D3,78,1770913800000,,SCORED_WINDOW,47,0.14,0.15,7.14285714285714,0.0,-80.0,-40.0,1,20,-40.0,,7.14285714285714,-78.57142857142858,True
OPT-LONG-c8fd67a5c31d8351:1770654600000,OPT-LONG-c8fd67a5c31d8351,AMC15-009,O:AMC260306C00001500,HOLDOUT,CALL,30,0.0,THESIS_PRESSURE,2026-02-09T16:30:00+00:00,2026-02-09T16:45:00+00:00,D5,130,1771345800000,,SCORED_WINDOW,82,0.14,0.15,7.14285714285714,0.0,-80.0,-53.33333333333332,1,20,-53.33333333333332,,7.14285714285714,-78.57142857142858,True
OPT-LONG-c8fd67a5c31d8351:1770654600000,OPT-LONG-c8fd67a5c31d8351,AMC15-009,O:AMC260306C00001500,HOLDOUT,CALL,30,0.0,THESIS_PRESSURE,2026-02-09T16:30:00+00:00,2026-02-09T16:45:00+00:00,D10,260,1771950600000,,SCORED_WINDOW,195,0.14,0.15,7.14285714285714,0.0,-80.0,-80.0,1,20,-80.0,,7.14285714285714,-78.57142857142858,True
OPT-LONG-c8fd67a5c31d8351:1770741000000,OPT-LONG-c8fd67a5c31d8351,AMC15-009,O:AMC260306C00001500,HOLDOUT,CALL,30,0.0,ENTRY_FORMING,2026-02-10T16:30:00+00:00,2026-02-10T16:45:00+00:00,H1,4,1770744600000,,SCORED_WINDOW,1,0.13,0.03,-76.92307692307693,333.33333333333337,0.0,333.33333333333337,1,1,0.0,1.0,0.0,-76.92307692307693,False
OPT-LONG-c8fd67a5c31d8351:1770741000000,OPT-LONG-c8fd67a5c31d8351,AMC15-009,O:AMC260306C00001500,HOLDOUT,CALL,30,0.0,ENTRY_FORMING,2026-02-10T16:30:00+00:00,2026-02-10T16:45:00+00:00,D1,26,1770827400000,,SCORED_WINDOW,15,0.13,0.03,-76.92307692307693,333.33333333333337,0.0,200.0,1,1,-30.76923076923077,0.6,0.0,-76.92307692307693,False
OPT-LONG-c8fd67a5c31d8351:1770741000000,OPT-LONG-c8fd67a5c31d8351,AMC15-009,O:AMC260306C00001500,HOLDOUT,CALL,30,0.0,ENTRY_FORMING,2026-02-10T16:30:00+00:00,2026-02-10T16:45:00+00:00,D3,78,1771000200000,,SCORED_WINDOW,44,0.13,0.03,-76.92307692307693,333.33333333333337,0.0,200.0,1,1,-30.76923076923077,0.6,0.0,-76.92307692307693,False
OPT-LONG-c8fd67a5c31d8351:1770741000000,OPT-LONG-c8fd67a5c31d8351,AMC15-009,O:AMC260306C00001500,HOLDOUT,CALL,30,0.0,ENTRY_FORMING,2026-02-10T16:30:00+00:00,2026-02-10T16:45:00+00:00,D5,130,1771432200000,,SCORED_WINDOW,88,0.13,0.03,-76.92307692307693,333.33333333333337,0.0,133.33333333333334,1,1,-46.153846153846146,0.39999999999999997,0.0,-76.92307692307693,False
OPT-LONG-c8fd67a5c31d8351:1770741000000,OPT-LONG-c8fd67a5c31d8351,AMC15-009,O:AMC260306C00001500,HOLDOUT,CALL,30,0.0,ENTRY_FORMING,2026-02-10T16:30:00+00:00,2026-02-10T16:45:00+00:00,D10,260,1772037000000,,SCORED_WINDOW,202,0.13,0.03,-76.92307692307693,333.33333333333337,-66.66666666666666,-33.33333333333333,1,199,-84.61538461538461,-0.09999999999999998,0.0,-92.3076923076923,True
OPT-LONG-c8fd67a5c31d8351:1770749100000,OPT-LONG-c8fd67a5c31d8351,AMC15-009,O:AMC260306C00001500,HOLDOUT,CALL,30,0.0,THESIS_PRESSURE,2026-02-10T18:45:00+00:00,2026-02-10T19:00:00+00:00,H1,4,1770752700000,,SCORED_WINDOW,2,0.12,0.13,8.333333333333348,0.0,-7.692307692307699,-7.692307692307699,1,2,-7.692307692307699,,8.333333333333348,0.0,True
OPT-LONG-c8fd67a5c31d8351:1770749100000,OPT-LONG-c8fd67a5c31d8351,AMC15-009,O:AMC260306C00001500,HOLDOUT,CALL,30,0.0,THESIS_PRESSURE,2026-02-10T18:45:00+00:00,2026-02-10T19:00:00+00:00,D1,26,1770835500000,,SCORED_WINDOW,13,0.12,0.13,8.333333333333348,0.0,-30.76923076923077,-30.76923076923077,1,8,-30.76923076923077,,8.333333333333348,-25.0,True
OPT-LONG-c8fd67a5c31d8351:1770749100000,OPT-LONG-c8fd67a5c31d8351,AMC15-009,O:AMC260306C00001500,HOLDOUT,CALL,30,0.0,THESIS_PRESSURE,2026-02-10T18:45:00+00:00,2026-02-10T19:00:00+00:00,D3,78,1771008300000,,SCORED_WINDOW,46,0.12,0.13,8.333333333333348,0.0,-38.46153846153846,-38.46153846153846,1,17,-38.46153846153846,,8.333333333333348,-33.33333333333333,True
OPT-LONG-c8fd67a5c31d8351:1770749100000,OPT-LONG-c8fd67a5c31d8351,AMC15-009,O:AMC260306C00001500,HOLDOUT,CALL,30,0.0,THESIS_PRESSURE,2026-02-10T18:45:00+00:00,2026-02-10T19:00:00+00:00,D5,130,1771440300000,,SCORED_WINDOW,88,0.12,0.13,8.333333333333348,0.0,-53.846153846153854,-46.153846153846146,1,57,-46.153846153846146,,8.333333333333348,-50.0,True
OPT-LONG-c8fd67a5c31d8351:1770749100000,OPT-LONG-c8fd67a5c31d8351,AMC15-009,O:AMC260306C00001500,HOLDOUT,CALL,30,0.0,THESIS_PRESSURE,2026-02-10T18:45:00+00:00,2026-02-10T19:00:00+00:00,D10,260,1772045100000,,SCORED_WINDOW,206,0.12,0.13,8.333333333333348,0.0,-92.3076923076923,-92.3076923076923,1,194,-92.3076923076923,,8.333333333333348,-91.66666666666666,True
OPT-LONG-c8fd67a5c31d8351:1770820200000,OPT-LONG-c8fd67a5c31d8351,AMC15-009,O:AMC260306C00001500,HOLDOUT,CALL,30,0.0,THESIS_PRESSURE,2026-02-11T14:30:00+00:00,2026-02-11T14:45:00+00:00,H1,4,1770823800000,,SCORED_WINDOW,4,0.11,0.11,0.0,0.0,-18.181818181818187,0.0,1,3,0.0,,0.0,-18.181818181818187,True
OPT-LONG-c8fd67a5c31d8351:1770820200000,OPT-LONG-c8fd67a5c31d8351,AMC15-009,O:AMC260306C00001500,HOLDOUT,CALL,30,0.0,THESIS_PRESSURE,2026-02-11T14:30:00+00:00,2026-02-11T14:45:00+00:00,D1,26,1770906600000,,SCORED_WINDOW,12,0.11,0.11,0.0,0.0,-27.27272727272727,-27.27272727272727,1,12,-27.27272727272727,,0.0,-27.27272727272727,True
OPT-LONG-c8fd67a5c31d8351:1770820200000,OPT-LONG-c8fd67a5c31d8351,AMC15-009,O:AMC260306C00001500,HOLDOUT,CALL,30,0.0,THESIS_PRESSURE,2026-02-11T14:30:00+00:00,2026-02-11T14:45:00+00:00,D3,78,1771338600000,,SCORED_WINDOW,45,0.11,0.11,0.0,0.0,-36.36363636363635,-36.36363636363635,1,43,-36.36363636363635,,0.0,-36.36363636363635,True
OPT-LONG-c8fd67a5c31d8351:1770820200000,OPT-LONG-c8fd67a5c31d8351,AMC15-009,O:AMC260306C00001500,HOLDOUT,CALL,30,0.0,THESIS_PRESSURE,2026-02-11T14:30:00+00:00,2026-02-11T14:45:00+00:00,D5,130,1771511400000,,SCORED_WINDOW,88,0.11,0.11,0.0,0.0,-54.54545454545454,-54.54545454545454,1,88,-54.54545454545454,,0.0,-54.54545454545454,True
OPT-LONG-c8fd67a5c31d8351:1770820200000,OPT-LONG-c8fd67a5c31d8351,AMC15-009,O:AMC260306C00001500,HOLDOUT,CALL,30,0.0,THESIS_PRESSURE,2026-02-11T14:30:00+00:00,2026-02-11T14:45:00+00:00,D10,260,1772116200000,,SCORED_WINDOW,210,0.11,0.11,0.0,0.0,-90.9090909090909,-81.81818181818181,1,189,-81.81818181818181,,0.0,-90.9090909090909,True
OPT-LONG-c8fd67a5c31d8351:1770821100000,OPT-LONG-c8fd67a5c31d8351,AMC15-009,O:AMC260306C00001500,HOLDOUT,CALL,30,0.0,THESIS_PRESSURE,2026-02-11T14:45:00+00:00,2026-02-11T15:00:00+00:00,H1,4,1770824700000,,SCORED_WINDOW,3,0.11,0.1,-9.090909090909083,9.999999999999986,-10.000000000000009,9.999999999999986,3,2,0.0,1.0,0.0,-18.181818181818187,False
OPT-LONG-c8fd67a5c31d8351:1770821100000,OPT-LONG-c8fd67a5c31d8351,AMC15-009,O:AMC260306C00001500,HOLDOUT,CALL,30,0.0,THESIS_PRESSURE,2026-02-11T14:45:00+00:00,2026-02-11T15:00:00+00:00,D1,26,1770907500000,,SCORED_WINDOW,12,0.11,0.1,-9.090909090909083,9.999999999999986,-20.000000000000007,0.0,3,11,-9.090909090909083,0.0,0.0,-27.27272727272727,True
OPT-LONG-c8fd67a5c31d8351:1770821100000,OPT-LONG-c8fd67a5c31d8351,AMC15-009,O:AMC260306C00001500,HOLDOUT,CALL,30,0.0,THESIS_PRESSURE,2026-02-11T14:45:00+00:00,2026-02-11T15:00:00+00:00,D3,78,1771339500000,,SCORED_WINDOW,45,0.11,0.1,-9.090909090909083,9.999999999999986,-29.999999999999993,-29.999999999999993,3,42,-36.36363636363635,-3.0000000000000036,0.0,-36.36363636363635,True
OPT-LONG-c8fd67a5c31d8351:1770821100000,OPT-LONG-c8fd67a5c31d8351,AMC15-009,O:AMC260306C00001500,HOLDOUT,CALL,30,0.0,THESIS_PRESSURE,2026-02-11T14:45:00+00:00,2026-02-11T15:00:00+00:00,D5,130,1771512300000,,SCORED_WINDOW,88,0.11,0.1,-9.090909090909083,9.999999999999986,-50.0,-40.0,3,87,-45.45454545454546,-4.000000000000005,0.0,-54.54545454545454,True
OPT-LONG-c8fd67a5c31d8351:1770821100000,OPT-LONG-c8fd67a5c31d8351,AMC15-009,O:AMC260306C00001500,HOLDOUT,CALL,30,0.0,THESIS_PRESSURE,2026-02-11T14:45:00+00:00,2026-02-11T15:00:00+00:00,D10,260,1772117100000,,SCORED_WINDOW,210,0.11,0.1,-9.090909090909083,9.999999999999986,-90.0,-80.0,3,188,-81.81818181818181,-8.00000000000001,0.0,-90.9090909090909,True
OPT-LONG-c8fd67a5c31d8351:1771426800000,OPT-LONG-c8fd67a5c31d8351,AMC15-009,O:AMC260306C00001500,HOLDOUT,CALL,30,0.0,ENTRY_FORMING,2026-02-18T15:00:00+00:00,2026-02-18T15:15:00+00:00,H1,4,1771430400000,,SCORED_WINDOW,4,0.07,0.07,0.0,14.28571428571428,0.0,0.0,1,1,-12.49999999999999,0.0,14.28571428571428,0.0,False
OPT-LONG-c8fd67a5c31d8351:1771426800000,OPT-LONG-c8fd67a5c31d8351,AMC15-009,O:AMC260306C00001500,HOLDOUT,CALL,30,0.0,ENTRY_FORMING,2026-02-18T15:00:00+00:00,2026-02-18T15:15:00+00:00,D1,26,1771513200000,,SCORED_WINDOW,18,0.07,0.07,0.0,14.28571428571428,-28.57142857142857,-28.57142857142857,1,16,-37.5,-2.000000000000001,14.28571428571428,-28.57142857142857,True
OPT-LONG-c8fd67a5c31d8351:1771426800000,OPT-LONG-c8fd67a5c31d8351,AMC15-009,O:AMC260306C00001500,HOLDOUT,CALL,30,0.0,ENTRY_FORMING,2026-02-18T15:00:00+00:00,2026-02-18T15:15:00+00:00,D3,78,1771858800000,,SCORED_WINDOW,64,0.07,0.07,0.0,14.28571428571428,-57.14285714285715,-57.14285714285715,1,44,-62.5,-4.000000000000003,14.28571428571428,-57.14285714285715,True
OPT-LONG-c8fd67a5c31d8351:1771426800000,OPT-LONG-c8fd67a5c31d8351,AMC15-009,O:AMC260306C00001500,HOLDOUT,CALL,30,0.0,ENTRY_FORMING,2026-02-18T15:00:00+00:00,2026-02-18T15:15:00+00:00,D5,130,1772031600000,,SCORED_WINDOW,114,0.07,0.07,0.0,14.28571428571428,-71.42857142857143,-71.42857142857143,1,100,-75.0,-5.000000000000003,14.28571428571428,-71.42857142857143,True
OPT-LONG-c8fd67a5c31d8351:1771426800000,OPT-LONG-c8fd67a5c31d8351,AMC15-009,O:AMC260306C00001500,HOLDOUT,CALL,30,0.0,ENTRY_FORMING,2026-02-18T15:00:00+00:00,2026-02-18T15:15:00+00:00,D10,260,1772636400000,,SCORED_WINDOW,185,0.07,0.07,0.0,14.28571428571428,-85.71428571428572,-85.71428571428572,1,117,-87.5,-6.0000000000000036,14.28571428571428,-85.71428571428572,True
OPT-LONG-c8fd67a5c31d8351:1771512300000,OPT-LONG-c8fd67a5c31d8351,AMC15-009,O:AMC260306C00001500,HOLDOUT,CALL,30,0.0,CONTINUATION,2026-02-19T14:45:00+00:00,2026-02-19T15:00:00+00:00,H1,4,1771515900000,,SCORED_WINDOW,3,0.06,0.06,0.0,0.0,-16.666666666666664,0.0,1,1,0.0,,0.0,-16.666666666666664,False
OPT-LONG-c8fd67a5c31d8351:1771512300000,OPT-LONG-c8fd67a5c31d8351,AMC15-009,O:AMC260306C00001500,HOLDOUT,CALL,30,0.0,CONTINUATION,2026-02-19T14:45:00+00:00,2026-02-19T15:00:00+00:00,D1,26,1771598700000,,SCORED_WINDOW,22,0.06,0.06,0.0,0.0,-33.33333333333333,-16.666666666666664,1,12,-16.666666666666664,,0.0,-33.33333333333333,True
OPT-LONG-c8fd67a5c31d8351:1771512300000,OPT-LONG-c8fd67a5c31d8351,AMC15-009,O:AMC260306C00001500,HOLDOUT,CALL,30,0.0,CONTINUATION,2026-02-19T14:45:00+00:00,2026-02-19T15:00:00+00:00,D3,78,1771944300000,,SCORED_WINDOW,70,0.06,0.06,0.0,0.0,-50.0,-50.0,1,27,-50.0,,0.0,-50.0,True
OPT-LONG-c8fd67a5c31d8351:1771512300000,OPT-LONG-c8fd67a5c31d8351,AMC15-009,O:AMC260306C00001500,HOLDOUT,CALL,30,0.0,CONTINUATION,2026-02-19T14:45:00+00:00,2026-02-19T15:00:00+00:00,D5,130,1772117100000,,SCORED_WINDOW,122,0.06,0.06,0.0,0.0,-83.33333333333333,-66.66666666666666,1,100,-66.66666666666666,,0.0,-83.33333333333333,True
OPT-LONG-c8fd67a5c31d8351:1771512300000,OPT-LONG-c8fd67a5c31d8351,AMC15-009,O:AMC260306C00001500,HOLDOUT,CALL,30,0.0,CONTINUATION,2026-02-19T14:45:00+00:00,2026-02-19T15:00:00+00:00,D10,260,1772721900000,,SCORED_WINDOW,168,0.06,0.06,0.0,0.0,-83.33333333333333,-83.33333333333333,1,100,-83.33333333333333,,0.0,-83.33333333333333,True
OPT-LONG-c8fd67a5c31d8351:1771520400000,OPT-LONG-c8fd67a5c31d8351,AMC15-009,O:AMC260306C00001500,HOLDOUT,CALL,30,0.0,THESIS_PRESSURE,2026-02-19T17:00:00+00:00,2026-02-19T17:15:00+00:00,H1,4,1771524000000,,SCORED_WINDOW,3,0.05,0.05,0.0,0.0,0.0,0.0,1,1,0.0,,0.0,0.0,False
OPT-LONG-c8fd67a5c31d8351:1771520400000,OPT-LONG-c8fd67a5c31d8351,AMC15-009,O:AMC260306C00001500,HOLDOUT,CALL,30,0.0,THESIS_PRESSURE,2026-02-19T17:00:00+00:00,2026-02-19T17:15:00+00:00,D1,26,1771606800000,,SCORED_WINDOW,23,0.05,0.05,0.0,19.999999999999996,-40.0,0.0,4,20,-16.666666666666664,0.0,19.999999999999996,-40.0,True
OPT-LONG-c8fd67a5c31d8351:1771520400000,OPT-LONG-c8fd67a5c31d8351,AMC15-009,O:AMC260306C00001500,HOLDOUT,CALL,30,0.0,THESIS_PRESSURE,2026-02-19T17:00:00+00:00,2026-02-19T17:15:00+00:00,D3,78,1771952400000,,SCORED_WINDOW,72,0.05,0.05,0.0,19.999999999999996,-40.0,-20.000000000000007,4,20,-33.33333333333333,-1.0000000000000004,19.999999999999996,-40.0,True
OPT-LONG-c8fd67a5c31d8351:1771520400000,OPT-LONG-c8fd67a5c31d8351,AMC15-009,O:AMC260306C00001500,HOLDOUT,CALL,30,0.0,THESIS_PRESSURE,2026-02-19T17:00:00+00:00,2026-02-19T17:15:00+00:00,D5,130,1772125200000,,SCORED_WINDOW,124,0.05,0.05,0.0,19.999999999999996,-80.0,-60.00000000000001,4,93,-66.66666666666666,-3.000000000000001,19.999999999999996,-80.0,True
OPT-LONG-c8fd67a5c31d8351:1771520400000,OPT-LONG-c8fd67a5c31d8351,AMC15-009,O:AMC260306C00001500,HOLDOUT,CALL,30,0.0,THESIS_PRESSURE,2026-02-19T17:00:00+00:00,2026-02-19T17:15:00+00:00,D10,260,1772730000000,,SCORED_WINDOW,161,0.05,0.05,0.0,19.999999999999996,-80.0,-80.0,4,93,-83.33333333333333,-4.000000000000001,19.999999999999996,-80.0,True
OPT-LONG-c8fd67a5c31d8351:1771524900000,OPT-LONG-c8fd67a5c31d8351,AMC15-009,O:AMC260306C00001500,HOLDOUT,CALL,30,0.0,THESIS_PRESSURE,2026-02-19T18:15:00+00:00,2026-02-19T18:30:00+00:00,H1,4,1771528500000,,SCORED_WINDOW,3,0.05,0.04,-20.000000000000007,25.0,0.0,25.0,2,1,0.0,1.0,0.0,-20.000000000000007,False
OPT-LONG-c8fd67a5c31d8351:1771524900000,OPT-LONG-c8fd67a5c31d8351,AMC15-009,O:AMC260306C00001500,HOLDOUT,CALL,30,0.0,THESIS_PRESSURE,2026-02-19T18:15:00+00:00,2026-02-19T18:30:00+00:00,D1,26,1771611300000,,SCORED_WINDOW,24,0.05,0.04,-20.000000000000007,50.0,-25.0,0.0,8,16,-33.33333333333333,0.0,19.999999999999996,-40.0,True
OPT-LONG-c8fd67a5c31d8351:1771524900000,OPT-LONG-c8fd67a5c31d8351,AMC15-009,O:AMC260306C00001500,HOLDOUT,CALL,30,0.0,THESIS_PRESSURE,2026-02-19T18:15:00+00:00,2026-02-19T18:30:00+00:00,D3,78,1771956900000,,SCORED_WINDOW,73,0.05,0.04,-20.000000000000007,50.0,-50.0,-25.0,8,72,-50.0,-0.5,19.999999999999996,-60.00000000000001,True
OPT-LONG-c8fd67a5c31d8351:1771524900000,OPT-LONG-c8fd67a5c31d8351,AMC15-009,O:AMC260306C00001500,HOLDOUT,CALL,30,0.0,THESIS_PRESSURE,2026-02-19T18:15:00+00:00,2026-02-19T18:30:00+00:00,D5,130,1772129700000,,SCORED_WINDOW,125,0.05,0.04,-20.000000000000007,50.0,-75.0,-75.0,8,89,-83.33333333333333,-1.5,19.999999999999996,-80.0,True
OPT-LONG-c8fd67a5c31d8351:1771524900000,OPT-LONG-c8fd67a5c31d8351,AMC15-009,O:AMC260306C00001500,HOLDOUT,CALL,30,0.0,THESIS_PRESSURE,2026-02-19T18:15:00+00:00,2026-02-19T18:30:00+00:00,D10,260,1772734500000,,SCORED_WINDOW,157,0.05,0.04,-20.000000000000007,50.0,-75.0,-75.0,8,89,-83.33333333333333,-1.5,19.999999999999996,-80.0,True
OPT-LONG-c8fd67a5c31d8351:1771532100000,OPT-LONG-c8fd67a5c31d8351,AMC15-009,O:AMC260306C00001500,HOLDOUT,CALL,30,0.0,CONTINUATION,2026-02-19T20:15:00+00:00,2026-02-19T20:30:00+00:00,H1,4,1771598700000,,SCORED_WINDOW,4,0.05,0.06,19.999999999999996,0.0,-33.33333333333333,-16.666666666666664,1,3,-16.666666666666664,,19.999999999999996,-20.000000000000007,True
OPT-LONG-c8fd67a5c31d8351:1771532100000,OPT-LONG-c8fd67a5c31d8351,AMC15-009,O:AMC260306C00001500,HOLDOUT,CALL,30,0.0,CONTINUATION,2026-02-19T20:15:00+00:00,2026-02-19T20:30:00+00:00,D1,26,1771618500000,,SCORED_WINDOW,24,0.05,0.06,19.999999999999996,0.0,-50.0,-16.666666666666664,1,9,-16.666666666666664,,19.999999999999996,-40.0,True
OPT-LONG-c8fd67a5c31d8351:1771532100000,OPT-LONG-c8fd67a5c31d8351,AMC15-009,O:AMC260306C00001500,HOLDOUT,CALL,30,0.0,CONTINUATION,2026-02-19T20:15:00+00:00,2026-02-19T20:30:00+00:00,D3,78,1771964100000,,SCORED_WINDOW,74,0.05,0.06,19.999999999999996,0.0,-66.66666666666666,-33.33333333333333,1,65,-33.33333333333333,,19.999999999999996,-60.00000000000001,True
OPT-LONG-c8fd67a5c31d8351:1771532100000,OPT-LONG-c8fd67a5c31d8351,AMC15-009,O:AMC260306C00001500,HOLDOUT,CALL,30,0.0,CONTINUATION,2026-02-19T20:15:00+00:00,2026-02-19T20:30:00+00:00,D5,130,1772136900000,,SCORED_WINDOW,125,0.05,0.06,19.999999999999996,0.0,-83.33333333333333,-83.33333333333333,1,82,-83.33333333333333,,19.999999999999996,-80.0,True
OPT-LONG-c8fd67a5c31d8351:1771532100000,OPT-LONG-c8fd67a5c31d8351,AMC15-009,O:AMC260306C00001500,HOLDOUT,CALL,30,0.0,CONTINUATION,2026-02-19T20:15:00+00:00,2026-02-19T20:30:00+00:00,D10,260,1772741700000,,SCORED_WINDOW,150,0.05,0.06,19.999999999999996,0.0,-83.33333333333333,-83.33333333333333,1,82,-83.33333333333333,,19.999999999999996,-80.0,True
OPT-LONG-c8fd67a5c31d8351:1771603200000,OPT-LONG-c8fd67a5c31d8351,AMC15-009,O:AMC260306C00001500,HOLDOUT,CALL,30,0.0,THESIS_PRESSURE,2026-02-20T16:00:00+00:00,2026-02-20T16:15:00+00:00,H1,4,1771606800000,,SCORED_WINDOW,3,0.03,0.05,66.66666666666667,0.0,-20.000000000000007,0.0,1,2,0.0,,66.66666666666667,33.33333333333335,True
OPT-LONG-c8fd67a5c31d8351:1771603200000,OPT-LONG-c8fd67a5c31d8351,AMC15-009,O:AMC260306C00001500,HOLDOUT,CALL,30,0.0,THESIS_PRESSURE,2026-02-20T16:00:00+00:00,2026-02-20T16:15:00+00:00,D1,26,1771862400000,,SCORED_WINDOW,24,0.03,0.05,66.66666666666667,0.0,-40.0,-40.0,1,18,-40.0,,66.66666666666667,0.0,True
OPT-LONG-c8fd67a5c31d8351:1771603200000,OPT-LONG-c8fd67a5c31d8351,AMC15-009,O:AMC260306C00001500,HOLDOUT,CALL,30,0.0,THESIS_PRESSURE,2026-02-20T16:00:00+00:00,2026-02-20T16:15:00+00:00,D3,78,1772035200000,,SCORED_WINDOW,74,0.03,0.05,66.66666666666667,0.0,-80.0,-80.0,1,73,-80.0,,66.66666666666667,-66.66666666666666,True
OPT-LONG-c8fd67a5c31d8351:1771603200000,OPT-LONG-c8fd67a5c31d8351,AMC15-009,O:AMC260306C00001500,HOLDOUT,CALL,30,0.0,THESIS_PRESSURE,2026-02-20T16:00:00+00:00,2026-02-20T16:15:00+00:00,D5,130,1772208000000,,SCORED_WINDOW,125,0.03,0.05,66.66666666666667,0.0,-80.0,-80.0,1,73,-80.0,,66.66666666666667,-66.66666666666666,True
OPT-LONG-c8fd67a5c31d8351:1771603200000,OPT-LONG-c8fd67a5c31d8351,AMC15-009,O:AMC260306C00001500,HOLDOUT,CALL,30,0.0,THESIS_PRESSURE,2026-02-20T16:00:00+00:00,2026-02-20T16:15:00+00:00,D10,260,1772812800000,,SCORED_WINDOW,141,0.03,0.05,66.66666666666667,0.0,-80.0,-80.0,1,73,-80.0,,66.66666666666667,-66.66666666666666,True
OPT-LONG-c8fd67a5c31d8351:1771606800000,OPT-LONG-c8fd67a5c31d8351,AMC15-009,O:AMC260306C00001500,HOLDOUT,CALL,30,0.0,THESIS_PRESSURE,2026-02-20T17:00:00+00:00,2026-02-20T17:15:00+00:00,H1,4,1771610400000,,SCORED_WINDOW,4,0.05,0.04,-20.000000000000007,0.0,0.0,0.0,1,1,0.0,,-20.000000000000007,-20.000000000000007,False
OPT-LONG-c8fd67a5c31d8351:1771606800000,OPT-LONG-c8fd67a5c31d8351,AMC15-009,O:AMC260306C00001500,HOLDOUT,CALL,30,0.0,THESIS_PRESSURE,2026-02-20T17:00:00+00:00,2026-02-20T17:15:00+00:00,D1,26,1771866000000,,SCORED_WINDOW,25,0.05,0.04,-20.000000000000007,25.0,-25.0,-25.0,7,15,-40.0,-1.0,0.0,-40.0,True
OPT-LONG-c8fd67a5c31d8351:1771606800000,OPT-LONG-c8fd67a5c31d8351,AMC15-009,O:AMC260306C00001500,HOLDOUT,CALL,30,0.0,THESIS_PRESSURE,2026-02-20T17:00:00+00:00,2026-02-20T17:15:00+00:00,D3,78,1772038800000,,SCORED_WINDOW,75,0.05,0.04,-20.000000000000007,25.0,-75.0,-75.0,7,70,-80.0,-3.0,0.0,-80.0,True
OPT-LONG-c8fd67a5c31d8351:1771606800000,OPT-LONG-c8fd67a5c31d8351,AMC15-009,O:AMC260306C00001500,HOLDOUT,CALL,30,0.0,THESIS_PRESSURE,2026-02-20T17:00:00+00:00,2026-02-20T17:15:00+00:00,D5,130,1772211600000,,SCORED_WINDOW,124,0.05,0.04,-20.000000000000007,25.0,-75.0,-75.0,7,70,-80.0,-3.0,0.0,-80.0,True
OPT-LONG-c8fd67a5c31d8351:1771606800000,OPT-LONG-c8fd67a5c31d8351,AMC15-009,O:AMC260306C00001500,HOLDOUT,CALL,30,0.0,THESIS_PRESSURE,2026-02-20T17:00:00+00:00,2026-02-20T17:15:00+00:00,D10,260,1772816400000,,SCORED_WINDOW,138,0.05,0.04,-20.000000000000007,25.0,-75.0,-75.0,7,70,-80.0,-3.0,0.0,-80.0,True
OPT-LONG-337a6d74e073a67f:1770398100000,OPT-LONG-337a6d74e073a67f,AMC15-009,O:AMC260220P00001500,HOLDOUT,PUT,14,0.0,CONTINUATION,2026-02-06T17:15:00+00:00,2026-02-06T17:30:00+00:00,H1,4,1770401700000,,SCORED_WINDOW,2,0.12,0.12,0.0,0.0,-16.666666666666664,-8.333333333333325,1,1,-8.333333333333325,,0.0,-16.666666666666664,False
OPT-LONG-337a6d74e073a67f:1770398100000,OPT-LONG-337a6d74e073a67f,AMC15-009,O:AMC260220P00001500,HOLDOUT,PUT,14,0.0,CONTINUATION,2026-02-06T17:15:00+00:00,2026-02-06T17:30:00+00:00,D1,26,1770657300000,,SCORED_WINDOW,15,0.12,0.12,0.0,83.33333333333334,-25.0,41.66666666666667,9,6,-22.72727272727272,0.5,83.33333333333334,-25.0,False
OPT-LONG-337a6d74e073a67f:1770398100000,OPT-LONG-337a6d74e073a67f,AMC15-009,O:AMC260220P00001500,HOLDOUT,PUT,14,0.0,CONTINUATION,2026-02-06T17:15:00+00:00,2026-02-06T17:30:00+00:00,D3,78,1770830100000,,SCORED_WINDOW,45,0.12,0.12,0.0,100.0,-25.0,91.66666666666667,37,6,-4.1666666666666625,0.9166666666666667,100.0,-25.0,False
OPT-LONG-337a6d74e073a67f:1770398100000,OPT-LONG-337a6d74e073a67f,AMC15-009,O:AMC260220P00001500,HOLDOUT,PUT,14,0.0,CONTINUATION,2026-02-06T17:15:00+00:00,2026-02-06T17:30:00+00:00,D5,130,1771002900000,,SCORED_WINDOW,81,0.12,0.12,0.0,166.66666666666669,-25.0,100.0,69,6,-25.0,0.6,166.66666666666669,-25.0,False
OPT-LONG-337a6d74e073a67f:1770398100000,OPT-LONG-337a6d74e073a67f,AMC15-009,O:AMC260220P00001500,HOLDOUT,PUT,14,0.0,CONTINUATION,2026-02-06T17:15:00+00:00,2026-02-06T17:30:00+00:00,D10,260,1771866900000,CONTRACT_EXPIRY,SCORED_RIGHT_CENSORED,89,0.12,0.12,0.0,166.66666666666669,-25.0,133.33333333333334,69,6,-12.49999999999999,0.7999999999999999,166.66666666666669,-25.0,False
OPT-LONG-337a6d74e073a67f:1770650100000,OPT-LONG-337a6d74e073a67f,AMC15-009,O:AMC260220P00001500,HOLDOUT,PUT,14,0.0,THESIS_PRESSURE,2026-02-09T15:15:00+00:00,2026-02-09T15:30:00+00:00,H1,4,1770653700000,,SCORED_WINDOW,2,0.18,0.18,0.0,0.0,-5.5555555555555465,0.0,1,2,0.0,,0.0,-5.5555555555555465,True
OPT-LONG-337a6d74e073a67f:1770650100000,OPT-LONG-337a6d74e073a67f,AMC15-009,O:AMC260220P00001500,HOLDOUT,PUT,14,0.0,THESIS_PRESSURE,2026-02-09T15:15:00+00:00,2026-02-09T15:30:00+00:00,D1,26,1770736500000,,SCORED_WINDOW,17,0.18,0.18,0.0,16.666666666666675,-11.111111111111105,11.111111111111116,15,3,-4.761904761904756,0.6666666666666666,16.666666666666675,-11.111111111111105,False
OPT-LONG-337a6d74e073a67f:1770650100000,OPT-LONG-337a6d74e073a67f,AMC15-009,O:AMC260220P00001500,HOLDOUT,PUT,14,0.0,THESIS_PRESSURE,2026-02-09T15:15:00+00:00,2026-02-09T15:30:00+00:00,D3,78,1770909300000,,SCORED_WINDOW,44,0.18,0.18,0.0,44.444444444444464,-11.111111111111105,44.444444444444464,42,3,0.0,1.0,44.444444444444464,-11.111111111111105,False
OPT-LONG-337a6d74e073a67f:1770650100000,OPT-LONG-337a6d74e073a67f,AMC15-009,O:AMC260220P00001500,HOLDOUT,PUT,14,0.0,THESIS_PRESSURE,2026-02-09T15:15:00+00:00,2026-02-09T15:30:00+00:00,D5,130,1771341300000,,SCORED_WINDOW,78,0.18,0.18,0.0,77.77777777777779,-11.111111111111105,55.55555555555558,58,3,-12.49999999999999,0.7142857142857145,77.77777777777779,-11.111111111111105,False
OPT-LONG-337a6d74e073a67f:1770650100000,OPT-LONG-337a6d74e073a67f,AMC15-009,O:AMC260220P00001500,HOLDOUT,PUT,14,0.0,THESIS_PRESSURE,2026-02-09T15:15:00+00:00,2026-02-09T15:30:00+00:00,D10,260,1771946100000,CONTRACT_EXPIRY,SCORED_RIGHT_CENSORED,78,0.18,0.18,0.0,77.77777777777779,-11.111111111111105,55.55555555555558,58,3,-12.49999999999999,0.7142857142857145,77.77777777777779,-11.111111111111105,False
OPT-LONG-337a6d74e073a67f:1770820200000,OPT-LONG-337a6d74e073a67f,AMC15-009,O:AMC260220P00001500,HOLDOUT,PUT,14,0.0,THESIS_PRESSURE,2026-02-11T14:30:00+00:00,2026-02-11T14:45:00+00:00,H1,4,1770823800000,,SCORED_WINDOW,4,0.21,0.21,0.0,14.28571428571428,0.0,0.0,1,1,-12.5,0.0,14.28571428571428,0.0,False
OPT-LONG-337a6d74e073a67f:1770820200000,OPT-LONG-337a6d74e073a67f,AMC15-009,O:AMC260220P00001500,HOLDOUT,PUT,14,0.0,THESIS_PRESSURE,2026-02-11T14:30:00+00:00,2026-02-11T14:45:00+00:00,D1,26,1770906600000,,SCORED_WINDOW,17,0.21,0.21,0.0,23.809523809523814,0.0,9.523809523809534,17,1,-11.538461538461542,0.40000000000000036,23.809523809523814,0.0,False
OPT-LONG-337a6d74e073a67f:1770820200000,OPT-LONG-337a6d74e073a67f,AMC15-009,O:AMC260220P00001500,HOLDOUT,PUT,14,0.0,THESIS_PRESSURE,2026-02-11T14:30:00+00:00,2026-02-11T14:45:00+00:00,D3,78,1771338600000,,SCORED_WINDOW,53,0.21,0.21,0.0,52.380952380952394,-4.761904761904756,33.33333333333335,33,39,-12.49999999999999,0.6363636363636366,52.380952380952394,-4.761904761904756,True
OPT-LONG-337a6d74e073a67f:1770820200000,OPT-LONG-337a6d74e073a67f,AMC15-009,O:AMC260220P00001500,HOLDOUT,PUT,14,0.0,THESIS_PRESSURE,2026-02-11T14:30:00+00:00,2026-02-11T14:45:00+00:00,D5,130,1771511400000,,SCORED_WINDOW,53,0.21,0.21,0.0,52.380952380952394,-4.761904761904756,33.33333333333335,33,39,-12.49999999999999,0.6363636363636366,52.380952380952394,-4.761904761904756,True
OPT-LONG-337a6d74e073a67f:1770820200000,OPT-LONG-337a6d74e073a67f,AMC15-009,O:AMC260220P00001500,HOLDOUT,PUT,14,0.0,THESIS_PRESSURE,2026-02-11T14:30:00+00:00,2026-02-11T14:45:00+00:00,D10,260,1772116200000,CONTRACT_EXPIRY,SCORED_RIGHT_CENSORED,53,0.21,0.21,0.0,52.380952380952394,-4.761904761904756,33.33333333333335,33,39,-12.49999999999999,0.6363636363636366,52.380952380952394,-4.761904761904756,True
OPT-LONG-337a6d74e073a67f:1770821100000,OPT-LONG-337a6d74e073a67f,AMC15-009,O:AMC260220P00001500,HOLDOUT,PUT,14,0.0,THESIS_PRESSURE,2026-02-11T14:45:00+00:00,2026-02-11T15:00:00+00:00,H1,4,1770824700000,,SCORED_WINDOW,3,0.22,0.23,4.545454545454541,4.347826086956519,-8.695652173913048,-8.695652173913048,1,3,-12.5,-2.0000000000000027,9.090909090909083,-4.545454545454552,True
OPT-LONG-337a6d74e073a67f:1770821100000,OPT-LONG-337a6d74e073a67f,AMC15-009,O:AMC260220P00001500,HOLDOUT,PUT,14,0.0,THESIS_PRESSURE,2026-02-11T14:45:00+00:00,2026-02-11T15:00:00+00:00,D1,26,1770907500000,,SCORED_WINDOW,17,0.22,0.23,4.545454545454541,13.043478260869556,-8.695652173913048,8.695652173913038,16,3,-3.8461538461538547,0.6666666666666667,18.181818181818187,-4.545454545454552,False
OPT-LONG-337a6d74e073a67f:1770821100000,OPT-LONG-337a6d74e073a67f,AMC15-009,O:AMC260220P00001500,HOLDOUT,PUT,14,0.0,THESIS_PRESSURE,2026-02-11T14:45:00+00:00,2026-02-11T15:00:00+00:00,D3,78,1771339500000,,SCORED_WINDOW,52,0.22,0.23,4.545454545454541,39.13043478260869,-13.043478260869568,21.739130434782616,32,38,-12.49999999999999,0.5555555555555559,45.45454545454546,-9.090909090909083,True
OPT-LONG-337a6d74e073a67f:1770821100000,OPT-LONG-337a6d74e073a67f,AMC15-009,O:AMC260220P00001500,HOLDOUT,PUT,14,0.0,THESIS_PRESSURE,2026-02-11T14:45:00+00:00,2026-02-11T15:00:00+00:00,D5,130,1771512300000,,SCORED_WINDOW,52,0.22,0.23,4.545454545454541,39.13043478260869,-13.043478260869568,21.739130434782616,32,38,-12.49999999999999,0.5555555555555559,45.45454545454546,-9.090909090909083,True
OPT-LONG-337a6d74e073a67f:1770821100000,OPT-LONG-337a6d74e073a67f,AMC15-009,O:AMC260220P00001500,HOLDOUT,PUT,14,0.0,THESIS_PRESSURE,2026-02-11T14:45:00+00:00,2026-02-11T15:00:00+00:00,D10,260,1772117100000,CONTRACT_EXPIRY,SCORED_RIGHT_CENSORED,52,0.22,0.23,4.545454545454541,39.13043478260869,-13.043478260869568,21.739130434782616,32,38,-12.49999999999999,0.5555555555555559,45.45454545454546,-9.090909090909083,True
OPT-LONG-3b8a07c5881290bf:1770650100000,OPT-LONG-3b8a07c5881290bf,AMC15-010,O:AMC260220C00001500,HOLDOUT,CALL,14,0.0,THESIS_PRESSURE,2026-02-09T15:15:00+00:00,2026-02-09T15:30:00+00:00,H1,4,1770653700000,,SCORED_WINDOW,4,0.05,0.05,0.0,0.0,-20.000000000000007,0.0,1,1,0.0,,0.0,-20.000000000000007,False
OPT-LONG-3b8a07c5881290bf:1770650100000,OPT-LONG-3b8a07c5881290bf,AMC15-010,O:AMC260220C00001500,HOLDOUT,CALL,14,0.0,THESIS_PRESSURE,2026-02-09T15:15:00+00:00,2026-02-09T15:30:00+00:00,D1,26,1770736500000,,SCORED_WINDOW,26,0.05,0.05,0.0,0.0,-40.0,-40.0,1,23,-40.0,,0.0,-40.0,True
OPT-LONG-3b8a07c5881290bf:1770650100000,OPT-LONG-3b8a07c5881290bf,AMC15-010,O:AMC260220C00001500,HOLDOUT,CALL,14,0.0,THESIS_PRESSURE,2026-02-09T15:15:00+00:00,2026-02-09T15:30:00+00:00,D3,78,1770909300000,,SCORED_WINDOW,77,0.05,0.05,0.0,19.999999999999996,-60.00000000000001,-60.00000000000001,28,48,-66.66666666666666,-3.000000000000001,19.999999999999996,-60.00000000000001,True
OPT-LONG-3b8a07c5881290bf:1770650100000,OPT-LONG-3b8a07c5881290bf,AMC15-010,O:AMC260220C00001500,HOLDOUT,CALL,14,0.0,THESIS_PRESSURE,2026-02-09T15:15:00+00:00,2026-02-09T15:30:00+00:00,D5,130,1771341300000,,SCORED_WINDOW,124,0.05,0.05,0.0,19.999999999999996,-80.0,-60.00000000000001,28,94,-66.66666666666666,-3.000000000000001,19.999999999999996,-80.0,True
OPT-LONG-3b8a07c5881290bf:1770650100000,OPT-LONG-3b8a07c5881290bf,AMC15-010,O:AMC260220C00001500,HOLDOUT,CALL,14,0.0,THESIS_PRESSURE,2026-02-09T15:15:00+00:00,2026-02-09T15:30:00+00:00,D10,260,1771946100000,CONTRACT_EXPIRY,SCORED_RIGHT_CENSORED,124,0.05,0.05,0.0,19.999999999999996,-80.0,-60.00000000000001,28,94,-66.66666666666666,-3.000000000000001,19.999999999999996,-80.0,True
OPT-LONG-3b8a07c5881290bf:1770654600000,OPT-LONG-3b8a07c5881290bf,AMC15-010,O:AMC260220C00001500,HOLDOUT,CALL,14,0.0,THESIS_PRESSURE,2026-02-09T16:30:00+00:00,2026-02-09T16:45:00+00:00,H1,4,1770658200000,,SCORED_WINDOW,4,0.05,0.05,0.0,0.0,-20.000000000000007,0.0,1,3,0.0,,0.0,-20.000000000000007,True
OPT-LONG-3b8a07c5881290bf:1770654600000,OPT-LONG-3b8a07c5881290bf,AMC15-010,O:AMC260220C00001500,HOLDOUT,CALL,14,0.0,THESIS_PRESSURE,2026-02-09T16:30:00+00:00,2026-02-09T16:45:00+00:00,D1,26,1770741000000,,SCORED_WINDOW,26,0.05,0.05,0.0,19.999999999999996,-40.0,-20.000000000000007,23,18,-33.33333333333333,-1.0000000000000004,19.999999999999996,-40.0,False
OPT-LONG-3b8a07c5881290bf:1770654600000,OPT-LONG-3b8a07c5881290bf,AMC15-010,O:AMC260220C00001500,HOLDOUT,CALL,14,0.0,THESIS_PRESSURE,2026-02-09T16:30:00+00:00,2026-02-09T16:45:00+00:00,D3,78,1770913800000,,SCORED_WINDOW,76,0.05,0.05,0.0,19.999999999999996,-60.00000000000001,-40.0,23,43,-50.0,-2.0000000000000004,19.999999999999996,-60.00000000000001,True
OPT-LONG-3b8a07c5881290bf:1770654600000,OPT-LONG-3b8a07c5881290bf,AMC15-010,O:AMC260220C00001500,HOLDOUT,CALL,14,0.0,THESIS_PRESSURE,2026-02-09T16:30:00+00:00,2026-02-09T16:45:00+00:00,D5,130,1771345800000,,SCORED_WINDOW,119,0.05,0.05,0.0,19.999999999999996,-80.0,-60.00000000000001,23,89,-66.66666666666666,-3.000000000000001,19.999999999999996,-80.0,True
OPT-LONG-3b8a07c5881290bf:1770654600000,OPT-LONG-3b8a07c5881290bf,AMC15-010,O:AMC260220C00001500,HOLDOUT,CALL,14,0.0,THESIS_PRESSURE,2026-02-09T16:30:00+00:00,2026-02-09T16:45:00+00:00,D10,260,1771950600000,CONTRACT_EXPIRY,SCORED_RIGHT_CENSORED,119,0.05,0.05,0.0,19.999999999999996,-80.0,-60.00000000000001,23,89,-66.66666666666666,-3.000000000000001,19.999999999999996,-80.0,True
OPT-LONG-3b8a07c5881290bf:1770741000000,OPT-LONG-3b8a07c5881290bf,AMC15-010,O:AMC260220C00001500,HOLDOUT,CALL,14,0.0,ENTRY_FORMING,2026-02-10T16:30:00+00:00,2026-02-10T16:45:00+00:00,H1,4,1770744600000,,SCORED_WINDOW,4,0.04,0.04,0.0,25.0,0.0,0.0,1,1,-20.000000000000007,0.0,25.0,0.0,False
OPT-LONG-3b8a07c5881290bf:1770741000000,OPT-LONG-3b8a07c5881290bf,AMC15-010,O:AMC260220C00001500,HOLDOUT,CALL,14,0.0,ENTRY_FORMING,2026-02-10T16:30:00+00:00,2026-02-10T16:45:00+00:00,D1,26,1770827400000,,SCORED_WINDOW,25,0.04,0.04,0.0,25.0,-50.0,-25.0,1,17,-40.0,-1.0,25.0,-50.0,True
OPT-LONG-3b8a07c5881290bf:1770741000000,OPT-LONG-3b8a07c5881290bf,AMC15-010,O:AMC260220C00001500,HOLDOUT,CALL,14,0.0,ENTRY_FORMING,2026-02-10T16:30:00+00:00,2026-02-10T16:45:00+00:00,D3,78,1771000200000,,SCORED_WINDOW,76,0.04,0.04,0.0,25.0,-75.0,-25.0,1,63,-40.0,-1.0,25.0,-75.0,True
OPT-LONG-3b8a07c5881290bf:1770741000000,OPT-LONG-3b8a07c5881290bf,AMC15-010,O:AMC260220C00001500,HOLDOUT,CALL,14,0.0,ENTRY_FORMING,2026-02-10T16:30:00+00:00,2026-02-10T16:45:00+00:00,D5,130,1771432200000,,SCORED_WINDOW,93,0.04,0.04,0.0,25.0,-75.0,-50.0,1,63,-60.00000000000001,-2.0,25.0,-75.0,True
OPT-LONG-3b8a07c5881290bf:1770741000000,OPT-LONG-3b8a07c5881290bf,AMC15-010,O:AMC260220C00001500,HOLDOUT,CALL,14,0.0,ENTRY_FORMING,2026-02-10T16:30:00+00:00,2026-02-10T16:45:00+00:00,D10,260,1772037000000,CONTRACT_EXPIRY,SCORED_RIGHT_CENSORED,93,0.04,0.04,0.0,25.0,-75.0,-50.0,1,63,-60.00000000000001,-2.0,25.0,-75.0,True
OPT-LONG-3b8a07c5881290bf:1770749100000,OPT-LONG-3b8a07c5881290bf,AMC15-010,O:AMC260220C00001500,HOLDOUT,CALL,14,0.0,THESIS_PRESSURE,2026-02-10T18:45:00+00:00,2026-02-10T19:00:00+00:00,H1,4,1770752700000,,SCORED_WINDOW,3,0.04,0.04,0.0,0.0,-25.0,-25.0,1,3,-25.0,,0.0,-25.0,True
OPT-LONG-3b8a07c5881290bf:1770749100000,OPT-LONG-3b8a07c5881290bf,AMC15-010,O:AMC260220C00001500,HOLDOUT,CALL,14,0.0,THESIS_PRESSURE,2026-02-10T18:45:00+00:00,2026-02-10T19:00:00+00:00,D1,26,1770835500000,,SCORED_WINDOW,25,0.04,0.04,0.0,25.0,-50.0,-50.0,8,8,-60.00000000000001,-2.0,25.0,-50.0,False
OPT-LONG-3b8a07c5881290bf:1770749100000,OPT-LONG-3b8a07c5881290bf,AMC15-010,O:AMC260220C00001500,HOLDOUT,CALL,14,0.0,THESIS_PRESSURE,2026-02-10T18:45:00+00:00,2026-02-10T19:00:00+00:00,D3,78,1771008300000,,SCORED_WINDOW,76,0.04,0.04,0.0,25.0,-75.0,-25.0,8,54,-40.0,-1.0,25.0,-75.0,True
OPT-LONG-3b8a07c5881290bf:1770749100000,OPT-LONG-3b8a07c5881290bf,AMC15-010,O:AMC260220C00001500,HOLDOUT,CALL,14,0.0,THESIS_PRESSURE,2026-02-10T18:45:00+00:00,2026-02-10T19:00:00+00:00,D5,130,1771440300000,,SCORED_WINDOW,84,0.04,0.04,0.0,25.0,-75.0,-50.0,8,54,-60.00000000000001,-2.0,25.0,-75.0,True
OPT-LONG-3b8a07c5881290bf:1770749100000,OPT-LONG-3b8a07c5881290bf,AMC15-010,O:AMC260220C00001500,HOLDOUT,CALL,14,0.0,THESIS_PRESSURE,2026-02-10T18:45:00+00:00,2026-02-10T19:00:00+00:00,D10,260,1772045100000,CONTRACT_EXPIRY,SCORED_RIGHT_CENSORED,84,0.04,0.04,0.0,25.0,-75.0,-50.0,8,54,-60.00000000000001,-2.0,25.0,-75.0,True
OPT-LONG-3b8a07c5881290bf:1770820200000,OPT-LONG-3b8a07c5881290bf,AMC15-010,O:AMC260220C00001500,HOLDOUT,CALL,14,0.0,THESIS_PRESSURE,2026-02-11T14:30:00+00:00,2026-02-11T14:45:00+00:00,H1,4,1770823800000,,SCORED_WINDOW,4,0.03,0.03,0.0,0.0,-33.33333333333333,-33.33333333333333,1,1,-33.33333333333333,,0.0,-33.33333333333333,False
OPT-LONG-3b8a07c5881290bf:1770820200000,OPT-LONG-3b8a07c5881290bf,AMC15-010,O:AMC260220C00001500,HOLDOUT,CALL,14,0.0,THESIS_PRESSURE,2026-02-11T14:30:00+00:00,2026-02-11T14:45:00+00:00,D1,26,1770906600000,,SCORED_WINDOW,26,0.03,0.03,0.0,0.0,-33.33333333333333,0.0,1,1,0.0,,0.0,-33.33333333333333,False
OPT-LONG-3b8a07c5881290bf:1770820200000,OPT-LONG-3b8a07c5881290bf,AMC15-010,O:AMC260220C00001500,HOLDOUT,CALL,14,0.0,THESIS_PRESSURE,2026-02-11T14:30:00+00:00,2026-02-11T14:45:00+00:00,D3,78,1771338600000,,SCORED_WINDOW,76,0.03,0.03,0.0,33.33333333333335,-66.66666666666666,-33.33333333333333,70,46,-50.0,-0.9999999999999993,33.33333333333335,-66.66666666666666,False
OPT-LONG-3b8a07c5881290bf:1770820200000,OPT-LONG-3b8a07c5881290bf,AMC15-010,O:AMC260220C00001500,HOLDOUT,CALL,14,0.0,THESIS_PRESSURE,2026-02-11T14:30:00+00:00,2026-02-11T14:45:00+00:00,D5,130,1771511400000,,SCORED_WINDOW,76,0.03,0.03,0.0,33.33333333333335,-66.66666666666666,-33.33333333333333,70,46,-50.0,-0.9999999999999993,33.33333333333335,-66.66666666666666,False
OPT-LONG-3b8a07c5881290bf:1770820200000,OPT-LONG-3b8a07c5881290bf,AMC15-010,O:AMC260220C00001500,HOLDOUT,CALL,14,0.0,THESIS_PRESSURE,2026-02-11T14:30:00+00:00,2026-02-11T14:45:00+00:00,D10,260,1772116200000,CONTRACT_EXPIRY,SCORED_RIGHT_CENSORED,76,0.03,0.03,0.0,33.33333333333335,-66.66666666666666,-33.33333333333333,70,46,-50.0,-0.9999999999999993,33.33333333333335,-66.66666666666666,False
OPT-LONG-3b8a07c5881290bf:1770821100000,OPT-LONG-3b8a07c5881290bf,AMC15-010,O:AMC260220C00001500,HOLDOUT,CALL,14,0.0,THESIS_PRESSURE,2026-02-11T14:45:00+00:00,2026-02-11T15:00:00+00:00,H1,4,1770824700000,,SCORED_WINDOW,4,0.02,0.02,0.0,50.0,0.0,50.0,1,1,0.0,1.0,50.0,0.0,False
OPT-LONG-3b8a07c5881290bf:1770821100000,OPT-LONG-3b8a07c5881290bf,AMC15-010,O:AMC260220C00001500,HOLDOUT,CALL,14,0.0,THESIS_PRESSURE,2026-02-11T14:45:00+00:00,2026-02-11T15:00:00+00:00,D1,26,1770907500000,,SCORED_WINDOW,26,0.02,0.02,0.0,50.0,0.0,50.0,1,1,0.0,1.0,50.0,0.0,False
OPT-LONG-3b8a07c5881290bf:1770821100000,OPT-LONG-3b8a07c5881290bf,AMC15-010,O:AMC260220C00001500,HOLDOUT,CALL,14,0.0,THESIS_PRESSURE,2026-02-11T14:45:00+00:00,2026-02-11T15:00:00+00:00,D3,78,1771339500000,,SCORED_WINDOW,75,0.02,0.02,0.0,100.0,-50.0,0.0,69,45,-50.0,0.0,100.0,-50.0,False
OPT-LONG-3b8a07c5881290bf:1770821100000,OPT-LONG-3b8a07c5881290bf,AMC15-010,O:AMC260220C00001500,HOLDOUT,CALL,14,0.0,THESIS_PRESSURE,2026-02-11T14:45:00+00:00,2026-02-11T15:00:00+00:00,D5,130,1771512300000,,SCORED_WINDOW,75,0.02,0.02,0.0,100.0,-50.0,0.0,69,45,-50.0,0.0,100.0,-50.0,False
OPT-LONG-3b8a07c5881290bf:1770821100000,OPT-LONG-3b8a07c5881290bf,AMC15-010,O:AMC260220C00001500,HOLDOUT,CALL,14,0.0,THESIS_PRESSURE,2026-02-11T14:45:00+00:00,2026-02-11T15:00:00+00:00,D10,260,1772117100000,CONTRACT_EXPIRY,SCORED_RIGHT_CENSORED,75,0.02,0.02,0.0,100.0,-50.0,0.0,69,45,-50.0,0.0,100.0,-50.0,False
OPT-LONG-803d4b5769c04927:1770650100000,OPT-LONG-803d4b5769c04927,AMC15-010,O:AMC260306C00001500,HOLDOUT,CALL,30,0.0,THESIS_PRESSURE,2026-02-09T15:15:00+00:00,2026-02-09T15:30:00+00:00,H1,4,1770653700000,,SCORED_WINDOW,4,0.14,0.14,0.0,7.14285714285714,0.0,0.0,3,1,-6.666666666666654,0.0,7.14285714285714,0.0,False
OPT-LONG-803d4b5769c04927:1770650100000,OPT-LONG-803d4b5769c04927,AMC15-010,O:AMC260306C00001500,HOLDOUT,CALL,30,0.0,THESIS_PRESSURE,2026-02-09T15:15:00+00:00,2026-02-09T15:30:00+00:00,D1,26,1770736500000,,SCORED_WINDOW,20,0.14,0.14,0.0,7.14285714285714,-21.42857142857143,-21.42857142857143,3,19,-26.66666666666666,-3.0000000000000018,7.14285714285714,-21.42857142857143,True
OPT-LONG-803d4b5769c04927:1770650100000,OPT-LONG-803d4b5769c04927,AMC15-010,O:AMC260306C00001500,HOLDOUT,CALL,30,0.0,THESIS_PRESSURE,2026-02-09T15:15:00+00:00,2026-02-09T15:30:00+00:00,D3,78,1770909300000,,SCORED_WINDOW,48,0.14,0.14,0.0,7.14285714285714,-78.57142857142858,-42.85714285714286,3,25,-46.666666666666664,-6.0000000000000036,7.14285714285714,-78.57142857142858,True
OPT-LONG-803d4b5769c04927:1770650100000,OPT-LONG-803d4b5769c04927,AMC15-010,O:AMC260306C00001500,HOLDOUT,CALL,30,0.0,THESIS_PRESSURE,2026-02-09T15:15:00+00:00,2026-02-09T15:30:00+00:00,D5,130,1771341300000,,SCORED_WINDOW,82,0.14,0.14,0.0,7.14285714285714,-78.57142857142858,-50.0,3,25,-53.33333333333332,-7.0000000000000036,7.14285714285714,-78.57142857142858,True
OPT-LONG-803d4b5769c04927:1770650100000,OPT-LONG-803d4b5769c04927,AMC15-010,O:AMC260306C00001500,HOLDOUT,CALL,30,0.0,THESIS_PRESSURE,2026-02-09T15:15:00+00:00,2026-02-09T15:30:00+00:00,D10,260,1771946100000,,SCORED_WINDOW,195,0.14,0.14,0.0,7.14285714285714,-78.57142857142858,-71.42857142857143,3,25,-73.33333333333334,-10.000000000000005,7.14285714285714,-78.57142857142858,True
OPT-LONG-803d4b5769c04927:1770654600000,OPT-LONG-803d4b5769c04927,AMC15-010,O:AMC260306C00001500,HOLDOUT,CALL,30,0.0,THESIS_PRESSURE,2026-02-09T16:30:00+00:00,2026-02-09T16:45:00+00:00,H1,4,1770658200000,,SCORED_WINDOW,3,0.14,0.15,7.14285714285714,0.0,-6.666666666666654,0.0,1,1,0.0,,7.14285714285714,0.0,False
OPT-LONG-803d4b5769c04927:1770654600000,OPT-LONG-803d4b5769c04927,AMC15-010,O:AMC260306C00001500,HOLDOUT,CALL,30,0.0,THESIS_PRESSURE,2026-02-09T16:30:00+00:00,2026-02-09T16:45:00+00:00,D1,26,1770741000000,,SCORED_WINDOW,19,0.14,0.15,7.14285714285714,0.0,-26.66666666666666,-13.33333333333333,1,14,-13.33333333333333,,7.14285714285714,-21.42857142857143,True
OPT-LONG-803d4b5769c04927:1770654600000,OPT-LONG-803d4b5769c04927,AMC15-010,O:AMC260306C00001500,HOLDOUT,CALL,30,0.0,THESIS_PRESSURE,2026-02-09T16:30:00+00:00,2026-02-09T16:45:00+00:00,D3,78,1770913800000,,SCORED_WINDOW,47,0.14,0.15,7.14285714285714,0.0,-80.0,-40.0,1,20,-40.0,,7.14285714285714,-78.57142857142858,True
OPT-LONG-803d4b5769c04927:1770654600000,OPT-LONG-803d4b5769c04927,AMC15-010,O:AMC260306C00001500,HOLDOUT,CALL,30,0.0,THESIS_PRESSURE,2026-02-09T16:30:00+00:00,2026-02-09T16:45:00+00:00,D5,130,1771345800000,,SCORED_WINDOW,82,0.14,0.15,7.14285714285714,0.0,-80.0,-53.33333333333332,1,20,-53.33333333333332,,7.14285714285714,-78.57142857142858,True
OPT-LONG-803d4b5769c04927:1770654600000,OPT-LONG-803d4b5769c04927,AMC15-010,O:AMC260306C00001500,HOLDOUT,CALL,30,0.0,THESIS_PRESSURE,2026-02-09T16:30:00+00:00,2026-02-09T16:45:00+00:00,D10,260,1771950600000,,SCORED_WINDOW,195,0.14,0.15,7.14285714285714,0.0,-80.0,-80.0,1,20,-80.0,,7.14285714285714,-78.57142857142858,True
OPT-LONG-803d4b5769c04927:1770741000000,OPT-LONG-803d4b5769c04927,AMC15-010,O:AMC260306C00001500,HOLDOUT,CALL,30,0.0,ENTRY_FORMING,2026-02-10T16:30:00+00:00,2026-02-10T16:45:00+00:00,H1,4,1770744600000,,SCORED_WINDOW,1,0.13,0.03,-76.92307692307693,333.33333333333337,0.0,333.33333333333337,1,1,0.0,1.0,0.0,-76.92307692307693,False
OPT-LONG-803d4b5769c04927:1770741000000,OPT-LONG-803d4b5769c04927,AMC15-010,O:AMC260306C00001500,HOLDOUT,CALL,30,0.0,ENTRY_FORMING,2026-02-10T16:30:00+00:00,2026-02-10T16:45:00+00:00,D1,26,1770827400000,,SCORED_WINDOW,15,0.13,0.03,-76.92307692307693,333.33333333333337,0.0,200.0,1,1,-30.76923076923077,0.6,0.0,-76.92307692307693,False
OPT-LONG-803d4b5769c04927:1770741000000,OPT-LONG-803d4b5769c04927,AMC15-010,O:AMC260306C00001500,HOLDOUT,CALL,30,0.0,ENTRY_FORMING,2026-02-10T16:30:00+00:00,2026-02-10T16:45:00+00:00,D3,78,1771000200000,,SCORED_WINDOW,44,0.13,0.03,-76.92307692307693,333.33333333333337,0.0,200.0,1,1,-30.76923076923077,0.6,0.0,-76.92307692307693,False
OPT-LONG-803d4b5769c04927:1770741000000,OPT-LONG-803d4b5769c04927,AMC15-010,O:AMC260306C00001500,HOLDOUT,CALL,30,0.0,ENTRY_FORMING,2026-02-10T16:30:00+00:00,2026-02-10T16:45:00+00:00,D5,130,1771432200000,,SCORED_WINDOW,88,0.13,0.03,-76.92307692307693,333.33333333333337,0.0,133.33333333333334,1,1,-46.153846153846146,0.39999999999999997,0.0,-76.92307692307693,False
OPT-LONG-803d4b5769c04927:1770741000000,OPT-LONG-803d4b5769c04927,AMC15-010,O:AMC260306C00001500,HOLDOUT,CALL,30,0.0,ENTRY_FORMING,2026-02-10T16:30:00+00:00,2026-02-10T16:45:00+00:00,D10,260,1772037000000,,SCORED_WINDOW,202,0.13,0.03,-76.92307692307693,333.33333333333337,-66.66666666666666,-33.33333333333333,1,199,-84.61538461538461,-0.09999999999999998,0.0,-92.3076923076923,True
OPT-LONG-803d4b5769c04927:1770749100000,OPT-LONG-803d4b5769c04927,AMC15-010,O:AMC260306C00001500,HOLDOUT,CALL,30,0.0,THESIS_PRESSURE,2026-02-10T18:45:00+00:00,2026-02-10T19:00:00+00:00,H1,4,1770752700000,,SCORED_WINDOW,2,0.12,0.13,8.333333333333348,0.0,-7.692307692307699,-7.692307692307699,1,2,-7.692307692307699,,8.333333333333348,0.0,True
OPT-LONG-803d4b5769c04927:1770749100000,OPT-LONG-803d4b5769c04927,AMC15-010,O:AMC260306C00001500,HOLDOUT,CALL,30,0.0,THESIS_PRESSURE,2026-02-10T18:45:00+00:00,2026-02-10T19:00:00+00:00,D1,26,1770835500000,,SCORED_WINDOW,13,0.12,0.13,8.333333333333348,0.0,-30.76923076923077,-30.76923076923077,1,8,-30.76923076923077,,8.333333333333348,-25.0,True
OPT-LONG-803d4b5769c04927:1770749100000,OPT-LONG-803d4b5769c04927,AMC15-010,O:AMC260306C00001500,HOLDOUT,CALL,30,0.0,THESIS_PRESSURE,2026-02-10T18:45:00+00:00,2026-02-10T19:00:00+00:00,D3,78,1771008300000,,SCORED_WINDOW,46,0.12,0.13,8.333333333333348,0.0,-38.46153846153846,-38.46153846153846,1,17,-38.46153846153846,,8.333333333333348,-33.33333333333333,True
OPT-LONG-803d4b5769c04927:1770749100000,OPT-LONG-803d4b5769c04927,AMC15-010,O:AMC260306C00001500,HOLDOUT,CALL,30,0.0,THESIS_PRESSURE,2026-02-10T18:45:00+00:00,2026-02-10T19:00:00+00:00,D5,130,1771440300000,,SCORED_WINDOW,88,0.12,0.13,8.333333333333348,0.0,-53.846153846153854,-46.153846153846146,1,57,-46.153846153846146,,8.333333333333348,-50.0,True
OPT-LONG-803d4b5769c04927:1770749100000,OPT-LONG-803d4b5769c04927,AMC15-010,O:AMC260306C00001500,HOLDOUT,CALL,30,0.0,THESIS_PRESSURE,2026-02-10T18:45:00+00:00,2026-02-10T19:00:00+00:00,D10,260,1772045100000,,SCORED_WINDOW,206,0.12,0.13,8.333333333333348,0.0,-92.3076923076923,-92.3076923076923,1,194,-92.3076923076923,,8.333333333333348,-91.66666666666666,True
OPT-LONG-803d4b5769c04927:1770820200000,OPT-LONG-803d4b5769c04927,AMC15-010,O:AMC260306C00001500,HOLDOUT,CALL,30,0.0,THESIS_PRESSURE,2026-02-11T14:30:00+00:00,2026-02-11T14:45:00+00:00,H1,4,1770823800000,,SCORED_WINDOW,4,0.11,0.11,0.0,0.0,-18.181818181818187,0.0,1,3,0.0,,0.0,-18.181818181818187,True
OPT-LONG-803d4b5769c04927:1770820200000,OPT-LONG-803d4b5769c04927,AMC15-010,O:AMC260306C00001500,HOLDOUT,CALL,30,0.0,THESIS_PRESSURE,2026-02-11T14:30:00+00:00,2026-02-11T14:45:00+00:00,D1,26,1770906600000,,SCORED_WINDOW,12,0.11,0.11,0.0,0.0,-27.27272727272727,-27.27272727272727,1,12,-27.27272727272727,,0.0,-27.27272727272727,True
OPT-LONG-803d4b5769c04927:1770820200000,OPT-LONG-803d4b5769c04927,AMC15-010,O:AMC260306C00001500,HOLDOUT,CALL,30,0.0,THESIS_PRESSURE,2026-02-11T14:30:00+00:00,2026-02-11T14:45:00+00:00,D3,78,1771338600000,,SCORED_WINDOW,45,0.11,0.11,0.0,0.0,-36.36363636363635,-36.36363636363635,1,43,-36.36363636363635,,0.0,-36.36363636363635,True
OPT-LONG-803d4b5769c04927:1770820200000,OPT-LONG-803d4b5769c04927,AMC15-010,O:AMC260306C00001500,HOLDOUT,CALL,30,0.0,THESIS_PRESSURE,2026-02-11T14:30:00+00:00,2026-02-11T14:45:00+00:00,D5,130,1771511400000,,SCORED_WINDOW,88,0.11,0.11,0.0,0.0,-54.54545454545454,-54.54545454545454,1,88,-54.54545454545454,,0.0,-54.54545454545454,True
OPT-LONG-803d4b5769c04927:1770820200000,OPT-LONG-803d4b5769c04927,AMC15-010,O:AMC260306C00001500,HOLDOUT,CALL,30,0.0,THESIS_PRESSURE,2026-02-11T14:30:00+00:00,2026-02-11T14:45:00+00:00,D10,260,1772116200000,,SCORED_WINDOW,210,0.11,0.11,0.0,0.0,-90.9090909090909,-81.81818181818181,1,189,-81.81818181818181,,0.0,-90.9090909090909,True
OPT-LONG-803d4b5769c04927:1770821100000,OPT-LONG-803d4b5769c04927,AMC15-010,O:AMC260306C00001500,HOLDOUT,CALL,30,0.0,THESIS_PRESSURE,2026-02-11T14:45:00+00:00,2026-02-11T15:00:00+00:00,H1,4,1770824700000,,SCORED_WINDOW,3,0.11,0.1,-9.090909090909083,9.999999999999986,-10.000000000000009,9.999999999999986,3,2,0.0,1.0,0.0,-18.181818181818187,False
OPT-LONG-803d4b5769c04927:1770821100000,OPT-LONG-803d4b5769c04927,AMC15-010,O:AMC260306C00001500,HOLDOUT,CALL,30,0.0,THESIS_PRESSURE,2026-02-11T14:45:00+00:00,2026-02-11T15:00:00+00:00,D1,26,1770907500000,,SCORED_WINDOW,12,0.11,0.1,-9.090909090909083,9.999999999999986,-20.000000000000007,0.0,3,11,-9.090909090909083,0.0,0.0,-27.27272727272727,True
OPT-LONG-803d4b5769c04927:1770821100000,OPT-LONG-803d4b5769c04927,AMC15-010,O:AMC260306C00001500,HOLDOUT,CALL,30,0.0,THESIS_PRESSURE,2026-02-11T14:45:00+00:00,2026-02-11T15:00:00+00:00,D3,78,1771339500000,,SCORED_WINDOW,45,0.11,0.1,-9.090909090909083,9.999999999999986,-29.999999999999993,-29.999999999999993,3,42,-36.36363636363635,-3.0000000000000036,0.0,-36.36363636363635,True
OPT-LONG-803d4b5769c04927:1770821100000,OPT-LONG-803d4b5769c04927,AMC15-010,O:AMC260306C00001500,HOLDOUT,CALL,30,0.0,THESIS_PRESSURE,2026-02-11T14:45:00+00:00,2026-02-11T15:00:00+00:00,D5,130,1771512300000,,SCORED_WINDOW,88,0.11,0.1,-9.090909090909083,9.999999999999986,-50.0,-40.0,3,87,-45.45454545454546,-4.000000000000005,0.0,-54.54545454545454,True
OPT-LONG-803d4b5769c04927:1770821100000,OPT-LONG-803d4b5769c04927,AMC15-010,O:AMC260306C00001500,HOLDOUT,CALL,30,0.0,THESIS_PRESSURE,2026-02-11T14:45:00+00:00,2026-02-11T15:00:00+00:00,D10,260,1772117100000,,SCORED_WINDOW,210,0.11,0.1,-9.090909090909083,9.999999999999986,-90.0,-80.0,3,188,-81.81818181818181,-8.00000000000001,0.0,-90.9090909090909,True
OPT-LONG-803d4b5769c04927:1771426800000,OPT-LONG-803d4b5769c04927,AMC15-010,O:AMC260306C00001500,HOLDOUT,CALL,30,0.0,ENTRY_FORMING,2026-02-18T15:00:00+00:00,2026-02-18T15:15:00+00:00,H1,4,1771430400000,,SCORED_WINDOW,4,0.07,0.07,0.0,14.28571428571428,0.0,0.0,1,1,-12.49999999999999,0.0,14.28571428571428,0.0,False
OPT-LONG-803d4b5769c04927:1771426800000,OPT-LONG-803d4b5769c04927,AMC15-010,O:AMC260306C00001500,HOLDOUT,CALL,30,0.0,ENTRY_FORMING,2026-02-18T15:00:00+00:00,2026-02-18T15:15:00+00:00,D1,26,1771513200000,,SCORED_WINDOW,18,0.07,0.07,0.0,14.28571428571428,-28.57142857142857,-28.57142857142857,1,16,-37.5,-2.000000000000001,14.28571428571428,-28.57142857142857,True
OPT-LONG-803d4b5769c04927:1771426800000,OPT-LONG-803d4b5769c04927,AMC15-010,O:AMC260306C00001500,HOLDOUT,CALL,30,0.0,ENTRY_FORMING,2026-02-18T15:00:00+00:00,2026-02-18T15:15:00+00:00,D3,78,1771858800000,,SCORED_WINDOW,64,0.07,0.07,0.0,14.28571428571428,-57.14285714285715,-57.14285714285715,1,44,-62.5,-4.000000000000003,14.28571428571428,-57.14285714285715,True
OPT-LONG-803d4b5769c04927:1771426800000,OPT-LONG-803d4b5769c04927,AMC15-010,O:AMC260306C00001500,HOLDOUT,CALL,30,0.0,ENTRY_FORMING,2026-02-18T15:00:00+00:00,2026-02-18T15:15:00+00:00,D5,130,1772031600000,,SCORED_WINDOW,114,0.07,0.07,0.0,14.28571428571428,-71.42857142857143,-71.42857142857143,1,100,-75.0,-5.000000000000003,14.28571428571428,-71.42857142857143,True
OPT-LONG-803d4b5769c04927:1771426800000,OPT-LONG-803d4b5769c04927,AMC15-010,O:AMC260306C00001500,HOLDOUT,CALL,30,0.0,ENTRY_FORMING,2026-02-18T15:00:00+00:00,2026-02-18T15:15:00+00:00,D10,260,1772636400000,,SCORED_WINDOW,185,0.07,0.07,0.0,14.28571428571428,-85.71428571428572,-85.71428571428572,1,117,-87.5,-6.0000000000000036,14.28571428571428,-85.71428571428572,True
OPT-LONG-803d4b5769c04927:1771512300000,OPT-LONG-803d4b5769c04927,AMC15-010,O:AMC260306C00001500,HOLDOUT,CALL,30,0.0,CONTINUATION,2026-02-19T14:45:00+00:00,2026-02-19T15:00:00+00:00,H1,4,1771515900000,,SCORED_WINDOW,3,0.06,0.06,0.0,0.0,-16.666666666666664,0.0,1,1,0.0,,0.0,-16.666666666666664,False
OPT-LONG-803d4b5769c04927:1771512300000,OPT-LONG-803d4b5769c04927,AMC15-010,O:AMC260306C00001500,HOLDOUT,CALL,30,0.0,CONTINUATION,2026-02-19T14:45:00+00:00,2026-02-19T15:00:00+00:00,D1,26,1771598700000,,SCORED_WINDOW,22,0.06,0.06,0.0,0.0,-33.33333333333333,-16.666666666666664,1,12,-16.666666666666664,,0.0,-33.33333333333333,True
OPT-LONG-803d4b5769c04927:1771512300000,OPT-LONG-803d4b5769c04927,AMC15-010,O:AMC260306C00001500,HOLDOUT,CALL,30,0.0,CONTINUATION,2026-02-19T14:45:00+00:00,2026-02-19T15:00:00+00:00,D3,78,1771944300000,,SCORED_WINDOW,70,0.06,0.06,0.0,0.0,-50.0,-50.0,1,27,-50.0,,0.0,-50.0,True
OPT-LONG-803d4b5769c04927:1771512300000,OPT-LONG-803d4b5769c04927,AMC15-010,O:AMC260306C00001500,HOLDOUT,CALL,30,0.0,CONTINUATION,2026-02-19T14:45:00+00:00,2026-02-19T15:00:00+00:00,D5,130,1772117100000,,SCORED_WINDOW,122,0.06,0.06,0.0,0.0,-83.33333333333333,-66.66666666666666,1,100,-66.66666666666666,,0.0,-83.33333333333333,True
OPT-LONG-803d4b5769c04927:1771512300000,OPT-LONG-803d4b5769c04927,AMC15-010,O:AMC260306C00001500,HOLDOUT,CALL,30,0.0,CONTINUATION,2026-02-19T14:45:00+00:00,2026-02-19T15:00:00+00:00,D10,260,1772721900000,,SCORED_WINDOW,168,0.06,0.06,0.0,0.0,-83.33333333333333,-83.33333333333333,1,100,-83.33333333333333,,0.0,-83.33333333333333,True
OPT-LONG-803d4b5769c04927:1771520400000,OPT-LONG-803d4b5769c04927,AMC15-010,O:AMC260306C00001500,HOLDOUT,CALL,30,0.0,THESIS_PRESSURE,2026-02-19T17:00:00+00:00,2026-02-19T17:15:00+00:00,H1,4,1771524000000,,SCORED_WINDOW,3,0.05,0.05,0.0,0.0,0.0,0.0,1,1,0.0,,0.0,0.0,False
OPT-LONG-803d4b5769c04927:1771520400000,OPT-LONG-803d4b5769c04927,AMC15-010,O:AMC260306C00001500,HOLDOUT,CALL,30,0.0,THESIS_PRESSURE,2026-02-19T17:00:00+00:00,2026-02-19T17:15:00+00:00,D1,26,1771606800000,,SCORED_WINDOW,23,0.05,0.05,0.0,19.999999999999996,-40.0,0.0,4,20,-16.666666666666664,0.0,19.999999999999996,-40.0,True
OPT-LONG-803d4b5769c04927:1771520400000,OPT-LONG-803d4b5769c04927,AMC15-010,O:AMC260306C00001500,HOLDOUT,CALL,30,0.0,THESIS_PRESSURE,2026-02-19T17:00:00+00:00,2026-02-19T17:15:00+00:00,D3,78,1771952400000,,SCORED_WINDOW,72,0.05,0.05,0.0,19.999999999999996,-40.0,-20.000000000000007,4,20,-33.33333333333333,-1.0000000000000004,19.999999999999996,-40.0,True
OPT-LONG-803d4b5769c04927:1771520400000,OPT-LONG-803d4b5769c04927,AMC15-010,O:AMC260306C00001500,HOLDOUT,CALL,30,0.0,THESIS_PRESSURE,2026-02-19T17:00:00+00:00,2026-02-19T17:15:00+00:00,D5,130,1772125200000,,SCORED_WINDOW,124,0.05,0.05,0.0,19.999999999999996,-80.0,-60.00000000000001,4,93,-66.66666666666666,-3.000000000000001,19.999999999999996,-80.0,True
OPT-LONG-803d4b5769c04927:1771520400000,OPT-LONG-803d4b5769c04927,AMC15-010,O:AMC260306C00001500,HOLDOUT,CALL,30,0.0,THESIS_PRESSURE,2026-02-19T17:00:00+00:00,2026-02-19T17:15:00+00:00,D10,260,1772730000000,,SCORED_WINDOW,161,0.05,0.05,0.0,19.999999999999996,-80.0,-80.0,4,93,-83.33333333333333,-4.000000000000001,19.999999999999996,-80.0,True
OPT-LONG-803d4b5769c04927:1771524900000,OPT-LONG-803d4b5769c04927,AMC15-010,O:AMC260306C00001500,HOLDOUT,CALL,30,0.0,THESIS_PRESSURE,2026-02-19T18:15:00+00:00,2026-02-19T18:30:00+00:00,H1,4,1771528500000,,SCORED_WINDOW,3,0.05,0.04,-20.000000000000007,25.0,0.0,25.0,2,1,0.0,1.0,0.0,-20.000000000000007,False
OPT-LONG-803d4b5769c04927:1771524900000,OPT-LONG-803d4b5769c04927,AMC15-010,O:AMC260306C00001500,HOLDOUT,CALL,30,0.0,THESIS_PRESSURE,2026-02-19T18:15:00+00:00,2026-02-19T18:30:00+00:00,D1,26,1771611300000,,SCORED_WINDOW,24,0.05,0.04,-20.000000000000007,50.0,-25.0,0.0,8,16,-33.33333333333333,0.0,19.999999999999996,-40.0,True
OPT-LONG-803d4b5769c04927:1771524900000,OPT-LONG-803d4b5769c04927,AMC15-010,O:AMC260306C00001500,HOLDOUT,CALL,30,0.0,THESIS_PRESSURE,2026-02-19T18:15:00+00:00,2026-02-19T18:30:00+00:00,D3,78,1771956900000,,SCORED_WINDOW,73,0.05,0.04,-20.000000000000007,50.0,-50.0,-25.0,8,72,-50.0,-0.5,19.999999999999996,-60.00000000000001,True
OPT-LONG-803d4b5769c04927:1771524900000,OPT-LONG-803d4b5769c04927,AMC15-010,O:AMC260306C00001500,HOLDOUT,CALL,30,0.0,THESIS_PRESSURE,2026-02-19T18:15:00+00:00,2026-02-19T18:30:00+00:00,D5,130,1772129700000,,SCORED_WINDOW,125,0.05,0.04,-20.000000000000007,50.0,-75.0,-75.0,8,89,-83.33333333333333,-1.5,19.999999999999996,-80.0,True
OPT-LONG-803d4b5769c04927:1771524900000,OPT-LONG-803d4b5769c04927,AMC15-010,O:AMC260306C00001500,HOLDOUT,CALL,30,0.0,THESIS_PRESSURE,2026-02-19T18:15:00+00:00,2026-02-19T18:30:00+00:00,D10,260,1772734500000,,SCORED_WINDOW,157,0.05,0.04,-20.000000000000007,50.0,-75.0,-75.0,8,89,-83.33333333333333,-1.5,19.999999999999996,-80.0,True
OPT-LONG-803d4b5769c04927:1771532100000,OPT-LONG-803d4b5769c04927,AMC15-010,O:AMC260306C00001500,HOLDOUT,CALL,30,0.0,CONTINUATION,2026-02-19T20:15:00+00:00,2026-02-19T20:30:00+00:00,H1,4,1771598700000,,SCORED_WINDOW,4,0.05,0.06,19.999999999999996,0.0,-33.33333333333333,-16.666666666666664,1,3,-16.666666666666664,,19.999999999999996,-20.000000000000007,True
OPT-LONG-803d4b5769c04927:1771532100000,OPT-LONG-803d4b5769c04927,AMC15-010,O:AMC260306C00001500,HOLDOUT,CALL,30,0.0,CONTINUATION,2026-02-19T20:15:00+00:00,2026-02-19T20:30:00+00:00,D1,26,1771618500000,,SCORED_WINDOW,24,0.05,0.06,19.999999999999996,0.0,-50.0,-16.666666666666664,1,9,-16.666666666666664,,19.999999999999996,-40.0,True
OPT-LONG-803d4b5769c04927:1771532100000,OPT-LONG-803d4b5769c04927,AMC15-010,O:AMC260306C00001500,HOLDOUT,CALL,30,0.0,CONTINUATION,2026-02-19T20:15:00+00:00,2026-02-19T20:30:00+00:00,D3,78,1771964100000,,SCORED_WINDOW,74,0.05,0.06,19.999999999999996,0.0,-66.66666666666666,-33.33333333333333,1,65,-33.33333333333333,,19.999999999999996,-60.00000000000001,True
OPT-LONG-803d4b5769c04927:1771532100000,OPT-LONG-803d4b5769c04927,AMC15-010,O:AMC260306C00001500,HOLDOUT,CALL,30,0.0,CONTINUATION,2026-02-19T20:15:00+00:00,2026-02-19T20:30:00+00:00,D5,130,1772136900000,,SCORED_WINDOW,125,0.05,0.06,19.999999999999996,0.0,-83.33333333333333,-83.33333333333333,1,82,-83.33333333333333,,19.999999999999996,-80.0,True
OPT-LONG-803d4b5769c04927:1771532100000,OPT-LONG-803d4b5769c04927,AMC15-010,O:AMC260306C00001500,HOLDOUT,CALL,30,0.0,CONTINUATION,2026-02-19T20:15:00+00:00,2026-02-19T20:30:00+00:00,D10,260,1772741700000,,SCORED_WINDOW,150,0.05,0.06,19.999999999999996,0.0,-83.33333333333333,-83.33333333333333,1,82,-83.33333333333333,,19.999999999999996,-80.0,True
OPT-LONG-803d4b5769c04927:1771603200000,OPT-LONG-803d4b5769c04927,AMC15-010,O:AMC260306C00001500,HOLDOUT,CALL,30,0.0,THESIS_PRESSURE,2026-02-20T16:00:00+00:00,2026-02-20T16:15:00+00:00,H1,4,1771606800000,,SCORED_WINDOW,3,0.03,0.05,66.66666666666667,0.0,-20.000000000000007,0.0,1,2,0.0,,66.66666666666667,33.33333333333335,True
OPT-LONG-803d4b5769c04927:1771603200000,OPT-LONG-803d4b5769c04927,AMC15-010,O:AMC260306C00001500,HOLDOUT,CALL,30,0.0,THESIS_PRESSURE,2026-02-20T16:00:00+00:00,2026-02-20T16:15:00+00:00,D1,26,1771862400000,,SCORED_WINDOW,24,0.03,0.05,66.66666666666667,0.0,-40.0,-40.0,1,18,-40.0,,66.66666666666667,0.0,True
OPT-LONG-803d4b5769c04927:1771603200000,OPT-LONG-803d4b5769c04927,AMC15-010,O:AMC260306C00001500,HOLDOUT,CALL,30,0.0,THESIS_PRESSURE,2026-02-20T16:00:00+00:00,2026-02-20T16:15:00+00:00,D3,78,1772035200000,,SCORED_WINDOW,74,0.03,0.05,66.66666666666667,0.0,-80.0,-80.0,1,73,-80.0,,66.66666666666667,-66.66666666666666,True
OPT-LONG-803d4b5769c04927:1771603200000,OPT-LONG-803d4b5769c04927,AMC15-010,O:AMC260306C00001500,HOLDOUT,CALL,30,0.0,THESIS_PRESSURE,2026-02-20T16:00:00+00:00,2026-02-20T16:15:00+00:00,D5,130,1772208000000,,SCORED_WINDOW,125,0.03,0.05,66.66666666666667,0.0,-80.0,-80.0,1,73,-80.0,,66.66666666666667,-66.66666666666666,True
OPT-LONG-803d4b5769c04927:1771603200000,OPT-LONG-803d4b5769c04927,AMC15-010,O:AMC260306C00001500,HOLDOUT,CALL,30,0.0,THESIS_PRESSURE,2026-02-20T16:00:00+00:00,2026-02-20T16:15:00+00:00,D10,260,1772812800000,,SCORED_WINDOW,141,0.03,0.05,66.66666666666667,0.0,-80.0,-80.0,1,73,-80.0,,66.66666666666667,-66.66666666666666,True
OPT-LONG-803d4b5769c04927:1771606800000,OPT-LONG-803d4b5769c04927,AMC15-010,O:AMC260306C00001500,HOLDOUT,CALL,30,0.0,THESIS_PRESSURE,2026-02-20T17:00:00+00:00,2026-02-20T17:15:00+00:00,H1,4,1771610400000,,SCORED_WINDOW,4,0.05,0.04,-20.000000000000007,0.0,0.0,0.0,1,1,0.0,,-20.000000000000007,-20.000000000000007,False
OPT-LONG-803d4b5769c04927:1771606800000,OPT-LONG-803d4b5769c04927,AMC15-010,O:AMC260306C00001500,HOLDOUT,CALL,30,0.0,THESIS_PRESSURE,2026-02-20T17:00:00+00:00,2026-02-20T17:15:00+00:00,D1,26,1771866000000,,SCORED_WINDOW,25,0.05,0.04,-20.000000000000007,25.0,-25.0,-25.0,7,15,-40.0,-1.0,0.0,-40.0,True
OPT-LONG-803d4b5769c04927:1771606800000,OPT-LONG-803d4b5769c04927,AMC15-010,O:AMC260306C00001500,HOLDOUT,CALL,30,0.0,THESIS_PRESSURE,2026-02-20T17:00:00+00:00,2026-02-20T17:15:00+00:00,D3,78,1772038800000,,SCORED_WINDOW,75,0.05,0.04,-20.000000000000007,25.0,-75.0,-75.0,7,70,-80.0,-3.0,0.0,-80.0,True
OPT-LONG-803d4b5769c04927:1771606800000,OPT-LONG-803d4b5769c04927,AMC15-010,O:AMC260306C00001500,HOLDOUT,CALL,30,0.0,THESIS_PRESSURE,2026-02-20T17:00:00+00:00,2026-02-20T17:15:00+00:00,D5,130,1772211600000,,SCORED_WINDOW,124,0.05,0.04,-20.000000000000007,25.0,-75.0,-75.0,7,70,-80.0,-3.0,0.0,-80.0,True
OPT-LONG-803d4b5769c04927:1771606800000,OPT-LONG-803d4b5769c04927,AMC15-010,O:AMC260306C00001500,HOLDOUT,CALL,30,0.0,THESIS_PRESSURE,2026-02-20T17:00:00+00:00,2026-02-20T17:15:00+00:00,D10,260,1772816400000,,SCORED_WINDOW,138,0.05,0.04,-20.000000000000007,25.0,-75.0,-75.0,7,70,-80.0,-3.0,0.0,-80.0,True
OPT-LONG-51bcb1f7a3d1ae79:1770650100000,OPT-LONG-51bcb1f7a3d1ae79,AMC15-010,O:AMC260220P00001500,HOLDOUT,PUT,14,0.0,THESIS_PRESSURE,2026-02-09T15:15:00+00:00,2026-02-09T15:30:00+00:00,H1,4,1770653700000,,SCORED_WINDOW,2,0.18,0.18,0.0,0.0,-5.5555555555555465,0.0,1,2,0.0,,0.0,-5.5555555555555465,True
OPT-LONG-51bcb1f7a3d1ae79:1770650100000,OPT-LONG-51bcb1f7a3d1ae79,AMC15-010,O:AMC260220P00001500,HOLDOUT,PUT,14,0.0,THESIS_PRESSURE,2026-02-09T15:15:00+00:00,2026-02-09T15:30:00+00:00,D1,26,1770736500000,,SCORED_WINDOW,17,0.18,0.18,0.0,16.666666666666675,-11.111111111111105,11.111111111111116,15,3,-4.761904761904756,0.6666666666666666,16.666666666666675,-11.111111111111105,False
OPT-LONG-51bcb1f7a3d1ae79:1770650100000,OPT-LONG-51bcb1f7a3d1ae79,AMC15-010,O:AMC260220P00001500,HOLDOUT,PUT,14,0.0,THESIS_PRESSURE,2026-02-09T15:15:00+00:00,2026-02-09T15:30:00+00:00,D3,78,1770909300000,,SCORED_WINDOW,44,0.18,0.18,0.0,44.444444444444464,-11.111111111111105,44.444444444444464,42,3,0.0,1.0,44.444444444444464,-11.111111111111105,False
OPT-LONG-51bcb1f7a3d1ae79:1770650100000,OPT-LONG-51bcb1f7a3d1ae79,AMC15-010,O:AMC260220P00001500,HOLDOUT,PUT,14,0.0,THESIS_PRESSURE,2026-02-09T15:15:00+00:00,2026-02-09T15:30:00+00:00,D5,130,1771341300000,,SCORED_WINDOW,78,0.18,0.18,0.0,77.77777777777779,-11.111111111111105,55.55555555555558,58,3,-12.49999999999999,0.7142857142857145,77.77777777777779,-11.111111111111105,False
OPT-LONG-51bcb1f7a3d1ae79:1770650100000,OPT-LONG-51bcb1f7a3d1ae79,AMC15-010,O:AMC260220P00001500,HOLDOUT,PUT,14,0.0,THESIS_PRESSURE,2026-02-09T15:15:00+00:00,2026-02-09T15:30:00+00:00,D10,260,1771946100000,CONTRACT_EXPIRY,SCORED_RIGHT_CENSORED,78,0.18,0.18,0.0,77.77777777777779,-11.111111111111105,55.55555555555558,58,3,-12.49999999999999,0.7142857142857145,77.77777777777779,-11.111111111111105,False
OPT-LONG-51bcb1f7a3d1ae79:1770820200000,OPT-LONG-51bcb1f7a3d1ae79,AMC15-010,O:AMC260220P00001500,HOLDOUT,PUT,14,0.0,THESIS_PRESSURE,2026-02-11T14:30:00+00:00,2026-02-11T14:45:00+00:00,H1,4,1770823800000,,SCORED_WINDOW,4,0.21,0.21,0.0,14.28571428571428,0.0,0.0,1,1,-12.5,0.0,14.28571428571428,0.0,False
OPT-LONG-51bcb1f7a3d1ae79:1770820200000,OPT-LONG-51bcb1f7a3d1ae79,AMC15-010,O:AMC260220P00001500,HOLDOUT,PUT,14,0.0,THESIS_PRESSURE,2026-02-11T14:30:00+00:00,2026-02-11T14:45:00+00:00,D1,26,1770906600000,,SCORED_WINDOW,17,0.21,0.21,0.0,23.809523809523814,0.0,9.523809523809534,17,1,-11.538461538461542,0.40000000000000036,23.809523809523814,0.0,False
OPT-LONG-51bcb1f7a3d1ae79:1770820200000,OPT-LONG-51bcb1f7a3d1ae79,AMC15-010,O:AMC260220P00001500,HOLDOUT,PUT,14,0.0,THESIS_PRESSURE,2026-02-11T14:30:00+00:00,2026-02-11T14:45:00+00:00,D3,78,1771338600000,,SCORED_WINDOW,53,0.21,0.21,0.0,52.380952380952394,-4.761904761904756,33.33333333333335,33,39,-12.49999999999999,0.6363636363636366,52.380952380952394,-4.761904761904756,True
OPT-LONG-51bcb1f7a3d1ae79:1770820200000,OPT-LONG-51bcb1f7a3d1ae79,AMC15-010,O:AMC260220P00001500,HOLDOUT,PUT,14,0.0,THESIS_PRESSURE,2026-02-11T14:30:00+00:00,2026-02-11T14:45:00+00:00,D5,130,1771511400000,,SCORED_WINDOW,53,0.21,0.21,0.0,52.380952380952394,-4.761904761904756,33.33333333333335,33,39,-12.49999999999999,0.6363636363636366,52.380952380952394,-4.761904761904756,True
OPT-LONG-51bcb1f7a3d1ae79:1770820200000,OPT-LONG-51bcb1f7a3d1ae79,AMC15-010,O:AMC260220P00001500,HOLDOUT,PUT,14,0.0,THESIS_PRESSURE,2026-02-11T14:30:00+00:00,2026-02-11T14:45:00+00:00,D10,260,1772116200000,CONTRACT_EXPIRY,SCORED_RIGHT_CENSORED,53,0.21,0.21,0.0,52.380952380952394,-4.761904761904756,33.33333333333335,33,39,-12.49999999999999,0.6363636363636366,52.380952380952394,-4.761904761904756,True
OPT-LONG-51bcb1f7a3d1ae79:1770821100000,OPT-LONG-51bcb1f7a3d1ae79,AMC15-010,O:AMC260220P00001500,HOLDOUT,PUT,14,0.0,THESIS_PRESSURE,2026-02-11T14:45:00+00:00,2026-02-11T15:00:00+00:00,H1,4,1770824700000,,SCORED_WINDOW,3,0.22,0.23,4.545454545454541,4.347826086956519,-8.695652173913048,-8.695652173913048,1,3,-12.5,-2.0000000000000027,9.090909090909083,-4.545454545454552,True
OPT-LONG-51bcb1f7a3d1ae79:1770821100000,OPT-LONG-51bcb1f7a3d1ae79,AMC15-010,O:AMC260220P00001500,HOLDOUT,PUT,14,0.0,THESIS_PRESSURE,2026-02-11T14:45:00+00:00,2026-02-11T15:00:00+00:00,D1,26,1770907500000,,SCORED_WINDOW,17,0.22,0.23,4.545454545454541,13.043478260869556,-8.695652173913048,8.695652173913038,16,3,-3.8461538461538547,0.6666666666666667,18.181818181818187,-4.545454545454552,False
OPT-LONG-51bcb1f7a3d1ae79:1770821100000,OPT-LONG-51bcb1f7a3d1ae79,AMC15-010,O:AMC260220P00001500,HOLDOUT,PUT,14,0.0,THESIS_PRESSURE,2026-02-11T14:45:00+00:00,2026-02-11T15:00:00+00:00,D3,78,1771339500000,,SCORED_WINDOW,52,0.22,0.23,4.545454545454541,39.13043478260869,-13.043478260869568,21.739130434782616,32,38,-12.49999999999999,0.5555555555555559,45.45454545454546,-9.090909090909083,True
OPT-LONG-51bcb1f7a3d1ae79:1770821100000,OPT-LONG-51bcb1f7a3d1ae79,AMC15-010,O:AMC260220P00001500,HOLDOUT,PUT,14,0.0,THESIS_PRESSURE,2026-02-11T14:45:00+00:00,2026-02-11T15:00:00+00:00,D5,130,1771512300000,,SCORED_WINDOW,52,0.22,0.23,4.545454545454541,39.13043478260869,-13.043478260869568,21.739130434782616,32,38,-12.49999999999999,0.5555555555555559,45.45454545454546,-9.090909090909083,True
OPT-LONG-51bcb1f7a3d1ae79:1770821100000,OPT-LONG-51bcb1f7a3d1ae79,AMC15-010,O:AMC260220P00001500,HOLDOUT,PUT,14,0.0,THESIS_PRESSURE,2026-02-11T14:45:00+00:00,2026-02-11T15:00:00+00:00,D10,260,1772117100000,CONTRACT_EXPIRY,SCORED_RIGHT_CENSORED,52,0.22,0.23,4.545454545454541,39.13043478260869,-13.043478260869568,21.739130434782616,32,38,-12.49999999999999,0.5555555555555559,45.45454545454546,-9.090909090909083,True
OPT-LONG-48181e79b2fd4500:1786464000000,OPT-LONG-48181e79b2fd4500,AMC15-015,O:AMC260828C00002500,HOLDOUT,CALL,14,0.0,THESIS_PRESSURE,2026-08-11T16:00:00+00:00,2026-08-11T16:15:00+00:00,H1,4,1786467600000,,SCORED_WINDOW,2,0.16,0.18,12.5,0.0,-11.111111111111105,-11.111111111111105,1,2,-11.111111111111105,,12.5,0.0,True
OPT-LONG-48181e79b2fd4500:1786464000000,OPT-LONG-48181e79b2fd4500,AMC15-015,O:AMC260828C00002500,HOLDOUT,CALL,14,0.0,THESIS_PRESSURE,2026-08-11T16:00:00+00:00,2026-08-11T16:15:00+00:00,D1,26,1786477500000,UNDERLYING_DATA_END,SCORED_RIGHT_CENSORED,10,0.16,0.18,12.5,0.0,-22.22222222222221,-16.666666666666664,1,7,-16.666666666666664,,12.5,-12.49999999999999,True
OPT-LONG-48181e79b2fd4500:1786464000000,OPT-LONG-48181e79b2fd4500,AMC15-015,O:AMC260828C00002500,HOLDOUT,CALL,14,0.0,THESIS_PRESSURE,2026-08-11T16:00:00+00:00,2026-08-11T16:15:00+00:00,D3,78,1786477500000,UNDERLYING_DATA_END,SCORED_RIGHT_CENSORED,10,0.16,0.18,12.5,0.0,-22.22222222222221,-16.666666666666664,1,7,-16.666666666666664,,12.5,-12.49999999999999,True
OPT-LONG-48181e79b2fd4500:1786464000000,OPT-LONG-48181e79b2fd4500,AMC15-015,O:AMC260828C00002500,HOLDOUT,CALL,14,0.0,THESIS_PRESSURE,2026-08-11T16:00:00+00:00,2026-08-11T16:15:00+00:00,D5,130,1786477500000,UNDERLYING_DATA_END,SCORED_RIGHT_CENSORED,10,0.16,0.18,12.5,0.0,-22.22222222222221,-16.666666666666664,1,7,-16.666666666666664,,12.5,-12.49999999999999,True
OPT-LONG-48181e79b2fd4500:1786464000000,OPT-LONG-48181e79b2fd4500,AMC15-015,O:AMC260828C00002500,HOLDOUT,CALL,14,0.0,THESIS_PRESSURE,2026-08-11T16:00:00+00:00,2026-08-11T16:15:00+00:00,D10,260,1786477500000,UNDERLYING_DATA_END,SCORED_RIGHT_CENSORED,10,0.16,0.18,12.5,0.0,-22.22222222222221,-16.666666666666664,1,7,-16.666666666666664,,12.5,-12.49999999999999,True
OPT-LONG-48181e79b2fd4500:1786467600000,OPT-LONG-48181e79b2fd4500,AMC15-015,O:AMC260828C00002500,HOLDOUT,CALL,14,0.0,THESIS_PRESSURE,2026-08-11T17:00:00+00:00,2026-08-11T17:15:00+00:00,H1,4,1786471200000,,SCORED_WINDOW,3,0.16,0.16,0.0,0.0,-6.25,0.0,1,2,0.0,,0.0,-6.25,True
OPT-LONG-48181e79b2fd4500:1786467600000,OPT-LONG-48181e79b2fd4500,AMC15-015,O:AMC260828C00002500,HOLDOUT,CALL,14,0.0,THESIS_PRESSURE,2026-08-11T17:00:00+00:00,2026-08-11T17:15:00+00:00,D1,26,1786477500000,UNDERLYING_DATA_END,SCORED_RIGHT_CENSORED,8,0.16,0.16,0.0,0.0,-12.49999999999999,-6.25,1,5,-6.25,,0.0,-12.49999999999999,True
OPT-LONG-48181e79b2fd4500:1786467600000,OPT-LONG-48181e79b2fd4500,AMC15-015,O:AMC260828C00002500,HOLDOUT,CALL,14,0.0,THESIS_PRESSURE,2026-08-11T17:00:00+00:00,2026-08-11T17:15:00+00:00,D3,78,1786477500000,UNDERLYING_DATA_END,SCORED_RIGHT_CENSORED,8,0.16,0.16,0.0,0.0,-12.49999999999999,-6.25,1,5,-6.25,,0.0,-12.49999999999999,True
OPT-LONG-48181e79b2fd4500:1786467600000,OPT-LONG-48181e79b2fd4500,AMC15-015,O:AMC260828C00002500,HOLDOUT,CALL,14,0.0,THESIS_PRESSURE,2026-08-11T17:00:00+00:00,2026-08-11T17:15:00+00:00,D5,130,1786477500000,UNDERLYING_DATA_END,SCORED_RIGHT_CENSORED,8,0.16,0.16,0.0,0.0,-12.49999999999999,-6.25,1,5,-6.25,,0.0,-12.49999999999999,True
OPT-LONG-48181e79b2fd4500:1786467600000,OPT-LONG-48181e79b2fd4500,AMC15-015,O:AMC260828C00002500,HOLDOUT,CALL,14,0.0,THESIS_PRESSURE,2026-08-11T17:00:00+00:00,2026-08-11T17:15:00+00:00,D10,260,1786477500000,UNDERLYING_DATA_END,SCORED_RIGHT_CENSORED,8,0.16,0.16,0.0,0.0,-12.49999999999999,-6.25,1,5,-6.25,,0.0,-12.49999999999999,True
